{"sentences_0": {"itText": "NULL una delle reali conquiste del 25 aprile , ovvero dell \u2019 instaurazione della democrazia e del consolidamento delle sue istituzioni , \u00e8 stato , senza dubbio , il riconoscimento costituzionale del regime politico-amministrativo delle regioni autonome di madera e azzorre con l \u2019 obiettivo di favorire la partecipazione attiva dei cittadini nella vita pubblica , nella gestione della cosa pubblica e nello sviluppo e nella promozione degli interessi locali . il meritato riconoscimento dell&apos; autonomia arriva dopo oltre un secolo di lotte e indottrinamento basati sui vincoli geografici , economici e sociali delle popolazioni isolane condannate , durante anni e", "ptText": "uma das conquistas efectivas do 25 de abril , da implanta\u00e7\u00e3o da democracia e da consolida\u00e7\u00e3o das suas institui\u00e7\u00f5es foi , sem d\u00favida , a defini\u00e7\u00e3o constitucional do regime pol\u00edtico-administrativo das regi\u00f5es aut\u00f3nomas dos a\u00e7ores e da madeira , com vista \u00e0 participa\u00e7\u00e3o activa dos cidad\u00e3os na vida p\u00fablica e na direc\u00e7\u00e3o dos assuntos p\u00fablicos e no desenvolvimento e promo\u00e7\u00e3o dos interesses locais . correspondeu o reconhecimento da autonomia a mais de um s\u00e9culo de luta e doutrina\u00e7\u00e3o fundamentada nos condicionalismos geogr\u00e1ficos , econ\u00f3micos e sociais das popula\u00e7\u00f5es insulares que permaneciam votadas ao abandono e \u00e0 injustific\u00e1vel depend\u00eancia do arb\u00edtrio \n", "relations": [{"id": "R10", "subj": {"type": "Non-human_Agent", "pt": {"text": "o reconhecimento da autonomia", "linguisticInfo": {"o": {"lemma": "o", "pos": "DET", "is_stop": true, "is_named": false}, "reconhecimento": {"lemma": "reconhecimento", "pos": "NOUN", "is_stop": false, "is_named": false}, "da": {"lemma": "da", "pos": "ADP", "is_stop": true, "is_named": false}, "autonomia": {"lemma": "autonomia", "pos": "NOUN", "is_stop": false, "is_named": false}}}, "it": {"text": "riconoscimento dell&apos; autonomia", "linguisticInfo": {"riconoscimento": {"lemma": "riconoscimento", "pos": "S", "is_stop": false, "is_named": false}, "dell&apos": {"lemma": "dell&apos", "pos": "B", "is_stop": false, "is_named": false}, ";": {"lemma": ";", "pos": "FC", "is_stop": false, "is_named": false}, "autonomia": {"lemma": "autonomia", "pos": "S", "is_stop": false, "is_named": false}}}}, "obj": {"type": "Event", "pt": {"text": "Correspondeu", "linguisticInfo": {"Correspondeu": {"lemma": "Correspondeu", "pos": "VERB", "is_stop": false, "is_named": true}}}, "it": {"text": "meritato", "linguisticInfo": {"meritato": {"lemma": "meritare", "pos": "V", "is_stop": false, "is_named": false}}}}}, {"id": "R13", "subj": {"type": "Non-human_Patient", "pt": {"text": "doutrina\u00e7\u00e3o", "linguisticInfo": {"doutrina\u00e7\u00e3o": {"lemma": "doutrina\u00e7\u00e3o", "pos": "NOUN", "is_stop": false, "is_named": false}}}, "it": {"text": "indottrinamento", "linguisticInfo": {"indottrinamento": {"lemma": "indottrinamento", "pos": "PI", "is_stop": false, "is_named": false}}}}, "obj": {"type": "Event", "pt": {"text": "fundamentada", "linguisticInfo": {"fundamentada": {"lemma": "fundamentar", "pos": "NOUN", "is_stop": false, "is_named": false}}}, "it": {"text": "basati", "linguisticInfo": {"basati": {"lemma": "basati", "pos": "S", "is_stop": false, "is_named": false}}}}}]}, "sentences_1": {"itText": "NULL uno dei portavoce del partito di centro democratico e sociale ( cds ) , commentando la famosa dichiarazione di mota amaral secondo cui le posizioni democristiane al riguardo ricordano , per i toni accentratori , quelle \u00ab difese dai comunisti \u00bb nel 1975 , non si \u00e8 dilungato sull \u2019 argomento ma si \u00e8 limitato a ribadire il fatto che la questione dell \u2019 autonomia delle azzorre \u00e8 \u00ab opportunamente esposta nella riforma costituzionale di ad \u00bb , risposta che risulta comunque insufficiente di fronte alla dimensione e alla complessit\u00e0 notevoli della problematica che non pu\u00f2 essere ridotta ad una", "ptText": "um porta-voz do cds , ao comentar a reiterada afirma\u00e7\u00e3o de mota amaral de que as posi\u00e7\u00f5es dos democratas-crist\u00e3os se assemelham , neste particular , pelo seu teor centralizador , \u00e0s \u00ab defendidas pelos comunistas \u00bb em 1975 , n\u00e3o desceu \u00e0 quest\u00e3o de fundo , pois limitou -se a salientar que a autonomia dos a\u00e7ores est\u00e1 \u00ab devidamente contemplada no projecto de revis\u00e3o constitucional da ad \u00bb , o que n\u00e3o se afigura suficiente para rebater um problema com extens\u00e3o e complexidade assinal\u00e1veis , que n\u00e3o se pode circunscrever \u00e0 generaliza\u00e7\u00e3o program\u00e1tica do articulado constitucional . \n", "relations": [{"id": "R30", "subj": {"type": "Oth_location", "pt": {"text": "\u00e0 quest\u00e3o de fundo", "linguisticInfo": {"\u00e0": {"lemma": "\u00e0", "pos": "ADP", "is_stop": true, "is_named": false}, "quest\u00e3o": {"lemma": "quest\u00e3o", "pos": "NOUN", "is_stop": true, "is_named": false}, "de": {"lemma": "de", "pos": "ADP", "is_stop": true, "is_named": false}, "fundo": {"lemma": "fundir", "pos": "NOUN", "is_stop": false, "is_named": false}}}, "it": {"text": "dichiarazione di toni", "linguisticInfo": {"dichiarazione": {"lemma": "dichiarazione", "pos": "S", "is_stop": false, "is_named": false}, "di": {"lemma": "di", "pos": "E", "is_stop": true, "is_named": false}, "toni": {"lemma": "tono", "pos": "S", "is_stop": false, "is_named": false}}}}, "obj": {"type": "Event", "pt": {"text": "n\u00e3o desceu", "linguisticInfo": {"n\u00e3o": {"lemma": "n\u00e3o", "pos": "ADV", "is_stop": true, "is_named": false}, "desceu": {"lemma": "descer", "pos": "VERB", "is_stop": false, "is_named": false}}}, "it": {"text": "non si \u00e8", "linguisticInfo": {"non": {"lemma": "non", "pos": "BN", "is_stop": true, "is_named": false}, "si": {"lemma": "si", "pos": "PC", "is_stop": true, "is_named": false}, "\u00e8": {"lemma": "essere", "pos": "V", "is_stop": false, "is_named": false}}}}}, {"id": "R31", "subj": {"type": "Human_Agent", "pt": {"text": "Um porta-voz do CDS", "linguisticInfo": {"Um": {"lemma": "Um", "pos": "DET", "is_stop": true, "is_named": true}, "porta-voz": {"lemma": "porta-voz", "pos": "NOUN", "is_stop": false, "is_named": false}, "do": {"lemma": "do", "pos": "ADP", "is_stop": true, "is_named": false}, "CDS": {"lemma": "CDS", "pos": "PROPN", "is_stop": false, "is_named": true}}}, "it": {"text": "uno portavoce del cds", "linguisticInfo": {"uno": {"lemma": "un", "pos": "RI", "is_stop": true, "is_named": false}, "portavoce": {"lemma": "portavoce", "pos": "S", "is_stop": false, "is_named": false}, "del": {"lemma": "del", "pos": "E_RD", "is_stop": true, "is_named": false}, "cds": {"lemma": "cds", "pos": "S", "is_stop": false, "is_named": false}}}}, "obj": {"type": "Event", "pt": {"text": "n\u00e3o desceu", "linguisticInfo": {"n\u00e3o": {"lemma": "n\u00e3o", "pos": "ADV", "is_stop": true, "is_named": false}, "desceu": {"lemma": "descer", "pos": "VERB", "is_stop": false, "is_named": false}}}, "it": {"text": "non si \u00e8", "linguisticInfo": {"non": {"lemma": "non", "pos": "BN", "is_stop": true, "is_named": false}, "si": {"lemma": "si", "pos": "PC", "is_stop": true, "is_named": false}, "\u00e8": {"lemma": "essere", "pos": "V", "is_stop": false, "is_named": false}}}}}, {"id": "R34", "subj": {"type": "Non-human_Agent", "pt": {"text": "as posi\u00e7\u00f5es dos democratas-crist\u00e3os", "linguisticInfo": {"as": {"lemma": "o", "pos": "DET", "is_stop": true, "is_named": false}, "posi\u00e7\u00f5es": {"lemma": "posi\u00e7\u00e3o", "pos": "NOUN", "is_stop": false, "is_named": false}, "dos": {"lemma": "dos", "pos": "ADP", "is_stop": true, "is_named": false}, "democratas-crist\u00e3os": {"lemma": "democratas-crist\u00e3os", "pos": "NOUN", "is_stop": false, "is_named": false}}}, "it": {"text": "le posizioni democristiane al", "linguisticInfo": {"le": {"lemma": "il", "pos": "RD", "is_stop": true, "is_named": false}, "posizioni": {"lemma": "posizione", "pos": "S", "is_stop": false, "is_named": false}, "democristiane": {"lemma": "democristiano", "pos": "A", "is_stop": false, "is_named": false}, "al": {"lemma": "al", "pos": "E_RD", "is_stop": true, "is_named": false}}}}, "obj": {"type": "Event", "pt": {"text": "se assemelham", "linguisticInfo": {"se": {"lemma": "se", "pos": "PRON", "is_stop": true, "is_named": false}, "assemelham": {"lemma": "assemelhar", "pos": "VERB", "is_stop": false, "is_named": false}}}, "it": {"text": "si \u00e8 dilungato", "linguisticInfo": {"si": {"lemma": "si", "pos": "PC", "is_stop": true, "is_named": false}, "\u00e8": {"lemma": "essere", "pos": "VA", "is_stop": false, "is_named": false}, "dilungato": {"lemma": "dilungare", "pos": "V", "is_stop": false, "is_named": false}}}}}, {"id": "R35", "subj": {"type": "Oth_location", "pt": {"text": "neste particular", "linguisticInfo": {"neste": {"lemma": "neste", "pos": "ADP", "is_stop": true, "is_named": false}, "particular": {"lemma": "particular", "pos": "ADJ", "is_stop": false, "is_named": false}}}, "it": {"text": "toni accentratori", "linguisticInfo": {"toni": {"lemma": "tono", "pos": "S", "is_stop": false, "is_named": false}, "accentratori": {"lemma": "accentratore", "pos": "A", "is_stop": false, "is_named": false}}}}, "obj": {"type": "Event", "pt": {"text": "se assemelham", "linguisticInfo": {"se": {"lemma": "se", "pos": "PRON", "is_stop": true, "is_named": false}, "assemelham": {"lemma": "assemelhar", "pos": "VERB", "is_stop": false, "is_named": false}}}, "it": {"text": "si \u00e8 dilungato", "linguisticInfo": {"si": {"lemma": "si", "pos": "PC", "is_stop": true, "is_named": false}, "\u00e8": {"lemma": "essere", "pos": "VA", "is_stop": false, "is_named": false}, "dilungato": {"lemma": "dilungare", "pos": "V", "is_stop": false, "is_named": false}}}}}, {"id": "R36", "subj": {"type": "Non-human_Oth_participant", "pt": {"text": "pelo seu teor centralizador", "linguisticInfo": {"pelo": {"lemma": "pelar", "pos": "ADP", "is_stop": true, "is_named": false}, "seu": {"lemma": "seu", "pos": "DET", "is_stop": true, "is_named": false}, "teor": {"lemma": "teor", "pos": "NOUN", "is_stop": false, "is_named": false}, "centralizador": {"lemma": "centralizador", "pos": "ADJ", "is_stop": false, "is_named": false}}}, "it": {"text": "toni accentratori , quelle", "linguisticInfo": {"toni": {"lemma": "tono", "pos": "S", "is_stop": false, "is_named": false}, "accentratori": {"lemma": "accentratore", "pos": "A", "is_stop": false, "is_named": false}, ",": {"lemma": ",", "pos": "FF", "is_stop": false, "is_named": false}, "quelle": {"lemma": "quelle", "pos": "PD", "is_stop": true, "is_named": false}}}}, "obj": {"type": "Event", "pt": {"text": "se assemelham", "linguisticInfo": {"se": {"lemma": "se", "pos": "PRON", "is_stop": true, "is_named": false}, "assemelham": {"lemma": "assemelhar", "pos": "VERB", "is_stop": false, "is_named": false}}}, "it": {"text": "si \u00e8 dilungato", "linguisticInfo": {"si": {"lemma": "si", "pos": "PC", "is_stop": true, "is_named": false}, "\u00e8": {"lemma": "essere", "pos": "VA", "is_stop": false, "is_named": false}, "dilungato": {"lemma": "dilungare", "pos": "V", "is_stop": false, "is_named": false}}}}}, {"id": "R38", "subj": {"type": "Non-human_Patient", "pt": {"text": "as", "linguisticInfo": {"as": {"lemma": "o", "pos": "DET", "is_stop": true, "is_named": false}}}, "it": {"text": "le", "linguisticInfo": {"le": {"lemma": "il", "pos": "RD", "is_stop": true, "is_named": false}}}}, "obj": {"type": "Event", "pt": {"text": "defendidas", "linguisticInfo": {"defendidas": {"lemma": "defendido", "pos": "VERB", "is_stop": false, "is_named": false}}}, "it": {"text": "difese", "linguisticInfo": {"difese": {"lemma": "difeso", "pos": "A", "is_stop": false, "is_named": false}}}}}, {"id": "R40", "subj": {"type": "Time", "pt": {"text": "em 1975", "linguisticInfo": {"em": {"lemma": "em", "pos": "ADP", "is_stop": true, "is_named": false}, "1975": {"lemma": "1975", "pos": "NUM", "is_stop": false, "is_named": false}}}, "it": {"text": "nel 1975", "linguisticInfo": {"nel": {"lemma": "nel", "pos": "E_RD", "is_stop": true, "is_named": false}, "1975": {"lemma": "1975", "pos": "N", "is_stop": false, "is_named": false}}}}, "obj": {"type": "Event", "pt": {"text": "defendidas", "linguisticInfo": {"defendidas": {"lemma": "defendido", "pos": "VERB", "is_stop": false, "is_named": false}}}, "it": {"text": "difese", "linguisticInfo": {"difese": {"lemma": "difeso", "pos": "A", "is_stop": false, "is_named": false}}}}}, {"id": "R42", "subj": {"type": "Non-human_Patient", "pt": {"text": "um problema com extens\u00e3o e complexidade assinal\u00e1veis , que n\u00e3o se pode circunscrever \u00e0 generaliza\u00e7\u00e3o program\u00e1tica do articulado constitucional", "linguisticInfo": {"um": {"lemma": "um", "pos": "DET", "is_stop": true, "is_named": false}, "problema": {"lemma": "problema", "pos": "NOUN", "is_stop": false, "is_named": false}, "com": {"lemma": "com", "pos": "ADP", "is_stop": true, "is_named": false}, "extens\u00e3o": {"lemma": "extens\u00e3o", "pos": "NOUN", "is_stop": false, "is_named": false}, "e": {"lemma": "e", "pos": "CCONJ", "is_stop": true, "is_named": false}, "complexidade": {"lemma": "complexidade", "pos": "NOUN", "is_stop": false, "is_named": false}, "assinal\u00e1veis": {"lemma": "assinal\u00e1vel", "pos": "ADJ", "is_stop": false, "is_named": false}, ",": {"lemma": ",", "pos": "PUNCT", "is_stop": false, "is_named": false}, "que": {"lemma": "que", "pos": "PRON", "is_stop": true, "is_named": false}, "n\u00e3o": {"lemma": "n\u00e3o", "pos": "ADV", "is_stop": true, "is_named": false}, "se": {"lemma": "se", "pos": "PRON", "is_stop": true, "is_named": false}, "pode": {"lemma": "poder", "pos": "VERB", "is_stop": true, "is_named": false}, "circunscrever": {"lemma": "circunscrever", "pos": "VERB", "is_stop": false, "is_named": false}, "\u00e0": {"lemma": "\u00e0", "pos": "ADP", "is_stop": true, "is_named": false}, "generaliza\u00e7\u00e3o": {"lemma": "generaliza\u00e7\u00e3o", "pos": "NOUN", "is_stop": false, "is_named": false}, "program\u00e1tica": {"lemma": "program\u00e1tico", "pos": "ADJ", "is_stop": false, "is_named": false}, "do": {"lemma": "do", "pos": "ADP", "is_stop": true, "is_named": false}, "articulado": {"lemma": "articular", "pos": "NOUN", "is_stop": false, "is_named": false}, "constitucional": {"lemma": "constitucional", "pos": "ADJ", "is_stop": false, "is_named": false}}}, "it": {"text": "uno dei accentratori , quelle", "linguisticInfo": {"uno": {"lemma": "uno", "pos": "PI", "is_stop": true, "is_named": false}, "dei": {"lemma": "del", "pos": "E_RD", "is_stop": true, "is_named": false}, "accentratori": {"lemma": "accentratori", "pos": "S", "is_stop": false, "is_named": false}, ",": {"lemma": ",", "pos": "FF", "is_stop": false, "is_named": false}, "quelle": {"lemma": "quelle", "pos": "PD", "is_stop": true, "is_named": false}}}}, "obj": {"type": "Event", "pt": {"text": "rebater", "linguisticInfo": {"rebater": {"lemma": "rebater", "pos": "VERB", "is_stop": false, "is_named": false}}}, "it": {"text": "toni", "linguisticInfo": {"toni": {"lemma": "tono", "pos": "S", "is_stop": false, "is_named": false}}}}}, {"id": "R43", "subj": {"type": "Non-human_Patient", "pt": {"text": "\u00e0 generaliza\u00e7\u00e3o program\u00e1tica do articulado constitucional", "linguisticInfo": {"\u00e0": {"lemma": "\u00e0", "pos": "ADP", "is_stop": true, "is_named": false}, "generaliza\u00e7\u00e3o": {"lemma": "generaliza\u00e7\u00e3o", "pos": "NOUN", "is_stop": false, "is_named": false}, "program\u00e1tica": {"lemma": "program\u00e1tico", "pos": "ADJ", "is_stop": false, "is_named": false}, "do": {"lemma": "do", "pos": "ADP", "is_stop": true, "is_named": false}, "articulado": {"lemma": "articular", "pos": "NOUN", "is_stop": false, "is_named": false}, "constitucional": {"lemma": "constitucional", "pos": "ADJ", "is_stop": false, "is_named": false}}}, "it": {"text": "uno dei democristiane al riguardo", "linguisticInfo": {"uno": {"lemma": "uno", "pos": "PI", "is_stop": true, "is_named": false}, "dei": {"lemma": "del", "pos": "E_RD", "is_stop": true, "is_named": false}, "democristiane": {"lemma": "democristiane", "pos": "S", "is_stop": false, "is_named": false}, "al": {"lemma": "al", "pos": "E_RD", "is_stop": true, "is_named": false}, "riguardo": {"lemma": "riguardo", "pos": "S", "is_stop": false, "is_named": false}}}}, "obj": {"type": "Event", "pt": {"text": "n\u00e3o se pode circunscrever", "linguisticInfo": {"n\u00e3o": {"lemma": "n\u00e3o", "pos": "ADV", "is_stop": true, "is_named": false}, "se": {"lemma": "se", "pos": "PRON", "is_stop": true, "is_named": false}, "pode": {"lemma": "poder", "pos": "VERB", "is_stop": true, "is_named": false}, "circunscrever": {"lemma": "circunscrever", "pos": "VERB", "is_stop": false, "is_named": false}}}, "it": {"text": "non si \u00e8", "linguisticInfo": {"non": {"lemma": "non", "pos": "BN", "is_stop": true, "is_named": false}, "si": {"lemma": "si", "pos": "PC", "is_stop": true, "is_named": false}, "\u00e8": {"lemma": "essere", "pos": "V", "is_stop": false, "is_named": false}}}}}]}, "sentences_2": {"itText": "NULL non \u00e8 accettabile che venga messa in causa l \u2019 esistenza di uno statuto per le regioni autonome che definisca , in modo inequivocabile , i presupposti concreti per l \u2019 organizzazione politica e amministrativa degli arcipelaghi di madera e azzorre . non vi \u00e8 spazio per equivoci quanto alla definizione e attribuzione degli incarichi di governo e quanto all \u2019 assunzione di modalit\u00e0 di coordinamento delle attivit\u00e0 , dei dipartimenti e delle circoscrizioni , in modo da garantire un trattamento adeguato a questioni tanto generali come locali , per ciascuna delle regioni o , addirittura , per ogni isola", "ptText": "n\u00e3o pode estar em causa a exist\u00eancia , para as regi\u00f5es aut\u00f3nomas , de um estatuto que , sem margem para ambiguidades , estabele\u00e7a as bases concretas da organiza\u00e7\u00e3o pol\u00edtica e administrativa dos arquip\u00e9lagos dos a\u00e7ores e da madeira . n\u00e3o podem subsistir equ\u00edvocos na defini\u00e7\u00e3o e atribui\u00e7\u00f5es de cargos governativos e na adop\u00e7\u00e3o de formas de coordena\u00e7\u00e3o de actividades , departamentos e autarquias , a fim de assegurar o tratamento adequado de situa\u00e7\u00f5es globais e dos casos espec\u00edficos de cada regi\u00e3o e , inclusive , de cada ilha . \n", "relations": [{"id": "R44", "subj": {"type": "Non-human_Agent", "pt": {"text": "que", "linguisticInfo": {"que": {"lemma": "que", "pos": "SCONJ", "is_stop": true, "is_named": false}}}, "it": {"text": "che", "linguisticInfo": {"che": {"lemma": "che", "pos": "CS", "is_stop": true, "is_named": false}}}}, "obj": {"type": "Event", "pt": {"text": "estabele\u00e7a", "linguisticInfo": {"estabele\u00e7a": {"lemma": "estabelecer", "pos": "VERB", "is_stop": false, "is_named": false}}}, "it": {"text": "definisca", "linguisticInfo": {"definisca": {"lemma": "definisca", "pos": "S", "is_stop": false, "is_named": false}}}}}, {"id": "R45", "subj": {"type": "Non-human_Patient", "pt": {"text": "as bases concretas da organiza\u00e7\u00e3o pol\u00edtica e administrativa dos arquip\u00e9lagos dos A\u00e7ores e da Madeira", "linguisticInfo": {"as": {"lemma": "o", "pos": "DET", "is_stop": true, "is_named": false}, "bases": {"lemma": "base", "pos": "NOUN", "is_stop": false, "is_named": false}, "concretas": {"lemma": "concreto", "pos": "ADJ", "is_stop": false, "is_named": false}, "da": {"lemma": "da", "pos": "ADP", "is_stop": true, "is_named": false}, "organiza\u00e7\u00e3o": {"lemma": "organiza\u00e7\u00e3o", "pos": "NOUN", "is_stop": false, "is_named": false}, "pol\u00edtica": {"lemma": "pol\u00edtico", "pos": "ADJ", "is_stop": false, "is_named": false}, "e": {"lemma": "e", "pos": "CCONJ", "is_stop": true, "is_named": false}, "administrativa": {"lemma": "administrativo", "pos": "ADJ", "is_stop": false, "is_named": false}, "dos": {"lemma": "dos", "pos": "ADP", "is_stop": true, "is_named": false}, "arquip\u00e9lagos": {"lemma": "arquip\u00e9lago", "pos": "NOUN", "is_stop": false, "is_named": false}, "A\u00e7ores": {"lemma": "A\u00e7ores", "pos": "PROPN", "is_stop": false, "is_named": true}, "Madeira": {"lemma": "Madeira", "pos": "PROPN", "is_stop": false, "is_named": true}}}, "it": {"text": "non \u00e8 presupposti concreti per l \u2019 organizzazione politica e amministrativa degli arcipelaghi di madera dei dipartimenti e", "linguisticInfo": {"non": {"lemma": "non", "pos": "BN", "is_stop": true, "is_named": false}, "\u00e8": {"lemma": "essere", "pos": "V", "is_stop": false, "is_named": false}, "presupposti": {"lemma": "presupposto", "pos": "S", "is_stop": false, "is_named": false}, "concreti": {"lemma": "concreto", "pos": "A", "is_stop": false, "is_named": false}, "per": {"lemma": "per", "pos": "E", "is_stop": true, "is_named": false}, "l": {"lemma": "l", "pos": "RD", "is_stop": false, "is_named": false}, "\u2019": {"lemma": "\u2019", "pos": "NO", "is_stop": false, "is_named": false}, "organizzazione": {"lemma": "organizzazione", "pos": "S", "is_stop": false, "is_named": false}, "politica": {"lemma": "politico", "pos": "A", "is_stop": false, "is_named": false}, "e": {"lemma": "e", "pos": "CC", "is_stop": false, "is_named": false}, "amministrativa": {"lemma": "amministrativo", "pos": "A", "is_stop": false, "is_named": false}, "degli": {"lemma": "del", "pos": "E_RD", "is_stop": true, "is_named": false}, "arcipelaghi": {"lemma": "arcipelago", "pos": "S", "is_stop": false, "is_named": false}, "di": {"lemma": "di", "pos": "E", "is_stop": true, "is_named": false}, "madera": {"lemma": "madera", "pos": "S", "is_stop": false, "is_named": false}, "dei": {"lemma": "del", "pos": "E_RD", "is_stop": true, "is_named": false}, "dipartimenti": {"lemma": "dipartimento", "pos": "S", "is_stop": false, "is_named": false}}}}, "obj": {"type": "Event", "pt": {"text": "estabele\u00e7a", "linguisticInfo": {"estabele\u00e7a": {"lemma": "estabelecer", "pos": "VERB", "is_stop": false, "is_named": false}}}, "it": {"text": "definisca", "linguisticInfo": {"definisca": {"lemma": "definisca", "pos": "S", "is_stop": false, "is_named": false}}}}}, {"id": "R46", "subj": {"type": "Oth_location", "pt": {"text": "na defini\u00e7\u00e3o e atribui\u00e7\u00f5es de cargos governativos e na adop\u00e7\u00e3o de formas de coordena\u00e7\u00e3o de actividades , departamentos e autarquias", "linguisticInfo": {"na": {"lemma": "o", "pos": "ADP", "is_stop": true, "is_named": false}, "defini\u00e7\u00e3o": {"lemma": "defini\u00e7\u00e3o", "pos": "NOUN", "is_stop": false, "is_named": false}, "e": {"lemma": "e", "pos": "CCONJ", "is_stop": true, "is_named": false}, "atribui\u00e7\u00f5es": {"lemma": "atribui\u00e7\u00e3o", "pos": "NOUN", "is_stop": false, "is_named": false}, "de": {"lemma": "de", "pos": "ADP", "is_stop": true, "is_named": false}, "cargos": {"lemma": "cargo", "pos": "NOUN", "is_stop": false, "is_named": false}, "governativos": {"lemma": "governativo", "pos": "ADJ", "is_stop": false, "is_named": false}, "adop\u00e7\u00e3o": {"lemma": "adop\u00e7\u00e3o", "pos": "NOUN", "is_stop": false, "is_named": false}, "formas": {"lemma": "formar", "pos": "NOUN", "is_stop": false, "is_named": false}, "coordena\u00e7\u00e3o": {"lemma": "coordena\u00e7\u00e3o", "pos": "NOUN", "is_stop": false, "is_named": false}, "actividades": {"lemma": "actividade", "pos": "NOUN", "is_stop": false, "is_named": false}, ",": {"lemma": ",", "pos": "PUNCT", "is_stop": false, "is_named": false}, "departamentos": {"lemma": "departamento", "pos": "NOUN", "is_stop": false, "is_named": false}, "autarquias": {"lemma": "autarquia", "pos": "NOUN", "is_stop": false, "is_named": false}}}, "it": {"text": "alla definizione e attribuzione degli incarichi", "linguisticInfo": {"alla": {"lemma": "alla", "pos": "E_RD", "is_stop": true, "is_named": false}, "definizione": {"lemma": "definizione", "pos": "S", "is_stop": false, "is_named": false}, "e": {"lemma": "e", "pos": "CC", "is_stop": false, "is_named": false}, "attribuzione": {"lemma": "attribuzione", "pos": "S", "is_stop": false, "is_named": false}, "degli": {"lemma": "del", "pos": "E_RD", "is_stop": true, "is_named": false}, "incarichi": {"lemma": "incarico", "pos": "S", "is_stop": false, "is_named": false}}}}, "obj": {"type": "Event", "pt": {"text": "N\u00e3o podem subsistir", "linguisticInfo": {"N\u00e3o": {"lemma": "N\u00e3o", "pos": "ADV", "is_stop": true, "is_named": true}, "podem": {"lemma": "poder", "pos": "VERB", "is_stop": true, "is_named": false}, "subsistir": {"lemma": "subsistir", "pos": "VERB", "is_stop": false, "is_named": false}}}, "it": {"text": "non \u00e8 accettabile", "linguisticInfo": {"non": {"lemma": "non", "pos": "BN", "is_stop": true, "is_named": false}, "\u00e8": {"lemma": "essere", "pos": "V", "is_stop": false, "is_named": false}, "accettabile": {"lemma": "accettabile", "pos": "A", "is_stop": false, "is_named": false}}}}}, {"id": "R47", "subj": {"type": "Non-human_Agent", "pt": {"text": "equ\u00edvocos", "linguisticInfo": {"equ\u00edvocos": {"lemma": "equ\u00edvoco", "pos": "NOUN", "is_stop": false, "is_named": false}}}, "it": {"text": "equivoci", "linguisticInfo": {"equivoci": {"lemma": "equivoco", "pos": "V_PC", "is_stop": false, "is_named": false}}}}, "obj": {"type": "Event", "pt": {"text": "N\u00e3o podem subsistir", "linguisticInfo": {"N\u00e3o": {"lemma": "N\u00e3o", "pos": "ADV", "is_stop": true, "is_named": true}, "podem": {"lemma": "poder", "pos": "VERB", "is_stop": true, "is_named": false}, "subsistir": {"lemma": "subsistir", "pos": "VERB", "is_stop": false, "is_named": false}}}, "it": {"text": "non \u00e8 accettabile", "linguisticInfo": {"non": {"lemma": "non", "pos": "BN", "is_stop": true, "is_named": false}, "\u00e8": {"lemma": "essere", "pos": "V", "is_stop": false, "is_named": false}, "accettabile": {"lemma": "accettabile", "pos": "A", "is_stop": false, "is_named": false}}}}}, {"id": "R48", "subj": {"type": "Non-human_Oth_participant", "pt": {"text": "a fim de assegurar o tratamento adequado de situa\u00e7\u00f5es globais e dos casos espec\u00edficos de cada regi\u00e3o e , inclusive , de cada ilha", "linguisticInfo": {"a": {"lemma": "o", "pos": "ADP", "is_stop": true, "is_named": false}, "fim": {"lemma": "fim", "pos": "NOUN", "is_stop": true, "is_named": false}, "de": {"lemma": "de", "pos": "ADP", "is_stop": true, "is_named": false}, "assegurar": {"lemma": "assegurar", "pos": "VERB", "is_stop": false, "is_named": false}, "o": {"lemma": "o", "pos": "DET", "is_stop": true, "is_named": false}, "tratamento": {"lemma": "tratamento", "pos": "NOUN", "is_stop": false, "is_named": false}, "adequado": {"lemma": "adequar", "pos": "ADJ", "is_stop": false, "is_named": false}, "situa\u00e7\u00f5es": {"lemma": "situa\u00e7\u00e3o", "pos": "NOUN", "is_stop": false, "is_named": false}, "globais": {"lemma": "global", "pos": "ADJ", "is_stop": false, "is_named": false}, "e": {"lemma": "e", "pos": "CCONJ", "is_stop": true, "is_named": false}, "dos": {"lemma": "dos", "pos": "ADP", "is_stop": true, "is_named": false}, "casos": {"lemma": "caso", "pos": "NOUN", "is_stop": false, "is_named": false}, "espec\u00edficos": {"lemma": "espec\u00edfico", "pos": "ADJ", "is_stop": false, "is_named": false}, "cada": {"lemma": "cada", "pos": "DET", "is_stop": true, "is_named": false}, "regi\u00e3o": {"lemma": "regi\u00e3o", "pos": "NOUN", "is_stop": false, "is_named": false}, ",": {"lemma": ",", "pos": "PUNCT", "is_stop": false, "is_named": false}, "inclusive": {"lemma": "inclusive", "pos": "ADV", "is_stop": true, "is_named": false}, "ilha": {"lemma": "ilhar", "pos": "NOUN", "is_stop": false, "is_named": false}}}, "it": {"text": "non \u00e8 modo inequivocabile ,", "linguisticInfo": {"non": {"lemma": "non", "pos": "BN", "is_stop": true, "is_named": false}, "\u00e8": {"lemma": "essere", "pos": "V", "is_stop": false, "is_named": false}, "modo": {"lemma": "modo", "pos": "S", "is_stop": true, "is_named": false}, "inequivocabile": {"lemma": "inequivocabile", "pos": "A", "is_stop": false, "is_named": false}, ",": {"lemma": ",", "pos": "FF", "is_stop": false, "is_named": false}}}}, "obj": {"type": "Event", "pt": {"text": "N\u00e3o podem subsistir", "linguisticInfo": {"N\u00e3o": {"lemma": "N\u00e3o", "pos": "ADV", "is_stop": true, "is_named": true}, "podem": {"lemma": "poder", "pos": "VERB", "is_stop": true, "is_named": false}, "subsistir": {"lemma": "subsistir", "pos": "VERB", "is_stop": false, "is_named": false}}}, "it": {"text": "non \u00e8 accettabile", "linguisticInfo": {"non": {"lemma": "non", "pos": "BN", "is_stop": true, "is_named": false}, "\u00e8": {"lemma": "essere", "pos": "V", "is_stop": false, "is_named": false}, "accettabile": {"lemma": "accettabile", "pos": "A", "is_stop": false, "is_named": false}}}}}, {"id": "R50", "subj": {"type": "Non-human_Patient", "pt": {"text": "cargos governativos", "linguisticInfo": {"cargos": {"lemma": "cargo", "pos": "NOUN", "is_stop": false, "is_named": false}, "governativos": {"lemma": "governativo", "pos": "ADJ", "is_stop": false, "is_named": false}}}, "it": {"text": "incarichi governo", "linguisticInfo": {"incarichi": {"lemma": "incarico", "pos": "S", "is_stop": false, "is_named": false}, "governo": {"lemma": "governo", "pos": "S", "is_stop": true, "is_named": false}}}}, "obj": {"type": "Event", "pt": {"text": "atribui\u00e7\u00f5es", "linguisticInfo": {"atribui\u00e7\u00f5es": {"lemma": "atribui\u00e7\u00e3o", "pos": "NOUN", "is_stop": false, "is_named": false}}}, "it": {"text": "attribuzione", "linguisticInfo": {"attribuzione": {"lemma": "attribuzione", "pos": "S", "is_stop": false, "is_named": false}}}}}, {"id": "R52", "subj": {"type": "Non-human_Patient", "pt": {"text": "o tratamento adequado de situa\u00e7\u00f5es globais e dos casos espec\u00edficos de cada regi\u00e3o e , inclusive , de cada ilha", "linguisticInfo": {"o": {"lemma": "o", "pos": "DET", "is_stop": true, "is_named": false}, "tratamento": {"lemma": "tratamento", "pos": "NOUN", "is_stop": false, "is_named": false}, "adequado": {"lemma": "adequar", "pos": "ADJ", "is_stop": false, "is_named": false}, "de": {"lemma": "de", "pos": "ADP", "is_stop": true, "is_named": false}, "situa\u00e7\u00f5es": {"lemma": "situa\u00e7\u00e3o", "pos": "NOUN", "is_stop": false, "is_named": false}, "globais": {"lemma": "global", "pos": "ADJ", "is_stop": false, "is_named": false}, "e": {"lemma": "e", "pos": "CCONJ", "is_stop": true, "is_named": false}, "dos": {"lemma": "dos", "pos": "ADP", "is_stop": true, "is_named": false}, "casos": {"lemma": "caso", "pos": "NOUN", "is_stop": false, "is_named": false}, "espec\u00edficos": {"lemma": "espec\u00edfico", "pos": "ADJ", "is_stop": false, "is_named": false}, "cada": {"lemma": "cada", "pos": "DET", "is_stop": true, "is_named": false}, "regi\u00e3o": {"lemma": "regi\u00e3o", "pos": "NOUN", "is_stop": false, "is_named": false}, ",": {"lemma": ",", "pos": "PUNCT", "is_stop": false, "is_named": false}, "inclusive": {"lemma": "inclusive", "pos": "ADV", "is_stop": true, "is_named": false}, "ilha": {"lemma": "ilhar", "pos": "NOUN", "is_stop": false, "is_named": false}}}, "it": {"text": "un trattamento adeguato a questioni", "linguisticInfo": {"un": {"lemma": "uno", "pos": "RI", "is_stop": true, "is_named": false}, "trattamento": {"lemma": "trattamento", "pos": "S", "is_stop": false, "is_named": false}, "adeguato": {"lemma": "adeguato", "pos": "A", "is_stop": false, "is_named": false}, "a": {"lemma": "a", "pos": "E", "is_stop": true, "is_named": false}, "questioni": {"lemma": "questione", "pos": "S", "is_stop": false, "is_named": false}}}}, "obj": {"type": "Event", "pt": {"text": "assegurar", "linguisticInfo": {"assegurar": {"lemma": "assegurar", "pos": "VERB", "is_stop": false, "is_named": false}}}, "it": {"text": "garantire", "linguisticInfo": {"garantire": {"lemma": "garantire", "pos": "V", "is_stop": false, "is_named": false}}}}}]}, "sentences_3": {"itText": "NULL l \u2019 autonomia \u00e8 un diritto delle regioni , non una benevola concessione del potere centrale . il suo esercizio si inquadra in un contesto di identit\u00e0 nazionale e in una prospettiva di complementariet\u00e0 che non mira ad alimentare nessun tentativo egemonico n\u00e9 ad inasprire velleit\u00e0 separatiste , bens\u00ec a trovare soluzioni e mettere in atto riforme indispensabili per soddisfare i bisogni della popolazione .", "ptText": "a autonomia \u00e9 um direito pr\u00f3prio das regi\u00f5es , n\u00e3o uma concess\u00e3o obsequiosa do poder central . o seu exerc\u00edcio processa -se num quadro de identidade nacional e numa perspectiva de complementaridade que , em vez de alimentar tentativas hegem\u00f3nicas ou de exarcebar veleidades separatistas , destina -se \u00e0 concretiza\u00e7\u00e3o das solu\u00e7\u00f5es e das reformas indispens\u00e1veis para ir ao encontro das necessidades das popula\u00e7\u00f5es . \n", "relations": [{"id": "R55", "subj": {"type": "Non-human_Patient", "pt": {"text": "tentativas hegem\u00f3nicas", "linguisticInfo": {"tentativas": {"lemma": "tentativo", "pos": "NOUN", "is_stop": false, "is_named": false}, "hegem\u00f3nicas": {"lemma": "hegem\u00f3nico", "pos": "ADJ", "is_stop": false, "is_named": false}}}, "it": {"text": "velleit\u00e0 separatiste ,", "linguisticInfo": {"velleit\u00e0": {"lemma": "velleit\u00e0", "pos": "S", "is_stop": false, "is_named": false}, "separatiste": {"lemma": "separatiste", "pos": "A", "is_stop": false, "is_named": false}, ",": {"lemma": ",", "pos": "FF", "is_stop": false, "is_named": false}}}}, "obj": {"type": "Event", "pt": {"text": "alimentar", "linguisticInfo": {"alimentar": {"lemma": "alimentar", "pos": "VERB", "is_stop": false, "is_named": false}}}, "it": {"text": "alimentare", "linguisticInfo": {"alimentare": {"lemma": "alimentare", "pos": "V", "is_stop": false, "is_named": false}}}}}, {"id": "R56", "subj": {"type": "Non-human_Patient", "pt": {"text": "veleidades separatistas", "linguisticInfo": {"veleidades": {"lemma": "veleidade", "pos": "NOUN", "is_stop": false, "is_named": false}, "separatistas": {"lemma": "separatista", "pos": "VERB", "is_stop": false, "is_named": false}}}, "it": {"text": "complementariet\u00e0 separatiste", "linguisticInfo": {"complementariet\u00e0": {"lemma": "complementariet\u00e0", "pos": "S", "is_stop": false, "is_named": false}, "separatiste": {"lemma": "separatiste", "pos": "A", "is_stop": false, "is_named": false}}}}, "obj": {"type": "Event", "pt": {"text": "exarcebar", "linguisticInfo": {"exarcebar": {"lemma": "exarcebar", "pos": "VERB", "is_stop": false, "is_named": false}}}, "it": {"text": "complementariet\u00e0", "linguisticInfo": {"complementariet\u00e0": {"lemma": "complementariet\u00e0", "pos": "S", "is_stop": false, "is_named": false}}}}}]}}