{"sentences_2": {"itText": "NULL la volont\u00e0 politica del governo che ha portato alla costruzione dell \u2019 edifcio \u00e8 evidente , vista soprattutto la necessit\u00e0 di guadagnare spazio nel palazzo di s\u00e3o bento , ove si trova attualmente l&apos; archivio , per sbloccare alcune delle attivit\u00e0 parlamentari .", "ptText": "da parte do governo \u00e9 clara a vontade pol\u00edtica por esta constru\u00e7\u00e3o , dada , sobretudo , a necessidade de se ganhar espa\u00e7o no pal\u00e1cio de s. bento , onde o arquivo se encontra instalado , para desbloquear alguns servi\u00e7os da assembleia da rep\u00fablica . \n", "relations": [{"id": "R6", "subj": {"type": "Non-human_Patient", "pt": {"text": "alguns servi\u00e7os da Assembleia da Rep\u00fablica", "linguisticInfo": {"alguns": {"lemma": "algum", "pos": "DET", "is_stop": true, "is_named": false}, "servi\u00e7os": {"lemma": "servi\u00e7o", "pos": "NOUN", "is_stop": false, "is_named": false}, "da": {"lemma": "da", "pos": "ADP", "is_stop": true, "is_named": false}, "Assembleia": {"lemma": "Assembleia", "pos": "PROPN", "is_stop": false, "is_named": true}, "Rep\u00fablica": {"lemma": "Rep\u00fablica", "pos": "PROPN", "is_stop": false, "is_named": true}}}, "it": {"text": "edifcio \u00e8 evidente", "linguisticInfo": {"edifcio": {"lemma": "edifcio", "pos": "S", "is_stop": false, "is_named": false}, "\u00e8": {"lemma": "essere", "pos": "V", "is_stop": false, "is_named": false}, "evidente": {"lemma": "evidente", "pos": "A", "is_stop": false, "is_named": false}}}}, "obj": {"type": "Event", "pt": {"text": "desbloquear", "linguisticInfo": {"desbloquear": {"lemma": "desbloquear", "pos": "VERB", "is_stop": false, "is_named": false}}}, "it": {"text": "sbloccare", "linguisticInfo": {"sbloccare": {"lemma": "sbloccare", "pos": "V", "is_stop": false, "is_named": false}}}}}]}, "sentences_0": {"itText": "NULL la costruzione del nuovo edificio per l \u2019 archivio storico nazionale della torre do tombo inizier\u00e0 il prossimo anno e sorger\u00e0 nel terreno adiacente alla facolt\u00e0 di lettere , di fronte alla futura facolt\u00e0 di scienze . le previsioni pi\u00f9 ottimiste stimano che la sua costruzione si concluder\u00e0 nel 1985 .", "ptText": "dever\u00e1 iniciar -se , no pr\u00f3ximo ano , a constru\u00e7\u00e3o do novo edif\u00edcio do arquivo hist\u00f3rico nacional da torre do tombo e que ficar\u00e1 localizado nos terrenos adjacentes \u00e0 faculdade de letras e \u00e0 frente da projectada nova faculdade de ci\u00eancias . os c\u00e1lculos mais optimistas estimam que a sua constru\u00e7\u00e3o se efective em 1985 . \n", "relations": [{"id": "R7", "subj": {"type": "Non-human_Patient", "pt": {"text": "sua", "linguisticInfo": {"sua": {"lemma": "suar", "pos": "DET", "is_stop": true, "is_named": false}}}, "it": {"text": "sua", "linguisticInfo": {"sua": {"lemma": "suo", "pos": "AP", "is_stop": true, "is_named": false}}}}, "obj": {"type": "Event", "pt": {"text": "constru\u00e7\u00e3o se efective", "linguisticInfo": {"constru\u00e7\u00e3o": {"lemma": "constru\u00e7\u00e3o", "pos": "NOUN", "is_stop": false, "is_named": false}, "se": {"lemma": "se", "pos": "PRON", "is_stop": true, "is_named": false}, "efective": {"lemma": "efectivar", "pos": "VERB", "is_stop": false, "is_named": false}}}, "it": {"text": "costruzione si 1985", "linguisticInfo": {"costruzione": {"lemma": "costruzione", "pos": "S", "is_stop": false, "is_named": false}, "si": {"lemma": "si", "pos": "PC", "is_stop": true, "is_named": false}, "1985": {"lemma": "1985", "pos": "N", "is_stop": false, "is_named": false}}}}}, {"id": "R8", "subj": {"type": "Time", "pt": {"text": "em 1985", "linguisticInfo": {"em": {"lemma": "em", "pos": "ADP", "is_stop": true, "is_named": false}, "1985": {"lemma": "1985", "pos": "NUM", "is_stop": false, "is_named": false}}}, "it": {"text": "1985", "linguisticInfo": {"1985": {"lemma": "1985", "pos": "N", "is_stop": false, "is_named": false}}}}, "obj": {"type": "Event", "pt": {"text": "constru\u00e7\u00e3o se efective", "linguisticInfo": {"constru\u00e7\u00e3o": {"lemma": "constru\u00e7\u00e3o", "pos": "NOUN", "is_stop": false, "is_named": false}, "se": {"lemma": "se", "pos": "PRON", "is_stop": true, "is_named": false}, "efective": {"lemma": "efectivar", "pos": "VERB", "is_stop": false, "is_named": false}}}, "it": {"text": "costruzione si 1985", "linguisticInfo": {"costruzione": {"lemma": "costruzione", "pos": "S", "is_stop": false, "is_named": false}, "si": {"lemma": "si", "pos": "PC", "is_stop": true, "is_named": false}, "1985": {"lemma": "1985", "pos": "N", "is_stop": false, "is_named": false}}}}}, {"id": "R16", "subj": {"type": "Non-human_Oth_participant", "pt": {"text": "que a sua constru\u00e7\u00e3o se efective em 1985", "linguisticInfo": {"que": {"lemma": "que", "pos": "SCONJ", "is_stop": true, "is_named": false}, "a": {"lemma": "o", "pos": "DET", "is_stop": true, "is_named": false}, "sua": {"lemma": "suar", "pos": "DET", "is_stop": true, "is_named": false}, "constru\u00e7\u00e3o": {"lemma": "constru\u00e7\u00e3o", "pos": "NOUN", "is_stop": false, "is_named": false}, "se": {"lemma": "se", "pos": "PRON", "is_stop": true, "is_named": false}, "efective": {"lemma": "efectivar", "pos": "VERB", "is_stop": false, "is_named": false}, "em": {"lemma": "em", "pos": "ADP", "is_stop": true, "is_named": false}, "1985": {"lemma": "1985", "pos": "NUM", "is_stop": false, "is_named": false}}}, "it": {"text": "che la sua costruzione si concluder\u00e0 nel 1985 .", "linguisticInfo": {"che": {"lemma": "che", "pos": "CS", "is_stop": true, "is_named": false}, "la": {"lemma": "il", "pos": "RD", "is_stop": true, "is_named": false}, "sua": {"lemma": "suo", "pos": "AP", "is_stop": true, "is_named": false}, "costruzione": {"lemma": "costruzione", "pos": "S", "is_stop": false, "is_named": false}, "si": {"lemma": "si", "pos": "PC", "is_stop": true, "is_named": false}, "concluder\u00e0": {"lemma": "concludere", "pos": "V", "is_stop": false, "is_named": false}, "nel": {"lemma": "nel", "pos": "E_RD", "is_stop": true, "is_named": false}, "1985": {"lemma": "1985", "pos": "N", "is_stop": false, "is_named": false}, ".": {"lemma": ".", "pos": "FS", "is_stop": false, "is_named": false}}}}, "obj": {"type": "Event", "pt": {"text": "estimam", "linguisticInfo": {"estimam": {"lemma": "estimar", "pos": "VERB", "is_stop": false, "is_named": false}}}, "it": {"text": "stimano", "linguisticInfo": {"stimano": {"lemma": "stimare", "pos": "V", "is_stop": false, "is_named": false}}}}}, {"id": "R17", "subj": {"type": "Human_Agent", "pt": {"text": "Os c\u00e1lculos mais optimistas", "linguisticInfo": {"Os": {"lemma": "Os", "pos": "DET", "is_stop": true, "is_named": true}, "c\u00e1lculos": {"lemma": "c\u00e1lculo", "pos": "NOUN", "is_stop": false, "is_named": false}, "mais": {"lemma": "mais", "pos": "ADV", "is_stop": true, "is_named": false}, "optimistas": {"lemma": "optimista", "pos": "ADJ", "is_stop": false, "is_named": false}}}, "it": {"text": "previsioni pi\u00f9 ottimiste", "linguisticInfo": {"previsioni": {"lemma": "previsione", "pos": "S", "is_stop": false, "is_named": false}, "pi\u00f9": {"lemma": "molto", "pos": "B", "is_stop": true, "is_named": false}, "ottimiste": {"lemma": "ottimiste", "pos": "A", "is_stop": false, "is_named": false}}}}, "obj": {"type": "Event", "pt": {"text": "estimam", "linguisticInfo": {"estimam": {"lemma": "estimar", "pos": "VERB", "is_stop": false, "is_named": false}}}, "it": {"text": "stimano", "linguisticInfo": {"stimano": {"lemma": "stimare", "pos": "V", "is_stop": false, "is_named": false}}}}}]}, "sentences_3": {"itText": "NULL il progetto e i plastici vincitori si trovano esposti al pubblico fino al 17 , nelle installazioni del ministero delle opere pubbliche , nella piazza do com\u00e9rcio , inaugurate ieri dal segretario di stato del ministero sopracitato e dal segretario di stato alla cultura .", "ptText": "os projectos e maquetas premiados no concurso est\u00e3o patentes ao p\u00fablico , at\u00e9 ao dia 17 , nas instala\u00e7\u00f5es do minist\u00e9rio das obras p\u00fablicas , \u00e0 pra\u00e7a do com\u00e9rcio , e que foram inaugurados , ontem , pelos secret\u00e1rios de estado daquele departamento governamental e do secret\u00e1rio de estado da cultura . \n", "relations": [{"id": "R9", "subj": {"type": "Oth_location", "pt": {"text": "no concurso", "linguisticInfo": {"no": {"lemma": "o", "pos": "ADP", "is_stop": true, "is_named": false}, "concurso": {"lemma": "concurso", "pos": "NOUN", "is_stop": false, "is_named": false}}}, "it": {"text": "com\u00e9rcio", "linguisticInfo": {"com\u00e9rcio": {"lemma": "com\u00e9rcio", "pos": "S", "is_stop": false, "is_named": false}}}}, "obj": {"type": "Event", "pt": {"text": "premiados", "linguisticInfo": {"premiados": {"lemma": "premiar", "pos": "VERB", "is_stop": false, "is_named": false}}}, "it": {"text": "vincitori", "linguisticInfo": {"vincitori": {"lemma": "vincitore", "pos": "S", "is_stop": false, "is_named": false}}}}}, {"id": "R10", "subj": {"type": "Non-human_Patient", "pt": {"text": "Os projectos e maquetas", "linguisticInfo": {"Os": {"lemma": "Os", "pos": "DET", "is_stop": true, "is_named": true}, "projectos": {"lemma": "projecto", "pos": "NOUN", "is_stop": false, "is_named": false}, "e": {"lemma": "e", "pos": "CCONJ", "is_stop": true, "is_named": false}, "maquetas": {"lemma": "maqueta", "pos": "NOUN", "is_stop": false, "is_named": false}}}, "it": {"text": "i plastici vincitori", "linguisticInfo": {"i": {"lemma": "il", "pos": "RD", "is_stop": false, "is_named": false}, "plastici": {"lemma": "plastico", "pos": "A", "is_stop": false, "is_named": false}, "vincitori": {"lemma": "vincitore", "pos": "S", "is_stop": false, "is_named": false}}}}, "obj": {"type": "Event", "pt": {"text": "premiados", "linguisticInfo": {"premiados": {"lemma": "premiar", "pos": "VERB", "is_stop": false, "is_named": false}}}, "it": {"text": "vincitori", "linguisticInfo": {"vincitori": {"lemma": "vincitore", "pos": "S", "is_stop": false, "is_named": false}}}}}, {"id": "R15", "subj": {"type": "Time", "pt": {"text": "ontem", "linguisticInfo": {"ontem": {"lemma": "ontem", "pos": "ADV", "is_stop": true, "is_named": false}}}, "it": {"text": "ieri", "linguisticInfo": {"ieri": {"lemma": "ieri", "pos": "B", "is_stop": true, "is_named": false}}}}, "obj": {"type": "Event", "pt": {"text": "foram inaugurados", "linguisticInfo": {"foram": {"lemma": "ser", "pos": "AUX", "is_stop": true, "is_named": false}, "inaugurados": {"lemma": "inaugurar", "pos": "VERB", "is_stop": false, "is_named": false}}}, "it": {"text": "com\u00e9rcio inaugurate", "linguisticInfo": {"com\u00e9rcio": {"lemma": "com\u00e9rcio", "pos": "S", "is_stop": false, "is_named": false}, "inaugurate": {"lemma": "inaugurato", "pos": "A", "is_stop": false, "is_named": false}}}}}]}, "sentences_1": {"itText": "NULL il progetto , firmato dall \u2019 architetto ars\u00e9nio raposo cordeiro e coordinato dal gruppo di lavoro vincitore del concorso indetto dal governo , richieder\u00e0 un investimento di 1 miliardo di scudi , secondo i prezzi correnti .", "ptText": "o projecto , da autoria do arquitecto ars\u00e9nio raposo cordeiro , coordenador do grupo de trabalho vencedor do concurso aberto pelo governo , vai obrigar ao investimento de 1 milh\u00e3o de contos , aos pre\u00e7os actuais . \n", "relations": [{"id": "R5", "subj": {"type": "Non-human_Oth_participant", "pt": {"text": "1 milh\u00e3o de contos", "linguisticInfo": {"1": {"lemma": "1", "pos": "NUM", "is_stop": false, "is_named": false}, "milh\u00e3o": {"lemma": "milh\u00e3o", "pos": "NUM", "is_stop": false, "is_named": false}, "de": {"lemma": "de", "pos": "ADP", "is_stop": true, "is_named": false}, "contos": {"lemma": "conto", "pos": "NOUN", "is_stop": false, "is_named": false}}}, "it": {"text": "1 miliardo di scudi", "linguisticInfo": {"1": {"lemma": "1", "pos": "N", "is_stop": false, "is_named": false}, "miliardo": {"lemma": "miliardo", "pos": "S", "is_stop": false, "is_named": false}, "di": {"lemma": "di", "pos": "E", "is_stop": true, "is_named": false}, "scudi": {"lemma": "scudo", "pos": "S", "is_stop": false, "is_named": false}}}}, "obj": {"type": "Event", "pt": {"text": "vai obrigar ao investimento", "linguisticInfo": {"vai": {"lemma": "ir", "pos": "AUX", "is_stop": true, "is_named": false}, "obrigar": {"lemma": "obrigar", "pos": "VERB", "is_stop": false, "is_named": false}, "ao": {"lemma": "ao", "pos": "ADP", "is_stop": true, "is_named": false}, "investimento": {"lemma": "investimento", "pos": "NOUN", "is_stop": false, "is_named": false}}}, "it": {"text": "richieder\u00e0 un investimento", "linguisticInfo": {"richieder\u00e0": {"lemma": "richiedere", "pos": "V", "is_stop": false, "is_named": false}, "un": {"lemma": "uno", "pos": "RI", "is_stop": true, "is_named": false}, "investimento": {"lemma": "investimento", "pos": "S", "is_stop": false, "is_named": false}}}}}]}}