{"sentences_0": {"itText": "NULL alexander haig ha dichiarato venerd\u00ec che , se rieletto a sottosegretario di stato americano , uno dei suoi principali obiettivi sar\u00e0 quello di rafforzare la posizione degli stati uniti in relazione agli interventi dell \u2019 unione sovietica verso paesi terzi .", "ptText": "alexander haig afirmou , na sexta-feira , que um dos seus grandes objectivos , se for confirmado no cargo de secret\u00e1rio americano de estado , ser\u00e1 endurecer a posi\u00e7\u00e3o dos estados unidos em rela\u00e7\u00e3o \u00e0s interven\u00e7\u00f5es da uni\u00e3o sovi\u00e9tica noutros pa\u00edses . \n", "relations": [{"id": "R2", "subj": {"type": "Human_Agent", "pt": {"text": "Alexander Haig", "linguisticInfo": {"Alexander": {"lemma": "Alexander", "pos": "PROPN", "is_stop": false, "is_named": true}, "Haig": {"lemma": "Haig", "pos": "PROPN", "is_stop": false, "is_named": true}}}, "it": {"text": "alexander haig", "linguisticInfo": {"alexander": {"lemma": "alexander", "pos": "S", "is_stop": false, "is_named": false}, "haig": {"lemma": "haig", "pos": "SP", "is_stop": false, "is_named": false}}}}, "obj": {"type": "Event", "pt": {"text": "afirmou", "linguisticInfo": {"afirmou": {"lemma": "afirmar", "pos": "VERB", "is_stop": false, "is_named": false}}}, "it": {"text": "dichiarato", "linguisticInfo": {"dichiarato": {"lemma": "dichiarare", "pos": "V", "is_stop": false, "is_named": false}}}}}, {"id": "R3", "subj": {"type": "Time", "pt": {"text": "na sexta-feira", "linguisticInfo": {"na": {"lemma": "o", "pos": "ADP", "is_stop": true, "is_named": false}, "sexta-feira": {"lemma": "sexta-feira", "pos": "NOUN", "is_stop": false, "is_named": false}}}, "it": {"text": "venerd\u00ec", "linguisticInfo": {"venerd\u00ec": {"lemma": "venerd\u00ec", "pos": "S", "is_stop": false, "is_named": false}}}}, "obj": {"type": "Event", "pt": {"text": "afirmou", "linguisticInfo": {"afirmou": {"lemma": "afirmar", "pos": "VERB", "is_stop": false, "is_named": false}}}, "it": {"text": "dichiarato", "linguisticInfo": {"dichiarato": {"lemma": "dichiarare", "pos": "V", "is_stop": false, "is_named": false}}}}}, {"id": "R4", "subj": {"type": "Non-human_Oth_participant", "pt": {"text": "no cargo de secret\u00e1rio americano de Estado", "linguisticInfo": {"no": {"lemma": "o", "pos": "ADP", "is_stop": true, "is_named": false}, "cargo": {"lemma": "cargo", "pos": "NOUN", "is_stop": false, "is_named": false}, "de": {"lemma": "de", "pos": "ADP", "is_stop": true, "is_named": false}, "secret\u00e1rio": {"lemma": "secret\u00e1rio", "pos": "NOUN", "is_stop": false, "is_named": false}, "americano": {"lemma": "americano", "pos": "ADJ", "is_stop": false, "is_named": false}, "Estado": {"lemma": "Estado", "pos": "NOUN", "is_stop": true, "is_named": true}}}, "it": {"text": "alexander haig rieletto a sottosegretario", "linguisticInfo": {"alexander": {"lemma": "alexander", "pos": "S", "is_stop": false, "is_named": false}, "haig": {"lemma": "haig", "pos": "VA", "is_stop": false, "is_named": false}, "rieletto": {"lemma": "rieleggere", "pos": "V", "is_stop": false, "is_named": false}, "a": {"lemma": "a", "pos": "E", "is_stop": true, "is_named": false}, "sottosegretario": {"lemma": "sottosegretario", "pos": "S", "is_stop": false, "is_named": false}}}}, "obj": {"type": "Event", "pt": {"text": "for confirmado", "linguisticInfo": {"for": {"lemma": "ser", "pos": "AUX", "is_stop": true, "is_named": false}, "confirmado": {"lemma": "confirmar", "pos": "VERB", "is_stop": false, "is_named": false}}}, "it": {"text": "sar\u00e0 quello di", "linguisticInfo": {"sar\u00e0": {"lemma": "essere", "pos": "V", "is_stop": true, "is_named": false}, "quello": {"lemma": "quello", "pos": "PD", "is_stop": true, "is_named": false}, "di": {"lemma": "di", "pos": "E", "is_stop": true, "is_named": false}}}}}]}, "sentences_1": {"itText": "NULL haig , nominato sottosegretario di stato dal presidente eletto ronald reagan , ha affermato , durante le udienze in senato per la riconferma dell \u2019 incarico , che \u00ab la miglior strategia per evitare la guerra \u00e8 di mostrare all \u2019 urss la determinazione nel fare tutto ci\u00f2 che sar\u00e0 necessario , perfino ricorrere alle armi nucleari , per proteggere gli interessi vitali degli stati uniti \u00bb .", "ptText": "haig , designado pelo presidente eleito , ronald reagan , para o cargo de secret\u00e1rio de estado , disse , durante as audi\u00eancias a que est\u00e1 a ser submetido pelo senado , para a confirma\u00e7\u00e3o do cargo , que \u00ab a melhor maneira de impedir a guerra , \u00e9 demonstrar \u00e0 urss a vontade de fazer o necess\u00e1rio , at\u00e9 mesmo usar armas nucleares , para proteger os interesses vitais dos estados unidos \u00bb . \n", "relations": [{"id": "R8", "subj": {"type": "Human_Patient", "pt": {"text": "Haig", "linguisticInfo": {"Haig": {"lemma": "Haig", "pos": "NOUN", "is_stop": false, "is_named": true}}}, "it": {"text": "haig", "linguisticInfo": {"haig": {"lemma": "haig", "pos": "V", "is_stop": false, "is_named": false}}}}, "obj": {"type": "Event", "pt": {"text": "designado", "linguisticInfo": {"designado": {"lemma": "designar", "pos": "VERB", "is_stop": false, "is_named": false}}}, "it": {"text": "nominato", "linguisticInfo": {"nominato": {"lemma": "nominare", "pos": "V", "is_stop": false, "is_named": false}}}}}, {"id": "R9", "subj": {"type": "Human_Agent", "pt": {"text": "pelo presidente eleito , Ronald Reagan", "linguisticInfo": {"pelo": {"lemma": "pelar", "pos": "ADP", "is_stop": true, "is_named": false}, "presidente": {"lemma": "presidente", "pos": "NOUN", "is_stop": false, "is_named": false}, "eleito": {"lemma": "eleito", "pos": "VERB", "is_stop": false, "is_named": false}, ",": {"lemma": ",", "pos": "PUNCT", "is_stop": false, "is_named": false}, "Ronald": {"lemma": "Ronald", "pos": "PROPN", "is_stop": false, "is_named": true}, "Reagan": {"lemma": "Reagan", "pos": "PROPN", "is_stop": false, "is_named": true}}}, "it": {"text": "dal presidente eletto ronald reagan", "linguisticInfo": {"dal": {"lemma": "dal", "pos": "E_RD", "is_stop": true, "is_named": false}, "presidente": {"lemma": "presidente", "pos": "S", "is_stop": false, "is_named": false}, "eletto": {"lemma": "eletto", "pos": "A", "is_stop": false, "is_named": false}, "ronald": {"lemma": "ronald", "pos": "SP", "is_stop": false, "is_named": false}, "reagan": {"lemma": "reagan", "pos": "SW", "is_stop": false, "is_named": false}}}}, "obj": {"type": "Event", "pt": {"text": "designado", "linguisticInfo": {"designado": {"lemma": "designar", "pos": "VERB", "is_stop": false, "is_named": false}}}, "it": {"text": "nominato", "linguisticInfo": {"nominato": {"lemma": "nominare", "pos": "V", "is_stop": false, "is_named": false}}}}}, {"id": "R10", "subj": {"type": "Non-human_Oth_participant", "pt": {"text": "para o cargo de secret\u00e1rio de Estado", "linguisticInfo": {"para": {"lemma": "parir", "pos": "ADP", "is_stop": true, "is_named": false}, "o": {"lemma": "o", "pos": "DET", "is_stop": true, "is_named": false}, "cargo": {"lemma": "cargo", "pos": "NOUN", "is_stop": false, "is_named": false}, "de": {"lemma": "de", "pos": "ADP", "is_stop": true, "is_named": false}, "secret\u00e1rio": {"lemma": "secret\u00e1rio", "pos": "NOUN", "is_stop": false, "is_named": false}, "Estado": {"lemma": "Estado", "pos": "NOUN", "is_stop": true, "is_named": true}}}, "it": {"text": "haig ,", "linguisticInfo": {"haig": {"lemma": "haig", "pos": "V", "is_stop": false, "is_named": false}, ",": {"lemma": ",", "pos": "FF", "is_stop": false, "is_named": false}}}}, "obj": {"type": "Event", "pt": {"text": "designado", "linguisticInfo": {"designado": {"lemma": "designar", "pos": "VERB", "is_stop": false, "is_named": false}}}, "it": {"text": "nominato", "linguisticInfo": {"nominato": {"lemma": "nominare", "pos": "V", "is_stop": false, "is_named": false}}}}}, {"id": "R11", "subj": {"type": "Human_Agent", "pt": {"text": "Haig , designado pelo presidente eleito , Ronald Reagan , para o cargo de secret\u00e1rio de Estado", "linguisticInfo": {"Haig": {"lemma": "Haig", "pos": "PROPN", "is_stop": false, "is_named": true}, ",": {"lemma": ",", "pos": "PUNCT", "is_stop": false, "is_named": false}, "designado": {"lemma": "designar", "pos": "VERB", "is_stop": false, "is_named": false}, "pelo": {"lemma": "pelar", "pos": "ADP", "is_stop": true, "is_named": false}, "presidente": {"lemma": "presidente", "pos": "NOUN", "is_stop": false, "is_named": false}, "eleito": {"lemma": "eleito", "pos": "VERB", "is_stop": false, "is_named": false}, "Ronald": {"lemma": "Ronald", "pos": "PROPN", "is_stop": false, "is_named": true}, "Reagan": {"lemma": "Reagan", "pos": "PROPN", "is_stop": false, "is_named": true}, "para": {"lemma": "parir", "pos": "ADP", "is_stop": true, "is_named": false}, "o": {"lemma": "o", "pos": "DET", "is_stop": true, "is_named": false}, "cargo": {"lemma": "cargo", "pos": "NOUN", "is_stop": false, "is_named": false}, "de": {"lemma": "de", "pos": "ADP", "is_stop": true, "is_named": false}, "secret\u00e1rio": {"lemma": "secret\u00e1rio", "pos": "NOUN", "is_stop": false, "is_named": false}, "Estado": {"lemma": "Estado", "pos": "NOUN", "is_stop": true, "is_named": true}}}, "it": {"text": "haig , nominato sottosegretario di dal presidente eletto ronald reagan", "linguisticInfo": {"haig": {"lemma": "haig", "pos": "VA", "is_stop": false, "is_named": false}, ",": {"lemma": ",", "pos": "FF", "is_stop": false, "is_named": false}, "nominato": {"lemma": "nominare", "pos": "V", "is_stop": false, "is_named": false}, "sottosegretario": {"lemma": "sottosegretario", "pos": "S", "is_stop": false, "is_named": false}, "di": {"lemma": "di", "pos": "E", "is_stop": true, "is_named": false}, "dal": {"lemma": "dal", "pos": "E_RD", "is_stop": true, "is_named": false}, "presidente": {"lemma": "presidente", "pos": "S", "is_stop": false, "is_named": false}, "eletto": {"lemma": "eletto", "pos": "A", "is_stop": false, "is_named": false}, "ronald": {"lemma": "ronald", "pos": "SP", "is_stop": false, "is_named": false}, "reagan": {"lemma": "reagan", "pos": "SW", "is_stop": false, "is_named": false}}}}, "obj": {"type": "Event", "pt": {"text": "disse", "linguisticInfo": {"disse": {"lemma": "dizer", "pos": "VERB", "is_stop": false, "is_named": false}}}, "it": {"text": "affermato", "linguisticInfo": {"affermato": {"lemma": "affermare", "pos": "V", "is_stop": false, "is_named": false}}}}}, {"id": "R12", "subj": {"type": "Time", "pt": {"text": "durante as audi\u00eancias a que est\u00e1 a ser submetido pelo Senado , para a confirma\u00e7\u00e3o do cargo", "linguisticInfo": {"durante": {"lemma": "durante", "pos": "ADP", "is_stop": false, "is_named": false}, "as": {"lemma": "o", "pos": "DET", "is_stop": true, "is_named": false}, "audi\u00eancias": {"lemma": "audi\u00eancia", "pos": "NOUN", "is_stop": false, "is_named": false}, "a": {"lemma": "o", "pos": "DET", "is_stop": true, "is_named": false}, "que": {"lemma": "que", "pos": "PRON", "is_stop": true, "is_named": false}, "est\u00e1": {"lemma": "estar", "pos": "VERB", "is_stop": true, "is_named": false}, "ser": {"lemma": "ser", "pos": "AUX", "is_stop": true, "is_named": false}, "submetido": {"lemma": "submeter", "pos": "VERB", "is_stop": false, "is_named": false}, "pelo": {"lemma": "pelar", "pos": "ADP", "is_stop": true, "is_named": false}, "Senado": {"lemma": "Senado", "pos": "NOUN", "is_stop": false, "is_named": true}, ",": {"lemma": ",", "pos": "PUNCT", "is_stop": false, "is_named": false}, "para": {"lemma": "parir", "pos": "ADP", "is_stop": true, "is_named": false}, "confirma\u00e7\u00e3o": {"lemma": "confirma\u00e7\u00e3o", "pos": "NOUN", "is_stop": false, "is_named": false}, "do": {"lemma": "do", "pos": "ADP", "is_stop": true, "is_named": false}, "cargo": {"lemma": "cargo", "pos": "NOUN", "is_stop": false, "is_named": false}}}, "it": {"text": "durante le udienze in senato", "linguisticInfo": {"durante": {"lemma": "durante", "pos": "E", "is_stop": true, "is_named": false}, "le": {"lemma": "il", "pos": "RD", "is_stop": true, "is_named": false}, "udienze": {"lemma": "udienza", "pos": "S", "is_stop": false, "is_named": false}, "in": {"lemma": "in", "pos": "E", "is_stop": true, "is_named": false}, "senato": {"lemma": "senato", "pos": "S", "is_stop": false, "is_named": false}}}}, "obj": {"type": "Event", "pt": {"text": "disse", "linguisticInfo": {"disse": {"lemma": "dizer", "pos": "VERB", "is_stop": false, "is_named": false}}}, "it": {"text": "affermato", "linguisticInfo": {"affermato": {"lemma": "affermare", "pos": "V", "is_stop": false, "is_named": false}}}}}, {"id": "R14", "subj": {"type": "Non-human_Oth_participant", "pt": {"text": "a vontade de fazer o necess\u00e1rio , at\u00e9 mesmo usar armas nucleares", "linguisticInfo": {"a": {"lemma": "o", "pos": "DET", "is_stop": true, "is_named": false}, "vontade": {"lemma": "vontade", "pos": "NOUN", "is_stop": false, "is_named": false}, "de": {"lemma": "de", "pos": "SCONJ", "is_stop": true, "is_named": false}, "fazer": {"lemma": "fazer", "pos": "VERB", "is_stop": true, "is_named": false}, "o": {"lemma": "o", "pos": "DET", "is_stop": true, "is_named": false}, "necess\u00e1rio": {"lemma": "necess\u00e1rio", "pos": "NOUN", "is_stop": false, "is_named": false}, ",": {"lemma": ",", "pos": "PUNCT", "is_stop": false, "is_named": false}, "at\u00e9": {"lemma": "at\u00e9", "pos": "ADP", "is_stop": true, "is_named": false}, "mesmo": {"lemma": "mesmo", "pos": "ADV", "is_stop": true, "is_named": false}, "usar": {"lemma": "usar", "pos": "VERB", "is_stop": true, "is_named": false}, "armas": {"lemma": "armar", "pos": "NOUN", "is_stop": false, "is_named": false}, "nucleares": {"lemma": "nuclear", "pos": "ADJ", "is_stop": false, "is_named": false}}}, "it": {"text": "la riconferma dell determinazione nel fare", "linguisticInfo": {"la": {"lemma": "il", "pos": "RD", "is_stop": true, "is_named": false}, "riconferma": {"lemma": "riconferma", "pos": "S", "is_stop": false, "is_named": false}, "dell": {"lemma": "dell", "pos": "A", "is_stop": true, "is_named": false}, "determinazione": {"lemma": "determinazione", "pos": "S", "is_stop": false, "is_named": false}, "nel": {"lemma": "nel", "pos": "E_RD", "is_stop": true, "is_named": false}, "fare": {"lemma": "fare", "pos": "V", "is_stop": true, "is_named": false}}}}, "obj": {"type": "Event", "pt": {"text": "demonstrar", "linguisticInfo": {"demonstrar": {"lemma": "demonstrar", "pos": "VERB", "is_stop": false, "is_named": false}}}, "it": {"text": "mostrare", "linguisticInfo": {"mostrare": {"lemma": "mostrare", "pos": "V", "is_stop": false, "is_named": false}}}}}, {"id": "R15", "subj": {"type": "Human_Patient", "pt": {"text": "\u00e0 URSS", "linguisticInfo": {"\u00e0": {"lemma": "\u00e0", "pos": "ADP", "is_stop": true, "is_named": false}, "URSS": {"lemma": "URSS", "pos": "PROPN", "is_stop": false, "is_named": true}}}, "it": {"text": "all urss", "linguisticInfo": {"all": {"lemma": "all", "pos": "SP", "is_stop": true, "is_named": false}, "urss": {"lemma": "urss", "pos": "SP", "is_stop": false, "is_named": false}}}}, "obj": {"type": "Event", "pt": {"text": "demonstrar", "linguisticInfo": {"demonstrar": {"lemma": "demonstrar", "pos": "VERB", "is_stop": false, "is_named": false}}}, "it": {"text": "mostrare", "linguisticInfo": {"mostrare": {"lemma": "mostrare", "pos": "V", "is_stop": false, "is_named": false}}}}}, {"id": "R16", "subj": {"type": "Non-human_Oth_participant", "pt": {"text": "para proteger os interesses vitais dos Estados Unidos", "linguisticInfo": {"para": {"lemma": "parir", "pos": "SCONJ", "is_stop": true, "is_named": false}, "proteger": {"lemma": "proteger", "pos": "VERB", "is_stop": false, "is_named": false}, "os": {"lemma": "o", "pos": "DET", "is_stop": true, "is_named": false}, "interesses": {"lemma": "interesse", "pos": "NOUN", "is_stop": false, "is_named": false}, "vitais": {"lemma": "vital", "pos": "ADJ", "is_stop": false, "is_named": false}, "dos": {"lemma": "dos", "pos": "ADP", "is_stop": true, "is_named": false}, "Estados": {"lemma": "Estados", "pos": "PROPN", "is_stop": false, "is_named": true}, "Unidos": {"lemma": "Unidos", "pos": "PROPN", "is_stop": false, "is_named": true}}}, "it": {"text": "per proteggere gli interessi vitali degli stati uniti", "linguisticInfo": {"per": {"lemma": "per", "pos": "E", "is_stop": true, "is_named": false}, "proteggere": {"lemma": "proteggere", "pos": "V", "is_stop": false, "is_named": false}, "gli": {"lemma": "il", "pos": "RD", "is_stop": true, "is_named": false}, "interessi": {"lemma": "interesse", "pos": "S", "is_stop": false, "is_named": false}, "vitali": {"lemma": "vitale", "pos": "A", "is_stop": false, "is_named": false}, "degli": {"lemma": "del", "pos": "E_RD", "is_stop": true, "is_named": false}, "stati": {"lemma": "stato", "pos": "SP", "is_stop": true, "is_named": false}, "uniti": {"lemma": "unito", "pos": "SP", "is_stop": false, "is_named": false}}}}, "obj": {"type": "Event", "pt": {"text": "demonstrar", "linguisticInfo": {"demonstrar": {"lemma": "demonstrar", "pos": "VERB", "is_stop": false, "is_named": false}}}, "it": {"text": "mostrare", "linguisticInfo": {"mostrare": {"lemma": "mostrare", "pos": "V", "is_stop": false, "is_named": false}}}}}, {"id": "R17", "subj": {"type": "Non-human_Patient", "pt": {"text": "o necess\u00e1rio", "linguisticInfo": {"o": {"lemma": "o", "pos": "DET", "is_stop": true, "is_named": false}, "necess\u00e1rio": {"lemma": "necess\u00e1rio", "pos": "NOUN", "is_stop": false, "is_named": false}}}, "it": {"text": "necessario", "linguisticInfo": {"necessario": {"lemma": "necessario", "pos": "A", "is_stop": false, "is_named": false}}}}, "obj": {"type": "Event", "pt": {"text": "fazer", "linguisticInfo": {"fazer": {"lemma": "fazer", "pos": "VERB", "is_stop": true, "is_named": false}}}, "it": {"text": "fare", "linguisticInfo": {"fare": {"lemma": "fare", "pos": "V", "is_stop": true, "is_named": false}}}}}, {"id": "R18", "subj": {"type": "Non-human_Patient", "pt": {"text": "armas nucleares", "linguisticInfo": {"armas": {"lemma": "armar", "pos": "NOUN", "is_stop": false, "is_named": false}, "nucleares": {"lemma": "nuclear", "pos": "ADJ", "is_stop": false, "is_named": false}}}, "it": {"text": "armi nucleari", "linguisticInfo": {"armi": {"lemma": "arma", "pos": "S", "is_stop": false, "is_named": false}, "nucleari": {"lemma": "nucleare", "pos": "A", "is_stop": false, "is_named": false}}}}, "obj": {"type": "Event", "pt": {"text": "usar", "linguisticInfo": {"usar": {"lemma": "usar", "pos": "VERB", "is_stop": true, "is_named": false}}}, "it": {"text": "ricorrere", "linguisticInfo": {"ricorrere": {"lemma": "ricorrere", "pos": "V", "is_stop": false, "is_named": false}}}}}, {"id": "R19", "subj": {"type": "Non-human_Patient", "pt": {"text": "os interesses vitais dos Estados Unidos", "linguisticInfo": {"os": {"lemma": "o", "pos": "DET", "is_stop": true, "is_named": false}, "interesses": {"lemma": "interesse", "pos": "NOUN", "is_stop": false, "is_named": false}, "vitais": {"lemma": "vital", "pos": "ADJ", "is_stop": false, "is_named": false}, "dos": {"lemma": "dos", "pos": "ADP", "is_stop": true, "is_named": false}, "Estados": {"lemma": "Estados", "pos": "PROPN", "is_stop": false, "is_named": true}, "Unidos": {"lemma": "Unidos", "pos": "PROPN", "is_stop": false, "is_named": true}}}, "it": {"text": "gli interessi vitali degli stati uniti", "linguisticInfo": {"gli": {"lemma": "il", "pos": "RD", "is_stop": true, "is_named": false}, "interessi": {"lemma": "interesse", "pos": "S", "is_stop": false, "is_named": false}, "vitali": {"lemma": "vitale", "pos": "A", "is_stop": false, "is_named": false}, "degli": {"lemma": "del", "pos": "E_RD", "is_stop": true, "is_named": false}, "stati": {"lemma": "stato", "pos": "SP", "is_stop": true, "is_named": false}, "uniti": {"lemma": "unito", "pos": "SP", "is_stop": false, "is_named": false}}}}, "obj": {"type": "Event", "pt": {"text": "proteger", "linguisticInfo": {"proteger": {"lemma": "proteger", "pos": "VERB", "is_stop": false, "is_named": false}}}, "it": {"text": "proteggere", "linguisticInfo": {"proteggere": {"lemma": "proteggere", "pos": "V", "is_stop": false, "is_named": false}}}}}]}, "sentences_2": {"itText": "NULL l \u2019 ex comandante della nato ha enfatizzato che \u00ab ha sempre appoggiato il controllo degli armamenti , ma avvisa che \u00e8 dovere degli stati uniti mettere in chiaro all \u2019 unione sovietica che non pu\u00f2 aspettarsi di beneficiare di distensioni nell \u2019 ambito del commercio , dei crediti o dei trasferimenti tecnologici , fintanto che rester\u00e0 coinvolta in attivit\u00e0 che mettono in discussione la pace mondiale \u00bb .", "ptText": "o antigo comandante da nato sublinhou que \u00ab sempre apoiou o controlo de armamento \u00bb , mas advertiu que os estados unidos devem tornar claro \u00e0 uni\u00e3o sovi\u00e9tica que n\u00e3o pode esperar benef\u00edcios no desanuviamento , no com\u00e9rcio , no cr\u00e9dito , nem na transfer\u00eancia tecnol\u00f3gica , enquanto estiver envolvida em actividades que p\u00f5em em perigo a paz mundial \u00bb . \n", "relations": [{"id": "R20", "subj": {"type": "Human_Agent", "pt": {"text": "O antigo comandante da NATO", "linguisticInfo": {"O": {"lemma": "O", "pos": "DET", "is_stop": true, "is_named": true}, "antigo": {"lemma": "antigo", "pos": "ADJ", "is_stop": false, "is_named": false}, "comandante": {"lemma": "comandante", "pos": "NOUN", "is_stop": false, "is_named": false}, "da": {"lemma": "da", "pos": "ADP", "is_stop": true, "is_named": false}, "NATO": {"lemma": "NATO", "pos": "PROPN", "is_stop": false, "is_named": true}}}, "it": {"text": "l ex comandante della nato", "linguisticInfo": {"l": {"lemma": "l", "pos": "RD", "is_stop": false, "is_named": false}, "ex": {"lemma": "ex", "pos": "A", "is_stop": true, "is_named": false}, "comandante": {"lemma": "comandante", "pos": "S", "is_stop": false, "is_named": false}, "della": {"lemma": "della", "pos": "E_RD", "is_stop": true, "is_named": false}, "nato": {"lemma": "nato", "pos": "S", "is_stop": false, "is_named": false}}}}, "obj": {"type": "Event", "pt": {"text": "sublinhou", "linguisticInfo": {"sublinhou": {"lemma": "sublinhar", "pos": "VERB", "is_stop": false, "is_named": false}}}, "it": {"text": "enfatizzato", "linguisticInfo": {"enfatizzato": {"lemma": "enfatizzare", "pos": "V", "is_stop": false, "is_named": false}}}}}, {"id": "R22", "subj": {"type": "Non-human_Oth_participant", "pt": {"text": "que os Estados Unidos devem tornar claro \u00e0 Uni\u00e3o Sovi\u00e9tica que n\u00e3o pode esperar benef\u00edcios no desanuviamento , no com\u00e9rcio , no cr\u00e9dito , nem na transfer\u00eancia tecnol\u00f3gica , enquanto estiver envolvida em actividades que p\u00f5em em perigo a paz mundial", "linguisticInfo": {"que": {"lemma": "que", "pos": "PRON", "is_stop": true, "is_named": false}, "os": {"lemma": "o", "pos": "DET", "is_stop": true, "is_named": false}, "Estados": {"lemma": "Estados", "pos": "PROPN", "is_stop": false, "is_named": true}, "Unidos": {"lemma": "Unidos", "pos": "PROPN", "is_stop": false, "is_named": true}, "devem": {"lemma": "devir", "pos": "VERB", "is_stop": true, "is_named": false}, "tornar": {"lemma": "tornar", "pos": "VERB", "is_stop": false, "is_named": false}, "claro": {"lemma": "claro", "pos": "ADV", "is_stop": false, "is_named": false}, "\u00e0": {"lemma": "\u00e0", "pos": "ADP", "is_stop": true, "is_named": false}, "Uni\u00e3o": {"lemma": "Uni\u00e3o", "pos": "PROPN", "is_stop": false, "is_named": true}, "Sovi\u00e9tica": {"lemma": "Sovi\u00e9tica", "pos": "PROPN", "is_stop": false, "is_named": true}, "n\u00e3o": {"lemma": "n\u00e3o", "pos": "ADV", "is_stop": true, "is_named": false}, "pode": {"lemma": "poder", "pos": "VERB", "is_stop": true, "is_named": false}, "esperar": {"lemma": "esperar", "pos": "VERB", "is_stop": false, "is_named": false}, "benef\u00edcios": {"lemma": "benef\u00edcio", "pos": "NOUN", "is_stop": false, "is_named": false}, "no": {"lemma": "o", "pos": "ADP", "is_stop": true, "is_named": false}, "desanuviamento": {"lemma": "desanuviamento", "pos": "NOUN", "is_stop": false, "is_named": false}, ",": {"lemma": ",", "pos": "PUNCT", "is_stop": false, "is_named": false}, "com\u00e9rcio": {"lemma": "com\u00e9rcio", "pos": "NOUN", "is_stop": false, "is_named": false}, "cr\u00e9dito": {"lemma": "cr\u00e9dito", "pos": "NOUN", "is_stop": false, "is_named": false}, "nem": {"lemma": "nem", "pos": "CCONJ", "is_stop": true, "is_named": false}, "na": {"lemma": "o", "pos": "ADP", "is_stop": true, "is_named": false}, "transfer\u00eancia": {"lemma": "transfer\u00eancia", "pos": "NOUN", "is_stop": false, "is_named": false}, "tecnol\u00f3gica": {"lemma": "tecnol\u00f3gico", "pos": "ADJ", "is_stop": false, "is_named": false}, "enquanto": {"lemma": "enquanto", "pos": "ADV", "is_stop": true, "is_named": false}, "estiver": {"lemma": "estar", "pos": "AUX", "is_stop": false, "is_named": false}, "envolvida": {"lemma": "envolvido", "pos": "ADJ", "is_stop": false, "is_named": false}, "em": {"lemma": "em", "pos": "ADP", "is_stop": true, "is_named": false}, "actividades": {"lemma": "actividade", "pos": "NOUN", "is_stop": false, "is_named": false}, "p\u00f5em": {"lemma": "p\u00f4r", "pos": "VERB", "is_stop": true, "is_named": false}, "perigo": {"lemma": "perigar", "pos": "NOUN", "is_stop": false, "is_named": false}, "a": {"lemma": "o", "pos": "DET", "is_stop": true, "is_named": false}, "paz": {"lemma": "paz", "pos": "NOUN", "is_stop": false, "is_named": false}, "mundial": {"lemma": "mundial", "pos": "ADJ", "is_stop": false, "is_named": false}}}, "it": {"text": "che \u00ab ha", "linguisticInfo": {"che": {"lemma": "che", "pos": "CS", "is_stop": true, "is_named": false}, "\u00ab": {"lemma": "\u00ab", "pos": "FB", "is_stop": false, "is_named": false}, "ha": {"lemma": "avere", "pos": "V", "is_stop": true, "is_named": false}}}}, "obj": {"type": "Event", "pt": {"text": "advertiu", "linguisticInfo": {"advertiu": {"lemma": "advertir", "pos": "VERB", "is_stop": false, "is_named": false}}}, "it": {"text": "avvisa", "linguisticInfo": {"avvisa": {"lemma": "avvisa", "pos": "A", "is_stop": false, "is_named": false}}}}}, {"id": "R23", "subj": {"type": "Human_Agent", "pt": {"text": "os Estados Unidos", "linguisticInfo": {"os": {"lemma": "o", "pos": "DET", "is_stop": true, "is_named": false}, "Estados": {"lemma": "Estados", "pos": "PROPN", "is_stop": false, "is_named": true}, "Unidos": {"lemma": "Unidos", "pos": "PROPN", "is_stop": false, "is_named": true}}}, "it": {"text": "stati uniti", "linguisticInfo": {"stati": {"lemma": "stato", "pos": "SP", "is_stop": true, "is_named": false}, "uniti": {"lemma": "unito", "pos": "SP", "is_stop": false, "is_named": false}}}}, "obj": {"type": "Event", "pt": {"text": "devem tornar claro", "linguisticInfo": {"devem": {"lemma": "devir", "pos": "VERB", "is_stop": true, "is_named": false}, "tornar": {"lemma": "tornar", "pos": "VERB", "is_stop": false, "is_named": false}, "claro": {"lemma": "claro", "pos": "ADV", "is_stop": false, "is_named": false}}}, "it": {"text": "dovere mettere chiaro", "linguisticInfo": {"dovere": {"lemma": "dovere", "pos": "V", "is_stop": false, "is_named": false}, "mettere": {"lemma": "mettere", "pos": "V", "is_stop": false, "is_named": false}, "chiaro": {"lemma": "chiaro", "pos": "A", "is_stop": false, "is_named": false}}}}}, {"id": "R24", "subj": {"type": "Human_Patient", "pt": {"text": "\u00e0 Uni\u00e3o Sovi\u00e9tica", "linguisticInfo": {"\u00e0": {"lemma": "\u00e0", "pos": "ADP", "is_stop": true, "is_named": false}, "Uni\u00e3o": {"lemma": "Uni\u00e3o", "pos": "PROPN", "is_stop": false, "is_named": true}, "Sovi\u00e9tica": {"lemma": "Sovi\u00e9tica", "pos": "PROPN", "is_stop": false, "is_named": true}}}, "it": {"text": "all unione sovietica", "linguisticInfo": {"all": {"lemma": "all", "pos": "S", "is_stop": true, "is_named": false}, "unione": {"lemma": "unione", "pos": "SP", "is_stop": false, "is_named": false}, "sovietica": {"lemma": "sovietica", "pos": "S", "is_stop": false, "is_named": false}}}}, "obj": {"type": "Event", "pt": {"text": "devem tornar claro", "linguisticInfo": {"devem": {"lemma": "devir", "pos": "VERB", "is_stop": true, "is_named": false}, "tornar": {"lemma": "tornar", "pos": "VERB", "is_stop": false, "is_named": false}, "claro": {"lemma": "claro", "pos": "ADV", "is_stop": false, "is_named": false}}}, "it": {"text": "dovere mettere chiaro", "linguisticInfo": {"dovere": {"lemma": "dovere", "pos": "V", "is_stop": false, "is_named": false}, "mettere": {"lemma": "mettere", "pos": "V", "is_stop": false, "is_named": false}, "chiaro": {"lemma": "chiaro", "pos": "A", "is_stop": false, "is_named": false}}}}}, {"id": "R25", "subj": {"type": "Non-human_Oth_participant", "pt": {"text": "que n\u00e3o pode esperar benef\u00edcios no desanuviamento , no com\u00e9rcio , no cr\u00e9dito , nem na transfer\u00eancia tecnol\u00f3gica , enquanto estiver envolvida em actividades que p\u00f5em em perigo a paz mundial", "linguisticInfo": {"que": {"lemma": "que", "pos": "PRON", "is_stop": true, "is_named": false}, "n\u00e3o": {"lemma": "n\u00e3o", "pos": "ADV", "is_stop": true, "is_named": false}, "pode": {"lemma": "poder", "pos": "VERB", "is_stop": true, "is_named": false}, "esperar": {"lemma": "esperar", "pos": "VERB", "is_stop": false, "is_named": false}, "benef\u00edcios": {"lemma": "benef\u00edcio", "pos": "NOUN", "is_stop": false, "is_named": false}, "no": {"lemma": "o", "pos": "ADP", "is_stop": true, "is_named": false}, "desanuviamento": {"lemma": "desanuviamento", "pos": "NOUN", "is_stop": false, "is_named": false}, ",": {"lemma": ",", "pos": "PUNCT", "is_stop": false, "is_named": false}, "com\u00e9rcio": {"lemma": "com\u00e9rcio", "pos": "NOUN", "is_stop": false, "is_named": false}, "cr\u00e9dito": {"lemma": "cr\u00e9dito", "pos": "NOUN", "is_stop": false, "is_named": false}, "nem": {"lemma": "nem", "pos": "CCONJ", "is_stop": true, "is_named": false}, "na": {"lemma": "o", "pos": "ADP", "is_stop": true, "is_named": false}, "transfer\u00eancia": {"lemma": "transfer\u00eancia", "pos": "NOUN", "is_stop": false, "is_named": false}, "tecnol\u00f3gica": {"lemma": "tecnol\u00f3gico", "pos": "ADJ", "is_stop": false, "is_named": false}, "enquanto": {"lemma": "enquanto", "pos": "ADV", "is_stop": true, "is_named": false}, "estiver": {"lemma": "estar", "pos": "AUX", "is_stop": false, "is_named": false}, "envolvida": {"lemma": "envolvido", "pos": "ADJ", "is_stop": false, "is_named": false}, "em": {"lemma": "em", "pos": "ADP", "is_stop": true, "is_named": false}, "actividades": {"lemma": "actividade", "pos": "NOUN", "is_stop": false, "is_named": false}, "p\u00f5em": {"lemma": "p\u00f4r", "pos": "VERB", "is_stop": true, "is_named": false}, "perigo": {"lemma": "perigar", "pos": "NOUN", "is_stop": false, "is_named": false}, "a": {"lemma": "o", "pos": "DET", "is_stop": true, "is_named": false}, "paz": {"lemma": "paz", "pos": "NOUN", "is_stop": false, "is_named": false}, "mundial": {"lemma": "mundial", "pos": "ADJ", "is_stop": false, "is_named": false}}}, "it": {"text": "che \u00ab ha non pu\u00f2 aspettarsi di beneficiare di distensioni nell \u2019 ambito del commercio", "linguisticInfo": {"che": {"lemma": "che", "pos": "CS", "is_stop": true, "is_named": false}, "\u00ab": {"lemma": "\u00ab", "pos": "FB", "is_stop": false, "is_named": false}, "ha": {"lemma": "avere", "pos": "V", "is_stop": true, "is_named": false}, "non": {"lemma": "non", "pos": "BN", "is_stop": true, "is_named": false}, "pu\u00f2": {"lemma": "potere", "pos": "VM", "is_stop": true, "is_named": false}, "aspettarsi": {"lemma": "aspettare", "pos": "V_PC", "is_stop": false, "is_named": false}, "di": {"lemma": "di", "pos": "E", "is_stop": true, "is_named": false}, "beneficiare": {"lemma": "beneficiare", "pos": "V", "is_stop": false, "is_named": false}, "distensioni": {"lemma": "distensione", "pos": "S", "is_stop": false, "is_named": false}, "nell": {"lemma": "nell", "pos": "VM", "is_stop": true, "is_named": false}, "\u2019": {"lemma": "\u2019", "pos": "A", "is_stop": false, "is_named": false}, "ambito": {"lemma": "ambito", "pos": "S", "is_stop": false, "is_named": false}, "del": {"lemma": "del", "pos": "E_RD", "is_stop": true, "is_named": false}, "commercio": {"lemma": "commercio", "pos": "S", "is_stop": false, "is_named": false}}}}, "obj": {"type": "Event", "pt": {"text": "devem tornar claro", "linguisticInfo": {"devem": {"lemma": "devir", "pos": "VERB", "is_stop": true, "is_named": false}, "tornar": {"lemma": "tornar", "pos": "VERB", "is_stop": false, "is_named": false}, "claro": {"lemma": "claro", "pos": "ADV", "is_stop": false, "is_named": false}}}, "it": {"text": "dovere mettere chiaro", "linguisticInfo": {"dovere": {"lemma": "dovere", "pos": "V", "is_stop": false, "is_named": false}, "mettere": {"lemma": "mettere", "pos": "V", "is_stop": false, "is_named": false}, "chiaro": {"lemma": "chiaro", "pos": "A", "is_stop": false, "is_named": false}}}}}]}, "sentences_3": {"itText": "NULL una volta interpellato se mantenere la pace sar\u00e0 uno degli obiettivi principali della politica estera americana , haig ha risposto : \u00ab ci sono cose peggiori e pi\u00f9 importanti della pace \u00bb .", "ptText": "interrogado sobre se manter a paz seria o primeiro objectivo da pol\u00edtica externa americana , haig replicou : \u00ab h\u00e1 coisas piores e mais importantes do que estar em paz \u00bb . \n", "relations": [{"id": "R26", "subj": {"type": "Non-human_Oth_participant", "pt": {"text": "sobre se manter a paz seria o primeiro objectivo da pol\u00edtica externa americana", "linguisticInfo": {"sobre": {"lemma": "sobrar", "pos": "SCONJ", "is_stop": true, "is_named": false}, "se": {"lemma": "se", "pos": "PRON", "is_stop": true, "is_named": false}, "manter": {"lemma": "manter", "pos": "VERB", "is_stop": false, "is_named": false}, "a": {"lemma": "o", "pos": "DET", "is_stop": true, "is_named": false}, "paz": {"lemma": "paz", "pos": "NOUN", "is_stop": false, "is_named": false}, "seria": {"lemma": "seriar", "pos": "AUX", "is_stop": true, "is_named": false}, "o": {"lemma": "o", "pos": "DET", "is_stop": true, "is_named": false}, "primeiro": {"lemma": "primeiro", "pos": "ADJ", "is_stop": true, "is_named": false}, "objectivo": {"lemma": "objectivar", "pos": "NOUN", "is_stop": false, "is_named": false}, "da": {"lemma": "da", "pos": "ADP", "is_stop": true, "is_named": false}, "pol\u00edtica": {"lemma": "pol\u00edtico", "pos": "NOUN", "is_stop": false, "is_named": false}, "externa": {"lemma": "externo", "pos": "ADJ", "is_stop": false, "is_named": false}, "americana": {"lemma": "americano", "pos": "ADJ", "is_stop": false, "is_named": false}}}, "it": {"text": "volta interpellato se mantenere la pace sar\u00e0 uno degli", "linguisticInfo": {"volta": {"lemma": "volta", "pos": "S", "is_stop": true, "is_named": false}, "interpellato": {"lemma": "interpellare", "pos": "V", "is_stop": false, "is_named": false}, "se": {"lemma": "se", "pos": "CS", "is_stop": true, "is_named": false}, "mantenere": {"lemma": "mantenere", "pos": "V", "is_stop": false, "is_named": false}, "la": {"lemma": "il", "pos": "RD", "is_stop": true, "is_named": false}, "pace": {"lemma": "pace", "pos": "S", "is_stop": false, "is_named": false}, "sar\u00e0": {"lemma": "essere", "pos": "V", "is_stop": true, "is_named": false}, "uno": {"lemma": "uno", "pos": "PI", "is_stop": true, "is_named": false}, "degli": {"lemma": "del", "pos": "E_RD", "is_stop": true, "is_named": false}}}}, "obj": {"type": "Event", "pt": {"text": "Interrogado", "linguisticInfo": {"Interrogado": {"lemma": "Interrogado", "pos": "VERB", "is_stop": false, "is_named": true}}}, "it": {"text": "interpellato", "linguisticInfo": {"interpellato": {"lemma": "interpellare", "pos": "V", "is_stop": false, "is_named": false}}}}}, {"id": "R27", "subj": {"type": "Human_Agent", "pt": {"text": "Haig", "linguisticInfo": {"Haig": {"lemma": "Haig", "pos": "NOUN", "is_stop": false, "is_named": true}}}, "it": {"text": "haig", "linguisticInfo": {"haig": {"lemma": "haig", "pos": "V", "is_stop": false, "is_named": false}}}}, "obj": {"type": "Event", "pt": {"text": "replicou", "linguisticInfo": {"replicou": {"lemma": "replicar", "pos": "VERB", "is_stop": false, "is_named": false}}}, "it": {"text": "risposto", "linguisticInfo": {"risposto": {"lemma": "risposto", "pos": "A", "is_stop": false, "is_named": false}}}}}, {"id": "R28", "subj": {"type": "Non-human_Oth_participant", "pt": {"text": "H\u00e1 coisas piores e mais importantes do que estar em paz", "linguisticInfo": {"H\u00e1": {"lemma": "H\u00e1", "pos": "VERB", "is_stop": false, "is_named": true}, "coisas": {"lemma": "coisa", "pos": "NOUN", "is_stop": false, "is_named": false}, "piores": {"lemma": "piorar", "pos": "ADJ", "is_stop": false, "is_named": false}, "e": {"lemma": "e", "pos": "CCONJ", "is_stop": true, "is_named": false}, "mais": {"lemma": "mais", "pos": "ADV", "is_stop": true, "is_named": false}, "importantes": {"lemma": "importante", "pos": "ADJ", "is_stop": false, "is_named": false}, "do": {"lemma": "do", "pos": "ADP", "is_stop": true, "is_named": false}, "que": {"lemma": "que", "pos": "PRON", "is_stop": true, "is_named": false}, "estar": {"lemma": "estar", "pos": "AUX", "is_stop": true, "is_named": false}, "em": {"lemma": "em", "pos": "ADP", "is_stop": true, "is_named": false}, "paz": {"lemma": "paz", "pos": "NOUN", "is_stop": false, "is_named": false}}}, "it": {"text": "ci sono cose peggiori e pi\u00f9 importanti della pace \u00bb", "linguisticInfo": {"ci": {"lemma": "ci", "pos": "PC", "is_stop": true, "is_named": false}, "sono": {"lemma": "essere", "pos": "V", "is_stop": true, "is_named": false}, "cose": {"lemma": "cosa", "pos": "S", "is_stop": false, "is_named": false}, "peggiori": {"lemma": "cattivo", "pos": "A", "is_stop": false, "is_named": false}, "e": {"lemma": "e", "pos": "CC", "is_stop": false, "is_named": false}, "pi\u00f9": {"lemma": "molto", "pos": "B", "is_stop": true, "is_named": false}, "importanti": {"lemma": "importante", "pos": "A", "is_stop": false, "is_named": false}, "della": {"lemma": "della", "pos": "E_RD", "is_stop": true, "is_named": false}, "pace": {"lemma": "pace", "pos": "S", "is_stop": false, "is_named": false}, "\u00bb": {"lemma": "\u00bb", "pos": "FB", "is_stop": false, "is_named": false}}}}, "obj": {"type": "Event", "pt": {"text": "replicou", "linguisticInfo": {"replicou": {"lemma": "replicar", "pos": "VERB", "is_stop": false, "is_named": false}}}, "it": {"text": "risposto", "linguisticInfo": {"risposto": {"lemma": "risposto", "pos": "A", "is_stop": false, "is_named": false}}}}}]}, "sentences_4": {"itText": "NULL ha anche affermato di non essere a conoscenza di nessun \u2019 altra situazione da dopo la seconda guerra mondiale - n\u00e9 la guerra di corea n\u00e9 la guerra del vietnam - che abbia giustificato l \u2019 uso di armi nucleari e che , l \u2019 unico cambiamento nel contesto mondiale da allora , \u00e8 stata la trasformazione dell \u2019 esercito terrestre sovietico in una forza armata capace di sostenere una politica estera imperialista .", "ptText": "disse , tamb\u00e9m , n\u00e3o conhecer nenhuma situa\u00e7\u00e3o desde a segunda guerra mundial - mesmo na coreia e no vietname - que tivesse justificado o uso de armas nucleares , e que a \u00fanica altera\u00e7\u00e3o na situa\u00e7\u00e3o mundial , desde aquela data , foi a transforma\u00e7\u00e3o do ex\u00e9rcito terrestre sovi\u00e9tico em for\u00e7as armadas capazes de apoiar uma pol\u00edtica externa imperial . \n", "relations": [{"id": "R31", "subj": {"type": "Human_Oth_participant", "pt": {"text": "em For\u00e7as Armadas capazes de apoiar uma pol\u00edtica externa imperial", "linguisticInfo": {"em": {"lemma": "em", "pos": "ADP", "is_stop": true, "is_named": false}, "For\u00e7as": {"lemma": "For\u00e7as", "pos": "PROPN", "is_stop": false, "is_named": true}, "Armadas": {"lemma": "Armadas", "pos": "PROPN", "is_stop": false, "is_named": true}, "capazes": {"lemma": "capaz", "pos": "ADJ", "is_stop": false, "is_named": false}, "de": {"lemma": "de", "pos": "SCONJ", "is_stop": true, "is_named": false}, "apoiar": {"lemma": "apoiar", "pos": "VERB", "is_stop": false, "is_named": false}, "uma": {"lemma": "umar", "pos": "DET", "is_stop": true, "is_named": false}, "pol\u00edtica": {"lemma": "pol\u00edtico", "pos": "NOUN", "is_stop": false, "is_named": false}, "externa": {"lemma": "externo", "pos": "ADJ", "is_stop": false, "is_named": false}, "imperial": {"lemma": "imperial", "pos": "ADJ", "is_stop": false, "is_named": false}}}, "it": {"text": "in forza armata capace di sostenere una politica estera imperialista", "linguisticInfo": {"in": {"lemma": "in", "pos": "E", "is_stop": true, "is_named": false}, "forza": {"lemma": "forza", "pos": "S", "is_stop": true, "is_named": false}, "armata": {"lemma": "armato", "pos": "A", "is_stop": false, "is_named": false}, "capace": {"lemma": "capace", "pos": "A", "is_stop": false, "is_named": false}, "di": {"lemma": "di", "pos": "E", "is_stop": true, "is_named": false}, "sostenere": {"lemma": "sostenere", "pos": "V", "is_stop": false, "is_named": false}, "una": {"lemma": "uno", "pos": "RI", "is_stop": true, "is_named": false}, "politica": {"lemma": "politica", "pos": "S", "is_stop": false, "is_named": false}, "estera": {"lemma": "estero", "pos": "A", "is_stop": false, "is_named": false}, "imperialista": {"lemma": "imperialista", "pos": "S", "is_stop": false, "is_named": false}}}}, "obj": {"type": "Event", "pt": {"text": "a transforma\u00e7\u00e3o", "linguisticInfo": {"a": {"lemma": "o", "pos": "DET", "is_stop": true, "is_named": false}, "transforma\u00e7\u00e3o": {"lemma": "transforma\u00e7\u00e3o", "pos": "NOUN", "is_stop": false, "is_named": false}}}, "it": {"text": "la trasformazione", "linguisticInfo": {"la": {"lemma": "il", "pos": "RD", "is_stop": true, "is_named": false}, "trasformazione": {"lemma": "trasformazione", "pos": "S", "is_stop": false, "is_named": false}}}}}, {"id": "R32", "subj": {"type": "Oth_location", "pt": {"text": "na situa\u00e7\u00e3o mundial", "linguisticInfo": {"na": {"lemma": "o", "pos": "ADP", "is_stop": true, "is_named": false}, "situa\u00e7\u00e3o": {"lemma": "situa\u00e7\u00e3o", "pos": "NOUN", "is_stop": false, "is_named": false}, "mundial": {"lemma": "mundial", "pos": "ADJ", "is_stop": false, "is_named": false}}}, "it": {"text": "nel contesto mondiale", "linguisticInfo": {"nel": {"lemma": "nel", "pos": "E_RD", "is_stop": true, "is_named": false}, "contesto": {"lemma": "contesto", "pos": "S", "is_stop": false, "is_named": false}, "mondiale": {"lemma": "mondiale", "pos": "A", "is_stop": false, "is_named": false}}}}, "obj": {"type": "Event", "pt": {"text": "a \u00fanica altera\u00e7\u00e3o", "linguisticInfo": {"a": {"lemma": "o", "pos": "DET", "is_stop": true, "is_named": false}, "\u00fanica": {"lemma": "\u00fanico", "pos": "ADJ", "is_stop": false, "is_named": false}, "altera\u00e7\u00e3o": {"lemma": "altera\u00e7\u00e3o", "pos": "NOUN", "is_stop": false, "is_named": false}}}, "it": {"text": "l unico cambiamento", "linguisticInfo": {"l": {"lemma": "l", "pos": "RD", "is_stop": false, "is_named": false}, "unico": {"lemma": "unico", "pos": "A", "is_stop": false, "is_named": false}, "cambiamento": {"lemma": "cambiamento", "pos": "S", "is_stop": false, "is_named": false}}}}}, {"id": "R63", "subj": {"type": "Non-human_Patient", "pt": {"text": "de armas nucleares", "linguisticInfo": {"de": {"lemma": "de", "pos": "ADP", "is_stop": true, "is_named": false}, "armas": {"lemma": "armar", "pos": "NOUN", "is_stop": false, "is_named": false}, "nucleares": {"lemma": "nuclear", "pos": "ADJ", "is_stop": false, "is_named": false}}}, "it": {"text": "di armi nucleari", "linguisticInfo": {"di": {"lemma": "di", "pos": "E", "is_stop": true, "is_named": false}, "armi": {"lemma": "arma", "pos": "S", "is_stop": false, "is_named": false}, "nucleari": {"lemma": "nucleare", "pos": "A", "is_stop": false, "is_named": false}}}}, "obj": {"type": "Event", "pt": {"text": "o uso", "linguisticInfo": {"o": {"lemma": "o", "pos": "DET", "is_stop": true, "is_named": false}, "uso": {"lemma": "usar", "pos": "NOUN", "is_stop": false, "is_named": false}}}, "it": {"text": "l uso", "linguisticInfo": {"l": {"lemma": "l", "pos": "RD", "is_stop": false, "is_named": false}, "uso": {"lemma": "uso", "pos": "S", "is_stop": false, "is_named": false}}}}}]}, "sentences_5": {"itText": "NULL il presidente eletto ha dichiarato che il bombardamento della cambogia \u00ab \u00e8 stato pienamente giustificato \u00bb , e che non deve essere usato come pretesto per attaccare il segretario di stato competente .", "ptText": "o presidente eleito afirmou que o bombardeamento do camboja \u00ab fez grande sentido \u00bb , e que o assunto n\u00e3o deve ser utilizado para atacar o secret\u00e1rio de estado designado . \n", "relations": [{"id": "R33", "subj": {"type": "Human_Agent", "pt": {"text": "O presidente eleito", "linguisticInfo": {"O": {"lemma": "O", "pos": "DET", "is_stop": true, "is_named": true}, "presidente": {"lemma": "presidente", "pos": "NOUN", "is_stop": false, "is_named": false}, "eleito": {"lemma": "eleito", "pos": "VERB", "is_stop": false, "is_named": false}}}, "it": {"text": "il presidente eletto", "linguisticInfo": {"il": {"lemma": "il", "pos": "RD", "is_stop": true, "is_named": false}, "presidente": {"lemma": "presidente", "pos": "S", "is_stop": false, "is_named": false}, "eletto": {"lemma": "eletto", "pos": "A", "is_stop": false, "is_named": false}}}}, "obj": {"type": "Event", "pt": {"text": "afirmou", "linguisticInfo": {"afirmou": {"lemma": "afirmar", "pos": "VERB", "is_stop": false, "is_named": false}}}, "it": {"text": "dichiarato", "linguisticInfo": {"dichiarato": {"lemma": "dichiarare", "pos": "V", "is_stop": false, "is_named": false}}}}}, {"id": "R36", "subj": {"type": "Human_Patient", "pt": {"text": "o secret\u00e1rio de Estado designado", "linguisticInfo": {"o": {"lemma": "o", "pos": "DET", "is_stop": true, "is_named": false}, "secret\u00e1rio": {"lemma": "secret\u00e1rio", "pos": "NOUN", "is_stop": false, "is_named": false}, "de": {"lemma": "de", "pos": "ADP", "is_stop": true, "is_named": false}, "Estado": {"lemma": "Estado", "pos": "NOUN", "is_stop": true, "is_named": true}, "designado": {"lemma": "designar", "pos": "VERB", "is_stop": false, "is_named": false}}}, "it": {"text": "il segretario di stato competente", "linguisticInfo": {"il": {"lemma": "il", "pos": "RD", "is_stop": true, "is_named": false}, "segretario": {"lemma": "segretario", "pos": "S", "is_stop": false, "is_named": false}, "di": {"lemma": "di", "pos": "E", "is_stop": true, "is_named": false}, "stato": {"lemma": "stato", "pos": "S", "is_stop": true, "is_named": false}, "competente": {"lemma": "competente", "pos": "A", "is_stop": false, "is_named": false}}}}, "obj": {"type": "Event", "pt": {"text": "atacar", "linguisticInfo": {"atacar": {"lemma": "atacar", "pos": "VERB", "is_stop": false, "is_named": false}}}, "it": {"text": "attaccare", "linguisticInfo": {"attaccare": {"lemma": "attaccare", "pos": "V", "is_stop": false, "is_named": false}}}}}]}, "sentences_6": {"itText": "NULL ronald reagan ha negato il coinvolgimento di haig nel bombardamento del 1970 , che all \u2019 epoca era generale e consigliere di henry kissinger , e ha criticato i senatori che hanno sollevato la polemica durante i dibattiti per la conferma della sua nomina alla segreteria di stato .", "ptText": "ronald reagan negou o papel de haig no bombardeamento , que teve lugar em 1970 , quando o general era conselheiro de henry kissinger , e criticou os senadores por levantarem o problema nos debates para a confirma\u00e7\u00e3o da sua nomea\u00e7\u00e3o como secret\u00e1rio de estado . \n", "relations": [{"id": "R37", "subj": {"type": "Non-human_Oth_participant", "pt": {"text": "o papel de Haig no bombardeamento , que teve lugar em 1970 , quando o general era conselheiro de Henry Kissinger", "linguisticInfo": {"o": {"lemma": "o", "pos": "DET", "is_stop": true, "is_named": false}, "papel": {"lemma": "papel", "pos": "NOUN", "is_stop": false, "is_named": false}, "de": {"lemma": "de", "pos": "ADP", "is_stop": true, "is_named": false}, "Haig": {"lemma": "Haig", "pos": "NOUN", "is_stop": false, "is_named": true}, "no": {"lemma": "o", "pos": "ADP", "is_stop": true, "is_named": false}, "bombardeamento": {"lemma": "bombardeamento", "pos": "NOUN", "is_stop": false, "is_named": false}, ",": {"lemma": ",", "pos": "PUNCT", "is_stop": false, "is_named": false}, "que": {"lemma": "que", "pos": "PRON", "is_stop": true, "is_named": false}, "teve": {"lemma": "ter", "pos": "VERB", "is_stop": true, "is_named": false}, "lugar": {"lemma": "lugar", "pos": "NOUN", "is_stop": true, "is_named": false}, "em": {"lemma": "em", "pos": "ADP", "is_stop": true, "is_named": false}, "1970": {"lemma": "1970", "pos": "NUM", "is_stop": false, "is_named": false}, "quando": {"lemma": "quando", "pos": "ADV", "is_stop": true, "is_named": false}, "general": {"lemma": "general", "pos": "NOUN", "is_stop": false, "is_named": false}, "era": {"lemma": "ser", "pos": "AUX", "is_stop": true, "is_named": false}, "conselheiro": {"lemma": "conselheiro", "pos": "NOUN", "is_stop": false, "is_named": false}, "Henry": {"lemma": "Henry", "pos": "PROPN", "is_stop": false, "is_named": true}, "Kissinger": {"lemma": "Kissinger", "pos": "PROPN", "is_stop": false, "is_named": true}}}, "it": {"text": "il coinvolgimento di haig nel bombardamento del 1970", "linguisticInfo": {"il": {"lemma": "il", "pos": "RD", "is_stop": true, "is_named": false}, "coinvolgimento": {"lemma": "coinvolgimento", "pos": "S", "is_stop": false, "is_named": false}, "di": {"lemma": "di", "pos": "E", "is_stop": true, "is_named": false}, "haig": {"lemma": "haig", "pos": "S", "is_stop": false, "is_named": false}, "nel": {"lemma": "nel", "pos": "E_RD", "is_stop": true, "is_named": false}, "bombardamento": {"lemma": "bombardamento", "pos": "S", "is_stop": false, "is_named": false}, "del": {"lemma": "del", "pos": "E_RD", "is_stop": true, "is_named": false}, "1970": {"lemma": "1970", "pos": "N", "is_stop": false, "is_named": false}}}}, "obj": {"type": "Event", "pt": {"text": "negou", "linguisticInfo": {"negou": {"lemma": "negar", "pos": "VERB", "is_stop": false, "is_named": false}}}, "it": {"text": "negato", "linguisticInfo": {"negato": {"lemma": "negare", "pos": "V", "is_stop": false, "is_named": false}}}}}, {"id": "R38", "subj": {"type": "Human_Agent", "pt": {"text": "Ronald Reagan", "linguisticInfo": {"Ronald": {"lemma": "Ronald", "pos": "PROPN", "is_stop": false, "is_named": true}, "Reagan": {"lemma": "Reagan", "pos": "PROPN", "is_stop": false, "is_named": true}}}, "it": {"text": "ronald reagan", "linguisticInfo": {"ronald": {"lemma": "ronald", "pos": "S", "is_stop": false, "is_named": false}, "reagan": {"lemma": "reagan", "pos": "SW", "is_stop": false, "is_named": false}}}}, "obj": {"type": "Event", "pt": {"text": "negou", "linguisticInfo": {"negou": {"lemma": "negar", "pos": "VERB", "is_stop": false, "is_named": false}}}, "it": {"text": "negato", "linguisticInfo": {"negato": {"lemma": "negare", "pos": "V", "is_stop": false, "is_named": false}}}}}, {"id": "R40", "subj": {"type": "Human_Agent", "pt": {"text": "o general", "linguisticInfo": {"o": {"lemma": "o", "pos": "DET", "is_stop": true, "is_named": false}, "general": {"lemma": "general", "pos": "NOUN", "is_stop": false, "is_named": false}}}, "it": {"text": "generale", "linguisticInfo": {"generale": {"lemma": "generale", "pos": "A", "is_stop": true, "is_named": false}}}}, "obj": {"type": "Event", "pt": {"text": "era conselheiro", "linguisticInfo": {"era": {"lemma": "ser", "pos": "AUX", "is_stop": true, "is_named": false}, "conselheiro": {"lemma": "conselheiro", "pos": "NOUN", "is_stop": false, "is_named": false}}}, "it": {"text": "era consigliere", "linguisticInfo": {"era": {"lemma": "essere", "pos": "VA", "is_stop": true, "is_named": false}, "consigliere": {"lemma": "consigliera", "pos": "V", "is_stop": false, "is_named": false}}}}}, {"id": "R41", "subj": {"type": "Human_Patient", "pt": {"text": "de Henry Kissinger", "linguisticInfo": {"de": {"lemma": "de", "pos": "ADP", "is_stop": true, "is_named": false}, "Henry": {"lemma": "Henry", "pos": "PROPN", "is_stop": false, "is_named": true}, "Kissinger": {"lemma": "Kissinger", "pos": "PROPN", "is_stop": false, "is_named": true}}}, "it": {"text": "di henry kissinger", "linguisticInfo": {"di": {"lemma": "di", "pos": "E", "is_stop": true, "is_named": false}, "henry": {"lemma": "henry", "pos": "SP", "is_stop": false, "is_named": false}, "kissinger": {"lemma": "kissinger", "pos": "SP", "is_stop": false, "is_named": false}}}}, "obj": {"type": "Event", "pt": {"text": "era conselheiro", "linguisticInfo": {"era": {"lemma": "ser", "pos": "AUX", "is_stop": true, "is_named": false}, "conselheiro": {"lemma": "conselheiro", "pos": "NOUN", "is_stop": false, "is_named": false}}}, "it": {"text": "era consigliere", "linguisticInfo": {"era": {"lemma": "essere", "pos": "VA", "is_stop": true, "is_named": false}, "consigliere": {"lemma": "consigliera", "pos": "V", "is_stop": false, "is_named": false}}}}}, {"id": "R42", "subj": {"type": "Human_Patient", "pt": {"text": "os senadores", "linguisticInfo": {"os": {"lemma": "o", "pos": "DET", "is_stop": true, "is_named": false}, "senadores": {"lemma": "senador", "pos": "NOUN", "is_stop": false, "is_named": false}}}, "it": {"text": "i senatori", "linguisticInfo": {"i": {"lemma": "il", "pos": "RD", "is_stop": false, "is_named": false}, "senatori": {"lemma": "senatore", "pos": "S", "is_stop": false, "is_named": false}}}}, "obj": {"type": "Event", "pt": {"text": "criticou", "linguisticInfo": {"criticou": {"lemma": "criticar", "pos": "VERB", "is_stop": false, "is_named": false}}}, "it": {"text": "criticato", "linguisticInfo": {"criticato": {"lemma": "criticare", "pos": "V", "is_stop": false, "is_named": false}}}}}, {"id": "R43", "subj": {"type": "Non-human_Oth_participant", "pt": {"text": "por levantarem o problema nos debates para a confirma\u00e7\u00e3o da sua nomea\u00e7\u00e3o como secret\u00e1rio de Estado", "linguisticInfo": {"por": {"lemma": "por", "pos": "SCONJ", "is_stop": true, "is_named": false}, "levantarem": {"lemma": "levantar", "pos": "VERB", "is_stop": false, "is_named": false}, "o": {"lemma": "o", "pos": "DET", "is_stop": true, "is_named": false}, "problema": {"lemma": "problema", "pos": "NOUN", "is_stop": false, "is_named": false}, "nos": {"lemma": "o", "pos": "ADP", "is_stop": true, "is_named": false}, "debates": {"lemma": "debater", "pos": "NOUN", "is_stop": false, "is_named": false}, "para": {"lemma": "parir", "pos": "ADP", "is_stop": true, "is_named": false}, "a": {"lemma": "o", "pos": "DET", "is_stop": true, "is_named": false}, "confirma\u00e7\u00e3o": {"lemma": "confirma\u00e7\u00e3o", "pos": "NOUN", "is_stop": false, "is_named": false}, "da": {"lemma": "da", "pos": "ADP", "is_stop": true, "is_named": false}, "sua": {"lemma": "suar", "pos": "DET", "is_stop": true, "is_named": false}, "nomea\u00e7\u00e3o": {"lemma": "nomea\u00e7\u00e3o", "pos": "NOUN", "is_stop": false, "is_named": false}, "como": {"lemma": "comer", "pos": "ADP", "is_stop": true, "is_named": false}, "secret\u00e1rio": {"lemma": "secret\u00e1rio", "pos": "NOUN", "is_stop": false, "is_named": false}, "de": {"lemma": "de", "pos": "ADP", "is_stop": true, "is_named": false}, "Estado": {"lemma": "Estado", "pos": "NOUN", "is_stop": true, "is_named": true}}}, "it": {"text": "ronald reagan sollevato la polemica", "linguisticInfo": {"ronald": {"lemma": "ronald", "pos": "S", "is_stop": false, "is_named": false}, "reagan": {"lemma": "reagan", "pos": "V", "is_stop": false, "is_named": false}, "sollevato": {"lemma": "sollevato", "pos": "V", "is_stop": false, "is_named": false}, "la": {"lemma": "il", "pos": "RD", "is_stop": true, "is_named": false}, "polemica": {"lemma": "polemica", "pos": "S", "is_stop": false, "is_named": false}}}}, "obj": {"type": "Event", "pt": {"text": "criticou", "linguisticInfo": {"criticou": {"lemma": "criticar", "pos": "VERB", "is_stop": false, "is_named": false}}}, "it": {"text": "criticato", "linguisticInfo": {"criticato": {"lemma": "criticare", "pos": "V", "is_stop": false, "is_named": false}}}}}, {"id": "R44", "subj": {"type": "Oth_location", "pt": {"text": "nos debates", "linguisticInfo": {"nos": {"lemma": "o", "pos": "ADP", "is_stop": true, "is_named": false}, "debates": {"lemma": "debater", "pos": "NOUN", "is_stop": false, "is_named": false}}}, "it": {"text": "1970 dibattiti", "linguisticInfo": {"1970": {"lemma": "1970", "pos": "N", "is_stop": false, "is_named": false}, "dibattiti": {"lemma": "dibattito", "pos": "S", "is_stop": false, "is_named": false}}}}, "obj": {"type": "Event", "pt": {"text": "levantarem o problema", "linguisticInfo": {"levantarem": {"lemma": "levantar", "pos": "VERB", "is_stop": false, "is_named": false}, "o": {"lemma": "o", "pos": "DET", "is_stop": true, "is_named": false}, "problema": {"lemma": "problema", "pos": "NOUN", "is_stop": false, "is_named": false}}}, "it": {"text": "sollevato la polemica", "linguisticInfo": {"sollevato": {"lemma": "sollevare", "pos": "V", "is_stop": false, "is_named": false}, "la": {"lemma": "il", "pos": "RD", "is_stop": true, "is_named": false}, "polemica": {"lemma": "polemica", "pos": "S", "is_stop": false, "is_named": false}}}}}, {"id": "R45", "subj": {"type": "Non-human_Oth_participant", "pt": {"text": "para a confirma\u00e7\u00e3o da sua nomea\u00e7\u00e3o como secret\u00e1rio de Estado", "linguisticInfo": {"para": {"lemma": "parir", "pos": "ADP", "is_stop": true, "is_named": false}, "a": {"lemma": "o", "pos": "DET", "is_stop": true, "is_named": false}, "confirma\u00e7\u00e3o": {"lemma": "confirma\u00e7\u00e3o", "pos": "NOUN", "is_stop": false, "is_named": false}, "da": {"lemma": "da", "pos": "ADP", "is_stop": true, "is_named": false}, "sua": {"lemma": "suar", "pos": "DET", "is_stop": true, "is_named": false}, "nomea\u00e7\u00e3o": {"lemma": "nomea\u00e7\u00e3o", "pos": "NOUN", "is_stop": false, "is_named": false}, "como": {"lemma": "comer", "pos": "ADP", "is_stop": true, "is_named": false}, "secret\u00e1rio": {"lemma": "secret\u00e1rio", "pos": "NOUN", "is_stop": false, "is_named": false}, "de": {"lemma": "de", "pos": "ADP", "is_stop": true, "is_named": false}, "Estado": {"lemma": "Estado", "pos": "NOUN", "is_stop": true, "is_named": true}}}, "it": {"text": "per la conferma della sua nomina alla segreteria", "linguisticInfo": {"per": {"lemma": "per", "pos": "E", "is_stop": true, "is_named": false}, "la": {"lemma": "il", "pos": "RD", "is_stop": true, "is_named": false}, "conferma": {"lemma": "conferma", "pos": "S", "is_stop": false, "is_named": false}, "della": {"lemma": "della", "pos": "E_RD", "is_stop": true, "is_named": false}, "sua": {"lemma": "suo", "pos": "AP", "is_stop": true, "is_named": false}, "nomina": {"lemma": "nomina", "pos": "S", "is_stop": false, "is_named": false}, "alla": {"lemma": "alla", "pos": "E_RD", "is_stop": true, "is_named": false}, "segreteria": {"lemma": "segreteria", "pos": "S", "is_stop": false, "is_named": false}}}}, "obj": {"type": "Event", "pt": {"text": "levantarem o problema", "linguisticInfo": {"levantarem": {"lemma": "levantar", "pos": "VERB", "is_stop": false, "is_named": false}, "o": {"lemma": "o", "pos": "DET", "is_stop": true, "is_named": false}, "problema": {"lemma": "problema", "pos": "NOUN", "is_stop": false, "is_named": false}}}, "it": {"text": "sollevato la polemica", "linguisticInfo": {"sollevato": {"lemma": "sollevare", "pos": "V", "is_stop": false, "is_named": false}, "la": {"lemma": "il", "pos": "RD", "is_stop": true, "is_named": false}, "polemica": {"lemma": "polemica", "pos": "S", "is_stop": false, "is_named": false}}}}}]}, "sentences_7": {"itText": "NULL \u00ab i vietnamiti del nord stavano trasformando la cambogia in un rifugio e un santuario , attraversandone la frontiera e ammazzando gli americani , credo che incalzarli e proibirgli di creare un santuario sia stato corretto \u00bb , ha commentato reagan .", "ptText": "\u00ab os norte-vietnamitas estavam a fazer do camboja um ref\u00fagio e um santu\u00e1rio , atravessando a fronteira e matando norte-americanos , e eu penso que ir atr\u00e1s deles para que eles n\u00e3o tivessem um santu\u00e1rio fez sentido \u00bb , comentou reagan . \n", "relations": [{"id": "R47", "subj": {"type": "Geo_location", "pt": {"text": "a fronteira", "linguisticInfo": {"a": {"lemma": "o", "pos": "DET", "is_stop": true, "is_named": false}, "fronteira": {"lemma": "fronteiro", "pos": "NOUN", "is_stop": false, "is_named": false}}}, "it": {"text": "frontiera", "linguisticInfo": {"frontiera": {"lemma": "frontiera", "pos": "S", "is_stop": false, "is_named": false}}}}, "obj": {"type": "Event", "pt": {"text": "atravessando", "linguisticInfo": {"atravessando": {"lemma": "atravessar", "pos": "VERB", "is_stop": false, "is_named": false}}}, "it": {"text": "attraversandone", "linguisticInfo": {"attraversandone": {"lemma": "attraversandone", "pos": "S", "is_stop": false, "is_named": false}}}}}, {"id": "R48", "subj": {"type": "Human_Patient", "pt": {"text": "norte-americanos", "linguisticInfo": {"norte-americanos": {"lemma": "norte-americanos", "pos": "ADJ", "is_stop": false, "is_named": false}}}, "it": {"text": "incalzarli", "linguisticInfo": {"incalzarli": {"lemma": "incalzare", "pos": "V_PC", "is_stop": false, "is_named": false}}}}, "obj": {"type": "Event", "pt": {"text": "matando", "linguisticInfo": {"matando": {"lemma": "matar", "pos": "VERB", "is_stop": false, "is_named": false}}}, "it": {"text": "ammazzando", "linguisticInfo": {"ammazzando": {"lemma": "ammazzare", "pos": "V", "is_stop": false, "is_named": false}}}}}, {"id": "R49", "subj": {"type": "Non-human_Oth_participant", "pt": {"text": "para que eles n\u00e3o tivessem um santu\u00e1rio fez sentido", "linguisticInfo": {"para": {"lemma": "parir", "pos": "SCONJ", "is_stop": true, "is_named": false}, "que": {"lemma": "que", "pos": "SCONJ", "is_stop": true, "is_named": false}, "eles": {"lemma": "ele", "pos": "PRON", "is_stop": true, "is_named": false}, "n\u00e3o": {"lemma": "n\u00e3o", "pos": "ADV", "is_stop": true, "is_named": false}, "tivessem": {"lemma": "ter", "pos": "AUX", "is_stop": false, "is_named": false}, "um": {"lemma": "um", "pos": "DET", "is_stop": true, "is_named": false}, "santu\u00e1rio": {"lemma": "santu\u00e1rio", "pos": "NOUN", "is_stop": false, "is_named": false}, "fez": {"lemma": "fazer", "pos": "VERB", "is_stop": true, "is_named": false}, "sentido": {"lemma": "sentir", "pos": "NOUN", "is_stop": false, "is_named": false}}}, "it": {"text": "\u00ab i", "linguisticInfo": {"\u00ab": {"lemma": "\u00ab", "pos": "FB", "is_stop": false, "is_named": false}, "i": {"lemma": "il", "pos": "RD", "is_stop": false, "is_named": false}}}}, "obj": {"type": "Event", "pt": {"text": "ir", "linguisticInfo": {"ir": {"lemma": "ir", "pos": "VERB", "is_stop": true, "is_named": false}}}, "it": {"text": "incalzarli", "linguisticInfo": {"incalzarli": {"lemma": "incalzare", "pos": "V_PC", "is_stop": false, "is_named": false}}}}}, {"id": "R51", "subj": {"type": "Human_Agent", "pt": {"text": "Reagan", "linguisticInfo": {"Reagan": {"lemma": "Reagan", "pos": "PROPN", "is_stop": false, "is_named": true}}}, "it": {"text": "reagan", "linguisticInfo": {"reagan": {"lemma": "reagan", "pos": "S", "is_stop": false, "is_named": false}}}}, "obj": {"type": "Event", "pt": {"text": "comentou", "linguisticInfo": {"comentou": {"lemma": "comentar", "pos": "VERB", "is_stop": false, "is_named": false}}}, "it": {"text": "commentato", "linguisticInfo": {"commentato": {"lemma": "commentare", "pos": "V", "is_stop": false, "is_named": false}}}}}]}, "sentences_8": {"itText": "NULL il presidente eletto ha ancora aggiunto di non condividere la scelta di citare lo scandalo di watergate , le intercettazioni telefoniche dei giornalisti e dei funzionari governativi e il bombardamento della cambogia durante gli interrogatori di haig , iniziati venerd\u00ec e che continueranno domani .", "ptText": "o presidente eleito disse , ainda , n\u00e3o ver nenhum objectivo \u00fatil em citar o esc\u00e2ndalo watergate , as escutas telef\u00f3nicas de jornalistas e funcion\u00e1rios governamentais e o bombardeamento do camboja , durante os interrogat\u00f3rios a haig , que se iniciaram sexta-feira e ser\u00e3o retomados amanh\u00e3 . \n", "relations": [{"id": "R53", "subj": {"type": "Human_Agent", "pt": {"text": "O presidente eleito", "linguisticInfo": {"O": {"lemma": "O", "pos": "DET", "is_stop": true, "is_named": true}, "presidente": {"lemma": "presidente", "pos": "NOUN", "is_stop": false, "is_named": false}, "eleito": {"lemma": "eleito", "pos": "VERB", "is_stop": false, "is_named": false}}}, "it": {"text": "il presidente eletto", "linguisticInfo": {"il": {"lemma": "il", "pos": "RD", "is_stop": true, "is_named": false}, "presidente": {"lemma": "presidente", "pos": "S", "is_stop": false, "is_named": false}, "eletto": {"lemma": "eletto", "pos": "A", "is_stop": false, "is_named": false}}}}, "obj": {"type": "Event", "pt": {"text": "disse", "linguisticInfo": {"disse": {"lemma": "dizer", "pos": "VERB", "is_stop": false, "is_named": false}}}, "it": {"text": "ha", "linguisticInfo": {"ha": {"lemma": "avere", "pos": "V", "is_stop": true, "is_named": false}}}}}, {"id": "R54", "subj": {"type": "Non-human_Oth_participant", "pt": {"text": "n\u00e3o ver nenhum objectivo \u00fatil em citar o esc\u00e2ndalo Watergate , as escutas telef\u00f3nicas de jornalistas e funcion\u00e1rios governamentais e o bombardeamento do Camboja , durante os interrogat\u00f3rios a Haig , que se iniciaram sexta-feira e ser\u00e3o retomados amanh\u00e3", "linguisticInfo": {"n\u00e3o": {"lemma": "n\u00e3o", "pos": "ADV", "is_stop": true, "is_named": false}, "ver": {"lemma": "ver", "pos": "VERB", "is_stop": true, "is_named": false}, "nenhum": {"lemma": "nenhum", "pos": "DET", "is_stop": false, "is_named": false}, "objectivo": {"lemma": "objectivar", "pos": "NOUN", "is_stop": false, "is_named": false}, "\u00fatil": {"lemma": "\u00fatil", "pos": "ADJ", "is_stop": false, "is_named": false}, "em": {"lemma": "em", "pos": "SCONJ", "is_stop": true, "is_named": false}, "citar": {"lemma": "citar", "pos": "VERB", "is_stop": false, "is_named": false}, "o": {"lemma": "o", "pos": "DET", "is_stop": true, "is_named": false}, "esc\u00e2ndalo": {"lemma": "esc\u00e2ndalo", "pos": "NOUN", "is_stop": false, "is_named": false}, "Watergate": {"lemma": "Watergate", "pos": "PROPN", "is_stop": false, "is_named": true}, ",": {"lemma": ",", "pos": "PUNCT", "is_stop": false, "is_named": false}, "as": {"lemma": "o", "pos": "DET", "is_stop": true, "is_named": false}, "escutas": {"lemma": "escutar", "pos": "NOUN", "is_stop": false, "is_named": false}, "telef\u00f3nicas": {"lemma": "telef\u00f3nico", "pos": "ADJ", "is_stop": false, "is_named": false}, "de": {"lemma": "de", "pos": "ADP", "is_stop": true, "is_named": false}, "jornalistas": {"lemma": "jornalista", "pos": "NOUN", "is_stop": false, "is_named": false}, "e": {"lemma": "e", "pos": "CCONJ", "is_stop": true, "is_named": false}, "funcion\u00e1rios": {"lemma": "funcion\u00e1rio", "pos": "NOUN", "is_stop": false, "is_named": false}, "governamentais": {"lemma": "governamental", "pos": "ADJ", "is_stop": false, "is_named": false}, "bombardeamento": {"lemma": "bombardeamento", "pos": "NOUN", "is_stop": false, "is_named": false}, "do": {"lemma": "do", "pos": "ADP", "is_stop": true, "is_named": false}, "Camboja": {"lemma": "Camboja", "pos": "PROPN", "is_stop": false, "is_named": true}, "durante": {"lemma": "durante", "pos": "ADP", "is_stop": false, "is_named": false}, "os": {"lemma": "o", "pos": "DET", "is_stop": true, "is_named": false}, "interrogat\u00f3rios": {"lemma": "interrogat\u00f3rio", "pos": "NOUN", "is_stop": false, "is_named": false}, "a": {"lemma": "o", "pos": "ADP", "is_stop": true, "is_named": false}, "Haig": {"lemma": "Haig", "pos": "PROPN", "is_stop": false, "is_named": true}, "que": {"lemma": "que", "pos": "PRON", "is_stop": true, "is_named": false}, "se": {"lemma": "se", "pos": "PRON", "is_stop": true, "is_named": false}, "iniciaram": {"lemma": "iniciar", "pos": "VERB", "is_stop": false, "is_named": false}, "sexta-feira": {"lemma": "sexta-feira", "pos": "NOUN", "is_stop": false, "is_named": false}, "ser\u00e3o": {"lemma": "ser", "pos": "AUX", "is_stop": false, "is_named": false}, "retomados": {"lemma": "retomar", "pos": "VERB", "is_stop": false, "is_named": false}, "amanh\u00e3": {"lemma": "amanh\u00e3", "pos": "ADV", "is_stop": false, "is_named": false}}}, "it": {"text": "non condividere la scelta", "linguisticInfo": {"non": {"lemma": "non", "pos": "BN", "is_stop": true, "is_named": false}, "condividere": {"lemma": "condividere", "pos": "V", "is_stop": false, "is_named": false}, "la": {"lemma": "il", "pos": "RD", "is_stop": true, "is_named": false}, "scelta": {"lemma": "scelta", "pos": "S", "is_stop": false, "is_named": false}}}}, "obj": {"type": "Event", "pt": {"text": "disse", "linguisticInfo": {"disse": {"lemma": "dizer", "pos": "VERB", "is_stop": false, "is_named": false}}}, "it": {"text": "ha", "linguisticInfo": {"ha": {"lemma": "avere", "pos": "V", "is_stop": true, "is_named": false}}}}}, {"id": "R55", "subj": {"type": "Time", "pt": {"text": "durante os interrogat\u00f3rios a Haig , que se iniciaram sexta-feira e ser\u00e3o retomados amanh\u00e3", "linguisticInfo": {"durante": {"lemma": "durante", "pos": "ADP", "is_stop": false, "is_named": false}, "os": {"lemma": "o", "pos": "DET", "is_stop": true, "is_named": false}, "interrogat\u00f3rios": {"lemma": "interrogat\u00f3rio", "pos": "NOUN", "is_stop": false, "is_named": false}, "a": {"lemma": "o", "pos": "ADP", "is_stop": true, "is_named": false}, "Haig": {"lemma": "Haig", "pos": "PROPN", "is_stop": false, "is_named": true}, ",": {"lemma": ",", "pos": "PUNCT", "is_stop": false, "is_named": false}, "que": {"lemma": "que", "pos": "PRON", "is_stop": true, "is_named": false}, "se": {"lemma": "se", "pos": "PRON", "is_stop": true, "is_named": false}, "iniciaram": {"lemma": "iniciar", "pos": "VERB", "is_stop": false, "is_named": false}, "sexta-feira": {"lemma": "sexta-feira", "pos": "NOUN", "is_stop": false, "is_named": false}, "e": {"lemma": "e", "pos": "CCONJ", "is_stop": true, "is_named": false}, "ser\u00e3o": {"lemma": "ser", "pos": "AUX", "is_stop": false, "is_named": false}, "retomados": {"lemma": "retomar", "pos": "VERB", "is_stop": false, "is_named": false}, "amanh\u00e3": {"lemma": "amanh\u00e3", "pos": "ADV", "is_stop": false, "is_named": false}}}, "it": {"text": "durante gli interrogatori di haig", "linguisticInfo": {"durante": {"lemma": "durante", "pos": "E", "is_stop": true, "is_named": false}, "gli": {"lemma": "il", "pos": "RD", "is_stop": true, "is_named": false}, "interrogatori": {"lemma": "interrogatorio", "pos": "S", "is_stop": false, "is_named": false}, "di": {"lemma": "di", "pos": "E", "is_stop": true, "is_named": false}, "haig": {"lemma": "haig", "pos": "SP", "is_stop": false, "is_named": false}}}}, "obj": {"type": "Event", "pt": {"text": "citar", "linguisticInfo": {"citar": {"lemma": "citar", "pos": "VERB", "is_stop": false, "is_named": false}}}, "it": {"text": "citare", "linguisticInfo": {"citare": {"lemma": "citare", "pos": "V", "is_stop": false, "is_named": false}}}}}, {"id": "R56", "subj": {"type": "Non-human_Patient", "pt": {"text": "o esc\u00e2ndalo Watergate , as escutas telef\u00f3nicas de jornalistas e funcion\u00e1rios governamentais e o bombardeamento do Camboja", "linguisticInfo": {"o": {"lemma": "o", "pos": "DET", "is_stop": true, "is_named": false}, "esc\u00e2ndalo": {"lemma": "esc\u00e2ndalo", "pos": "NOUN", "is_stop": false, "is_named": false}, "Watergate": {"lemma": "Watergate", "pos": "PROPN", "is_stop": false, "is_named": true}, ",": {"lemma": ",", "pos": "PUNCT", "is_stop": false, "is_named": false}, "as": {"lemma": "o", "pos": "DET", "is_stop": true, "is_named": false}, "escutas": {"lemma": "escutar", "pos": "NOUN", "is_stop": false, "is_named": false}, "telef\u00f3nicas": {"lemma": "telef\u00f3nico", "pos": "ADJ", "is_stop": false, "is_named": false}, "de": {"lemma": "de", "pos": "ADP", "is_stop": true, "is_named": false}, "jornalistas": {"lemma": "jornalista", "pos": "NOUN", "is_stop": false, "is_named": false}, "e": {"lemma": "e", "pos": "CCONJ", "is_stop": true, "is_named": false}, "funcion\u00e1rios": {"lemma": "funcion\u00e1rio", "pos": "NOUN", "is_stop": false, "is_named": false}, "governamentais": {"lemma": "governamental", "pos": "ADJ", "is_stop": false, "is_named": false}, "bombardeamento": {"lemma": "bombardeamento", "pos": "NOUN", "is_stop": false, "is_named": false}, "do": {"lemma": "do", "pos": "ADP", "is_stop": true, "is_named": false}, "Camboja": {"lemma": "Camboja", "pos": "PROPN", "is_stop": false, "is_named": true}}}, "it": {"text": "lo scandalo di watergate , le intercettazioni telefoniche dei giornalisti", "linguisticInfo": {"lo": {"lemma": "il", "pos": "RD", "is_stop": true, "is_named": false}, "scandalo": {"lemma": "scandalo", "pos": "S", "is_stop": false, "is_named": false}, "di": {"lemma": "di", "pos": "E", "is_stop": true, "is_named": false}, "watergate": {"lemma": "watergate", "pos": "S", "is_stop": false, "is_named": false}, ",": {"lemma": ",", "pos": "FF", "is_stop": false, "is_named": false}, "le": {"lemma": "il", "pos": "RD", "is_stop": true, "is_named": false}, "intercettazioni": {"lemma": "intercettazione", "pos": "S", "is_stop": false, "is_named": false}, "telefoniche": {"lemma": "telefonico", "pos": "A", "is_stop": false, "is_named": false}, "dei": {"lemma": "del", "pos": "E_RD", "is_stop": true, "is_named": false}, "giornalisti": {"lemma": "giornalista", "pos": "S", "is_stop": false, "is_named": false}}}}, "obj": {"type": "Event", "pt": {"text": "citar", "linguisticInfo": {"citar": {"lemma": "citar", "pos": "VERB", "is_stop": false, "is_named": false}}}, "it": {"text": "citare", "linguisticInfo": {"citare": {"lemma": "citare", "pos": "V", "is_stop": false, "is_named": false}}}}}, {"id": "R57", "subj": {"type": "Human_Agent", "pt": {"text": "jornalistas e funcion\u00e1rios governamentais", "linguisticInfo": {"jornalistas": {"lemma": "jornalista", "pos": "ADJ", "is_stop": false, "is_named": false}, "e": {"lemma": "e", "pos": "CCONJ", "is_stop": true, "is_named": false}, "funcion\u00e1rios": {"lemma": "funcion\u00e1rio", "pos": "NOUN", "is_stop": false, "is_named": false}, "governamentais": {"lemma": "governamental", "pos": "ADJ", "is_stop": false, "is_named": false}}}, "it": {"text": "giornalisti e funzionari governativi", "linguisticInfo": {"giornalisti": {"lemma": "giornalista", "pos": "S", "is_stop": false, "is_named": false}, "e": {"lemma": "e", "pos": "CC", "is_stop": false, "is_named": false}, "funzionari": {"lemma": "funzionario", "pos": "S", "is_stop": false, "is_named": false}, "governativi": {"lemma": "governativo", "pos": "A", "is_stop": false, "is_named": false}}}}, "obj": {"type": "Event", "pt": {"text": "as escutas telef\u00f3nicas", "linguisticInfo": {"as": {"lemma": "o", "pos": "DET", "is_stop": true, "is_named": false}, "escutas": {"lemma": "escutar", "pos": "NOUN", "is_stop": false, "is_named": false}, "telef\u00f3nicas": {"lemma": "telef\u00f3nico", "pos": "ADJ", "is_stop": false, "is_named": false}}}, "it": {"text": "le intercettazioni telefoniche", "linguisticInfo": {"le": {"lemma": "il", "pos": "RD", "is_stop": true, "is_named": false}, "intercettazioni": {"lemma": "intercettazione", "pos": "S", "is_stop": false, "is_named": false}, "telefoniche": {"lemma": "telefonico", "pos": "A", "is_stop": false, "is_named": false}}}}}, {"id": "R59", "subj": {"type": "Human_Patient", "pt": {"text": "a Haig", "linguisticInfo": {"a": {"lemma": "o", "pos": "ADP", "is_stop": true, "is_named": false}, "Haig": {"lemma": "Haig", "pos": "PROPN", "is_stop": false, "is_named": true}}}, "it": {"text": "haig", "linguisticInfo": {"haig": {"lemma": "haig", "pos": "V", "is_stop": false, "is_named": false}}}}, "obj": {"type": "Event", "pt": {"text": "os interrogat\u00f3rios", "linguisticInfo": {"os": {"lemma": "o", "pos": "DET", "is_stop": true, "is_named": false}, "interrogat\u00f3rios": {"lemma": "interrogat\u00f3rio", "pos": "NOUN", "is_stop": false, "is_named": false}}}, "it": {"text": "gli interrogatori", "linguisticInfo": {"gli": {"lemma": "il", "pos": "RD", "is_stop": true, "is_named": false}, "interrogatori": {"lemma": "interrogatorio", "pos": "S", "is_stop": false, "is_named": false}}}}}, {"id": "R60", "subj": {"type": "Non-human_Patient", "pt": {"text": "que", "linguisticInfo": {"que": {"lemma": "que", "pos": "SCONJ", "is_stop": true, "is_named": false}}}, "it": {"text": "", "linguisticInfo": {}}}, "obj": {"type": "Event", "pt": {"text": "se iniciaram", "linguisticInfo": {"se": {"lemma": "se", "pos": "PRON", "is_stop": true, "is_named": false}, "iniciaram": {"lemma": "iniciar", "pos": "VERB", "is_stop": false, "is_named": false}}}, "it": {"text": "iniziati", "linguisticInfo": {"iniziati": {"lemma": "iniziare", "pos": "V", "is_stop": false, "is_named": false}}}}}, {"id": "R61", "subj": {"type": "Time", "pt": {"text": "sexta-feira", "linguisticInfo": {"sexta-feira": {"lemma": "sexta-feira", "pos": "NOUN", "is_stop": false, "is_named": false}}}, "it": {"text": "venerd\u00ec", "linguisticInfo": {"venerd\u00ec": {"lemma": "venerd\u00ec", "pos": "S", "is_stop": false, "is_named": false}}}}, "obj": {"type": "Event", "pt": {"text": "se iniciaram", "linguisticInfo": {"se": {"lemma": "se", "pos": "PRON", "is_stop": true, "is_named": false}, "iniciaram": {"lemma": "iniciar", "pos": "VERB", "is_stop": false, "is_named": false}}}, "it": {"text": "iniziati", "linguisticInfo": {"iniziati": {"lemma": "iniziare", "pos": "V", "is_stop": false, "is_named": false}}}}}, {"id": "R62", "subj": {"type": "Time", "pt": {"text": "amanh\u00e3", "linguisticInfo": {"amanh\u00e3": {"lemma": "amanh\u00e3", "pos": "ADV", "is_stop": false, "is_named": false}}}, "it": {"text": "domani", "linguisticInfo": {"domani": {"lemma": "domani", "pos": "B", "is_stop": false, "is_named": false}}}}, "obj": {"type": "Event", "pt": {"text": "ser\u00e3o retomados", "linguisticInfo": {"ser\u00e3o": {"lemma": "ser", "pos": "AUX", "is_stop": false, "is_named": false}, "retomados": {"lemma": "retomar", "pos": "VERB", "is_stop": false, "is_named": false}}}, "it": {"text": "continueranno domani .", "linguisticInfo": {"continueranno": {"lemma": "continuare", "pos": "V", "is_stop": false, "is_named": false}, "domani": {"lemma": "domani", "pos": "B", "is_stop": false, "is_named": false}, ".": {"lemma": ".", "pos": "FS", "is_stop": false, "is_named": false}}}}}]}}