{"sentences_0": {"itText": "NULL il parlamento ha approvato ieri , a maggioranza , una proposta di governo che apre le attivit\u00e0 bancarie ed assicurative a soggetti privati .", "ptText": "o parlamento aprovou ontem , por maioria , na generalidade , uma proposta do governo que abre a banca e os seguros \u00e0 actividade privada . \n", "relations": [{"id": "R1", "subj": {"type": "Non-human_Patient", "pt": {"text": "uma proposta do Governo que abre a banca e os seguros \u00e0 actividade privada", "linguisticInfo": {"uma": {"lemma": "umar", "pos": "DET", "is_stop": true, "is_named": false}, "proposta": {"lemma": "proposto", "pos": "NOUN", "is_stop": false, "is_named": false}, "do": {"lemma": "do", "pos": "ADP", "is_stop": true, "is_named": false}, "Governo": {"lemma": "Governo", "pos": "PROPN", "is_stop": false, "is_named": true}, "que": {"lemma": "que", "pos": "PRON", "is_stop": true, "is_named": false}, "abre": {"lemma": "abrir", "pos": "VERB", "is_stop": false, "is_named": false}, "a": {"lemma": "o", "pos": "DET", "is_stop": true, "is_named": false}, "banca": {"lemma": "banca", "pos": "NOUN", "is_stop": false, "is_named": false}, "e": {"lemma": "e", "pos": "CCONJ", "is_stop": true, "is_named": false}, "os": {"lemma": "o", "pos": "DET", "is_stop": true, "is_named": false}, "seguros": {"lemma": "seguro", "pos": "NOUN", "is_stop": false, "is_named": false}, "\u00e0": {"lemma": "\u00e0", "pos": "ADP", "is_stop": true, "is_named": false}, "actividade": {"lemma": "actividade", "pos": "NOUN", "is_stop": false, "is_named": false}, "privada": {"lemma": "privar", "pos": "ADJ", "is_stop": false, "is_named": false}}}, "it": {"text": "una proposta di governo", "linguisticInfo": {"una": {"lemma": "uno", "pos": "RI", "is_stop": true, "is_named": false}, "proposta": {"lemma": "proposta", "pos": "S", "is_stop": false, "is_named": false}, "di": {"lemma": "di", "pos": "E", "is_stop": true, "is_named": false}, "governo": {"lemma": "governo", "pos": "S", "is_stop": true, "is_named": false}}}}, "obj": {"type": "Event", "pt": {"text": "aprovou", "linguisticInfo": {"aprovou": {"lemma": "aprovar", "pos": "VERB", "is_stop": false, "is_named": false}}}, "it": {"text": "approvato", "linguisticInfo": {"approvato": {"lemma": "approvare", "pos": "V", "is_stop": false, "is_named": false}}}}}, {"id": "R2", "subj": {"type": "Human_Agent", "pt": {"text": "O Parlamento", "linguisticInfo": {"O": {"lemma": "O", "pos": "DET", "is_stop": true, "is_named": true}, "Parlamento": {"lemma": "Parlamento", "pos": "NOUN", "is_stop": false, "is_named": true}}}, "it": {"text": "il parlamento", "linguisticInfo": {"il": {"lemma": "il", "pos": "RD", "is_stop": true, "is_named": false}, "parlamento": {"lemma": "parlamento", "pos": "S", "is_stop": false, "is_named": false}}}}, "obj": {"type": "Event", "pt": {"text": "aprovou", "linguisticInfo": {"aprovou": {"lemma": "aprovar", "pos": "VERB", "is_stop": false, "is_named": false}}}, "it": {"text": "approvato", "linguisticInfo": {"approvato": {"lemma": "approvare", "pos": "V", "is_stop": false, "is_named": false}}}}}, {"id": "R3", "subj": {"type": "Time", "pt": {"text": "ontem", "linguisticInfo": {"ontem": {"lemma": "ontem", "pos": "ADV", "is_stop": true, "is_named": false}}}, "it": {"text": "ieri", "linguisticInfo": {"ieri": {"lemma": "ieri", "pos": "B", "is_stop": true, "is_named": false}}}}, "obj": {"type": "Event", "pt": {"text": "aprovou", "linguisticInfo": {"aprovou": {"lemma": "aprovar", "pos": "VERB", "is_stop": false, "is_named": false}}}, "it": {"text": "approvato", "linguisticInfo": {"approvato": {"lemma": "approvare", "pos": "V", "is_stop": false, "is_named": false}}}}}, {"id": "R4", "subj": {"type": "Non-human_Oth_participant", "pt": {"text": "\u00e0 actividade privada", "linguisticInfo": {"\u00e0": {"lemma": "\u00e0", "pos": "ADP", "is_stop": true, "is_named": false}, "actividade": {"lemma": "actividade", "pos": "NOUN", "is_stop": false, "is_named": false}, "privada": {"lemma": "privar", "pos": "ADJ", "is_stop": false, "is_named": false}}}, "it": {"text": "a soggetti privati", "linguisticInfo": {"a": {"lemma": "a", "pos": "E", "is_stop": true, "is_named": false}, "soggetti": {"lemma": "soggetto", "pos": "S", "is_stop": false, "is_named": false}, "privati": {"lemma": "privato", "pos": "S", "is_stop": false, "is_named": false}}}}, "obj": {"type": "Event", "pt": {"text": "abre", "linguisticInfo": {"abre": {"lemma": "abrir", "pos": "VERB", "is_stop": false, "is_named": false}}}, "it": {"text": "apre", "linguisticInfo": {"apre": {"lemma": "aprire", "pos": "V", "is_stop": false, "is_named": false}}}}}, {"id": "R5", "subj": {"type": "Non-human_Agent", "pt": {"text": "que", "linguisticInfo": {"que": {"lemma": "que", "pos": "SCONJ", "is_stop": true, "is_named": false}}}, "it": {"text": "che", "linguisticInfo": {"che": {"lemma": "che", "pos": "CS", "is_stop": true, "is_named": false}}}}, "obj": {"type": "Event", "pt": {"text": "abre", "linguisticInfo": {"abre": {"lemma": "abrir", "pos": "VERB", "is_stop": false, "is_named": false}}}, "it": {"text": "77", "linguisticInfo": {"77": {"lemma": "77", "pos": "N", "is_stop": false, "is_named": false}}}}}, {"id": "R6", "subj": {"type": "Non-human_Patient", "pt": {"text": "a banca e os seguros", "linguisticInfo": {"a": {"lemma": "o", "pos": "DET", "is_stop": true, "is_named": false}, "banca": {"lemma": "banca", "pos": "NOUN", "is_stop": false, "is_named": false}, "e": {"lemma": "e", "pos": "CCONJ", "is_stop": true, "is_named": false}, "os": {"lemma": "o", "pos": "DET", "is_stop": true, "is_named": false}, "seguros": {"lemma": "seguro", "pos": "NOUN", "is_stop": false, "is_named": false}}}, "it": {"text": "il parlamento bancarie ed assicurative a", "linguisticInfo": {"il": {"lemma": "il", "pos": "RD", "is_stop": true, "is_named": false}, "parlamento": {"lemma": "parlamento", "pos": "S", "is_stop": false, "is_named": false}, "bancarie": {"lemma": "bancario", "pos": "A", "is_stop": false, "is_named": false}, "ed": {"lemma": "ed", "pos": "CC", "is_stop": true, "is_named": false}, "assicurative": {"lemma": "assicurativo", "pos": "A", "is_stop": false, "is_named": false}, "a": {"lemma": "a", "pos": "E", "is_stop": true, "is_named": false}}}}, "obj": {"type": "Event", "pt": {"text": "abre", "linguisticInfo": {"abre": {"lemma": "abrir", "pos": "VERB", "is_stop": false, "is_named": false}}}, "it": {"text": "apre", "linguisticInfo": {"apre": {"lemma": "aprire", "pos": "V", "is_stop": false, "is_named": false}}}}}]}, "sentences_1": {"itText": "NULL con la proposta di emendamento della legge 46 / 77 - legge sulla limitazione dei settori economici - si prevede l \u2019 apertura all \u2019 iniziativa privata anche ai settori del cemento e dei fertilizzanti , oltre che alle attivit\u00e0 bancarie e assicurative , come approfondito a pagina 3 .", "ptText": "trata -se da proposta de altera\u00e7\u00e3o da lei 46 / 77 - lei de delimita\u00e7\u00e3o dos sectores econ\u00f3micos - , que , para al\u00e9m da banca e dos seguros , abre \u00e0 iniciativa privada tamb\u00e9m os sectores dos cimentos e dos adubos , como referimos em pormenor na p\u00e1gina 3 . \n", "relations": [{"id": "R5", "subj": {"type": "Non-human_Agent", "pt": {"text": "que", "linguisticInfo": {"que": {"lemma": "que", "pos": "SCONJ", "is_stop": true, "is_named": false}}}, "it": {"text": "che", "linguisticInfo": {"che": {"lemma": "che", "pos": "CS", "is_stop": true, "is_named": false}}}}, "obj": {"type": "Event", "pt": {"text": "abre", "linguisticInfo": {"abre": {"lemma": "abrir", "pos": "VERB", "is_stop": false, "is_named": false}}}, "it": {"text": "77", "linguisticInfo": {"77": {"lemma": "77", "pos": "N", "is_stop": false, "is_named": false}}}}}, {"id": "R7", "subj": {"type": "Non-human_Oth_participant", "pt": {"text": "\u00e0 iniciativa privada", "linguisticInfo": {"\u00e0": {"lemma": "\u00e0", "pos": "ADP", "is_stop": true, "is_named": false}, "iniciativa": {"lemma": "iniciativo", "pos": "NOUN", "is_stop": false, "is_named": false}, "privada": {"lemma": "privar", "pos": "ADJ", "is_stop": false, "is_named": false}}}, "it": {"text": "all iniziativa privata", "linguisticInfo": {"all": {"lemma": "all", "pos": "S", "is_stop": true, "is_named": false}, "iniziativa": {"lemma": "iniziativa", "pos": "A", "is_stop": false, "is_named": false}, "privata": {"lemma": "privato", "pos": "A", "is_stop": false, "is_named": false}}}}, "obj": {"type": "Event", "pt": {"text": "abre", "linguisticInfo": {"abre": {"lemma": "abrir", "pos": "VERB", "is_stop": false, "is_named": false}}}, "it": {"text": "77", "linguisticInfo": {"77": {"lemma": "77", "pos": "N", "is_stop": false, "is_named": false}}}}}, {"id": "R8", "subj": {"type": "Non-human_Patient", "pt": {"text": "os sectores dos cimentos e dos adubos", "linguisticInfo": {"os": {"lemma": "o", "pos": "DET", "is_stop": true, "is_named": false}, "sectores": {"lemma": "sector", "pos": "NOUN", "is_stop": false, "is_named": false}, "dos": {"lemma": "dos", "pos": "ADP", "is_stop": true, "is_named": false}, "cimentos": {"lemma": "cimento", "pos": "NOUN", "is_stop": false, "is_named": false}, "e": {"lemma": "e", "pos": "CCONJ", "is_stop": true, "is_named": false}, "adubos": {"lemma": "adubo", "pos": "NOUN", "is_stop": false, "is_named": false}}}, "it": {"text": "ai settori del cemento", "linguisticInfo": {"ai": {"lemma": "al", "pos": "E_RD", "is_stop": true, "is_named": false}, "settori": {"lemma": "settore", "pos": "S", "is_stop": false, "is_named": false}, "del": {"lemma": "del", "pos": "E_RD", "is_stop": true, "is_named": false}, "cemento": {"lemma": "cemento", "pos": "S", "is_stop": false, "is_named": false}}}}, "obj": {"type": "Event", "pt": {"text": "abre", "linguisticInfo": {"abre": {"lemma": "abrir", "pos": "VERB", "is_stop": false, "is_named": false}}}, "it": {"text": "77", "linguisticInfo": {"77": {"lemma": "77", "pos": "N", "is_stop": false, "is_named": false}}}}}, {"id": "R10", "subj": {"type": "Oth_argument", "pt": {"text": "em pormenor", "linguisticInfo": {"em": {"lemma": "em", "pos": "ADP", "is_stop": true, "is_named": false}, "pormenor": {"lemma": "pormenor", "pos": "NOUN", "is_stop": false, "is_named": false}}}, "it": {"text": "3", "linguisticInfo": {"3": {"lemma": "3", "pos": "N", "is_stop": false, "is_named": false}}}}, "obj": {"type": "Event", "pt": {"text": "referimos", "linguisticInfo": {"referimos": {"lemma": "referir", "pos": "VERB", "is_stop": false, "is_named": false}}}, "it": {"text": "3", "linguisticInfo": {"3": {"lemma": "3", "pos": "N", "is_stop": false, "is_named": false}}}}}, {"id": "R11", "subj": {"type": "Oth_location", "pt": {"text": "na p\u00e1gina 3", "linguisticInfo": {"na": {"lemma": "o", "pos": "ADP", "is_stop": true, "is_named": false}, "p\u00e1gina": {"lemma": "p\u00e1gina", "pos": "NOUN", "is_stop": false, "is_named": false}, "3": {"lemma": "3", "pos": "NUM", "is_stop": false, "is_named": false}}}, "it": {"text": "3 .", "linguisticInfo": {"3": {"lemma": "3", "pos": "N", "is_stop": false, "is_named": false}, ".": {"lemma": ".", "pos": "FS", "is_stop": false, "is_named": false}}}}, "obj": {"type": "Event", "pt": {"text": "referimos", "linguisticInfo": {"referimos": {"lemma": "referir", "pos": "VERB", "is_stop": false, "is_named": false}}}, "it": {"text": "3", "linguisticInfo": {"3": {"lemma": "3", "pos": "N", "is_stop": false, "is_named": false}}}}}]}, "sentences_2": {"itText": "NULL la seduta di ieri si \u00e8 prolungata oltre l \u2019 orario canonico , per concludere il dibattito sulla proposta . la legge , approvata in via generale , passer\u00e0 ora alla commissione competente per la successiva fase di discussione . si tratta di una decisione approvata in seduta plenaria , su richiesta del deputato centrista oliveira dias .", "ptText": "a sess\u00e3o de ontem prolongou -se para al\u00e9m da hora regimental , para se terminar o debate da proposta . aprovada na generalidade , a lei seguir\u00e1 agora para a respectiva comiss\u00e3o , para discuss\u00e3o na especialidade . esta foi uma decis\u00e3o aprovada pelo plen\u00e1rio , a requerimento do deputado centrista oliveira dias . \n", "relations": [{"id": "R15", "subj": {"type": "Time", "pt": {"text": "ontem", "linguisticInfo": {"ontem": {"lemma": "ontem", "pos": "ADV", "is_stop": true, "is_named": false}}}, "it": {"text": "ieri", "linguisticInfo": {"ieri": {"lemma": "ieri", "pos": "B", "is_stop": true, "is_named": false}}}}, "obj": {"type": "Event", "pt": {"text": "sess\u00e3o", "linguisticInfo": {"sess\u00e3o": {"lemma": "sess\u00e3o", "pos": "NOUN", "is_stop": false, "is_named": false}}}, "it": {"text": "seduta", "linguisticInfo": {"seduta": {"lemma": "sedere", "pos": "V", "is_stop": false, "is_named": false}}}}}, {"id": "R16", "subj": {"type": "Non-human_Patient", "pt": {"text": "o debate da proposta", "linguisticInfo": {"o": {"lemma": "o", "pos": "DET", "is_stop": true, "is_named": false}, "debate": {"lemma": "debater", "pos": "NOUN", "is_stop": false, "is_named": false}, "da": {"lemma": "da", "pos": "ADP", "is_stop": true, "is_named": false}, "proposta": {"lemma": "proposto", "pos": "NOUN", "is_stop": false, "is_named": false}}}, "it": {"text": "il dibattito sulla proposta", "linguisticInfo": {"il": {"lemma": "il", "pos": "RD", "is_stop": true, "is_named": false}, "dibattito": {"lemma": "dibattito", "pos": "S", "is_stop": false, "is_named": false}, "sulla": {"lemma": "sulla", "pos": "E_RD", "is_stop": true, "is_named": false}, "proposta": {"lemma": "proposta", "pos": "S", "is_stop": false, "is_named": false}}}}, "obj": {"type": "Event", "pt": {"text": "se terminar", "linguisticInfo": {"se": {"lemma": "se", "pos": "PRON", "is_stop": true, "is_named": false}, "terminar": {"lemma": "terminar", "pos": "VERB", "is_stop": false, "is_named": false}}}, "it": {"text": "concludere", "linguisticInfo": {"concludere": {"lemma": "concludere", "pos": "V", "is_stop": false, "is_named": false}}}}}, {"id": "R18", "subj": {"type": "BCs", "pt": {"text": "na generalidade", "linguisticInfo": {"na": {"lemma": "o", "pos": "ADP", "is_stop": true, "is_named": false}, "generalidade": {"lemma": "generalidade", "pos": "NOUN", "is_stop": false, "is_named": false}}}, "it": {"text": "in via generale", "linguisticInfo": {"in": {"lemma": "in", "pos": "E", "is_stop": true, "is_named": false}, "via": {"lemma": "via", "pos": "S", "is_stop": true, "is_named": false}, "generale": {"lemma": "generale", "pos": "A", "is_stop": true, "is_named": false}}}}, "obj": {"type": "Event", "pt": {"text": "Aprovada", "linguisticInfo": {"Aprovada": {"lemma": "Aprovada", "pos": "PROPN", "is_stop": false, "is_named": true}}}, "it": {"text": "approvata", "linguisticInfo": {"approvata": {"lemma": "approvare", "pos": "V", "is_stop": false, "is_named": false}}}}}, {"id": "R19", "subj": {"type": "Oth_location", "pt": {"text": "para a respectiva Comiss\u00e3o", "linguisticInfo": {"para": {"lemma": "parir", "pos": "ADP", "is_stop": true, "is_named": false}, "a": {"lemma": "o", "pos": "DET", "is_stop": true, "is_named": false}, "respectiva": {"lemma": "respectivo", "pos": "ADJ", "is_stop": false, "is_named": false}, "Comiss\u00e3o": {"lemma": "Comiss\u00e3o", "pos": "PROPN", "is_stop": false, "is_named": true}}}, "it": {"text": "per concludere il la legge , successiva fase di", "linguisticInfo": {"per": {"lemma": "per", "pos": "E", "is_stop": true, "is_named": false}, "concludere": {"lemma": "concludere", "pos": "V", "is_stop": false, "is_named": false}, "il": {"lemma": "il", "pos": "RD", "is_stop": true, "is_named": false}, "la": {"lemma": "il", "pos": "RD", "is_stop": true, "is_named": false}, "legge": {"lemma": "legge", "pos": "S", "is_stop": false, "is_named": false}, ",": {"lemma": ",", "pos": "FF", "is_stop": false, "is_named": false}, "successiva": {"lemma": "successivo", "pos": "A", "is_stop": false, "is_named": false}, "fase": {"lemma": "fase", "pos": "S", "is_stop": false, "is_named": false}, "di": {"lemma": "di", "pos": "E", "is_stop": true, "is_named": false}}}}, "obj": {"type": "Event", "pt": {"text": "seguir\u00e1 agora", "linguisticInfo": {"seguir\u00e1": {"lemma": "seguir", "pos": "VERB", "is_stop": false, "is_named": false}, "agora": {"lemma": "agora", "pos": "ADV", "is_stop": true, "is_named": false}}}, "it": {"text": "passer\u00e0 ora", "linguisticInfo": {"passer\u00e0": {"lemma": "passare", "pos": "V", "is_stop": false, "is_named": false}, "ora": {"lemma": "ora", "pos": "B", "is_stop": true, "is_named": false}}}}}, {"id": "R20", "subj": {"type": "Non-human_Agent", "pt": {"text": "a Lei", "linguisticInfo": {"a": {"lemma": "o", "pos": "DET", "is_stop": true, "is_named": false}, "Lei": {"lemma": "Lei", "pos": "PROPN", "is_stop": false, "is_named": true}}}, "it": {"text": "legge", "linguisticInfo": {"legge": {"lemma": "legge", "pos": "S", "is_stop": false, "is_named": false}}}}, "obj": {"type": "Event", "pt": {"text": "seguir\u00e1 agora", "linguisticInfo": {"seguir\u00e1": {"lemma": "seguir", "pos": "VERB", "is_stop": false, "is_named": false}, "agora": {"lemma": "agora", "pos": "ADV", "is_stop": true, "is_named": false}}}, "it": {"text": "passer\u00e0 ora", "linguisticInfo": {"passer\u00e0": {"lemma": "passare", "pos": "V", "is_stop": false, "is_named": false}, "ora": {"lemma": "ora", "pos": "B", "is_stop": true, "is_named": false}}}}}, {"id": "R21", "subj": {"type": "Non-human_Oth_participant", "pt": {"text": "para discuss\u00e3o na especialidade", "linguisticInfo": {"para": {"lemma": "parir", "pos": "ADP", "is_stop": true, "is_named": false}, "discuss\u00e3o": {"lemma": "discuss\u00e3o", "pos": "NOUN", "is_stop": false, "is_named": false}, "na": {"lemma": "o", "pos": "ADP", "is_stop": true, "is_named": false}, "especialidade": {"lemma": "especialidade", "pos": "NOUN", "is_stop": false, "is_named": false}}}, "it": {"text": "la seduta discussione . si", "linguisticInfo": {"la": {"lemma": "il", "pos": "RD", "is_stop": true, "is_named": false}, "seduta": {"lemma": "seduta", "pos": "A", "is_stop": false, "is_named": false}, "discussione": {"lemma": "discussione", "pos": "S", "is_stop": false, "is_named": false}, ".": {"lemma": ".", "pos": "FS", "is_stop": false, "is_named": false}, "si": {"lemma": "si", "pos": "PC", "is_stop": true, "is_named": false}}}}, "obj": {"type": "Event", "pt": {"text": "seguir\u00e1 agora", "linguisticInfo": {"seguir\u00e1": {"lemma": "seguir", "pos": "VERB", "is_stop": false, "is_named": false}, "agora": {"lemma": "agora", "pos": "ADV", "is_stop": true, "is_named": false}}}, "it": {"text": "passer\u00e0 ora", "linguisticInfo": {"passer\u00e0": {"lemma": "passare", "pos": "V", "is_stop": false, "is_named": false}, "ora": {"lemma": "ora", "pos": "B", "is_stop": true, "is_named": false}}}}}, {"id": "R22", "subj": {"type": "Oth_location", "pt": {"text": "na especialidade", "linguisticInfo": {"na": {"lemma": "o", "pos": "ADP", "is_stop": true, "is_named": false}, "especialidade": {"lemma": "especialidade", "pos": "NOUN", "is_stop": false, "is_named": false}}}, "it": {"text": "competente", "linguisticInfo": {"competente": {"lemma": "competente", "pos": "A", "is_stop": false, "is_named": false}}}}, "obj": {"type": "Event", "pt": {"text": "discuss\u00e3o", "linguisticInfo": {"discuss\u00e3o": {"lemma": "discuss\u00e3o", "pos": "NOUN", "is_stop": false, "is_named": false}}}, "it": {"text": "discussione", "linguisticInfo": {"discussione": {"lemma": "discussione", "pos": "S", "is_stop": false, "is_named": false}}}}}, {"id": "R24", "subj": {"type": "Human_Agent", "pt": {"text": "pelo plen\u00e1rio", "linguisticInfo": {"pelo": {"lemma": "pelar", "pos": "ADP", "is_stop": true, "is_named": false}, "plen\u00e1rio": {"lemma": "plen\u00e1rio", "pos": "NOUN", "is_stop": false, "is_named": false}}}, "it": {"text": "seduta plenaria", "linguisticInfo": {"seduta": {"lemma": "sedere", "pos": "V", "is_stop": false, "is_named": false}, "plenaria": {"lemma": "plenario", "pos": "A", "is_stop": false, "is_named": false}}}}, "obj": {"type": "Event", "pt": {"text": "uma decis\u00e3o aprovada", "linguisticInfo": {"uma": {"lemma": "umar", "pos": "DET", "is_stop": true, "is_named": false}, "decis\u00e3o": {"lemma": "decis\u00e3o", "pos": "NOUN", "is_stop": false, "is_named": false}, "aprovada": {"lemma": "aprovar", "pos": "VERB", "is_stop": false, "is_named": false}}}, "it": {"text": "una decisione approvata", "linguisticInfo": {"una": {"lemma": "uno", "pos": "RI", "is_stop": true, "is_named": false}, "decisione": {"lemma": "decisione", "pos": "S", "is_stop": false, "is_named": false}, "approvata": {"lemma": "approvare", "pos": "V", "is_stop": false, "is_named": false}}}}}, {"id": "R25", "subj": {"type": "Oth_argument", "pt": {"text": "a requerimento do deputado centrista Oliveira Dias", "linguisticInfo": {"a": {"lemma": "o", "pos": "ADP", "is_stop": true, "is_named": false}, "requerimento": {"lemma": "requerimento", "pos": "NOUN", "is_stop": false, "is_named": false}, "do": {"lemma": "do", "pos": "ADP", "is_stop": true, "is_named": false}, "deputado": {"lemma": "deputar", "pos": "NOUN", "is_stop": false, "is_named": false}, "centrista": {"lemma": "centrista", "pos": "ADJ", "is_stop": false, "is_named": false}, "Oliveira": {"lemma": "Oliveira", "pos": "PROPN", "is_stop": false, "is_named": true}, "Dias": {"lemma": "Dias", "pos": "PROPN", "is_stop": false, "is_named": true}}}, "it": {"text": "richiesta del deputato centrista oliveira dias", "linguisticInfo": {"richiesta": {"lemma": "richiesta", "pos": "S", "is_stop": false, "is_named": false}, "del": {"lemma": "del", "pos": "E_RD", "is_stop": true, "is_named": false}, "deputato": {"lemma": "deputato", "pos": "S", "is_stop": false, "is_named": false}, "centrista": {"lemma": "centrista", "pos": "A", "is_stop": false, "is_named": false}, "oliveira": {"lemma": "oliveira", "pos": "A", "is_stop": false, "is_named": false}, "dias": {"lemma": "dias", "pos": "A", "is_stop": false, "is_named": false}}}}, "obj": {"type": "Event", "pt": {"text": "uma decis\u00e3o aprovada", "linguisticInfo": {"uma": {"lemma": "umar", "pos": "DET", "is_stop": true, "is_named": false}, "decis\u00e3o": {"lemma": "decis\u00e3o", "pos": "NOUN", "is_stop": false, "is_named": false}, "aprovada": {"lemma": "aprovar", "pos": "VERB", "is_stop": false, "is_named": false}}}, "it": {"text": "una decisione approvata", "linguisticInfo": {"una": {"lemma": "uno", "pos": "RI", "is_stop": true, "is_named": false}, "decisione": {"lemma": "decisione", "pos": "S", "is_stop": false, "is_named": false}, "approvata": {"lemma": "approvare", "pos": "V", "is_stop": false, "is_named": false}}}}}]}, "sentences_3": {"itText": "NULL nel corso del dibattito , l&apos; opposizione si \u00e8 dimostrata , in linea generale , contraria alla proposta di emendamento legislativo , mentre i deputati di maggioranza l&apos; hanno difeso con argomentazioni principalmente di ordine economico .", "ptText": "a oposi\u00e7\u00e3o , durante o debate , manifestou -se , de uma forma geral , contra a altera\u00e7\u00e3o da lei , enquanto os deputados da maioria a defenderam , com justifica\u00e7\u00f5es que assentaram , nomeadamente , em raz\u00f5es de ordem econ\u00f3mica . \n", "relations": [{"id": "R31", "subj": {"type": "Human_Agent", "pt": {"text": "os deputados da maioria", "linguisticInfo": {"os": {"lemma": "o", "pos": "DET", "is_stop": true, "is_named": false}, "deputados": {"lemma": "deputar", "pos": "NOUN", "is_stop": false, "is_named": false}, "da": {"lemma": "da", "pos": "ADP", "is_stop": true, "is_named": false}, "maioria": {"lemma": "maioria", "pos": "NOUN", "is_stop": true, "is_named": false}}}, "it": {"text": "i deputati di maggioranza", "linguisticInfo": {"i": {"lemma": "il", "pos": "RD", "is_stop": false, "is_named": false}, "deputati": {"lemma": "deputato", "pos": "S", "is_stop": false, "is_named": false}, "di": {"lemma": "di", "pos": "E", "is_stop": true, "is_named": false}, "maggioranza": {"lemma": "maggioranza", "pos": "S", "is_stop": false, "is_named": false}}}}, "obj": {"type": "Event", "pt": {"text": "defenderam", "linguisticInfo": {"defenderam": {"lemma": "defender", "pos": "VERB", "is_stop": false, "is_named": false}}}, "it": {"text": "difeso", "linguisticInfo": {"difeso": {"lemma": "difendere", "pos": "V", "is_stop": false, "is_named": false}}}}}, {"id": "R32", "subj": {"type": "Non-human_Patient", "pt": {"text": "a", "linguisticInfo": {"a": {"lemma": "o", "pos": "ADP", "is_stop": true, "is_named": false}}}, "it": {"text": "l&apos;", "linguisticInfo": {"l&apos": {"lemma": "l&apos", "pos": "B", "is_stop": false, "is_named": false}, ";": {"lemma": ";", "pos": "FC", "is_stop": false, "is_named": false}}}}, "obj": {"type": "Event", "pt": {"text": "defenderam", "linguisticInfo": {"defenderam": {"lemma": "defender", "pos": "VERB", "is_stop": false, "is_named": false}}}, "it": {"text": "difeso", "linguisticInfo": {"difeso": {"lemma": "difendere", "pos": "V", "is_stop": false, "is_named": false}}}}}, {"id": "R33", "subj": {"type": "Non-human_Oth_participant", "pt": {"text": "com justifica\u00e7\u00f5es que assentaram , nomeadamente , em raz\u00f5es de ordem econ\u00f3mica", "linguisticInfo": {"com": {"lemma": "com", "pos": "ADP", "is_stop": true, "is_named": false}, "justifica\u00e7\u00f5es": {"lemma": "justifica\u00e7\u00e3o", "pos": "NOUN", "is_stop": false, "is_named": false}, "que": {"lemma": "que", "pos": "PRON", "is_stop": true, "is_named": false}, "assentaram": {"lemma": "assentar", "pos": "VERB", "is_stop": false, "is_named": false}, ",": {"lemma": ",", "pos": "PUNCT", "is_stop": false, "is_named": false}, "nomeadamente": {"lemma": "nomeadamente", "pos": "ADV", "is_stop": false, "is_named": false}, "em": {"lemma": "em", "pos": "ADP", "is_stop": true, "is_named": false}, "raz\u00f5es": {"lemma": "raz\u00e3o", "pos": "NOUN", "is_stop": false, "is_named": false}, "de": {"lemma": "de", "pos": "ADP", "is_stop": true, "is_named": false}, "ordem": {"lemma": "ordem", "pos": "NOUN", "is_stop": false, "is_named": false}, "econ\u00f3mica": {"lemma": "econ\u00f3mico", "pos": "ADJ", "is_stop": false, "is_named": false}}}, "it": {"text": "con argomentazioni principalmente di", "linguisticInfo": {"con": {"lemma": "con", "pos": "E", "is_stop": true, "is_named": false}, "argomentazioni": {"lemma": "argomentazione", "pos": "S", "is_stop": false, "is_named": false}, "principalmente": {"lemma": "principalmente", "pos": "B", "is_stop": true, "is_named": false}, "di": {"lemma": "di", "pos": "E", "is_stop": true, "is_named": false}}}}, "obj": {"type": "Event", "pt": {"text": "defenderam", "linguisticInfo": {"defenderam": {"lemma": "defender", "pos": "VERB", "is_stop": false, "is_named": false}}}, "it": {"text": "difeso", "linguisticInfo": {"difeso": {"lemma": "difendere", "pos": "V", "is_stop": false, "is_named": false}}}}}, {"id": "R34", "subj": {"type": "Non-human_Oth_participant", "pt": {"text": "em raz\u00f5es de ordem econ\u00f3mica", "linguisticInfo": {"em": {"lemma": "em", "pos": "ADP", "is_stop": true, "is_named": false}, "raz\u00f5es": {"lemma": "raz\u00e3o", "pos": "NOUN", "is_stop": false, "is_named": false}, "de": {"lemma": "de", "pos": "ADP", "is_stop": true, "is_named": false}, "ordem": {"lemma": "ordem", "pos": "NOUN", "is_stop": false, "is_named": false}, "econ\u00f3mica": {"lemma": "econ\u00f3mico", "pos": "ADJ", "is_stop": false, "is_named": false}}}, "it": {"text": "in argomentazioni di ordine economico", "linguisticInfo": {"in": {"lemma": "in", "pos": "E", "is_stop": true, "is_named": false}, "argomentazioni": {"lemma": "argomentazione", "pos": "S", "is_stop": false, "is_named": false}, "di": {"lemma": "di", "pos": "E", "is_stop": true, "is_named": false}, "ordine": {"lemma": "ordine", "pos": "S", "is_stop": false, "is_named": false}, "economico": {"lemma": "economico", "pos": "A", "is_stop": false, "is_named": false}}}}, "obj": {"type": "Event", "pt": {"text": "assentaram", "linguisticInfo": {"assentaram": {"lemma": "assentar", "pos": "VERB", "is_stop": false, "is_named": false}}}, "it": {"text": "l&apos;", "linguisticInfo": {"l&apos": {"lemma": "l&apos", "pos": "B", "is_stop": false, "is_named": false}, ";": {"lemma": ";", "pos": "FC", "is_stop": false, "is_named": false}}}}}, {"id": "R35", "subj": {"type": "Non-human_Agent", "pt": {"text": "que", "linguisticInfo": {"que": {"lemma": "que", "pos": "SCONJ", "is_stop": true, "is_named": false}}}, "it": {"text": "", "linguisticInfo": {}}}, "obj": {"type": "Event", "pt": {"text": "assentaram", "linguisticInfo": {"assentaram": {"lemma": "assentar", "pos": "VERB", "is_stop": false, "is_named": false}}}, "it": {"text": "l&apos;", "linguisticInfo": {"l&apos": {"lemma": "l&apos", "pos": "B", "is_stop": false, "is_named": false}, ";": {"lemma": ";", "pos": "FC", "is_stop": false, "is_named": false}}}}}]}, "sentences_5": {"itText": "NULL nel frattempo , \u00e8 stata rinviata la discussione dei progetti di legge previsti per ieri sulla tutela dei consumatori .", "ptText": "entretanto , foi adiada a discuss\u00e3o dos projectos de lei , que estavam agendados para ontem , sobre a defesa do consumidor . \n", "relations": [{"id": "R38", "subj": {"type": "Non-human_Patient", "pt": {"text": "a discuss\u00e3o dos projectos de lei , que estavam agendados para ontem , sobre a defesa do consumidor", "linguisticInfo": {"a": {"lemma": "o", "pos": "DET", "is_stop": true, "is_named": false}, "discuss\u00e3o": {"lemma": "discuss\u00e3o", "pos": "NOUN", "is_stop": false, "is_named": false}, "dos": {"lemma": "dos", "pos": "ADP", "is_stop": true, "is_named": false}, "projectos": {"lemma": "projecto", "pos": "NOUN", "is_stop": false, "is_named": false}, "de": {"lemma": "de", "pos": "ADP", "is_stop": true, "is_named": false}, "lei": {"lemma": "lei", "pos": "NOUN", "is_stop": false, "is_named": false}, ",": {"lemma": ",", "pos": "PUNCT", "is_stop": false, "is_named": false}, "que": {"lemma": "que", "pos": "PRON", "is_stop": true, "is_named": false}, "estavam": {"lemma": "estar", "pos": "AUX", "is_stop": false, "is_named": false}, "agendados": {"lemma": "agendar", "pos": "ADJ", "is_stop": false, "is_named": false}, "para": {"lemma": "parir", "pos": "ADP", "is_stop": true, "is_named": false}, "ontem": {"lemma": "ontem", "pos": "ADV", "is_stop": true, "is_named": false}, "sobre": {"lemma": "sobrar", "pos": "ADP", "is_stop": true, "is_named": false}, "defesa": {"lemma": "defeso", "pos": "NOUN", "is_stop": false, "is_named": false}, "do": {"lemma": "do", "pos": "ADP", "is_stop": true, "is_named": false}, "consumidor": {"lemma": "consumidor", "pos": "NOUN", "is_stop": false, "is_named": false}}}, "it": {"text": "la discussione dei progetti di legge previsti per", "linguisticInfo": {"la": {"lemma": "il", "pos": "RD", "is_stop": true, "is_named": false}, "discussione": {"lemma": "discussione", "pos": "S", "is_stop": false, "is_named": false}, "dei": {"lemma": "del", "pos": "E_RD", "is_stop": true, "is_named": false}, "progetti": {"lemma": "progetto", "pos": "S", "is_stop": false, "is_named": false}, "di": {"lemma": "di", "pos": "E", "is_stop": true, "is_named": false}, "legge": {"lemma": "legge", "pos": "S", "is_stop": false, "is_named": false}, "previsti": {"lemma": "previsto", "pos": "V", "is_stop": false, "is_named": false}, "per": {"lemma": "per", "pos": "E", "is_stop": true, "is_named": false}}}}, "obj": {"type": "Event", "pt": {"text": "foi adiada", "linguisticInfo": {"foi": {"lemma": "ser", "pos": "AUX", "is_stop": true, "is_named": false}, "adiada": {"lemma": "adiar", "pos": "VERB", "is_stop": false, "is_named": false}}}, "it": {"text": "stata rinviata", "linguisticInfo": {"stata": {"lemma": "stare", "pos": "VA", "is_stop": true, "is_named": false}, "rinviata": {"lemma": "rinviare", "pos": "V", "is_stop": false, "is_named": false}}}}}, {"id": "R40", "subj": {"type": "Non-human_Patient", "pt": {"text": "que", "linguisticInfo": {"que": {"lemma": "que", "pos": "SCONJ", "is_stop": true, "is_named": false}}}, "it": {"text": "", "linguisticInfo": {}}}, "obj": {"type": "Event", "pt": {"text": "estavam agendados", "linguisticInfo": {"estavam": {"lemma": "estar", "pos": "AUX", "is_stop": false, "is_named": false}, "agendados": {"lemma": "agendar", "pos": "ADJ", "is_stop": false, "is_named": false}}}, "it": {"text": "previsti per ieri", "linguisticInfo": {"previsti": {"lemma": "previsto", "pos": "V", "is_stop": false, "is_named": false}, "per": {"lemma": "per", "pos": "E", "is_stop": true, "is_named": false}, "ieri": {"lemma": "ieri", "pos": "B", "is_stop": true, "is_named": false}}}}}, {"id": "R41", "subj": {"type": "Time", "pt": {"text": "para ontem", "linguisticInfo": {"para": {"lemma": "parir", "pos": "ADP", "is_stop": true, "is_named": false}, "ontem": {"lemma": "ontem", "pos": "ADV", "is_stop": true, "is_named": false}}}, "it": {"text": "per ieri", "linguisticInfo": {"per": {"lemma": "per", "pos": "E", "is_stop": true, "is_named": false}, "ieri": {"lemma": "ieri", "pos": "B", "is_stop": true, "is_named": false}}}}, "obj": {"type": "Event", "pt": {"text": "estavam agendados", "linguisticInfo": {"estavam": {"lemma": "estar", "pos": "AUX", "is_stop": false, "is_named": false}, "agendados": {"lemma": "agendar", "pos": "ADJ", "is_stop": false, "is_named": false}}}, "it": {"text": "previsti per ieri", "linguisticInfo": {"previsti": {"lemma": "previsto", "pos": "V", "is_stop": false, "is_named": false}, "per": {"lemma": "per", "pos": "E", "is_stop": true, "is_named": false}, "ieri": {"lemma": "ieri", "pos": "B", "is_stop": true, "is_named": false}}}}}]}, "sentences_6": {"itText": "NULL d \u2019 altro canto , in merito al processo di riforma costituzionale , il fronte repubblicano e socialista ( frs ) , presenter\u00e0 oggi il suo progetto comune . secondo jorge miranda , l \u2019 azione social democratica indipendente ( asdi ) , si prepara a ritirare la proposta che aveva consegnato in precedenza al parlamento .", "ptText": "por outro lado , e quanto ao processo de revis\u00e3o constitucional , a frs apresentar\u00e1 hoje o seu projecto comum . segundo jorge miranda , a asdi vai retirar o texto que entretanto j\u00e1 tinha entregado no parlamento . \n", "relations": [{"id": "R42", "subj": {"type": "Human_Agent", "pt": {"text": "a FRS", "linguisticInfo": {"a": {"lemma": "o", "pos": "ADP", "is_stop": true, "is_named": false}, "FRS": {"lemma": "FRS", "pos": "PROPN", "is_stop": false, "is_named": true}}}, "it": {"text": "frs", "linguisticInfo": {"frs": {"lemma": "frs", "pos": "S", "is_stop": false, "is_named": false}}}}, "obj": {"type": "Event", "pt": {"text": "apresentar\u00e1", "linguisticInfo": {"apresentar\u00e1": {"lemma": "apresentar", "pos": "VERB", "is_stop": false, "is_named": false}}}, "it": {"text": "presenter\u00e0", "linguisticInfo": {"presenter\u00e0": {"lemma": "presentare", "pos": "V", "is_stop": false, "is_named": false}}}}}, {"id": "R43", "subj": {"type": "Time", "pt": {"text": "hoje", "linguisticInfo": {"hoje": {"lemma": "hoje", "pos": "ADV", "is_stop": false, "is_named": false}}}, "it": {"text": "oggi", "linguisticInfo": {"oggi": {"lemma": "oggi", "pos": "B", "is_stop": true, "is_named": false}}}}, "obj": {"type": "Event", "pt": {"text": "apresentar\u00e1", "linguisticInfo": {"apresentar\u00e1": {"lemma": "apresentar", "pos": "VERB", "is_stop": false, "is_named": false}}}, "it": {"text": "presenter\u00e0", "linguisticInfo": {"presenter\u00e0": {"lemma": "presentare", "pos": "V", "is_stop": false, "is_named": false}}}}}, {"id": "R44", "subj": {"type": "Non-human_Patient", "pt": {"text": "o seu projecto comum", "linguisticInfo": {"o": {"lemma": "o", "pos": "DET", "is_stop": true, "is_named": false}, "seu": {"lemma": "seu", "pos": "DET", "is_stop": true, "is_named": false}, "projecto": {"lemma": "projectar", "pos": "NOUN", "is_stop": false, "is_named": false}, "comum": {"lemma": "comum", "pos": "ADJ", "is_stop": false, "is_named": false}}}, "it": {"text": "il suo progetto comune", "linguisticInfo": {"il": {"lemma": "il", "pos": "RD", "is_stop": true, "is_named": false}, "suo": {"lemma": "suo", "pos": "AP", "is_stop": true, "is_named": false}, "progetto": {"lemma": "progetto", "pos": "S", "is_stop": false, "is_named": false}, "comune": {"lemma": "comune", "pos": "A", "is_stop": false, "is_named": false}}}}, "obj": {"type": "Event", "pt": {"text": "apresentar\u00e1", "linguisticInfo": {"apresentar\u00e1": {"lemma": "apresentar", "pos": "VERB", "is_stop": false, "is_named": false}}}, "it": {"text": "presenter\u00e0", "linguisticInfo": {"presenter\u00e0": {"lemma": "presentare", "pos": "V", "is_stop": false, "is_named": false}}}}}, {"id": "R45", "subj": {"type": "Non-human_Patient", "pt": {"text": "o texto que entretanto j\u00e1 tinha entregado no Parlamento", "linguisticInfo": {"o": {"lemma": "o", "pos": "DET", "is_stop": true, "is_named": false}, "texto": {"lemma": "texto", "pos": "NOUN", "is_stop": false, "is_named": false}, "que": {"lemma": "que", "pos": "PRON", "is_stop": true, "is_named": false}, "entretanto": {"lemma": "entretanto", "pos": "CCONJ", "is_stop": false, "is_named": false}, "j\u00e1": {"lemma": "j\u00e1", "pos": "ADV", "is_stop": true, "is_named": false}, "tinha": {"lemma": "ter", "pos": "AUX", "is_stop": false, "is_named": false}, "entregado": {"lemma": "entregar", "pos": "VERB", "is_stop": false, "is_named": false}, "no": {"lemma": "o", "pos": "ADP", "is_stop": true, "is_named": false}, "Parlamento": {"lemma": "Parlamento", "pos": "NOUN", "is_stop": false, "is_named": true}}}, "it": {"text": "d \u2019 asdi ) , che aveva consegnato", "linguisticInfo": {"d": {"lemma": "d", "pos": "E", "is_stop": false, "is_named": false}, "\u2019": {"lemma": "\u2019", "pos": "B", "is_stop": false, "is_named": false}, "asdi": {"lemma": "asdi", "pos": "A", "is_stop": false, "is_named": false}, ")": {"lemma": ")", "pos": "FB", "is_stop": false, "is_named": false}, ",": {"lemma": ",", "pos": "FF", "is_stop": false, "is_named": false}, "che": {"lemma": "che", "pos": "PR", "is_stop": true, "is_named": false}, "aveva": {"lemma": "avere", "pos": "VA", "is_stop": true, "is_named": false}, "consegnato": {"lemma": "consegnare", "pos": "V", "is_stop": false, "is_named": false}}}}, "obj": {"type": "Event", "pt": {"text": "vai retirar", "linguisticInfo": {"vai": {"lemma": "ir", "pos": "AUX", "is_stop": true, "is_named": false}, "retirar": {"lemma": "retirar", "pos": "VERB", "is_stop": false, "is_named": false}}}, "it": {"text": "asdi ritirare", "linguisticInfo": {"asdi": {"lemma": "asdi", "pos": "V", "is_stop": false, "is_named": false}, "ritirare": {"lemma": "ritirare", "pos": "V", "is_stop": false, "is_named": false}}}}}, {"id": "R46", "subj": {"type": "Human_Agent", "pt": {"text": "a ASDI", "linguisticInfo": {"a": {"lemma": "o", "pos": "ADP", "is_stop": true, "is_named": false}, "ASDI": {"lemma": "ASDI", "pos": "PROPN", "is_stop": false, "is_named": true}}}, "it": {"text": "l asdi", "linguisticInfo": {"l": {"lemma": "l", "pos": "PC", "is_stop": false, "is_named": false}, "asdi": {"lemma": "asdi", "pos": "V", "is_stop": false, "is_named": false}}}}, "obj": {"type": "Event", "pt": {"text": "vai retirar", "linguisticInfo": {"vai": {"lemma": "ir", "pos": "AUX", "is_stop": true, "is_named": false}, "retirar": {"lemma": "retirar", "pos": "VERB", "is_stop": false, "is_named": false}}}, "it": {"text": "asdi ritirare", "linguisticInfo": {"asdi": {"lemma": "asdi", "pos": "V", "is_stop": false, "is_named": false}, "ritirare": {"lemma": "ritirare", "pos": "V", "is_stop": false, "is_named": false}}}}}, {"id": "R47", "subj": {"type": "Non-human_Patient", "pt": {"text": "que", "linguisticInfo": {"que": {"lemma": "que", "pos": "SCONJ", "is_stop": true, "is_named": false}}}, "it": {"text": "che", "linguisticInfo": {"che": {"lemma": "che", "pos": "CS", "is_stop": true, "is_named": false}}}}, "obj": {"type": "Event", "pt": {"text": "j\u00e1 tinha entregado", "linguisticInfo": {"j\u00e1": {"lemma": "j\u00e1", "pos": "ADV", "is_stop": true, "is_named": false}, "tinha": {"lemma": "ter", "pos": "AUX", "is_stop": false, "is_named": false}, "entregado": {"lemma": "entregar", "pos": "VERB", "is_stop": false, "is_named": false}}}, "it": {"text": "precedenza al parlamento", "linguisticInfo": {"precedenza": {"lemma": "precedenza", "pos": "S", "is_stop": false, "is_named": false}, "al": {"lemma": "al", "pos": "E_RD", "is_stop": true, "is_named": false}, "parlamento": {"lemma": "parlamento", "pos": "S", "is_stop": false, "is_named": false}}}}}, {"id": "R48", "subj": {"type": "Time", "pt": {"text": "entretanto", "linguisticInfo": {"entretanto": {"lemma": "entretanto", "pos": "CCONJ", "is_stop": false, "is_named": false}}}, "it": {"text": "asdi", "linguisticInfo": {"asdi": {"lemma": "asdi", "pos": "V", "is_stop": false, "is_named": false}}}}, "obj": {"type": "Event", "pt": {"text": "j\u00e1 tinha entregado", "linguisticInfo": {"j\u00e1": {"lemma": "j\u00e1", "pos": "ADV", "is_stop": true, "is_named": false}, "tinha": {"lemma": "ter", "pos": "AUX", "is_stop": false, "is_named": false}, "entregado": {"lemma": "entregar", "pos": "VERB", "is_stop": false, "is_named": false}}}, "it": {"text": "precedenza al parlamento", "linguisticInfo": {"precedenza": {"lemma": "precedenza", "pos": "S", "is_stop": false, "is_named": false}, "al": {"lemma": "al", "pos": "E_RD", "is_stop": true, "is_named": false}, "parlamento": {"lemma": "parlamento", "pos": "S", "is_stop": false, "is_named": false}}}}}, {"id": "R49", "subj": {"type": "Oth_location", "pt": {"text": "no Parlamento", "linguisticInfo": {"no": {"lemma": "o", "pos": "ADP", "is_stop": true, "is_named": false}, "Parlamento": {"lemma": "Parlamento", "pos": "NOUN", "is_stop": false, "is_named": true}}}, "it": {"text": "parlamento", "linguisticInfo": {"parlamento": {"lemma": "parlamento", "pos": "S", "is_stop": false, "is_named": false}}}}, "obj": {"type": "Event", "pt": {"text": "j\u00e1 tinha entregado", "linguisticInfo": {"j\u00e1": {"lemma": "j\u00e1", "pos": "ADV", "is_stop": true, "is_named": false}, "tinha": {"lemma": "ter", "pos": "AUX", "is_stop": false, "is_named": false}, "entregado": {"lemma": "entregar", "pos": "VERB", "is_stop": false, "is_named": false}}}, "it": {"text": "precedenza al parlamento", "linguisticInfo": {"precedenza": {"lemma": "precedenza", "pos": "S", "is_stop": false, "is_named": false}, "al": {"lemma": "al", "pos": "E_RD", "is_stop": true, "is_named": false}, "parlamento": {"lemma": "parlamento", "pos": "S", "is_stop": false, "is_named": false}}}}}]}, "sentences_7": {"itText": "NULL la commissione per le riforme costituzionali del frs si \u00e8 riunita ieri per elaborare il testo della riforma . da parte sua , il comitato politico del partito socialista ( ps ) ha esaminato , fino alle prime ore del mattino , il progetto di legge che sar\u00e0 successivamente analizzato dal frs .", "ptText": "a comiss\u00e3o de revis\u00e3o constitucional da frs esteve ontem reunida para ultimar a elabora\u00e7\u00e3o do seu documento . por seu turno , a comiss\u00e3o pol\u00edtica do ps analisou , at\u00e9 \u00e0 madrugada de ontem , o projecto a ser analisado , posteriormente , pela frs . \n", "relations": [{"id": "R53", "subj": {"type": "Non-human_Patient", "pt": {"text": "a elabora\u00e7\u00e3o do seu documento", "linguisticInfo": {"a": {"lemma": "o", "pos": "DET", "is_stop": true, "is_named": false}, "elabora\u00e7\u00e3o": {"lemma": "elabora\u00e7\u00e3o", "pos": "NOUN", "is_stop": false, "is_named": false}, "do": {"lemma": "do", "pos": "ADP", "is_stop": true, "is_named": false}, "seu": {"lemma": "seu", "pos": "DET", "is_stop": true, "is_named": false}, "documento": {"lemma": "documentar", "pos": "NOUN", "is_stop": false, "is_named": false}}}, "it": {"text": "la commissione elaborare il testo del partito socialista il progetto di", "linguisticInfo": {"la": {"lemma": "il", "pos": "RD", "is_stop": true, "is_named": false}, "commissione": {"lemma": "commissione", "pos": "S", "is_stop": false, "is_named": false}, "elaborare": {"lemma": "elaborare", "pos": "V", "is_stop": false, "is_named": false}, "il": {"lemma": "il", "pos": "RD", "is_stop": true, "is_named": false}, "testo": {"lemma": "testo", "pos": "S", "is_stop": false, "is_named": false}, "del": {"lemma": "del", "pos": "E_RD", "is_stop": true, "is_named": false}, "partito": {"lemma": "partito", "pos": "S", "is_stop": false, "is_named": false}, "socialista": {"lemma": "socialista", "pos": "A", "is_stop": false, "is_named": false}, "progetto": {"lemma": "progetto", "pos": "S", "is_stop": false, "is_named": false}, "di": {"lemma": "di", "pos": "E", "is_stop": true, "is_named": false}}}}, "obj": {"type": "Event", "pt": {"text": "ultimar", "linguisticInfo": {"ultimar": {"lemma": "ultimar", "pos": "VERB", "is_stop": false, "is_named": false}}}, "it": {"text": "", "linguisticInfo": {}}}}, {"id": "R55", "subj": {"type": "Human_Agent", "pt": {"text": "a Comiss\u00e3o Pol\u00edtica do PS", "linguisticInfo": {"a": {"lemma": "o", "pos": "DET", "is_stop": true, "is_named": false}, "Comiss\u00e3o": {"lemma": "Comiss\u00e3o", "pos": "PROPN", "is_stop": false, "is_named": true}, "Pol\u00edtica": {"lemma": "Pol\u00edtica", "pos": "PROPN", "is_stop": false, "is_named": true}, "do": {"lemma": "do", "pos": "ADP", "is_stop": true, "is_named": false}, "PS": {"lemma": "PS", "pos": "PROPN", "is_stop": false, "is_named": true}}}, "it": {"text": "comitato politico del ps", "linguisticInfo": {"comitato": {"lemma": "comitato", "pos": "S", "is_stop": false, "is_named": false}, "politico": {"lemma": "politico", "pos": "A", "is_stop": false, "is_named": false}, "del": {"lemma": "del", "pos": "E_RD", "is_stop": true, "is_named": false}, "ps": {"lemma": "ps", "pos": "PP", "is_stop": false, "is_named": false}}}}, "obj": {"type": "Event", "pt": {"text": "analisou", "linguisticInfo": {"analisou": {"lemma": "analisar", "pos": "VERB", "is_stop": false, "is_named": false}}}, "it": {"text": "esaminato", "linguisticInfo": {"esaminato": {"lemma": "esaminare", "pos": "V", "is_stop": false, "is_named": false}}}}}, {"id": "R56", "subj": {"type": "Time", "pt": {"text": "at\u00e9 \u00e0 madrugada de ontem", "linguisticInfo": {"at\u00e9": {"lemma": "at\u00e9", "pos": "ADP", "is_stop": true, "is_named": false}, "\u00e0": {"lemma": "\u00e0", "pos": "ADP", "is_stop": true, "is_named": false}, "madrugada": {"lemma": "madrugar", "pos": "NOUN", "is_stop": false, "is_named": false}, "de": {"lemma": "de", "pos": "ADP", "is_stop": true, "is_named": false}, "ontem": {"lemma": "ontem", "pos": "ADV", "is_stop": true, "is_named": false}}}, "it": {"text": "fino alle prime ore mattino , il", "linguisticInfo": {"fino": {"lemma": "fino", "pos": "B", "is_stop": true, "is_named": false}, "alle": {"lemma": "alla", "pos": "E_RD", "is_stop": true, "is_named": false}, "prime": {"lemma": "primo", "pos": "NO", "is_stop": false, "is_named": false}, "ore": {"lemma": "ora", "pos": "S", "is_stop": true, "is_named": false}, "mattino": {"lemma": "mattino", "pos": "S", "is_stop": false, "is_named": false}, ",": {"lemma": ",", "pos": "FF", "is_stop": false, "is_named": false}, "il": {"lemma": "il", "pos": "RD", "is_stop": true, "is_named": false}}}}, "obj": {"type": "Event", "pt": {"text": "analisou", "linguisticInfo": {"analisou": {"lemma": "analisar", "pos": "VERB", "is_stop": false, "is_named": false}}}, "it": {"text": "esaminato", "linguisticInfo": {"esaminato": {"lemma": "esaminare", "pos": "V", "is_stop": false, "is_named": false}}}}}, {"id": "R57", "subj": {"type": "Non-human_Patient", "pt": {"text": "o projecto a ser analisado , posteriormente , pela FRS", "linguisticInfo": {"o": {"lemma": "o", "pos": "DET", "is_stop": true, "is_named": false}, "projecto": {"lemma": "projectar", "pos": "NOUN", "is_stop": false, "is_named": false}, "a": {"lemma": "o", "pos": "SCONJ", "is_stop": true, "is_named": false}, "ser": {"lemma": "ser", "pos": "AUX", "is_stop": true, "is_named": false}, "analisado": {"lemma": "analisar", "pos": "VERB", "is_stop": false, "is_named": false}, ",": {"lemma": ",", "pos": "PUNCT", "is_stop": false, "is_named": false}, "posteriormente": {"lemma": "posteriormente", "pos": "ADV", "is_stop": false, "is_named": false}, "pela": {"lemma": "pelar", "pos": "ADP", "is_stop": true, "is_named": false}, "FRS": {"lemma": "FRS", "pos": "PROPN", "is_stop": false, "is_named": true}}}, "it": {"text": "il testo della progetto di legge", "linguisticInfo": {"il": {"lemma": "il", "pos": "RD", "is_stop": true, "is_named": false}, "testo": {"lemma": "testo", "pos": "S", "is_stop": false, "is_named": false}, "della": {"lemma": "della", "pos": "E_RD", "is_stop": true, "is_named": false}, "progetto": {"lemma": "progetto", "pos": "S", "is_stop": false, "is_named": false}, "di": {"lemma": "di", "pos": "E", "is_stop": true, "is_named": false}, "legge": {"lemma": "legge", "pos": "S", "is_stop": false, "is_named": false}}}}, "obj": {"type": "Event", "pt": {"text": "analisou", "linguisticInfo": {"analisou": {"lemma": "analisar", "pos": "VERB", "is_stop": false, "is_named": false}}}, "it": {"text": "esaminato", "linguisticInfo": {"esaminato": {"lemma": "esaminare", "pos": "V", "is_stop": false, "is_named": false}}}}}, {"id": "R58", "subj": {"type": "Non-human_Patient", "pt": {"text": "o projecto", "linguisticInfo": {"o": {"lemma": "o", "pos": "DET", "is_stop": true, "is_named": false}, "projecto": {"lemma": "projectar", "pos": "NOUN", "is_stop": false, "is_named": false}}}, "it": {"text": "il progetto", "linguisticInfo": {"il": {"lemma": "il", "pos": "RD", "is_stop": true, "is_named": false}, "progetto": {"lemma": "progetto", "pos": "S", "is_stop": false, "is_named": false}}}}, "obj": {"type": "Event", "pt": {"text": "a ser analisado", "linguisticInfo": {"a": {"lemma": "o", "pos": "SCONJ", "is_stop": true, "is_named": false}, "ser": {"lemma": "ser", "pos": "AUX", "is_stop": true, "is_named": false}, "analisado": {"lemma": "analisar", "pos": "VERB", "is_stop": false, "is_named": false}}}, "it": {"text": "sar\u00e0 analizzato", "linguisticInfo": {"sar\u00e0": {"lemma": "essere", "pos": "VA", "is_stop": true, "is_named": false}, "analizzato": {"lemma": "analizzare", "pos": "V", "is_stop": false, "is_named": false}}}}}, {"id": "R59", "subj": {"type": "Time", "pt": {"text": "posteriormente", "linguisticInfo": {"posteriormente": {"lemma": "posteriormente", "pos": "ADV", "is_stop": false, "is_named": false}}}, "it": {"text": "successivamente", "linguisticInfo": {"successivamente": {"lemma": "successivamente", "pos": "B", "is_stop": true, "is_named": false}}}}, "obj": {"type": "Event", "pt": {"text": "a ser analisado", "linguisticInfo": {"a": {"lemma": "o", "pos": "SCONJ", "is_stop": true, "is_named": false}, "ser": {"lemma": "ser", "pos": "AUX", "is_stop": true, "is_named": false}, "analisado": {"lemma": "analisar", "pos": "VERB", "is_stop": false, "is_named": false}}}, "it": {"text": "sar\u00e0 analizzato", "linguisticInfo": {"sar\u00e0": {"lemma": "essere", "pos": "VA", "is_stop": true, "is_named": false}, "analizzato": {"lemma": "analizzare", "pos": "V", "is_stop": false, "is_named": false}}}}}, {"id": "R60", "subj": {"type": "Human_Agent", "pt": {"text": "pela FRS", "linguisticInfo": {"pela": {"lemma": "pelar", "pos": "ADP", "is_stop": true, "is_named": false}, "FRS": {"lemma": "FRS", "pos": "PROPN", "is_stop": false, "is_named": true}}}, "it": {"text": "dal frs", "linguisticInfo": {"dal": {"lemma": "dal", "pos": "E_RD", "is_stop": true, "is_named": false}, "frs": {"lemma": "frs", "pos": "S", "is_stop": false, "is_named": false}}}}, "obj": {"type": "Event", "pt": {"text": "a ser analisado", "linguisticInfo": {"a": {"lemma": "o", "pos": "SCONJ", "is_stop": true, "is_named": false}, "ser": {"lemma": "ser", "pos": "AUX", "is_stop": true, "is_named": false}, "analisado": {"lemma": "analisar", "pos": "VERB", "is_stop": false, "is_named": false}}}, "it": {"text": "sar\u00e0 analizzato", "linguisticInfo": {"sar\u00e0": {"lemma": "essere", "pos": "VA", "is_stop": true, "is_named": false}, "analizzato": {"lemma": "analizzare", "pos": "V", "is_stop": false, "is_named": false}}}}}]}, "sentences_8": {"itText": "NULL il partito comunista portoghese ( pcp ) , inoltre , ha consegnato ieri la sua proposta di emendamento che , come verr\u00e0 approfondito successivamente sempre a pagina 3 , si prefigge la rettifica dell \u2019 articolo 63 , l \u2019 aggiunta dell \u2019 articolo 4 e la soppressione del 15 dell \u2019 attuale costituzione . il progetto del pcp non prevede la soppressione del consiglio della rivoluzione .", "ptText": "o partido comunista portugu\u00eas , por outro lado , fez entrega , ontem , do seu projecto de revis\u00e3o , que , conforme relatamos em pormenor tamb\u00e9m na p\u00e1gina 3 , prop\u00f5e a altera\u00e7\u00e3o de 63 artigos , o acrescento de quatro e a supress\u00e3o de 15 da actual constitui\u00e7\u00e3o . o projecto do pcp n\u00e3o prop\u00f5e a elimina\u00e7\u00e3o do conselho da revolu\u00e7\u00e3o . \n", "relations": [{"id": "R61", "subj": {"type": "Human_Agent", "pt": {"text": "O Partido Comunista Portugu\u00eas", "linguisticInfo": {"O": {"lemma": "O", "pos": "DET", "is_stop": true, "is_named": true}, "Partido": {"lemma": "Partido", "pos": "PROPN", "is_stop": false, "is_named": true}, "Comunista": {"lemma": "Comunista", "pos": "PROPN", "is_stop": false, "is_named": true}, "Portugu\u00eas": {"lemma": "Portugu\u00eas", "pos": "PROPN", "is_stop": false, "is_named": true}}}, "it": {"text": "il partito comunista portoghese", "linguisticInfo": {"il": {"lemma": "il", "pos": "RD", "is_stop": true, "is_named": false}, "partito": {"lemma": "partito", "pos": "S", "is_stop": false, "is_named": false}, "comunista": {"lemma": "comunista", "pos": "A", "is_stop": false, "is_named": false}, "portoghese": {"lemma": "portoghese", "pos": "A", "is_stop": false, "is_named": false}}}}, "obj": {"type": "Event", "pt": {"text": "fez entrega", "linguisticInfo": {"fez": {"lemma": "fazer", "pos": "VERB", "is_stop": true, "is_named": false}, "entrega": {"lemma": "entregar", "pos": "NOUN", "is_stop": false, "is_named": false}}}, "it": {"text": "63 , l", "linguisticInfo": {"63": {"lemma": "63", "pos": "N", "is_stop": false, "is_named": false}, ",": {"lemma": ",", "pos": "FF", "is_stop": false, "is_named": false}, "l": {"lemma": "l", "pos": "PC", "is_stop": false, "is_named": false}}}}}, {"id": "R62", "subj": {"type": "Time", "pt": {"text": "ontem", "linguisticInfo": {"ontem": {"lemma": "ontem", "pos": "ADV", "is_stop": true, "is_named": false}}}, "it": {"text": "ieri", "linguisticInfo": {"ieri": {"lemma": "ieri", "pos": "B", "is_stop": true, "is_named": false}}}}, "obj": {"type": "Event", "pt": {"text": "fez entrega", "linguisticInfo": {"fez": {"lemma": "fazer", "pos": "VERB", "is_stop": true, "is_named": false}, "entrega": {"lemma": "entregar", "pos": "NOUN", "is_stop": false, "is_named": false}}}, "it": {"text": "63 , l", "linguisticInfo": {"63": {"lemma": "63", "pos": "N", "is_stop": false, "is_named": false}, ",": {"lemma": ",", "pos": "FF", "is_stop": false, "is_named": false}, "l": {"lemma": "l", "pos": "PC", "is_stop": false, "is_named": false}}}}}, {"id": "R63", "subj": {"type": "Non-human_Patient", "pt": {"text": "do seu projecto de revis\u00e3o", "linguisticInfo": {"do": {"lemma": "do", "pos": "ADP", "is_stop": true, "is_named": false}, "seu": {"lemma": "seu", "pos": "DET", "is_stop": true, "is_named": false}, "projecto": {"lemma": "projectar", "pos": "NOUN", "is_stop": false, "is_named": false}, "de": {"lemma": "de", "pos": "ADP", "is_stop": true, "is_named": false}, "revis\u00e3o": {"lemma": "revis\u00e3o", "pos": "NOUN", "is_stop": false, "is_named": false}}}, "it": {"text": "sua proposta di emendamento", "linguisticInfo": {"sua": {"lemma": "suo", "pos": "AP", "is_stop": true, "is_named": false}, "proposta": {"lemma": "proposta", "pos": "S", "is_stop": false, "is_named": false}, "di": {"lemma": "di", "pos": "E", "is_stop": true, "is_named": false}, "emendamento": {"lemma": "emendamento", "pos": "S", "is_stop": false, "is_named": false}}}}, "obj": {"type": "Event", "pt": {"text": "fez entrega", "linguisticInfo": {"fez": {"lemma": "fazer", "pos": "VERB", "is_stop": true, "is_named": false}, "entrega": {"lemma": "entregar", "pos": "NOUN", "is_stop": false, "is_named": false}}}, "it": {"text": "63 , l", "linguisticInfo": {"63": {"lemma": "63", "pos": "N", "is_stop": false, "is_named": false}, ",": {"lemma": ",", "pos": "FF", "is_stop": false, "is_named": false}, "l": {"lemma": "l", "pos": "PC", "is_stop": false, "is_named": false}}}}}, {"id": "R64", "subj": {"type": "Oth_argument", "pt": {"text": "em pormenor", "linguisticInfo": {"em": {"lemma": "em", "pos": "ADP", "is_stop": true, "is_named": false}, "pormenor": {"lemma": "pormenor", "pos": "NOUN", "is_stop": false, "is_named": false}}}, "it": {"text": "3", "linguisticInfo": {"3": {"lemma": "3", "pos": "N", "is_stop": false, "is_named": false}}}}, "obj": {"type": "Event", "pt": {"text": "relatamos", "linguisticInfo": {"relatamos": {"lemma": "relatar", "pos": "VERB", "is_stop": false, "is_named": false}}}, "it": {"text": "63", "linguisticInfo": {"63": {"lemma": "63", "pos": "N", "is_stop": false, "is_named": false}}}}}, {"id": "R65", "subj": {"type": "Oth_location", "pt": {"text": "na p\u00e1gina 3", "linguisticInfo": {"na": {"lemma": "o", "pos": "ADP", "is_stop": true, "is_named": false}, "p\u00e1gina": {"lemma": "p\u00e1gina", "pos": "NOUN", "is_stop": false, "is_named": false}, "3": {"lemma": "3", "pos": "NUM", "is_stop": false, "is_named": false}}}, "it": {"text": "3 , si", "linguisticInfo": {"3": {"lemma": "3", "pos": "N", "is_stop": false, "is_named": false}, ",": {"lemma": ",", "pos": "FF", "is_stop": false, "is_named": false}, "si": {"lemma": "si", "pos": "PC", "is_stop": true, "is_named": false}}}}, "obj": {"type": "Event", "pt": {"text": "relatamos", "linguisticInfo": {"relatamos": {"lemma": "relatar", "pos": "VERB", "is_stop": false, "is_named": false}}}, "it": {"text": "63", "linguisticInfo": {"63": {"lemma": "63", "pos": "N", "is_stop": false, "is_named": false}}}}}, {"id": "R66", "subj": {"type": "Non-human_Patient", "pt": {"text": "a altera\u00e7\u00e3o de 63 artigos , o acrescento de quatro e a supress\u00e3o de 15 da actual Constitui\u00e7\u00e3o", "linguisticInfo": {"a": {"lemma": "o", "pos": "DET", "is_stop": true, "is_named": false}, "altera\u00e7\u00e3o": {"lemma": "altera\u00e7\u00e3o", "pos": "NOUN", "is_stop": false, "is_named": false}, "de": {"lemma": "de", "pos": "ADP", "is_stop": true, "is_named": false}, "63": {"lemma": "63", "pos": "NUM", "is_stop": false, "is_named": false}, "artigos": {"lemma": "artigo", "pos": "NOUN", "is_stop": false, "is_named": false}, ",": {"lemma": ",", "pos": "PUNCT", "is_stop": false, "is_named": false}, "o": {"lemma": "o", "pos": "DET", "is_stop": true, "is_named": false}, "acrescento": {"lemma": "acrescentar", "pos": "NOUN", "is_stop": false, "is_named": false}, "quatro": {"lemma": "quatro", "pos": "NUM", "is_stop": true, "is_named": false}, "e": {"lemma": "e", "pos": "CCONJ", "is_stop": true, "is_named": false}, "supress\u00e3o": {"lemma": "supress\u00e3o", "pos": "NOUN", "is_stop": false, "is_named": false}, "15": {"lemma": "15", "pos": "NUM", "is_stop": false, "is_named": false}, "da": {"lemma": "da", "pos": "ADP", "is_stop": true, "is_named": false}, "actual": {"lemma": "actual", "pos": "ADJ", "is_stop": false, "is_named": false}, "Constitui\u00e7\u00e3o": {"lemma": "Constitui\u00e7\u00e3o", "pos": "NOUN", "is_stop": false, "is_named": true}}}, "it": {"text": "la sua proposta rettifica dell \u2019", "linguisticInfo": {"la": {"lemma": "il", "pos": "RD", "is_stop": true, "is_named": false}, "sua": {"lemma": "suo", "pos": "AP", "is_stop": true, "is_named": false}, "proposta": {"lemma": "proposta", "pos": "S", "is_stop": false, "is_named": false}, "rettifica": {"lemma": "rettifica", "pos": "A", "is_stop": false, "is_named": false}, "dell": {"lemma": "dell", "pos": "SP", "is_stop": true, "is_named": false}, "\u2019": {"lemma": "\u2019", "pos": "SP", "is_stop": false, "is_named": false}}}}, "obj": {"type": "Event", "pt": {"text": "prop\u00f5e", "linguisticInfo": {"prop\u00f5e": {"lemma": "propor", "pos": "VERB", "is_stop": false, "is_named": false}}}, "it": {"text": "prefigge", "linguisticInfo": {"prefigge": {"lemma": "prefigge", "pos": "S", "is_stop": false, "is_named": false}}}}}, {"id": "R67", "subj": {"type": "Non-human_Agent", "pt": {"text": "que", "linguisticInfo": {"que": {"lemma": "que", "pos": "SCONJ", "is_stop": true, "is_named": false}}}, "it": {"text": "che", "linguisticInfo": {"che": {"lemma": "che", "pos": "CS", "is_stop": true, "is_named": false}}}}, "obj": {"type": "Event", "pt": {"text": "prop\u00f5e", "linguisticInfo": {"prop\u00f5e": {"lemma": "propor", "pos": "VERB", "is_stop": false, "is_named": false}}}, "it": {"text": "prefigge", "linguisticInfo": {"prefigge": {"lemma": "prefigge", "pos": "S", "is_stop": false, "is_named": false}}}}}, {"id": "R68", "subj": {"type": "Non-human_Patient", "pt": {"text": "63 artigos", "linguisticInfo": {"63": {"lemma": "63", "pos": "NUM", "is_stop": false, "is_named": false}, "artigos": {"lemma": "artigo", "pos": "NOUN", "is_stop": false, "is_named": false}}}, "it": {"text": "63 , l", "linguisticInfo": {"63": {"lemma": "63", "pos": "N", "is_stop": false, "is_named": false}, ",": {"lemma": ",", "pos": "FF", "is_stop": false, "is_named": false}, "l": {"lemma": "l", "pos": "PC", "is_stop": false, "is_named": false}}}}, "obj": {"type": "Event", "pt": {"text": "a altera\u00e7\u00e3o", "linguisticInfo": {"a": {"lemma": "o", "pos": "DET", "is_stop": true, "is_named": false}, "altera\u00e7\u00e3o": {"lemma": "altera\u00e7\u00e3o", "pos": "NOUN", "is_stop": false, "is_named": false}}}, "it": {"text": "la rettifica", "linguisticInfo": {"la": {"lemma": "il", "pos": "RD", "is_stop": true, "is_named": false}, "rettifica": {"lemma": "rettifica", "pos": "S", "is_stop": false, "is_named": false}}}}}, {"id": "R69", "subj": {"type": "Non-human_Patient", "pt": {"text": "quatro", "linguisticInfo": {"quatro": {"lemma": "quatro", "pos": "NUM", "is_stop": true, "is_named": false}}}, "it": {"text": "4", "linguisticInfo": {"4": {"lemma": "4", "pos": "N", "is_stop": false, "is_named": false}}}}, "obj": {"type": "Event", "pt": {"text": "o acrescento", "linguisticInfo": {"o": {"lemma": "o", "pos": "DET", "is_stop": true, "is_named": false}, "acrescento": {"lemma": "acrescentar", "pos": "NOUN", "is_stop": false, "is_named": false}}}, "it": {"text": "l aggiunta", "linguisticInfo": {"l": {"lemma": "l", "pos": "RD", "is_stop": false, "is_named": false}, "aggiunta": {"lemma": "aggiunta", "pos": "S", "is_stop": false, "is_named": false}}}}}, {"id": "R70", "subj": {"type": "Non-human_Patient", "pt": {"text": "15 da actual Constitui\u00e7\u00e3o", "linguisticInfo": {"15": {"lemma": "15", "pos": "NUM", "is_stop": false, "is_named": false}, "da": {"lemma": "da", "pos": "ADP", "is_stop": true, "is_named": false}, "actual": {"lemma": "actual", "pos": "ADJ", "is_stop": false, "is_named": false}, "Constitui\u00e7\u00e3o": {"lemma": "Constitui\u00e7\u00e3o", "pos": "NOUN", "is_stop": false, "is_named": true}}}, "it": {"text": "15 dell attuale costituzione", "linguisticInfo": {"15": {"lemma": "15", "pos": "N", "is_stop": false, "is_named": false}, "dell": {"lemma": "dell", "pos": "S", "is_stop": true, "is_named": false}, "attuale": {"lemma": "attuale", "pos": "A", "is_stop": false, "is_named": false}, "costituzione": {"lemma": "costituzione", "pos": "S", "is_stop": false, "is_named": false}}}}, "obj": {"type": "Event", "pt": {"text": "a supress\u00e3o", "linguisticInfo": {"a": {"lemma": "o", "pos": "DET", "is_stop": true, "is_named": false}, "supress\u00e3o": {"lemma": "supress\u00e3o", "pos": "NOUN", "is_stop": false, "is_named": false}}}, "it": {"text": "la soppressione", "linguisticInfo": {"la": {"lemma": "il", "pos": "RD", "is_stop": true, "is_named": false}, "soppressione": {"lemma": "soppressione", "pos": "S", "is_stop": false, "is_named": false}}}}}, {"id": "R71", "subj": {"type": "Non-human_Agent", "pt": {"text": "O projecto do PCP", "linguisticInfo": {"O": {"lemma": "O", "pos": "DET", "is_stop": true, "is_named": true}, "projecto": {"lemma": "projectar", "pos": "NOUN", "is_stop": false, "is_named": false}, "do": {"lemma": "do", "pos": "ADP", "is_stop": true, "is_named": false}, "PCP": {"lemma": "PCP", "pos": "PROPN", "is_stop": false, "is_named": true}}}, "it": {"text": "il progetto del pcp", "linguisticInfo": {"il": {"lemma": "il", "pos": "RD", "is_stop": true, "is_named": false}, "progetto": {"lemma": "progetto", "pos": "S", "is_stop": false, "is_named": false}, "del": {"lemma": "del", "pos": "E_RD", "is_stop": true, "is_named": false}, "pcp": {"lemma": "pcp", "pos": "S", "is_stop": false, "is_named": false}}}}, "obj": {"type": "Event", "pt": {"text": "n\u00e3o prop\u00f5e", "linguisticInfo": {"n\u00e3o": {"lemma": "n\u00e3o", "pos": "ADV", "is_stop": true, "is_named": false}, "prop\u00f5e": {"lemma": "propor", "pos": "VERB", "is_stop": false, "is_named": false}}}, "it": {"text": "non prevede la", "linguisticInfo": {"non": {"lemma": "non", "pos": "BN", "is_stop": true, "is_named": false}, "prevede": {"lemma": "prevedere", "pos": "V", "is_stop": false, "is_named": false}, "la": {"lemma": "il", "pos": "RD", "is_stop": true, "is_named": false}}}}}, {"id": "R72", "subj": {"type": "Non-human_Patient", "pt": {"text": "a elimina\u00e7\u00e3o do Conselho da Revolu\u00e7\u00e3o", "linguisticInfo": {"a": {"lemma": "o", "pos": "DET", "is_stop": true, "is_named": false}, "elimina\u00e7\u00e3o": {"lemma": "elimina\u00e7\u00e3o", "pos": "NOUN", "is_stop": false, "is_named": false}, "do": {"lemma": "do", "pos": "ADP", "is_stop": true, "is_named": false}, "Conselho": {"lemma": "Conselho", "pos": "PROPN", "is_stop": true, "is_named": true}, "da": {"lemma": "da", "pos": "ADP", "is_stop": true, "is_named": false}, "Revolu\u00e7\u00e3o": {"lemma": "Revolu\u00e7\u00e3o", "pos": "PROPN", "is_stop": false, "is_named": true}}}, "it": {"text": "la rettifica del consiglio della rivoluzione", "linguisticInfo": {"la": {"lemma": "il", "pos": "RD", "is_stop": true, "is_named": false}, "rettifica": {"lemma": "rettifica", "pos": "S", "is_stop": false, "is_named": false}, "del": {"lemma": "del", "pos": "E_RD", "is_stop": true, "is_named": false}, "consiglio": {"lemma": "consiglio", "pos": "S", "is_stop": true, "is_named": false}, "della": {"lemma": "della", "pos": "E_RD", "is_stop": true, "is_named": false}, "rivoluzione": {"lemma": "rivoluzione", "pos": "S", "is_stop": false, "is_named": false}}}}, "obj": {"type": "Event", "pt": {"text": "n\u00e3o prop\u00f5e", "linguisticInfo": {"n\u00e3o": {"lemma": "n\u00e3o", "pos": "ADV", "is_stop": true, "is_named": false}, "prop\u00f5e": {"lemma": "propor", "pos": "VERB", "is_stop": false, "is_named": false}}}, "it": {"text": "non prevede la", "linguisticInfo": {"non": {"lemma": "non", "pos": "BN", "is_stop": true, "is_named": false}, "prevede": {"lemma": "prevedere", "pos": "V", "is_stop": false, "is_named": false}, "la": {"lemma": "il", "pos": "RD", "is_stop": true, "is_named": false}}}}}]}, "sentences_9": {"itText": "NULL l&apos; agenzia di stampa nazionale , intanto , informa che anche il movimento democratico portoghese e la commissione democratica elettorale ( mdp / cde ) recapiteranno oggi la loro proposta di riforma . il termine per l \u2019 invio delle proposte scade luned\u00ec prossimo .", "ptText": "a anop informa , entretanto , que o mdp / cde entregar\u00e1 hoje , tamb\u00e9m , um projecto de revis\u00e3o . o prazo para apresenta\u00e7\u00e3o de textos de revis\u00e3o termina na segunda-feira . \n", "relations": [{"id": "R74", "subj": {"type": "Human_Agent", "pt": {"text": "A Anop", "linguisticInfo": {"A": {"lemma": "A", "pos": "DET", "is_stop": true, "is_named": true}, "Anop": {"lemma": "Anop", "pos": "PROPN", "is_stop": false, "is_named": true}}}, "it": {"text": "l&apos; recapiteranno", "linguisticInfo": {"l&apos": {"lemma": "l&apos", "pos": "B", "is_stop": false, "is_named": false}, ";": {"lemma": ";", "pos": "FC", "is_stop": false, "is_named": false}, "recapiteranno": {"lemma": "recapitare", "pos": "V", "is_stop": false, "is_named": false}}}}, "obj": {"type": "Event", "pt": {"text": "informa", "linguisticInfo": {"informa": {"lemma": "informar", "pos": "VERB", "is_stop": false, "is_named": false}}}, "it": {"text": "informa", "linguisticInfo": {"informa": {"lemma": "informare", "pos": "V", "is_stop": false, "is_named": false}}}}}, {"id": "R75", "subj": {"type": "Time", "pt": {"text": "entretanto", "linguisticInfo": {"entretanto": {"lemma": "entretanto", "pos": "CCONJ", "is_stop": false, "is_named": false}}}, "it": {"text": "intanto", "linguisticInfo": {"intanto": {"lemma": "intanto", "pos": "B", "is_stop": true, "is_named": false}}}}, "obj": {"type": "Event", "pt": {"text": "informa", "linguisticInfo": {"informa": {"lemma": "informar", "pos": "VERB", "is_stop": false, "is_named": false}}}, "it": {"text": "informa", "linguisticInfo": {"informa": {"lemma": "informare", "pos": "V", "is_stop": false, "is_named": false}}}}}, {"id": "R76", "subj": {"type": "Non-human_Oth_participant", "pt": {"text": "que o MDP / CDE entregar\u00e1 hoje , tamb\u00e9m , um projecto de revis\u00e3o", "linguisticInfo": {"que": {"lemma": "que", "pos": "SCONJ", "is_stop": true, "is_named": false}, "o": {"lemma": "o", "pos": "DET", "is_stop": true, "is_named": false}, "MDP": {"lemma": "MDP", "pos": "PROPN", "is_stop": false, "is_named": true}, "/": {"lemma": "/", "pos": "PUNCT", "is_stop": false, "is_named": false}, "CDE": {"lemma": "CDE", "pos": "PROPN", "is_stop": false, "is_named": true}, "entregar\u00e1": {"lemma": "entregar", "pos": "VERB", "is_stop": false, "is_named": false}, "hoje": {"lemma": "hoje", "pos": "ADV", "is_stop": false, "is_named": false}, ",": {"lemma": ",", "pos": "PUNCT", "is_stop": false, "is_named": false}, "tamb\u00e9m": {"lemma": "tamb\u00e9m", "pos": "ADV", "is_stop": true, "is_named": false}, "um": {"lemma": "um", "pos": "DET", "is_stop": true, "is_named": false}, "projecto": {"lemma": "projectar", "pos": "NOUN", "is_stop": false, "is_named": false}, "de": {"lemma": "de", "pos": "ADP", "is_stop": true, "is_named": false}, "revis\u00e3o": {"lemma": "revis\u00e3o", "pos": "NOUN", "is_stop": false, "is_named": false}}}, "it": {"text": "che anche il movimento democratico mdp / cde ) recapiteranno oggi la loro", "linguisticInfo": {"che": {"lemma": "che", "pos": "CS", "is_stop": true, "is_named": false}, "anche": {"lemma": "anche", "pos": "B", "is_stop": true, "is_named": false}, "il": {"lemma": "il", "pos": "RD", "is_stop": true, "is_named": false}, "movimento": {"lemma": "movimento", "pos": "S", "is_stop": false, "is_named": false}, "democratico": {"lemma": "democratico", "pos": "A", "is_stop": false, "is_named": false}, "mdp": {"lemma": "mdp", "pos": "N", "is_stop": false, "is_named": false}, "/": {"lemma": "/", "pos": "FF", "is_stop": false, "is_named": false}, "cde": {"lemma": "cde", "pos": "S", "is_stop": false, "is_named": false}, ")": {"lemma": ")", "pos": "FB", "is_stop": false, "is_named": false}, "recapiteranno": {"lemma": "recapitare", "pos": "V", "is_stop": false, "is_named": false}, "oggi": {"lemma": "oggi", "pos": "B", "is_stop": true, "is_named": false}, "la": {"lemma": "il", "pos": "RD", "is_stop": true, "is_named": false}, "loro": {"lemma": "loro", "pos": "AP", "is_stop": true, "is_named": false}}}}, "obj": {"type": "Event", "pt": {"text": "informa", "linguisticInfo": {"informa": {"lemma": "informar", "pos": "VERB", "is_stop": false, "is_named": false}}}, "it": {"text": "informa", "linguisticInfo": {"informa": {"lemma": "informare", "pos": "V", "is_stop": false, "is_named": false}}}}}, {"id": "R77", "subj": {"type": "Human_Agent", "pt": {"text": "o MDP / CDE", "linguisticInfo": {"o": {"lemma": "o", "pos": "DET", "is_stop": true, "is_named": false}, "MDP": {"lemma": "MDP", "pos": "PROPN", "is_stop": false, "is_named": true}, "/": {"lemma": "/", "pos": "PUNCT", "is_stop": false, "is_named": false}, "CDE": {"lemma": "CDE", "pos": "PROPN", "is_stop": false, "is_named": true}}}, "it": {"text": "il mdp / cde", "linguisticInfo": {"il": {"lemma": "il", "pos": "RD", "is_stop": true, "is_named": false}, "mdp": {"lemma": "mdp", "pos": "S", "is_stop": false, "is_named": false}, "/": {"lemma": "/", "pos": "FF", "is_stop": false, "is_named": false}, "cde": {"lemma": "cde", "pos": "SP", "is_stop": false, "is_named": false}}}}, "obj": {"type": "Event", "pt": {"text": "entregar\u00e1", "linguisticInfo": {"entregar\u00e1": {"lemma": "entregar", "pos": "VERB", "is_stop": false, "is_named": false}}}, "it": {"text": "recapiteranno", "linguisticInfo": {"recapiteranno": {"lemma": "recapitare", "pos": "V", "is_stop": false, "is_named": false}}}}}, {"id": "R78", "subj": {"type": "Time", "pt": {"text": "hoje", "linguisticInfo": {"hoje": {"lemma": "hoje", "pos": "ADV", "is_stop": false, "is_named": false}}}, "it": {"text": "oggi", "linguisticInfo": {"oggi": {"lemma": "oggi", "pos": "B", "is_stop": true, "is_named": false}}}}, "obj": {"type": "Event", "pt": {"text": "entregar\u00e1", "linguisticInfo": {"entregar\u00e1": {"lemma": "entregar", "pos": "VERB", "is_stop": false, "is_named": false}}}, "it": {"text": "recapiteranno", "linguisticInfo": {"recapiteranno": {"lemma": "recapitare", "pos": "V", "is_stop": false, "is_named": false}}}}}, {"id": "R79", "subj": {"type": "Non-human_Patient", "pt": {"text": "um projecto de revis\u00e3o", "linguisticInfo": {"um": {"lemma": "um", "pos": "DET", "is_stop": true, "is_named": false}, "projecto": {"lemma": "projectar", "pos": "NOUN", "is_stop": false, "is_named": false}, "de": {"lemma": "de", "pos": "ADP", "is_stop": true, "is_named": false}, "revis\u00e3o": {"lemma": "revis\u00e3o", "pos": "NOUN", "is_stop": false, "is_named": false}}}, "it": {"text": "recapiteranno proposta di riforma", "linguisticInfo": {"recapiteranno": {"lemma": "recapitare", "pos": "V", "is_stop": false, "is_named": false}, "proposta": {"lemma": "proporre", "pos": "V", "is_stop": false, "is_named": false}, "di": {"lemma": "di", "pos": "E", "is_stop": true, "is_named": false}, "riforma": {"lemma": "riforma", "pos": "S", "is_stop": false, "is_named": false}}}}, "obj": {"type": "Event", "pt": {"text": "entregar\u00e1", "linguisticInfo": {"entregar\u00e1": {"lemma": "entregar", "pos": "VERB", "is_stop": false, "is_named": false}}}, "it": {"text": "recapiteranno", "linguisticInfo": {"recapiteranno": {"lemma": "recapitare", "pos": "V", "is_stop": false, "is_named": false}}}}}, {"id": "R80", "subj": {"type": "Non-human_Oth_participant", "pt": {"text": "O prazo para apresenta\u00e7\u00e3o de textos de revis\u00e3o", "linguisticInfo": {"O": {"lemma": "O", "pos": "DET", "is_stop": true, "is_named": true}, "prazo": {"lemma": "prazo", "pos": "NOUN", "is_stop": false, "is_named": false}, "para": {"lemma": "parir", "pos": "ADP", "is_stop": true, "is_named": false}, "apresenta\u00e7\u00e3o": {"lemma": "apresenta\u00e7\u00e3o", "pos": "NOUN", "is_stop": false, "is_named": false}, "de": {"lemma": "de", "pos": "ADP", "is_stop": true, "is_named": false}, "textos": {"lemma": "texto", "pos": "NOUN", "is_stop": false, "is_named": false}, "revis\u00e3o": {"lemma": "revis\u00e3o", "pos": "NOUN", "is_stop": false, "is_named": false}}}, "it": {"text": "il movimento democratico termine per l \u2019 invio delle proposte", "linguisticInfo": {"il": {"lemma": "il", "pos": "RD", "is_stop": true, "is_named": false}, "movimento": {"lemma": "movimento", "pos": "S", "is_stop": false, "is_named": false}, "democratico": {"lemma": "democratico", "pos": "A", "is_stop": false, "is_named": false}, "termine": {"lemma": "termine", "pos": "S", "is_stop": false, "is_named": false}, "per": {"lemma": "per", "pos": "E", "is_stop": true, "is_named": false}, "l": {"lemma": "l", "pos": "RD", "is_stop": false, "is_named": false}, "\u2019": {"lemma": "\u2019", "pos": "NO", "is_stop": false, "is_named": false}, "invio": {"lemma": "invio", "pos": "S", "is_stop": false, "is_named": false}, "delle": {"lemma": "della", "pos": "E_RD", "is_stop": true, "is_named": false}, "proposte": {"lemma": "proposta", "pos": "S", "is_stop": false, "is_named": false}}}}, "obj": {"type": "Event", "pt": {"text": "termina", "linguisticInfo": {"termina": {"lemma": "terminar", "pos": "VERB", "is_stop": false, "is_named": false}}}, "it": {"text": "recapiteranno", "linguisticInfo": {"recapiteranno": {"lemma": "recapitare", "pos": "V", "is_stop": false, "is_named": false}}}}}, {"id": "R81", "subj": {"type": "Time", "pt": {"text": "na segunda-feira", "linguisticInfo": {"na": {"lemma": "o", "pos": "ADP", "is_stop": true, "is_named": false}, "segunda-feira": {"lemma": "segunda-feira", "pos": "NOUN", "is_stop": false, "is_named": false}}}, "it": {"text": "luned\u00ec", "linguisticInfo": {"luned\u00ec": {"lemma": "luned\u00ec", "pos": "S", "is_stop": false, "is_named": false}}}}, "obj": {"type": "Event", "pt": {"text": "termina", "linguisticInfo": {"termina": {"lemma": "terminar", "pos": "VERB", "is_stop": false, "is_named": false}}}, "it": {"text": "recapiteranno", "linguisticInfo": {"recapiteranno": {"lemma": "recapitare", "pos": "V", "is_stop": false, "is_named": false}}}}}, {"id": "R82", "subj": {"type": "Non-human_Patient", "pt": {"text": "textos de revis\u00e3o", "linguisticInfo": {"textos": {"lemma": "texto", "pos": "NOUN", "is_stop": false, "is_named": false}, "de": {"lemma": "de", "pos": "ADP", "is_stop": true, "is_named": false}, "revis\u00e3o": {"lemma": "revis\u00e3o", "pos": "NOUN", "is_stop": false, "is_named": false}}}, "it": {"text": "recapiteranno oggi la", "linguisticInfo": {"recapiteranno": {"lemma": "recapitare", "pos": "V", "is_stop": false, "is_named": false}, "oggi": {"lemma": "oggi", "pos": "B", "is_stop": true, "is_named": false}, "la": {"lemma": "il", "pos": "RD", "is_stop": true, "is_named": false}}}}, "obj": {"type": "Event", "pt": {"text": "apresenta\u00e7\u00e3o", "linguisticInfo": {"apresenta\u00e7\u00e3o": {"lemma": "apresenta\u00e7\u00e3o", "pos": "NOUN", "is_stop": false, "is_named": false}}}, "it": {"text": "invio", "linguisticInfo": {"invio": {"lemma": "invio", "pos": "S", "is_stop": false, "is_named": false}}}}}]}}