{"sentences_0": {"itText": "NULL il presidente dell&apos; afghanistan , babrak karmal , ha ricevuto venerd\u00ec la delegazione dei deputati laburisti britannici , con cui ha analizzato , secondo l \u2019 agenzia tass , oltre alla situazione internazionale anche questioni di reciproco interesse .", "ptText": "o presidente do afeganist\u00e3o , babrak karmal , recebeu , sexta-feira , uma delega\u00e7\u00e3o de deputados trabalhistas brit\u00e2nicos , com os quais analisou quest\u00f5es de interesse m\u00fatuo e a situa\u00e7\u00e3o internacional , informou a ag\u00eancia tass . \n", "relations": [{"id": "R1", "subj": {"type": "Human_Agent", "pt": {"text": "O presidente do Afeganist\u00e3o , Babrak Karmal", "linguisticInfo": {"O": {"lemma": "O", "pos": "DET", "is_stop": true, "is_named": true}, "presidente": {"lemma": "presidente", "pos": "NOUN", "is_stop": false, "is_named": false}, "do": {"lemma": "do", "pos": "ADP", "is_stop": true, "is_named": false}, "Afeganist\u00e3o": {"lemma": "Afeganist\u00e3o", "pos": "NOUN", "is_stop": false, "is_named": true}, ",": {"lemma": ",", "pos": "PUNCT", "is_stop": false, "is_named": false}, "Babrak": {"lemma": "Babrak", "pos": "PROPN", "is_stop": false, "is_named": true}, "Karmal": {"lemma": "Karmal", "pos": "PROPN", "is_stop": false, "is_named": true}}}, "it": {"text": "il presidente dell&apos; afghanistan , babrak karmal", "linguisticInfo": {"il": {"lemma": "il", "pos": "RD", "is_stop": true, "is_named": false}, "presidente": {"lemma": "presidente", "pos": "S", "is_stop": false, "is_named": false}, "dell&apos": {"lemma": "dell&apos", "pos": "A", "is_stop": false, "is_named": false}, ";": {"lemma": ";", "pos": "FC", "is_stop": false, "is_named": false}, "afghanistan": {"lemma": "afghanistan", "pos": "A", "is_stop": false, "is_named": false}, ",": {"lemma": ",", "pos": "FF", "is_stop": false, "is_named": false}, "babrak": {"lemma": "babrak", "pos": "SP", "is_stop": false, "is_named": false}, "karmal": {"lemma": "karmal", "pos": "SP", "is_stop": false, "is_named": false}}}}, "obj": {"type": "Event", "pt": {"text": "recebeu", "linguisticInfo": {"recebeu": {"lemma": "receber", "pos": "VERB", "is_stop": false, "is_named": false}}}, "it": {"text": "ricevuto", "linguisticInfo": {"ricevuto": {"lemma": "ricevere", "pos": "V", "is_stop": false, "is_named": false}}}}}, {"id": "R2", "subj": {"type": "Time", "pt": {"text": "sexta-feira", "linguisticInfo": {"sexta-feira": {"lemma": "sexta-feira", "pos": "NOUN", "is_stop": false, "is_named": false}}}, "it": {"text": "babrak", "linguisticInfo": {"babrak": {"lemma": "babrak", "pos": "S", "is_stop": false, "is_named": false}}}}, "obj": {"type": "Event", "pt": {"text": "recebeu", "linguisticInfo": {"recebeu": {"lemma": "receber", "pos": "VERB", "is_stop": false, "is_named": false}}}, "it": {"text": "ricevuto", "linguisticInfo": {"ricevuto": {"lemma": "ricevere", "pos": "V", "is_stop": false, "is_named": false}}}}}, {"id": "R3", "subj": {"type": "Human_Patient", "pt": {"text": "uma delega\u00e7\u00e3o de deputados trabalhistas brit\u00e2nicos , com os quais analisou quest\u00f5es de interesse m\u00fatuo e a situa\u00e7\u00e3o internacional", "linguisticInfo": {"uma": {"lemma": "umar", "pos": "DET", "is_stop": true, "is_named": false}, "delega\u00e7\u00e3o": {"lemma": "delega\u00e7\u00e3o", "pos": "NOUN", "is_stop": false, "is_named": false}, "de": {"lemma": "de", "pos": "ADP", "is_stop": true, "is_named": false}, "deputados": {"lemma": "deputar", "pos": "NOUN", "is_stop": false, "is_named": false}, "trabalhistas": {"lemma": "trabalhista", "pos": "ADJ", "is_stop": false, "is_named": false}, "brit\u00e2nicos": {"lemma": "brit\u00e2nico", "pos": "ADJ", "is_stop": false, "is_named": false}, ",": {"lemma": ",", "pos": "PUNCT", "is_stop": false, "is_named": false}, "com": {"lemma": "com", "pos": "ADP", "is_stop": true, "is_named": false}, "os": {"lemma": "o", "pos": "DET", "is_stop": true, "is_named": false}, "quais": {"lemma": "qual", "pos": "PRON", "is_stop": true, "is_named": false}, "analisou": {"lemma": "analisar", "pos": "VERB", "is_stop": false, "is_named": false}, "quest\u00f5es": {"lemma": "quest\u00e3o", "pos": "NOUN", "is_stop": false, "is_named": false}, "interesse": {"lemma": "interessar", "pos": "NOUN", "is_stop": false, "is_named": false}, "m\u00fatuo": {"lemma": "m\u00fatuo", "pos": "ADJ", "is_stop": false, "is_named": false}, "e": {"lemma": "e", "pos": "CCONJ", "is_stop": true, "is_named": false}, "a": {"lemma": "o", "pos": "DET", "is_stop": true, "is_named": false}, "situa\u00e7\u00e3o": {"lemma": "situa\u00e7\u00e3o", "pos": "NOUN", "is_stop": false, "is_named": false}, "internacional": {"lemma": "internacional", "pos": "ADJ", "is_stop": false, "is_named": false}}}, "it": {"text": "il presidente delegazione dei deputati", "linguisticInfo": {"il": {"lemma": "il", "pos": "RD", "is_stop": true, "is_named": false}, "presidente": {"lemma": "presidente", "pos": "S", "is_stop": false, "is_named": false}, "delegazione": {"lemma": "delegazione", "pos": "S", "is_stop": false, "is_named": false}, "dei": {"lemma": "del", "pos": "E_RD", "is_stop": true, "is_named": false}, "deputati": {"lemma": "deputato", "pos": "S", "is_stop": false, "is_named": false}}}}, "obj": {"type": "Event", "pt": {"text": "recebeu", "linguisticInfo": {"recebeu": {"lemma": "receber", "pos": "VERB", "is_stop": false, "is_named": false}}}, "it": {"text": "ricevuto", "linguisticInfo": {"ricevuto": {"lemma": "ricevere", "pos": "V", "is_stop": false, "is_named": false}}}}}, {"id": "R4", "subj": {"type": "Human_Agent", "pt": {"text": "a ag\u00eancia Tass", "linguisticInfo": {"a": {"lemma": "o", "pos": "DET", "is_stop": true, "is_named": false}, "ag\u00eancia": {"lemma": "ag\u00eancia", "pos": "PROPN", "is_stop": false, "is_named": false}, "Tass": {"lemma": "Tass", "pos": "PROPN", "is_stop": false, "is_named": true}}}, "it": {"text": "l agenzia tass", "linguisticInfo": {"l": {"lemma": "l", "pos": "RD", "is_stop": false, "is_named": false}, "agenzia": {"lemma": "agenzia", "pos": "S", "is_stop": false, "is_named": false}, "tass": {"lemma": "tass", "pos": "A", "is_stop": false, "is_named": false}}}}, "obj": {"type": "Event", "pt": {"text": "informou", "linguisticInfo": {"informou": {"lemma": "informar", "pos": "VERB", "is_stop": false, "is_named": false}}}, "it": {"text": "babrak", "linguisticInfo": {"babrak": {"lemma": "babrak", "pos": "S", "is_stop": false, "is_named": false}}}}}, {"id": "R5", "subj": {"type": "Non-human_Oth_participant", "pt": {"text": "O presidente do Afeganist\u00e3o , Babrak Karmal , recebeu , sexta-feira , uma delega\u00e7\u00e3o de deputados trabalhistas brit\u00e2nicos , com os quais analisou quest\u00f5es de interesse m\u00fatuo e a situa\u00e7\u00e3o internacional", "linguisticInfo": {"O": {"lemma": "O", "pos": "DET", "is_stop": true, "is_named": true}, "presidente": {"lemma": "presidente", "pos": "NOUN", "is_stop": false, "is_named": false}, "do": {"lemma": "do", "pos": "ADP", "is_stop": true, "is_named": false}, "Afeganist\u00e3o": {"lemma": "Afeganist\u00e3o", "pos": "NOUN", "is_stop": false, "is_named": true}, ",": {"lemma": ",", "pos": "PUNCT", "is_stop": false, "is_named": false}, "Babrak": {"lemma": "Babrak", "pos": "PROPN", "is_stop": false, "is_named": true}, "Karmal": {"lemma": "Karmal", "pos": "PROPN", "is_stop": false, "is_named": true}, "recebeu": {"lemma": "receber", "pos": "VERB", "is_stop": false, "is_named": false}, "sexta-feira": {"lemma": "sexta-feira", "pos": "NOUN", "is_stop": false, "is_named": false}, "uma": {"lemma": "umar", "pos": "DET", "is_stop": true, "is_named": false}, "delega\u00e7\u00e3o": {"lemma": "delega\u00e7\u00e3o", "pos": "NOUN", "is_stop": false, "is_named": false}, "de": {"lemma": "de", "pos": "ADP", "is_stop": true, "is_named": false}, "deputados": {"lemma": "deputar", "pos": "NOUN", "is_stop": false, "is_named": false}, "trabalhistas": {"lemma": "trabalhista", "pos": "ADJ", "is_stop": false, "is_named": false}, "brit\u00e2nicos": {"lemma": "brit\u00e2nico", "pos": "ADJ", "is_stop": false, "is_named": false}, "com": {"lemma": "com", "pos": "ADP", "is_stop": true, "is_named": false}, "os": {"lemma": "o", "pos": "DET", "is_stop": true, "is_named": false}, "quais": {"lemma": "qual", "pos": "PRON", "is_stop": true, "is_named": false}, "analisou": {"lemma": "analisar", "pos": "VERB", "is_stop": false, "is_named": false}, "quest\u00f5es": {"lemma": "quest\u00e3o", "pos": "NOUN", "is_stop": false, "is_named": false}, "interesse": {"lemma": "interessar", "pos": "NOUN", "is_stop": false, "is_named": false}, "m\u00fatuo": {"lemma": "m\u00fatuo", "pos": "ADJ", "is_stop": false, "is_named": false}, "e": {"lemma": "e", "pos": "CCONJ", "is_stop": true, "is_named": false}, "a": {"lemma": "o", "pos": "DET", "is_stop": true, "is_named": false}, "situa\u00e7\u00e3o": {"lemma": "situa\u00e7\u00e3o", "pos": "NOUN", "is_stop": false, "is_named": false}, "internacional": {"lemma": "internacional", "pos": "ADJ", "is_stop": false, "is_named": false}}}, "it": {"text": "il presidente dell&apos; afghanistan , babrak karmal , ha ricevuto venerd\u00ec la", "linguisticInfo": {"il": {"lemma": "il", "pos": "RD", "is_stop": true, "is_named": false}, "presidente": {"lemma": "presidente", "pos": "S", "is_stop": false, "is_named": false}, "dell&apos": {"lemma": "dell&apos", "pos": "A", "is_stop": false, "is_named": false}, ";": {"lemma": ";", "pos": "FC", "is_stop": false, "is_named": false}, "afghanistan": {"lemma": "afghanistan", "pos": "A", "is_stop": false, "is_named": false}, ",": {"lemma": ",", "pos": "FF", "is_stop": false, "is_named": false}, "babrak": {"lemma": "babrak", "pos": "SP", "is_stop": false, "is_named": false}, "karmal": {"lemma": "karmal", "pos": "SP", "is_stop": false, "is_named": false}, "ha": {"lemma": "avere", "pos": "VA", "is_stop": true, "is_named": false}, "ricevuto": {"lemma": "ricevere", "pos": "V", "is_stop": false, "is_named": false}, "venerd\u00ec": {"lemma": "venerd\u00ec", "pos": "S", "is_stop": false, "is_named": false}, "la": {"lemma": "il", "pos": "RD", "is_stop": true, "is_named": false}}}}, "obj": {"type": "Event", "pt": {"text": "informou", "linguisticInfo": {"informou": {"lemma": "informar", "pos": "VERB", "is_stop": false, "is_named": false}}}, "it": {"text": "babrak", "linguisticInfo": {"babrak": {"lemma": "babrak", "pos": "S", "is_stop": false, "is_named": false}}}}}, {"id": "R6", "subj": {"type": "Non-human_Patient", "pt": {"text": "quest\u00f5es de interesse m\u00fatuo e a situa\u00e7\u00e3o internacional", "linguisticInfo": {"quest\u00f5es": {"lemma": "quest\u00e3o", "pos": "NOUN", "is_stop": false, "is_named": false}, "de": {"lemma": "de", "pos": "ADP", "is_stop": true, "is_named": false}, "interesse": {"lemma": "interessar", "pos": "NOUN", "is_stop": false, "is_named": false}, "m\u00fatuo": {"lemma": "m\u00fatuo", "pos": "ADJ", "is_stop": false, "is_named": false}, "e": {"lemma": "e", "pos": "CCONJ", "is_stop": true, "is_named": false}, "a": {"lemma": "o", "pos": "DET", "is_stop": true, "is_named": false}, "situa\u00e7\u00e3o": {"lemma": "situa\u00e7\u00e3o", "pos": "NOUN", "is_stop": false, "is_named": false}, "internacional": {"lemma": "internacional", "pos": "ADJ", "is_stop": false, "is_named": false}}}, "it": {"text": "questioni di reciproco interesse .", "linguisticInfo": {"questioni": {"lemma": "questione", "pos": "S", "is_stop": false, "is_named": false}, "di": {"lemma": "di", "pos": "E", "is_stop": true, "is_named": false}, "reciproco": {"lemma": "reciproco", "pos": "A", "is_stop": false, "is_named": false}, "interesse": {"lemma": "interesse", "pos": "S", "is_stop": false, "is_named": false}, ".": {"lemma": ".", "pos": "FS", "is_stop": false, "is_named": false}}}}, "obj": {"type": "Event", "pt": {"text": "analisou", "linguisticInfo": {"analisou": {"lemma": "analisar", "pos": "VERB", "is_stop": false, "is_named": false}}}, "it": {"text": "babrak", "linguisticInfo": {"babrak": {"lemma": "babrak", "pos": "S", "is_stop": false, "is_named": false}}}}}]}, "sentences_1": {"itText": "NULL durante una conferenza stampa a kabul , trasmessa dalla radio sovietica , i tre deputati , ron brown , allan roberts e robert litherland , hanno affermato che la loro visita in afghanistan aveva come obiettivo quello di \u00ab preparare un rapporto oggettivo sullo stato del paese \u00bb dove , aggiungono , \u00ab sono stati accolti con eccezionale calore e cortesia \u00bb .", "ptText": "durante uma confer\u00eancia de imprensa dada em cabul , e transmitida pela r\u00e1dio sovi\u00e9tica , os tr\u00eas deputados , ron brown , allan roberts e robert litherland , afirmaram que a sua ida ao afeganist\u00e3o tinha por finalidade \u00ab preparar um relat\u00f3rio objectivo sobre a situa\u00e7\u00e3o no pa\u00eds \u00bb onde , acrescentaram , \u00ab tinham sido recebidos com excepcional calor e cordialidade . \n", "relations": [{"id": "R7", "subj": {"type": "Time", "pt": {"text": "Durante uma confer\u00eancia de Imprensa dada em Cabul , e transmitida pela r\u00e1dio sovi\u00e9tica", "linguisticInfo": {"Durante": {"lemma": "Durante", "pos": "ADP", "is_stop": false, "is_named": true}, "uma": {"lemma": "umar", "pos": "DET", "is_stop": true, "is_named": false}, "confer\u00eancia": {"lemma": "confer\u00eancia", "pos": "NOUN", "is_stop": false, "is_named": false}, "de": {"lemma": "de", "pos": "ADP", "is_stop": true, "is_named": false}, "Imprensa": {"lemma": "Imprensa", "pos": "NOUN", "is_stop": false, "is_named": true}, "dada": {"lemma": "dar", "pos": "VERB", "is_stop": false, "is_named": false}, "em": {"lemma": "em", "pos": "ADP", "is_stop": true, "is_named": false}, "Cabul": {"lemma": "Cabul", "pos": "PROPN", "is_stop": false, "is_named": true}, ",": {"lemma": ",", "pos": "PUNCT", "is_stop": false, "is_named": false}, "e": {"lemma": "e", "pos": "CCONJ", "is_stop": true, "is_named": false}, "transmitida": {"lemma": "transmitir", "pos": "VERB", "is_stop": false, "is_named": false}, "pela": {"lemma": "pelar", "pos": "ADP", "is_stop": true, "is_named": false}, "r\u00e1dio": {"lemma": "r\u00e1dio", "pos": "NOUN", "is_stop": false, "is_named": false}, "sovi\u00e9tica": {"lemma": "sovi\u00e9tico", "pos": "ADJ", "is_stop": false, "is_named": false}}}, "it": {"text": "durante una conferenza stampa a", "linguisticInfo": {"durante": {"lemma": "durante", "pos": "E", "is_stop": true, "is_named": false}, "una": {"lemma": "uno", "pos": "RI", "is_stop": true, "is_named": false}, "conferenza": {"lemma": "conferenza", "pos": "S", "is_stop": false, "is_named": false}, "stampa": {"lemma": "stampa", "pos": "S", "is_stop": false, "is_named": false}, "a": {"lemma": "a", "pos": "E", "is_stop": true, "is_named": false}}}}, "obj": {"type": "Event", "pt": {"text": "afirmaram", "linguisticInfo": {"afirmaram": {"lemma": "afirmar", "pos": "VERB", "is_stop": false, "is_named": false}}}, "it": {"text": "affermato", "linguisticInfo": {"affermato": {"lemma": "affermare", "pos": "V", "is_stop": false, "is_named": false}}}}}, {"id": "R8", "subj": {"type": "Human_Agent", "pt": {"text": "os tr\u00eas deputados , Ron Brown , Allan Roberts e Robert Litherland", "linguisticInfo": {"os": {"lemma": "o", "pos": "DET", "is_stop": true, "is_named": false}, "tr\u00eas": {"lemma": "tr\u00eas", "pos": "NUM", "is_stop": true, "is_named": false}, "deputados": {"lemma": "deputar", "pos": "NOUN", "is_stop": false, "is_named": false}, ",": {"lemma": ",", "pos": "PUNCT", "is_stop": false, "is_named": false}, "Ron": {"lemma": "Ron", "pos": "PROPN", "is_stop": false, "is_named": true}, "Brown": {"lemma": "Brown", "pos": "PROPN", "is_stop": false, "is_named": true}, "Allan": {"lemma": "Allan", "pos": "PROPN", "is_stop": false, "is_named": true}, "Roberts": {"lemma": "Roberts", "pos": "PROPN", "is_stop": false, "is_named": true}, "e": {"lemma": "e", "pos": "CCONJ", "is_stop": true, "is_named": false}, "Robert": {"lemma": "Robert", "pos": "PROPN", "is_stop": false, "is_named": true}, "Litherland": {"lemma": "Litherland", "pos": "PROPN", "is_stop": false, "is_named": true}}}, "it": {"text": "i tre deputati , ron brown , allan roberts e robert litherland", "linguisticInfo": {"i": {"lemma": "il", "pos": "RD", "is_stop": false, "is_named": false}, "tre": {"lemma": "tre", "pos": "N", "is_stop": true, "is_named": false}, "deputati": {"lemma": "deputato", "pos": "S", "is_stop": false, "is_named": false}, ",": {"lemma": ",", "pos": "FF", "is_stop": false, "is_named": false}, "ron": {"lemma": "ron", "pos": "SW", "is_stop": false, "is_named": false}, "brown": {"lemma": "brown", "pos": "SW", "is_stop": false, "is_named": false}, "allan": {"lemma": "allan", "pos": "SW", "is_stop": false, "is_named": false}, "roberts": {"lemma": "roberts", "pos": "SP", "is_stop": false, "is_named": false}, "e": {"lemma": "e", "pos": "CC", "is_stop": false, "is_named": false}, "robert": {"lemma": "robert", "pos": "SP", "is_stop": false, "is_named": false}, "litherland": {"lemma": "litherland", "pos": "SP", "is_stop": false, "is_named": false}}}}, "obj": {"type": "Event", "pt": {"text": "afirmaram", "linguisticInfo": {"afirmaram": {"lemma": "afirmar", "pos": "VERB", "is_stop": false, "is_named": false}}}, "it": {"text": "affermato", "linguisticInfo": {"affermato": {"lemma": "affermare", "pos": "V", "is_stop": false, "is_named": false}}}}}, {"id": "R11", "subj": {"type": "Human_Agent", "pt": {"text": "pela r\u00e1dio sovi\u00e9tica", "linguisticInfo": {"pela": {"lemma": "pelar", "pos": "ADP", "is_stop": true, "is_named": false}, "r\u00e1dio": {"lemma": "r\u00e1dio", "pos": "NOUN", "is_stop": false, "is_named": false}, "sovi\u00e9tica": {"lemma": "sovi\u00e9tico", "pos": "ADJ", "is_stop": false, "is_named": false}}}, "it": {"text": "dalla radio sovietica", "linguisticInfo": {"dalla": {"lemma": "dalla", "pos": "E_RD", "is_stop": true, "is_named": false}, "radio": {"lemma": "radio", "pos": "S", "is_stop": false, "is_named": false}, "sovietica": {"lemma": "sovietico", "pos": "A", "is_stop": false, "is_named": false}}}}, "obj": {"type": "Event", "pt": {"text": "transmitida", "linguisticInfo": {"transmitida": {"lemma": "transmitir", "pos": "VERB", "is_stop": false, "is_named": false}}}, "it": {"text": "trasmessa", "linguisticInfo": {"trasmessa": {"lemma": "trasmettere", "pos": "V", "is_stop": false, "is_named": false}}}}}, {"id": "R13", "subj": {"type": "Geo_location", "pt": {"text": "ao Afeganist\u00e3o", "linguisticInfo": {"ao": {"lemma": "ao", "pos": "ADP", "is_stop": true, "is_named": false}, "Afeganist\u00e3o": {"lemma": "Afeganist\u00e3o", "pos": "PROPN", "is_stop": false, "is_named": true}}}, "it": {"text": "quello di \u00ab", "linguisticInfo": {"quello": {"lemma": "quello", "pos": "PD", "is_stop": true, "is_named": false}, "di": {"lemma": "di", "pos": "E", "is_stop": true, "is_named": false}, "\u00ab": {"lemma": "\u00ab", "pos": "FB", "is_stop": false, "is_named": false}}}}, "obj": {"type": "Event", "pt": {"text": "ida", "linguisticInfo": {"ida": {"lemma": "ir", "pos": "VERB", "is_stop": false, "is_named": false}}}, "it": {"text": "litherland", "linguisticInfo": {"litherland": {"lemma": "litherland", "pos": "S", "is_stop": false, "is_named": false}}}}}, {"id": "R14", "subj": {"type": "Non-human_Patient", "pt": {"text": "um relat\u00f3rio objectivo sobre a situa\u00e7\u00e3o no pa\u00eds", "linguisticInfo": {"um": {"lemma": "um", "pos": "DET", "is_stop": true, "is_named": false}, "relat\u00f3rio": {"lemma": "relat\u00f3rio", "pos": "NOUN", "is_stop": false, "is_named": false}, "objectivo": {"lemma": "objectivar", "pos": "ADJ", "is_stop": false, "is_named": false}, "sobre": {"lemma": "sobrar", "pos": "ADP", "is_stop": true, "is_named": false}, "a": {"lemma": "o", "pos": "DET", "is_stop": true, "is_named": false}, "situa\u00e7\u00e3o": {"lemma": "situa\u00e7\u00e3o", "pos": "NOUN", "is_stop": false, "is_named": false}, "no": {"lemma": "o", "pos": "ADP", "is_stop": true, "is_named": false}, "pa\u00eds": {"lemma": "pa\u00eds", "pos": "NOUN", "is_stop": false, "is_named": false}}}, "it": {"text": "un rapporto oggettivo sullo stato del", "linguisticInfo": {"un": {"lemma": "uno", "pos": "RI", "is_stop": true, "is_named": false}, "rapporto": {"lemma": "rapporto", "pos": "S", "is_stop": false, "is_named": false}, "oggettivo": {"lemma": "oggettivo", "pos": "A", "is_stop": false, "is_named": false}, "sullo": {"lemma": "sul", "pos": "E_RD", "is_stop": true, "is_named": false}, "stato": {"lemma": "stato", "pos": "S", "is_stop": true, "is_named": false}, "del": {"lemma": "del", "pos": "E_RD", "is_stop": true, "is_named": false}}}}, "obj": {"type": "Event", "pt": {"text": "preparar", "linguisticInfo": {"preparar": {"lemma": "preparar", "pos": "VERB", "is_stop": false, "is_named": false}}}, "it": {"text": "preparare", "linguisticInfo": {"preparare": {"lemma": "preparare", "pos": "V", "is_stop": false, "is_named": false}}}}}, {"id": "R16", "subj": {"type": "Geo_location", "pt": {"text": "onde", "linguisticInfo": {"onde": {"lemma": "onde", "pos": "PRON", "is_stop": true, "is_named": false}}}, "it": {"text": "dove", "linguisticInfo": {"dove": {"lemma": "dove", "pos": "B", "is_stop": true, "is_named": false}}}}, "obj": {"type": "Event", "pt": {"text": "tinham sido recebidos", "linguisticInfo": {"tinham": {"lemma": "ter", "pos": "AUX", "is_stop": false, "is_named": false}, "sido": {"lemma": "ser", "pos": "AUX", "is_stop": false, "is_named": false}, "recebidos": {"lemma": "recebido", "pos": "VERB", "is_stop": false, "is_named": false}}}, "it": {"text": "litherland stati accolti", "linguisticInfo": {"litherland": {"lemma": "litherland", "pos": "S", "is_stop": false, "is_named": false}, "stati": {"lemma": "stare", "pos": "VA", "is_stop": true, "is_named": false}, "accolti": {"lemma": "accogliere", "pos": "V", "is_stop": false, "is_named": false}}}}}, {"id": "R10", "subj": {"type": "Geo_location", "pt": {"text": "em Cabul", "linguisticInfo": {"em": {"lemma": "em", "pos": "ADP", "is_stop": true, "is_named": false}, "Cabul": {"lemma": "Cabul", "pos": "PROPN", "is_stop": false, "is_named": true}}}, "it": {"text": "a kabul", "linguisticInfo": {"a": {"lemma": "a", "pos": "E", "is_stop": true, "is_named": false}, "kabul": {"lemma": "kabul", "pos": "S", "is_stop": false, "is_named": false}}}}, "obj": {"type": "Event", "pt": {"text": "uma confer\u00eancia de Imprensa", "linguisticInfo": {"uma": {"lemma": "umar", "pos": "DET", "is_stop": true, "is_named": false}, "confer\u00eancia": {"lemma": "confer\u00eancia", "pos": "NOUN", "is_stop": false, "is_named": false}, "de": {"lemma": "de", "pos": "ADP", "is_stop": true, "is_named": false}, "Imprensa": {"lemma": "Imprensa", "pos": "NOUN", "is_stop": false, "is_named": true}}}, "it": {"text": "una conferenza stampa a", "linguisticInfo": {"una": {"lemma": "uno", "pos": "RI", "is_stop": true, "is_named": false}, "conferenza": {"lemma": "conferenza", "pos": "S", "is_stop": false, "is_named": false}, "stampa": {"lemma": "stampa", "pos": "S", "is_stop": false, "is_named": false}, "a": {"lemma": "a", "pos": "E", "is_stop": true, "is_named": false}}}}}]}, "sentences_2": {"itText": "NULL \u00ab a kabul ci siamo incontrati con le autorit\u00e0 , abbiamo passeggiato per le strade della citt\u00e0 , parlato con i passanti , i commercianti e la gente comune . abbiamo appurato che il paese conduce una vita lavorativa normale . \u00bb", "ptText": "\u00ab em cabul avist\u00e1mo -nos com autoridades , passe\u00e1mos pelas ruas da cidade , convers\u00e1mos com transeuntes , comerciantes e pessoas comuns . verific\u00e1mos que o pa\u00eds leva uma vida normal de trabalho . \u00bb \n", "relations": [{"id": "R19", "subj": {"type": "Geo_location", "pt": {"text": "pelas ruas da cidade", "linguisticInfo": {"pelas": {"lemma": "pelar", "pos": "ADP", "is_stop": true, "is_named": false}, "ruas": {"lemma": "ruir", "pos": "NOUN", "is_stop": false, "is_named": false}, "da": {"lemma": "da", "pos": "ADP", "is_stop": true, "is_named": false}, "cidade": {"lemma": "cidade", "pos": "NOUN", "is_stop": false, "is_named": false}}}, "it": {"text": "passeggiato strade della citt\u00e0", "linguisticInfo": {"passeggiato": {"lemma": "passeggiare", "pos": "V", "is_stop": false, "is_named": false}, "strade": {"lemma": "strada", "pos": "S", "is_stop": false, "is_named": false}, "della": {"lemma": "della", "pos": "E_RD", "is_stop": true, "is_named": false}, "citt\u00e0": {"lemma": "citt\u00e0", "pos": "S", "is_stop": true, "is_named": false}}}}, "obj": {"type": "Event", "pt": {"text": "passe\u00e1mos", "linguisticInfo": {"passe\u00e1mos": {"lemma": "passear", "pos": "VERB", "is_stop": false, "is_named": false}}}, "it": {"text": "passeggiato", "linguisticInfo": {"passeggiato": {"lemma": "passeggiare", "pos": "V", "is_stop": false, "is_named": false}}}}}, {"id": "R20", "subj": {"type": "Human_Patient", "pt": {"text": "com transeuntes , comerciantes e pessoas comuns", "linguisticInfo": {"com": {"lemma": "com", "pos": "ADP", "is_stop": true, "is_named": false}, "transeuntes": {"lemma": "transeunte", "pos": "NOUN", "is_stop": false, "is_named": false}, ",": {"lemma": ",", "pos": "PUNCT", "is_stop": false, "is_named": false}, "comerciantes": {"lemma": "comerciante", "pos": "NOUN", "is_stop": false, "is_named": false}, "e": {"lemma": "e", "pos": "CCONJ", "is_stop": true, "is_named": false}, "pessoas": {"lemma": "pessoa", "pos": "NOUN", "is_stop": false, "is_named": false}, "comuns": {"lemma": "comum", "pos": "ADJ", "is_stop": false, "is_named": false}}}, "it": {"text": "parlato passanti , commercianti e gente comune", "linguisticInfo": {"parlato": {"lemma": "parlato", "pos": "V", "is_stop": false, "is_named": false}, "passanti": {"lemma": "passante", "pos": "S", "is_stop": false, "is_named": false}, ",": {"lemma": ",", "pos": "FF", "is_stop": false, "is_named": false}, "commercianti": {"lemma": "commerciante", "pos": "S", "is_stop": false, "is_named": false}, "e": {"lemma": "e", "pos": "CC", "is_stop": false, "is_named": false}, "gente": {"lemma": "gente", "pos": "S", "is_stop": false, "is_named": false}, "comune": {"lemma": "comune", "pos": "A", "is_stop": false, "is_named": false}}}}, "obj": {"type": "Event", "pt": {"text": "convers\u00e1mos", "linguisticInfo": {"convers\u00e1mos": {"lemma": "conversar", "pos": "VERB", "is_stop": false, "is_named": false}}}, "it": {"text": "passeggiato", "linguisticInfo": {"passeggiato": {"lemma": "passeggiare", "pos": "V", "is_stop": false, "is_named": false}}}}}, {"id": "R21", "subj": {"type": "Geo_location", "pt": {"text": "Em Cabul", "linguisticInfo": {"Em": {"lemma": "Em", "pos": "ADP", "is_stop": true, "is_named": true}, "Cabul": {"lemma": "Cabul", "pos": "PROPN", "is_stop": false, "is_named": true}}}, "it": {"text": "a kabul", "linguisticInfo": {"a": {"lemma": "a", "pos": "E", "is_stop": true, "is_named": false}, "kabul": {"lemma": "kabul", "pos": "S", "is_stop": false, "is_named": false}}}}, "obj": {"type": "Event", "pt": {"text": "passe\u00e1mos", "linguisticInfo": {"passe\u00e1mos": {"lemma": "passear", "pos": "VERB", "is_stop": false, "is_named": false}}}, "it": {"text": "passeggiato", "linguisticInfo": {"passeggiato": {"lemma": "passeggiare", "pos": "V", "is_stop": false, "is_named": false}}}}}, {"id": "R22", "subj": {"type": "Geo_location", "pt": {"text": "Em Cabul", "linguisticInfo": {"Em": {"lemma": "Em", "pos": "ADP", "is_stop": true, "is_named": true}, "Cabul": {"lemma": "Cabul", "pos": "PROPN", "is_stop": false, "is_named": true}}}, "it": {"text": "a kabul", "linguisticInfo": {"a": {"lemma": "a", "pos": "E", "is_stop": true, "is_named": false}, "kabul": {"lemma": "kabul", "pos": "S", "is_stop": false, "is_named": false}}}}, "obj": {"type": "Event", "pt": {"text": "convers\u00e1mos", "linguisticInfo": {"convers\u00e1mos": {"lemma": "conversar", "pos": "VERB", "is_stop": false, "is_named": false}}}, "it": {"text": "passeggiato", "linguisticInfo": {"passeggiato": {"lemma": "passeggiare", "pos": "V", "is_stop": false, "is_named": false}}}}}, {"id": "R23", "subj": {"type": "Non-human_Oth_participant", "pt": {"text": "que o pa\u00eds leva uma vida normal de trabalho", "linguisticInfo": {"que": {"lemma": "que", "pos": "SCONJ", "is_stop": true, "is_named": false}, "o": {"lemma": "o", "pos": "DET", "is_stop": true, "is_named": false}, "pa\u00eds": {"lemma": "pa\u00eds", "pos": "NOUN", "is_stop": false, "is_named": false}, "leva": {"lemma": "levar", "pos": "VERB", "is_stop": false, "is_named": false}, "uma": {"lemma": "umar", "pos": "DET", "is_stop": true, "is_named": false}, "vida": {"lemma": "vidar", "pos": "NOUN", "is_stop": false, "is_named": false}, "normal": {"lemma": "normal", "pos": "ADJ", "is_stop": false, "is_named": false}, "de": {"lemma": "de", "pos": "ADP", "is_stop": true, "is_named": false}, "trabalho": {"lemma": "trabalhar", "pos": "NOUN", "is_stop": false, "is_named": false}}}, "it": {"text": "che il paese conduce una vita lavorativa normale . \u00bb", "linguisticInfo": {"che": {"lemma": "che", "pos": "CS", "is_stop": true, "is_named": false}, "il": {"lemma": "il", "pos": "RD", "is_stop": true, "is_named": false}, "paese": {"lemma": "paese", "pos": "S", "is_stop": true, "is_named": false}, "conduce": {"lemma": "condurre", "pos": "V", "is_stop": false, "is_named": false}, "una": {"lemma": "uno", "pos": "RI", "is_stop": true, "is_named": false}, "vita": {"lemma": "vita", "pos": "S", "is_stop": true, "is_named": false}, "lavorativa": {"lemma": "lavorativo", "pos": "A", "is_stop": false, "is_named": false}, "normale": {"lemma": "normale", "pos": "A", "is_stop": false, "is_named": false}, ".": {"lemma": ".", "pos": "FS", "is_stop": false, "is_named": false}, "\u00bb": {"lemma": "\u00bb", "pos": "FB", "is_stop": false, "is_named": false}}}}, "obj": {"type": "Event", "pt": {"text": "Verific\u00e1mos", "linguisticInfo": {"Verific\u00e1mos": {"lemma": "Verific\u00e1mos", "pos": "VERB", "is_stop": false, "is_named": true}}}, "it": {"text": "passeggiato", "linguisticInfo": {"passeggiato": {"lemma": "passeggiare", "pos": "V", "is_stop": false, "is_named": false}}}}}]}, "sentences_3": {"itText": "NULL \u00ab in inghilterra si sentono dire molte cose sulla situazione in afghanistan . ci\u00f2 che abbiamo visto qui non corrisponde assolutamente a ci\u00f2 che si dice in occidente su questo paese \u00bb .", "ptText": "\u00ab na inglaterra ouvimos muitas coisas diferentes sobre a situa\u00e7\u00e3o no afeganist\u00e3o . devemos dizer que tudo quanto vimos aqui n\u00e3o corresponde de modo algum , com o que se diz no ocidente sobre este pa\u00eds \u00bb . \n", "relations": [{"id": "R24", "subj": {"type": "Geo_location", "pt": {"text": "Na Inglaterra", "linguisticInfo": {"Na": {"lemma": "Na", "pos": "ADP", "is_stop": true, "is_named": true}, "Inglaterra": {"lemma": "Inglaterra", "pos": "PROPN", "is_stop": false, "is_named": true}}}, "it": {"text": "in inghilterra", "linguisticInfo": {"in": {"lemma": "in", "pos": "E", "is_stop": true, "is_named": false}, "inghilterra": {"lemma": "inghilterra", "pos": "SP", "is_stop": false, "is_named": false}}}}, "obj": {"type": "Event", "pt": {"text": "ouvimos", "linguisticInfo": {"ouvimos": {"lemma": "ouvir", "pos": "VERB", "is_stop": false, "is_named": false}}}, "it": {"text": "sentono", "linguisticInfo": {"sentono": {"lemma": "sentire", "pos": "V", "is_stop": false, "is_named": false}}}}}, {"id": "R25", "subj": {"type": "Non-human_Oth_participant", "pt": {"text": "muitas coisas diferentes sobre a situa\u00e7\u00e3o no Afeganist\u00e3o", "linguisticInfo": {"muitas": {"lemma": "muito", "pos": "DET", "is_stop": false, "is_named": false}, "coisas": {"lemma": "coisa", "pos": "NOUN", "is_stop": false, "is_named": false}, "diferentes": {"lemma": "diferente", "pos": "ADJ", "is_stop": false, "is_named": false}, "sobre": {"lemma": "sobrar", "pos": "ADP", "is_stop": true, "is_named": false}, "a": {"lemma": "o", "pos": "DET", "is_stop": true, "is_named": false}, "situa\u00e7\u00e3o": {"lemma": "situa\u00e7\u00e3o", "pos": "NOUN", "is_stop": false, "is_named": false}, "no": {"lemma": "o", "pos": "ADP", "is_stop": true, "is_named": false}, "Afeganist\u00e3o": {"lemma": "Afeganist\u00e3o", "pos": "PROPN", "is_stop": false, "is_named": true}}}, "it": {"text": "molte cose sulla situazione", "linguisticInfo": {"molte": {"lemma": "molto", "pos": "DI", "is_stop": false, "is_named": false}, "cose": {"lemma": "cosa", "pos": "S", "is_stop": false, "is_named": false}, "sulla": {"lemma": "sulla", "pos": "E_RD", "is_stop": true, "is_named": false}, "situazione": {"lemma": "situazione", "pos": "S", "is_stop": false, "is_named": false}}}}, "obj": {"type": "Event", "pt": {"text": "ouvimos", "linguisticInfo": {"ouvimos": {"lemma": "ouvir", "pos": "VERB", "is_stop": false, "is_named": false}}}, "it": {"text": "sentono", "linguisticInfo": {"sentono": {"lemma": "sentire", "pos": "V", "is_stop": false, "is_named": false}}}}}, {"id": "R27", "subj": {"type": "Non-human_Oth_participant", "pt": {"text": "que tudo quanto vimos aqui n\u00e3o corresponde de modo algum , com o que se diz no Ocidente sobre este pa\u00eds", "linguisticInfo": {"que": {"lemma": "que", "pos": "PRON", "is_stop": true, "is_named": false}, "tudo": {"lemma": "tudo", "pos": "PRON", "is_stop": true, "is_named": false}, "quanto": {"lemma": "quantum", "pos": "ADV", "is_stop": true, "is_named": false}, "vimos": {"lemma": "vir", "pos": "VERB", "is_stop": false, "is_named": false}, "aqui": {"lemma": "aqui", "pos": "ADV", "is_stop": true, "is_named": false}, "n\u00e3o": {"lemma": "n\u00e3o", "pos": "ADV", "is_stop": true, "is_named": false}, "corresponde": {"lemma": "corresponder", "pos": "VERB", "is_stop": false, "is_named": false}, "de": {"lemma": "de", "pos": "ADP", "is_stop": true, "is_named": false}, "modo": {"lemma": "modo", "pos": "ADP", "is_stop": false, "is_named": false}, "algum": {"lemma": "algum", "pos": "NOUN", "is_stop": false, "is_named": false}, ",": {"lemma": ",", "pos": "PUNCT", "is_stop": false, "is_named": false}, "com": {"lemma": "com", "pos": "ADP", "is_stop": true, "is_named": false}, "o": {"lemma": "o", "pos": "PRON", "is_stop": true, "is_named": false}, "se": {"lemma": "se", "pos": "PRON", "is_stop": true, "is_named": false}, "diz": {"lemma": "dizer", "pos": "VERB", "is_stop": true, "is_named": false}, "no": {"lemma": "o", "pos": "ADP", "is_stop": true, "is_named": false}, "Ocidente": {"lemma": "Ocidente", "pos": "NOUN", "is_stop": false, "is_named": true}, "sobre": {"lemma": "sobrar", "pos": "ADP", "is_stop": true, "is_named": false}, "este": {"lemma": "este", "pos": "DET", "is_stop": true, "is_named": false}, "pa\u00eds": {"lemma": "pa\u00eds", "pos": "NOUN", "is_stop": false, "is_named": false}}}, "it": {"text": "\u00ab in ci\u00f2 che abbiamo visto qui non corrisponde assolutamente a", "linguisticInfo": {"\u00ab": {"lemma": "\u00ab", "pos": "FB", "is_stop": false, "is_named": false}, "in": {"lemma": "in", "pos": "E", "is_stop": true, "is_named": false}, "ci\u00f2": {"lemma": "ci\u00f2", "pos": "PD", "is_stop": false, "is_named": false}, "che": {"lemma": "che", "pos": "PR", "is_stop": true, "is_named": false}, "abbiamo": {"lemma": "avere", "pos": "VA", "is_stop": true, "is_named": false}, "visto": {"lemma": "vistare", "pos": "V", "is_stop": true, "is_named": false}, "qui": {"lemma": "qui", "pos": "B", "is_stop": true, "is_named": false}, "non": {"lemma": "non", "pos": "BN", "is_stop": true, "is_named": false}, "corrisponde": {"lemma": "corrispondere", "pos": "V", "is_stop": false, "is_named": false}, "assolutamente": {"lemma": "assolutamente", "pos": "B", "is_stop": false, "is_named": false}, "a": {"lemma": "a", "pos": "E", "is_stop": true, "is_named": false}}}}, "obj": {"type": "Event", "pt": {"text": "Devemos dizer", "linguisticInfo": {"Devemos": {"lemma": "Devemos", "pos": "VERB", "is_stop": false, "is_named": true}, "dizer": {"lemma": "dizer", "pos": "VERB", "is_stop": true, "is_named": false}}}, "it": {"text": "sentono dire", "linguisticInfo": {"sentono": {"lemma": "sentire", "pos": "V", "is_stop": false, "is_named": false}, "dire": {"lemma": "dire", "pos": "V", "is_stop": true, "is_named": false}}}}}, {"id": "R28", "subj": {"type": "Non-human_Patient", "pt": {"text": "tudo quanto", "linguisticInfo": {"tudo": {"lemma": "tudo", "pos": "PRON", "is_stop": true, "is_named": false}, "quanto": {"lemma": "quantum", "pos": "DET", "is_stop": true, "is_named": false}}}, "it": {"text": "ci\u00f2 che", "linguisticInfo": {"ci\u00f2": {"lemma": "ci\u00f2", "pos": "PD", "is_stop": false, "is_named": false}, "che": {"lemma": "che", "pos": "PR", "is_stop": true, "is_named": false}}}}, "obj": {"type": "Event", "pt": {"text": "vimos", "linguisticInfo": {"vimos": {"lemma": "vir", "pos": "VERB", "is_stop": false, "is_named": false}}}, "it": {"text": "abbiamo", "linguisticInfo": {"abbiamo": {"lemma": "avere", "pos": "V", "is_stop": true, "is_named": false}}}}}, {"id": "R29", "subj": {"type": "Geo_location", "pt": {"text": "aqui", "linguisticInfo": {"aqui": {"lemma": "aqui", "pos": "ADV", "is_stop": true, "is_named": false}}}, "it": {"text": "qui", "linguisticInfo": {"qui": {"lemma": "qui", "pos": "B", "is_stop": true, "is_named": false}}}}, "obj": {"type": "Event", "pt": {"text": "vimos", "linguisticInfo": {"vimos": {"lemma": "vir", "pos": "VERB", "is_stop": false, "is_named": false}}}, "it": {"text": "abbiamo", "linguisticInfo": {"abbiamo": {"lemma": "avere", "pos": "V", "is_stop": true, "is_named": false}}}}}]}, "sentences_4": {"itText": "NULL \u00ab attualmente , in un momento in cui le relazioni tra oriente e occidente sono particolarmente deteriorate , \u00e8 molto importante che la gente sappia la verit\u00e0 su ci\u00f2 che succede nel mondo e , soprattutto , in afghanistan \u00bb - ha detto roberts , che ha poi aggiunto : \u00ab se riusciremo ad ottenere qualche risultato in questo senso , vuol dire che avremo dato il nostro contributo al consolidamento della pace . \u00bb", "ptText": "\u00ab actualmente , quando as rela\u00e7\u00f5es entre o leste e o oeste se agravaram , \u00e9 muito importante que as pessoas saibam a verdade sobre os acontecimentos que est\u00e3o a ocorrer no mundo e no afeganist\u00e3o , em particular \u00bb - afirmou roberts , acrescentando : \u00ab se conseguirmos fazer pelo menos um pouco neste sentido , teremos dado a nossa contribui\u00e7\u00e3o \u00e0 causa do fortalecimento da paz . \u00bb \n", "relations": [{"id": "R30", "subj": {"type": "Non-human_Patient", "pt": {"text": "as rela\u00e7\u00f5es entre o Leste e o Oeste", "linguisticInfo": {"as": {"lemma": "o", "pos": "DET", "is_stop": true, "is_named": false}, "rela\u00e7\u00f5es": {"lemma": "rela\u00e7\u00e3o", "pos": "NOUN", "is_stop": false, "is_named": false}, "entre": {"lemma": "entrar", "pos": "ADP", "is_stop": true, "is_named": false}, "o": {"lemma": "o", "pos": "DET", "is_stop": true, "is_named": false}, "Leste": {"lemma": "Leste", "pos": "NOUN", "is_stop": false, "is_named": true}, "e": {"lemma": "e", "pos": "CCONJ", "is_stop": true, "is_named": false}, "Oeste": {"lemma": "Oeste", "pos": "PROPN", "is_stop": false, "is_named": true}}}, "it": {"text": "le relazioni tra oriente e", "linguisticInfo": {"le": {"lemma": "il", "pos": "RD", "is_stop": true, "is_named": false}, "relazioni": {"lemma": "relazione", "pos": "S", "is_stop": false, "is_named": false}, "tra": {"lemma": "tra", "pos": "E", "is_stop": true, "is_named": false}, "oriente": {"lemma": "oriente", "pos": "SP", "is_stop": false, "is_named": false}, "e": {"lemma": "e", "pos": "CC", "is_stop": false, "is_named": false}}}}, "obj": {"type": "Event", "pt": {"text": "se agravaram", "linguisticInfo": {"se": {"lemma": "se", "pos": "PRON", "is_stop": true, "is_named": false}, "agravaram": {"lemma": "agravar", "pos": "VERB", "is_stop": false, "is_named": false}}}, "it": {"text": "particolarmente deteriorate", "linguisticInfo": {"particolarmente": {"lemma": "particolarmente", "pos": "B", "is_stop": false, "is_named": false}, "deteriorate": {"lemma": "deteriorate", "pos": "A", "is_stop": false, "is_named": false}}}}}, {"id": "R31", "subj": {"type": "Geo_location", "pt": {"text": "no mundo e no Afeganist\u00e3o", "linguisticInfo": {"no": {"lemma": "o", "pos": "ADP", "is_stop": true, "is_named": false}, "mundo": {"lemma": "mundo", "pos": "NOUN", "is_stop": false, "is_named": false}, "e": {"lemma": "e", "pos": "CCONJ", "is_stop": true, "is_named": false}, "Afeganist\u00e3o": {"lemma": "Afeganist\u00e3o", "pos": "PROPN", "is_stop": false, "is_named": true}}}, "it": {"text": "nel mondo e in afghanistan", "linguisticInfo": {"nel": {"lemma": "nel", "pos": "E_RD", "is_stop": true, "is_named": false}, "mondo": {"lemma": "mondo", "pos": "S", "is_stop": true, "is_named": false}, "e": {"lemma": "e", "pos": "CC", "is_stop": false, "is_named": false}, "in": {"lemma": "in", "pos": "E", "is_stop": true, "is_named": false}, "afghanistan": {"lemma": "afghanistan", "pos": "S", "is_stop": false, "is_named": false}}}}, "obj": {"type": "Event", "pt": {"text": "os acontecimentos que est\u00e3o a ocorrer", "linguisticInfo": {"os": {"lemma": "o", "pos": "DET", "is_stop": true, "is_named": false}, "acontecimentos": {"lemma": "acontecimento", "pos": "NOUN", "is_stop": false, "is_named": false}, "que": {"lemma": "que", "pos": "PRON", "is_stop": true, "is_named": false}, "est\u00e3o": {"lemma": "estar", "pos": "VERB", "is_stop": true, "is_named": false}, "a": {"lemma": "o", "pos": "SCONJ", "is_stop": true, "is_named": false}, "ocorrer": {"lemma": "ocorrer", "pos": "VERB", "is_stop": false, "is_named": false}}}, "it": {"text": "\u00ab attualmente ci\u00f2 che succede nel mondo", "linguisticInfo": {"\u00ab": {"lemma": "\u00ab", "pos": "FB", "is_stop": false, "is_named": false}, "attualmente": {"lemma": "attualmente", "pos": "B", "is_stop": false, "is_named": false}, "ci\u00f2": {"lemma": "ci\u00f2", "pos": "PD", "is_stop": false, "is_named": false}, "che": {"lemma": "che", "pos": "PR", "is_stop": true, "is_named": false}, "succede": {"lemma": "succedere", "pos": "V", "is_stop": false, "is_named": false}, "nel": {"lemma": "nel", "pos": "E_RD", "is_stop": true, "is_named": false}, "mondo": {"lemma": "mondo", "pos": "S", "is_stop": true, "is_named": false}}}}}, {"id": "R32", "subj": {"type": "Human_Agent", "pt": {"text": "Roberts", "linguisticInfo": {"Roberts": {"lemma": "Roberts", "pos": "NOUN", "is_stop": false, "is_named": true}}}, "it": {"text": "roberts", "linguisticInfo": {"roberts": {"lemma": "roberts", "pos": "V", "is_stop": false, "is_named": false}}}}, "obj": {"type": "Event", "pt": {"text": "afirmou", "linguisticInfo": {"afirmou": {"lemma": "afirmar", "pos": "VERB", "is_stop": false, "is_named": false}}}, "it": {"text": "detto", "linguisticInfo": {"detto": {"lemma": "dire", "pos": "V", "is_stop": true, "is_named": false}}}}}, {"id": "R34", "subj": {"type": "Non-human_Oth_participant", "pt": {"text": "Se conseguirmos fazer pelo menos um pouco neste sentido , teremos dado a nossa contribui\u00e7\u00e3o \u00e0 causa do fortalecimento da paz", "linguisticInfo": {"Se": {"lemma": "Se", "pos": "SCONJ", "is_stop": true, "is_named": true}, "conseguirmos": {"lemma": "conseguir", "pos": "VERB", "is_stop": false, "is_named": false}, "fazer": {"lemma": "fazer", "pos": "VERB", "is_stop": true, "is_named": false}, "pelo": {"lemma": "pelar", "pos": "ADP", "is_stop": true, "is_named": false}, "menos": {"lemma": "menos", "pos": "NOUN", "is_stop": true, "is_named": false}, "um": {"lemma": "um", "pos": "NUM", "is_stop": true, "is_named": false}, "pouco": {"lemma": "pouco", "pos": "NOUN", "is_stop": true, "is_named": false}, "neste": {"lemma": "neste", "pos": "ADP", "is_stop": true, "is_named": false}, "sentido": {"lemma": "sentir", "pos": "NOUN", "is_stop": false, "is_named": false}, ",": {"lemma": ",", "pos": "PUNCT", "is_stop": false, "is_named": false}, "teremos": {"lemma": "ter", "pos": "VERB", "is_stop": false, "is_named": false}, "dado": {"lemma": "dar", "pos": "VERB", "is_stop": false, "is_named": false}, "a": {"lemma": "o", "pos": "DET", "is_stop": true, "is_named": false}, "nossa": {"lemma": "nosso", "pos": "DET", "is_stop": true, "is_named": false}, "contribui\u00e7\u00e3o": {"lemma": "contribui\u00e7\u00e3o", "pos": "NOUN", "is_stop": false, "is_named": false}, "\u00e0": {"lemma": "\u00e0", "pos": "ADP", "is_stop": true, "is_named": false}, "causa": {"lemma": "causar", "pos": "NOUN", "is_stop": false, "is_named": false}, "do": {"lemma": "do", "pos": "ADP", "is_stop": true, "is_named": false}, "fortalecimento": {"lemma": "fortalecimento", "pos": "NOUN", "is_stop": false, "is_named": false}, "da": {"lemma": "da", "pos": "ADP", "is_stop": true, "is_named": false}, "paz": {"lemma": "paz", "pos": "NOUN", "is_stop": false, "is_named": false}}}, "it": {"text": "se riusciremo ad ottenere qualche risultato", "linguisticInfo": {"se": {"lemma": "se", "pos": "CS", "is_stop": true, "is_named": false}, "riusciremo": {"lemma": "riuscire", "pos": "V", "is_stop": false, "is_named": false}, "ad": {"lemma": "ad", "pos": "E", "is_stop": true, "is_named": false}, "ottenere": {"lemma": "ottenere", "pos": "V", "is_stop": false, "is_named": false}, "qualche": {"lemma": "qualche", "pos": "DI", "is_stop": true, "is_named": false}, "risultato": {"lemma": "risultato", "pos": "S", "is_stop": false, "is_named": false}}}}, "obj": {"type": "Event", "pt": {"text": "acrescentando", "linguisticInfo": {"acrescentando": {"lemma": "acrescentar", "pos": "VERB", "is_stop": false, "is_named": false}}}, "it": {"text": "aggiunto", "linguisticInfo": {"aggiunto": {"lemma": "aggiuntare", "pos": "V", "is_stop": false, "is_named": false}}}}}, {"id": "R35", "subj": {"type": "Non-human_Patient", "pt": {"text": "pelo menos um pouco neste sentido", "linguisticInfo": {"pelo": {"lemma": "pelar", "pos": "ADP", "is_stop": true, "is_named": false}, "menos": {"lemma": "menos", "pos": "NOUN", "is_stop": true, "is_named": false}, "um": {"lemma": "um", "pos": "NUM", "is_stop": true, "is_named": false}, "pouco": {"lemma": "pouco", "pos": "NOUN", "is_stop": true, "is_named": false}, "neste": {"lemma": "neste", "pos": "ADP", "is_stop": true, "is_named": false}, "sentido": {"lemma": "sentir", "pos": "NOUN", "is_stop": false, "is_named": false}}}, "it": {"text": "\u00ab attualmente qualche risultato in", "linguisticInfo": {"\u00ab": {"lemma": "\u00ab", "pos": "FB", "is_stop": false, "is_named": false}, "attualmente": {"lemma": "attualmente", "pos": "B", "is_stop": false, "is_named": false}, "qualche": {"lemma": "qualche", "pos": "DI", "is_stop": true, "is_named": false}, "risultato": {"lemma": "risultato", "pos": "S", "is_stop": false, "is_named": false}, "in": {"lemma": "in", "pos": "E", "is_stop": true, "is_named": false}}}}, "obj": {"type": "Event", "pt": {"text": "conseguirmos fazer", "linguisticInfo": {"conseguirmos": {"lemma": "conseguir", "pos": "VERB", "is_stop": false, "is_named": false}, "fazer": {"lemma": "fazer", "pos": "VERB", "is_stop": true, "is_named": false}}}, "it": {"text": "riusciremo ottenere", "linguisticInfo": {"riusciremo": {"lemma": "riuscire", "pos": "V", "is_stop": false, "is_named": false}, "ottenere": {"lemma": "ottenere", "pos": "V", "is_stop": false, "is_named": false}}}}}, {"id": "R37", "subj": {"type": "Non-human_Patient", "pt": {"text": "\u00e0 causa do fortalecimento da paz", "linguisticInfo": {"\u00e0": {"lemma": "\u00e0", "pos": "ADP", "is_stop": true, "is_named": false}, "causa": {"lemma": "causar", "pos": "NOUN", "is_stop": false, "is_named": false}, "do": {"lemma": "do", "pos": "ADP", "is_stop": true, "is_named": false}, "fortalecimento": {"lemma": "fortalecimento", "pos": "NOUN", "is_stop": false, "is_named": false}, "da": {"lemma": "da", "pos": "ADP", "is_stop": true, "is_named": false}, "paz": {"lemma": "paz", "pos": "NOUN", "is_stop": false, "is_named": false}}}, "it": {"text": "contributo al consolidamento", "linguisticInfo": {"contributo": {"lemma": "contributo", "pos": "S", "is_stop": false, "is_named": false}, "al": {"lemma": "al", "pos": "E_RD", "is_stop": true, "is_named": false}, "consolidamento": {"lemma": "consolidamento", "pos": "S", "is_stop": false, "is_named": false}}}}, "obj": {"type": "Event", "pt": {"text": "teremos dado a nossa contribui\u00e7\u00e3o", "linguisticInfo": {"teremos": {"lemma": "ter", "pos": "VERB", "is_stop": false, "is_named": false}, "dado": {"lemma": "dar", "pos": "VERB", "is_stop": false, "is_named": false}, "a": {"lemma": "o", "pos": "DET", "is_stop": true, "is_named": false}, "nossa": {"lemma": "nosso", "pos": "DET", "is_stop": true, "is_named": false}, "contribui\u00e7\u00e3o": {"lemma": "contribui\u00e7\u00e3o", "pos": "NOUN", "is_stop": false, "is_named": false}}}, "it": {"text": "avremo dato il nostro", "linguisticInfo": {"avremo": {"lemma": "avere", "pos": "VA", "is_stop": true, "is_named": false}, "dato": {"lemma": "datare", "pos": "V", "is_stop": false, "is_named": false}, "il": {"lemma": "il", "pos": "RD", "is_stop": true, "is_named": false}, "nostro": {"lemma": "nostro", "pos": "AP", "is_stop": true, "is_named": false}}}}}]}}