{"sentences_0": {"itText": "NULL il presidente kenneth kaunda dello zambia , il cui paese \u00e8 stato utilizzato come base per la guerra civile in rhodesia , ha reso omaggio ieri alle vittime del conflitto nel santuario degli eroi di acri vicino a salisbury .", "ptText": "o presidente kenneth kaunda da z\u00e2mbia , cujo pa\u00eds foi utilizado como base para opera\u00e7\u00f5es de guerrilha durante a guerra na rod\u00e9sia , prestou , ontem , homenagem aos mortos no conflito do santu\u00e1rio acre dos her\u00f3is , perto de salisb\u00faria . \n", "relations": [{"id": "R4", "subj": {"type": "Non-human_Patient", "pt": {"text": "cujo pa\u00eds", "linguisticInfo": {"cujo": {"lemma": "cujo", "pos": "DET", "is_stop": true, "is_named": false}, "pa\u00eds": {"lemma": "pa\u00eds", "pos": "NOUN", "is_stop": false, "is_named": false}}}, "it": {"text": "cui paese", "linguisticInfo": {"cui": {"lemma": "cui", "pos": "DR", "is_stop": true, "is_named": false}, "paese": {"lemma": "paese", "pos": "S", "is_stop": true, "is_named": false}}}}, "obj": {"type": "Event", "pt": {"text": "foi utilizado", "linguisticInfo": {"foi": {"lemma": "ser", "pos": "AUX", "is_stop": true, "is_named": false}, "utilizado": {"lemma": "utilizar", "pos": "VERB", "is_stop": false, "is_named": false}}}, "it": {"text": "stato utilizzato", "linguisticInfo": {"stato": {"lemma": "stare", "pos": "VA", "is_stop": true, "is_named": false}, "utilizzato": {"lemma": "utilizzare", "pos": "V", "is_stop": false, "is_named": false}}}}}, {"id": "R5", "subj": {"type": "Non-human_Oth_participant", "pt": {"text": "como base para opera\u00e7\u00f5es de guerrilha", "linguisticInfo": {"como": {"lemma": "comer", "pos": "ADP", "is_stop": true, "is_named": false}, "base": {"lemma": "base", "pos": "NOUN", "is_stop": false, "is_named": false}, "para": {"lemma": "parir", "pos": "ADP", "is_stop": true, "is_named": false}, "opera\u00e7\u00f5es": {"lemma": "opera\u00e7\u00e3o", "pos": "NOUN", "is_stop": false, "is_named": false}, "de": {"lemma": "de", "pos": "ADP", "is_stop": true, "is_named": false}, "guerrilha": {"lemma": "guerrilhar", "pos": "NOUN", "is_stop": false, "is_named": false}}}, "it": {"text": "come base per la guerra", "linguisticInfo": {"come": {"lemma": "come", "pos": "E", "is_stop": true, "is_named": false}, "base": {"lemma": "base", "pos": "S", "is_stop": false, "is_named": false}, "per": {"lemma": "per", "pos": "E", "is_stop": true, "is_named": false}, "la": {"lemma": "il", "pos": "RD", "is_stop": true, "is_named": false}, "guerra": {"lemma": "guerra", "pos": "S", "is_stop": false, "is_named": false}}}}, "obj": {"type": "Event", "pt": {"text": "foi utilizado", "linguisticInfo": {"foi": {"lemma": "ser", "pos": "AUX", "is_stop": true, "is_named": false}, "utilizado": {"lemma": "utilizar", "pos": "VERB", "is_stop": false, "is_named": false}}}, "it": {"text": "stato utilizzato", "linguisticInfo": {"stato": {"lemma": "stare", "pos": "VA", "is_stop": true, "is_named": false}, "utilizzato": {"lemma": "utilizzare", "pos": "V", "is_stop": false, "is_named": false}}}}}, {"id": "R6", "subj": {"type": "Time", "pt": {"text": "durante a guerra na Rod\u00e9sia", "linguisticInfo": {"durante": {"lemma": "durante", "pos": "ADP", "is_stop": false, "is_named": false}, "a": {"lemma": "o", "pos": "DET", "is_stop": true, "is_named": false}, "guerra": {"lemma": "guerra", "pos": "NOUN", "is_stop": false, "is_named": false}, "na": {"lemma": "o", "pos": "ADP", "is_stop": true, "is_named": false}, "Rod\u00e9sia": {"lemma": "Rod\u00e9sia", "pos": "PROPN", "is_stop": false, "is_named": true}}}, "it": {"text": "reso omaggio ieri", "linguisticInfo": {"reso": {"lemma": "rendere", "pos": "V", "is_stop": false, "is_named": false}, "omaggio": {"lemma": "omaggio", "pos": "B", "is_stop": false, "is_named": false}, "ieri": {"lemma": "ieri", "pos": "B", "is_stop": true, "is_named": false}}}}, "obj": {"type": "Event", "pt": {"text": "foi utilizado", "linguisticInfo": {"foi": {"lemma": "ser", "pos": "AUX", "is_stop": true, "is_named": false}, "utilizado": {"lemma": "utilizar", "pos": "VERB", "is_stop": false, "is_named": false}}}, "it": {"text": "stato utilizzato", "linguisticInfo": {"stato": {"lemma": "stare", "pos": "VA", "is_stop": true, "is_named": false}, "utilizzato": {"lemma": "utilizzare", "pos": "V", "is_stop": false, "is_named": false}}}}}, {"id": "R8", "subj": {"type": "Geo_location", "pt": {"text": "na Rod\u00e9sia", "linguisticInfo": {"na": {"lemma": "o", "pos": "ADP", "is_stop": true, "is_named": false}, "Rod\u00e9sia": {"lemma": "Rod\u00e9sia", "pos": "PROPN", "is_stop": false, "is_named": true}}}, "it": {"text": "rhodesia", "linguisticInfo": {"rhodesia": {"lemma": "rhodesia", "pos": "V", "is_stop": false, "is_named": false}}}}, "obj": {"type": "Event", "pt": {"text": "a guerra", "linguisticInfo": {"a": {"lemma": "o", "pos": "DET", "is_stop": true, "is_named": false}, "guerra": {"lemma": "guerra", "pos": "NOUN", "is_stop": false, "is_named": false}}}, "it": {"text": "guerra", "linguisticInfo": {"guerra": {"lemma": "guerra", "pos": "S", "is_stop": false, "is_named": false}}}}}]}, "sentences_1": {"itText": "NULL il dott. kaunda , arrivato in zimbabwe per una visita ufficiale di cinque giorni , aveva sostenuto con forza la fazione dei guerriglieri condotta da joshua nkmo durante il conflitto nella boscaglia durato sette anni e conclusosi con il governo guidato dalla maggioranza bianca .", "ptText": "o dr. kaunda , que chegou ao zimbabwe numa visita oficial de cinco dias , deu grande apoio \u00e0 fac\u00e7\u00e3o de guerrilheiros comandados por joshua nkomo , na guerra de sete anos no mato que acabou com o governo de maioria branca . \n", "relations": [{"id": "R10", "subj": {"type": "Human_Agent", "pt": {"text": "O dr. Kaunda", "linguisticInfo": {"O": {"lemma": "O", "pos": "DET", "is_stop": true, "is_named": true}, "dr.": {"lemma": "dr.", "pos": "NOUN", "is_stop": false, "is_named": false}, "Kaunda": {"lemma": "Kaunda", "pos": "PROPN", "is_stop": false, "is_named": true}}}, "it": {"text": "il dott. kaunda", "linguisticInfo": {"il": {"lemma": "il", "pos": "RD", "is_stop": true, "is_named": false}, "dott": {"lemma": "dott", "pos": "S", "is_stop": false, "is_named": false}, ".": {"lemma": ".", "pos": "FS", "is_stop": false, "is_named": false}, "kaunda": {"lemma": "kaunda", "pos": "SP", "is_stop": false, "is_named": false}}}}, "obj": {"type": "Event", "pt": {"text": "deu grande apoio", "linguisticInfo": {"deu": {"lemma": "dar", "pos": "VERB", "is_stop": false, "is_named": false}, "grande": {"lemma": "grande", "pos": "ADJ", "is_stop": true, "is_named": false}, "apoio": {"lemma": "apoiar", "pos": "NOUN", "is_stop": true, "is_named": false}}}, "it": {"text": "nkmo durante il", "linguisticInfo": {"nkmo": {"lemma": "nkmo", "pos": "V", "is_stop": false, "is_named": false}, "durante": {"lemma": "durante", "pos": "E", "is_stop": true, "is_named": false}, "il": {"lemma": "il", "pos": "RD", "is_stop": true, "is_named": false}}}}}, {"id": "R11", "subj": {"type": "Human_Patient", "pt": {"text": "\u00e0 fac\u00e7\u00e3o de guerrilheiros comandados por Joshua Nkomo , na guerra de sete anos no mato que acabou com o Governo de maioria branca", "linguisticInfo": {"\u00e0": {"lemma": "\u00e0", "pos": "ADP", "is_stop": true, "is_named": false}, "fac\u00e7\u00e3o": {"lemma": "fac\u00e7\u00e3o", "pos": "NOUN", "is_stop": false, "is_named": false}, "de": {"lemma": "de", "pos": "ADP", "is_stop": true, "is_named": false}, "guerrilheiros": {"lemma": "guerrilheiro", "pos": "NOUN", "is_stop": false, "is_named": false}, "comandados": {"lemma": "comandar", "pos": "VERB", "is_stop": false, "is_named": false}, "por": {"lemma": "por", "pos": "ADP", "is_stop": true, "is_named": false}, "Joshua": {"lemma": "Joshua", "pos": "PROPN", "is_stop": false, "is_named": true}, "Nkomo": {"lemma": "Nkomo", "pos": "PROPN", "is_stop": false, "is_named": true}, ",": {"lemma": ",", "pos": "PUNCT", "is_stop": false, "is_named": false}, "na": {"lemma": "o", "pos": "ADP", "is_stop": true, "is_named": false}, "guerra": {"lemma": "guerra", "pos": "NOUN", "is_stop": false, "is_named": false}, "sete": {"lemma": "sete", "pos": "NUM", "is_stop": true, "is_named": false}, "anos": {"lemma": "ano", "pos": "NOUN", "is_stop": false, "is_named": false}, "no": {"lemma": "o", "pos": "ADP", "is_stop": true, "is_named": false}, "mato": {"lemma": "matar", "pos": "NOUN", "is_stop": false, "is_named": false}, "que": {"lemma": "que", "pos": "PRON", "is_stop": true, "is_named": false}, "acabou": {"lemma": "acabar", "pos": "VERB", "is_stop": false, "is_named": false}, "com": {"lemma": "com", "pos": "ADP", "is_stop": true, "is_named": false}, "o": {"lemma": "o", "pos": "DET", "is_stop": true, "is_named": false}, "Governo": {"lemma": "Governo", "pos": "PROPN", "is_stop": false, "is_named": true}, "maioria": {"lemma": "maioria", "pos": "NOUN", "is_stop": true, "is_named": false}, "branca": {"lemma": "branco", "pos": "ADJ", "is_stop": false, "is_named": false}}}, "it": {"text": "nkmo durante il", "linguisticInfo": {"nkmo": {"lemma": "nkmo", "pos": "V", "is_stop": false, "is_named": false}, "durante": {"lemma": "durante", "pos": "E", "is_stop": true, "is_named": false}, "il": {"lemma": "il", "pos": "RD", "is_stop": true, "is_named": false}}}}, "obj": {"type": "Event", "pt": {"text": "deu grande apoio", "linguisticInfo": {"deu": {"lemma": "dar", "pos": "VERB", "is_stop": false, "is_named": false}, "grande": {"lemma": "grande", "pos": "ADJ", "is_stop": true, "is_named": false}, "apoio": {"lemma": "apoiar", "pos": "NOUN", "is_stop": true, "is_named": false}}}, "it": {"text": "nkmo durante il", "linguisticInfo": {"nkmo": {"lemma": "nkmo", "pos": "V", "is_stop": false, "is_named": false}, "durante": {"lemma": "durante", "pos": "E", "is_stop": true, "is_named": false}, "il": {"lemma": "il", "pos": "RD", "is_stop": true, "is_named": false}}}}}, {"id": "R12", "subj": {"type": "Non-human_Oth_participant", "pt": {"text": "numa visita oficial de cinco dias", "linguisticInfo": {"numa": {"lemma": "numa", "pos": "ADP", "is_stop": true, "is_named": false}, "visita": {"lemma": "visitar", "pos": "NOUN", "is_stop": false, "is_named": false}, "oficial": {"lemma": "oficial", "pos": "ADJ", "is_stop": false, "is_named": false}, "de": {"lemma": "de", "pos": "ADP", "is_stop": true, "is_named": false}, "cinco": {"lemma": "cincar", "pos": "NUM", "is_stop": true, "is_named": false}, "dias": {"lemma": "dia", "pos": "NOUN", "is_stop": false, "is_named": false}}}, "it": {"text": "una visita ufficiale di cinque giorni", "linguisticInfo": {"una": {"lemma": "uno", "pos": "RI", "is_stop": true, "is_named": false}, "visita": {"lemma": "visita", "pos": "S", "is_stop": false, "is_named": false}, "ufficiale": {"lemma": "ufficiale", "pos": "A", "is_stop": false, "is_named": false}, "di": {"lemma": "di", "pos": "E", "is_stop": true, "is_named": false}, "cinque": {"lemma": "cinque", "pos": "N", "is_stop": false, "is_named": false}, "giorni": {"lemma": "giorno", "pos": "S", "is_stop": true, "is_named": false}}}}, "obj": {"type": "Event", "pt": {"text": "chegou", "linguisticInfo": {"chegou": {"lemma": "chegar", "pos": "VERB", "is_stop": false, "is_named": false}}}, "it": {"text": "arrivato", "linguisticInfo": {"arrivato": {"lemma": "arrivare", "pos": "V", "is_stop": false, "is_named": false}}}}}, {"id": "R13", "subj": {"type": "Geo_location", "pt": {"text": "ao Zimbabwe", "linguisticInfo": {"ao": {"lemma": "ao", "pos": "ADP", "is_stop": true, "is_named": false}, "Zimbabwe": {"lemma": "Zimbabwe", "pos": "PROPN", "is_stop": false, "is_named": true}}}, "it": {"text": "zimbabwe", "linguisticInfo": {"zimbabwe": {"lemma": "zimbabwe", "pos": "V", "is_stop": false, "is_named": false}}}}, "obj": {"type": "Event", "pt": {"text": "chegou", "linguisticInfo": {"chegou": {"lemma": "chegar", "pos": "VERB", "is_stop": false, "is_named": false}}}, "it": {"text": "arrivato", "linguisticInfo": {"arrivato": {"lemma": "arrivare", "pos": "V", "is_stop": false, "is_named": false}}}}}, {"id": "R14", "subj": {"type": "Human_Agent", "pt": {"text": "que", "linguisticInfo": {"que": {"lemma": "que", "pos": "SCONJ", "is_stop": true, "is_named": false}}}, "it": {"text": "", "linguisticInfo": {}}}, "obj": {"type": "Event", "pt": {"text": "chegou", "linguisticInfo": {"chegou": {"lemma": "chegar", "pos": "VERB", "is_stop": false, "is_named": false}}}, "it": {"text": "arrivato", "linguisticInfo": {"arrivato": {"lemma": "arrivare", "pos": "V", "is_stop": false, "is_named": false}}}}}, {"id": "R17", "subj": {"type": "Human_Agent", "pt": {"text": "por Joshua Nkomo", "linguisticInfo": {"por": {"lemma": "por", "pos": "ADP", "is_stop": true, "is_named": false}, "Joshua": {"lemma": "Joshua", "pos": "PROPN", "is_stop": false, "is_named": true}, "Nkomo": {"lemma": "Nkomo", "pos": "PROPN", "is_stop": false, "is_named": true}}}, "it": {"text": "da joshua nkmo", "linguisticInfo": {"da": {"lemma": "da", "pos": "E", "is_stop": true, "is_named": false}, "joshua": {"lemma": "joshua", "pos": "SP", "is_stop": false, "is_named": false}, "nkmo": {"lemma": "nkmo", "pos": "SP", "is_stop": false, "is_named": false}}}}, "obj": {"type": "Event", "pt": {"text": "comandados", "linguisticInfo": {"comandados": {"lemma": "comandar", "pos": "VERB", "is_stop": false, "is_named": false}}}, "it": {"text": "condotta", "linguisticInfo": {"condotta": {"lemma": "condotta", "pos": "S", "is_stop": false, "is_named": false}}}}}, {"id": "R18", "subj": {"type": "Time", "pt": {"text": "na guerra de sete anos no mato que acabou com o Governo de maioria branca", "linguisticInfo": {"na": {"lemma": "o", "pos": "ADP", "is_stop": true, "is_named": false}, "guerra": {"lemma": "guerra", "pos": "NOUN", "is_stop": false, "is_named": false}, "de": {"lemma": "de", "pos": "ADP", "is_stop": true, "is_named": false}, "sete": {"lemma": "sete", "pos": "NUM", "is_stop": true, "is_named": false}, "anos": {"lemma": "ano", "pos": "NOUN", "is_stop": false, "is_named": false}, "no": {"lemma": "o", "pos": "ADP", "is_stop": true, "is_named": false}, "mato": {"lemma": "matar", "pos": "NOUN", "is_stop": false, "is_named": false}, "que": {"lemma": "que", "pos": "PRON", "is_stop": true, "is_named": false}, "acabou": {"lemma": "acabar", "pos": "VERB", "is_stop": false, "is_named": false}, "com": {"lemma": "com", "pos": "ADP", "is_stop": true, "is_named": false}, "o": {"lemma": "o", "pos": "DET", "is_stop": true, "is_named": false}, "Governo": {"lemma": "Governo", "pos": "PROPN", "is_stop": false, "is_named": true}, "maioria": {"lemma": "maioria", "pos": "NOUN", "is_stop": true, "is_named": false}, "branca": {"lemma": "branco", "pos": "ADJ", "is_stop": false, "is_named": false}}}, "it": {"text": "nella boscaglia durato sette anni e conclusosi guidato dalla maggioranza", "linguisticInfo": {"nella": {"lemma": "nella", "pos": "E_RD", "is_stop": true, "is_named": false}, "boscaglia": {"lemma": "boscaglia", "pos": "S", "is_stop": false, "is_named": false}, "durato": {"lemma": "durare", "pos": "V", "is_stop": false, "is_named": false}, "sette": {"lemma": "sette", "pos": "N", "is_stop": true, "is_named": false}, "anni": {"lemma": "anno", "pos": "S", "is_stop": true, "is_named": false}, "e": {"lemma": "e", "pos": "CC", "is_stop": false, "is_named": false}, "conclusosi": {"lemma": "conclusosi", "pos": "S", "is_stop": false, "is_named": false}, "guidato": {"lemma": "guidare", "pos": "V", "is_stop": false, "is_named": false}, "dalla": {"lemma": "dalla", "pos": "E_RD", "is_stop": true, "is_named": false}, "maggioranza": {"lemma": "maggioranza", "pos": "S", "is_stop": false, "is_named": false}}}}, "obj": {"type": "Event", "pt": {"text": "comandados", "linguisticInfo": {"comandados": {"lemma": "comandar", "pos": "VERB", "is_stop": false, "is_named": false}}}, "it": {"text": "condotta", "linguisticInfo": {"condotta": {"lemma": "condotta", "pos": "S", "is_stop": false, "is_named": false}}}}}, {"id": "R20", "subj": {"type": "Non-human_Agent", "pt": {"text": "que", "linguisticInfo": {"que": {"lemma": "que", "pos": "SCONJ", "is_stop": true, "is_named": false}}}, "it": {"text": "", "linguisticInfo": {}}}, "obj": {"type": "Event", "pt": {"text": "acabou", "linguisticInfo": {"acabou": {"lemma": "acabar", "pos": "VERB", "is_stop": false, "is_named": false}}}, "it": {"text": "conclusosi", "linguisticInfo": {"conclusosi": {"lemma": "concludere", "pos": "V", "is_stop": false, "is_named": false}}}}}, {"id": "R21", "subj": {"type": "Human_Patient", "pt": {"text": "com o Governo de maioria branca", "linguisticInfo": {"com": {"lemma": "com", "pos": "ADP", "is_stop": true, "is_named": false}, "o": {"lemma": "o", "pos": "DET", "is_stop": true, "is_named": false}, "Governo": {"lemma": "Governo", "pos": "PROPN", "is_stop": false, "is_named": true}, "de": {"lemma": "de", "pos": "ADP", "is_stop": true, "is_named": false}, "maioria": {"lemma": "maioria", "pos": "NOUN", "is_stop": true, "is_named": false}, "branca": {"lemma": "branco", "pos": "ADJ", "is_stop": false, "is_named": false}}}, "it": {"text": "con forza la il conflitto nella governo guidato dalla", "linguisticInfo": {"con": {"lemma": "con", "pos": "E", "is_stop": true, "is_named": false}, "forza": {"lemma": "forza", "pos": "S", "is_stop": true, "is_named": false}, "la": {"lemma": "il", "pos": "RD", "is_stop": true, "is_named": false}, "il": {"lemma": "il", "pos": "RD", "is_stop": true, "is_named": false}, "conflitto": {"lemma": "conflitto", "pos": "S", "is_stop": false, "is_named": false}, "nella": {"lemma": "nella", "pos": "E_RD", "is_stop": true, "is_named": false}, "governo": {"lemma": "governo", "pos": "S", "is_stop": true, "is_named": false}, "guidato": {"lemma": "guidare", "pos": "V", "is_stop": false, "is_named": false}, "dalla": {"lemma": "dalla", "pos": "E_RD", "is_stop": true, "is_named": false}}}}, "obj": {"type": "Event", "pt": {"text": "acabou", "linguisticInfo": {"acabou": {"lemma": "acabar", "pos": "VERB", "is_stop": false, "is_named": false}}}, "it": {"text": "conclusosi", "linguisticInfo": {"conclusosi": {"lemma": "concludere", "pos": "V", "is_stop": false, "is_named": false}}}}}]}, "sentences_2": {"itText": "NULL nonostante ci\u00f2 , il dirigente zambiano \u00e8 stato accolto con entusiasmo dal primo ministro robert mugabe , le cui forze militari hanno diretto le operazioni durante la guerra principalmente a partire dalla repubblica popolare del mozambico . i due dirigenti hanno dimostrato grande cordialit\u00e0 durante la cerimonia , in cui \u00e8 stata anche intitolata al dott. kuanda una via di salisbuty", "ptText": "apesar disso , ao dirigente zambiano foi feita uma recep\u00e7\u00e3o entusi\u00e1stica pelo primeiro-ministro robert mugabe , cujas for\u00e7as operaram durante a guerra a partir , principalmente , da rep\u00fablica popular de mo\u00e7ambique . os dois dirigentes mostraram grande cordialidade durante uma cerim\u00f3nia dando o nome do dr. kaunda a uma rua de salisb\u00faria . \n", "relations": [{"id": "R22", "subj": {"type": "Human_Patient", "pt": {"text": "ao dirigente zambiano", "linguisticInfo": {"ao": {"lemma": "ao", "pos": "ADP", "is_stop": true, "is_named": false}, "dirigente": {"lemma": "dirigente", "pos": "NOUN", "is_stop": false, "is_named": false}, "zambiano": {"lemma": "zambiano", "pos": "ADJ", "is_stop": false, "is_named": false}}}, "it": {"text": "il dirigente zambiano", "linguisticInfo": {"il": {"lemma": "il", "pos": "RD", "is_stop": true, "is_named": false}, "dirigente": {"lemma": "dirigente", "pos": "S", "is_stop": false, "is_named": false}, "zambiano": {"lemma": "zambiano", "pos": "S", "is_stop": false, "is_named": false}}}}, "obj": {"type": "Event", "pt": {"text": "foi feita uma recep\u00e7\u00e3o entusi\u00e1stica", "linguisticInfo": {"foi": {"lemma": "ser", "pos": "AUX", "is_stop": true, "is_named": false}, "feita": {"lemma": "feito", "pos": "VERB", "is_stop": false, "is_named": false}, "uma": {"lemma": "umar", "pos": "DET", "is_stop": true, "is_named": false}, "recep\u00e7\u00e3o": {"lemma": "recep\u00e7\u00e3o", "pos": "NOUN", "is_stop": false, "is_named": false}, "entusi\u00e1stica": {"lemma": "entusi\u00e1stico", "pos": "ADJ", "is_stop": false, "is_named": false}}}, "it": {"text": "stato accolto con entusiasmo", "linguisticInfo": {"stato": {"lemma": "stare", "pos": "VA", "is_stop": true, "is_named": false}, "accolto": {"lemma": "accogliere", "pos": "V", "is_stop": false, "is_named": false}, "con": {"lemma": "con", "pos": "E", "is_stop": true, "is_named": false}, "entusiasmo": {"lemma": "entusiasmo", "pos": "S", "is_stop": false, "is_named": false}}}}}, {"id": "R24", "subj": {"type": "Geo_location", "pt": {"text": "a partir , principalmente , da Rep\u00fablica Popular de Mo\u00e7ambique", "linguisticInfo": {"a": {"lemma": "o", "pos": "ADP", "is_stop": true, "is_named": false}, "partir": {"lemma": "partir", "pos": "VERB", "is_stop": true, "is_named": false}, ",": {"lemma": ",", "pos": "PUNCT", "is_stop": false, "is_named": false}, "principalmente": {"lemma": "principalmente", "pos": "ADV", "is_stop": false, "is_named": false}, "da": {"lemma": "da", "pos": "ADP", "is_stop": true, "is_named": false}, "Rep\u00fablica": {"lemma": "Rep\u00fablica", "pos": "PROPN", "is_stop": false, "is_named": true}, "Popular": {"lemma": "Popular", "pos": "PROPN", "is_stop": false, "is_named": true}, "de": {"lemma": "de", "pos": "ADP", "is_stop": true, "is_named": false}, "Mo\u00e7ambique": {"lemma": "Mo\u00e7ambique", "pos": "PROPN", "is_stop": false, "is_named": true}}}, "it": {"text": "nonostante ci\u00f2 partire dalla repubblica", "linguisticInfo": {"nonostante": {"lemma": "nonostante", "pos": "E", "is_stop": true, "is_named": false}, "ci\u00f2": {"lemma": "ci\u00f2", "pos": "PD", "is_stop": false, "is_named": false}, "partire": {"lemma": "partire", "pos": "V", "is_stop": false, "is_named": false}, "dalla": {"lemma": "dalla", "pos": "E_RD", "is_stop": true, "is_named": false}, "repubblica": {"lemma": "repubblica", "pos": "S", "is_stop": false, "is_named": false}}}}, "obj": {"type": "Event", "pt": {"text": "operaram", "linguisticInfo": {"operaram": {"lemma": "operar", "pos": "VERB", "is_stop": false, "is_named": false}}}, "it": {"text": "salisbuty", "linguisticInfo": {"salisbuty": {"lemma": "salisbuty", "pos": "SW", "is_stop": false, "is_named": false}}}}}, {"id": "R25", "subj": {"type": "Human_Agent", "pt": {"text": "cujas for\u00e7as", "linguisticInfo": {"cujas": {"lemma": "cujo", "pos": "DET", "is_stop": false, "is_named": false}, "for\u00e7as": {"lemma": "for\u00e7ar", "pos": "NOUN", "is_stop": false, "is_named": false}}}, "it": {"text": "diretto le operazioni", "linguisticInfo": {"diretto": {"lemma": "dirigere", "pos": "V", "is_stop": false, "is_named": false}, "le": {"lemma": "il", "pos": "RD", "is_stop": true, "is_named": false}, "operazioni": {"lemma": "operazione", "pos": "S", "is_stop": false, "is_named": false}}}}, "obj": {"type": "Event", "pt": {"text": "operaram", "linguisticInfo": {"operaram": {"lemma": "operar", "pos": "VERB", "is_stop": false, "is_named": false}}}, "it": {"text": "salisbuty", "linguisticInfo": {"salisbuty": {"lemma": "salisbuty", "pos": "SW", "is_stop": false, "is_named": false}}}}}, {"id": "R26", "subj": {"type": "Time", "pt": {"text": "durante a guerra", "linguisticInfo": {"durante": {"lemma": "durante", "pos": "ADP", "is_stop": false, "is_named": false}, "a": {"lemma": "o", "pos": "DET", "is_stop": true, "is_named": false}, "guerra": {"lemma": "guerra", "pos": "NOUN", "is_stop": false, "is_named": false}}}, "it": {"text": "durante la guerra", "linguisticInfo": {"durante": {"lemma": "durante", "pos": "E", "is_stop": true, "is_named": false}, "la": {"lemma": "il", "pos": "RD", "is_stop": true, "is_named": false}, "guerra": {"lemma": "guerra", "pos": "S", "is_stop": false, "is_named": false}}}}, "obj": {"type": "Event", "pt": {"text": "operaram", "linguisticInfo": {"operaram": {"lemma": "operar", "pos": "VERB", "is_stop": false, "is_named": false}}}, "it": {"text": "salisbuty", "linguisticInfo": {"salisbuty": {"lemma": "salisbuty", "pos": "SW", "is_stop": false, "is_named": false}}}}}, {"id": "R27", "subj": {"type": "Human_Agent", "pt": {"text": "Os dois dirigentes", "linguisticInfo": {"Os": {"lemma": "Os", "pos": "DET", "is_stop": true, "is_named": true}, "dois": {"lemma": "dois", "pos": "NUM", "is_stop": true, "is_named": false}, "dirigentes": {"lemma": "dirigente", "pos": "NOUN", "is_stop": false, "is_named": false}}}, "it": {"text": "i due dirigenti", "linguisticInfo": {"i": {"lemma": "il", "pos": "RD", "is_stop": false, "is_named": false}, "due": {"lemma": "due", "pos": "N", "is_stop": true, "is_named": false}, "dirigenti": {"lemma": "dirigente", "pos": "S", "is_stop": false, "is_named": false}}}}, "obj": {"type": "Event", "pt": {"text": "mostraram", "linguisticInfo": {"mostraram": {"lemma": "mostrar", "pos": "VERB", "is_stop": false, "is_named": false}}}, "it": {"text": "dimostrato", "linguisticInfo": {"dimostrato": {"lemma": "dimostrare", "pos": "V", "is_stop": false, "is_named": false}}}}}, {"id": "R28", "subj": {"type": "Non-human_Patient", "pt": {"text": "grande cordialidade", "linguisticInfo": {"grande": {"lemma": "grande", "pos": "ADJ", "is_stop": true, "is_named": false}, "cordialidade": {"lemma": "cordialidade", "pos": "NOUN", "is_stop": false, "is_named": false}}}, "it": {"text": "grande cordialit\u00e0", "linguisticInfo": {"grande": {"lemma": "grande", "pos": "A", "is_stop": true, "is_named": false}, "cordialit\u00e0": {"lemma": "cordialit\u00e0", "pos": "S", "is_stop": false, "is_named": false}}}}, "obj": {"type": "Event", "pt": {"text": "mostraram", "linguisticInfo": {"mostraram": {"lemma": "mostrar", "pos": "VERB", "is_stop": false, "is_named": false}}}, "it": {"text": "dimostrato", "linguisticInfo": {"dimostrato": {"lemma": "dimostrare", "pos": "V", "is_stop": false, "is_named": false}}}}}, {"id": "R29", "subj": {"type": "Time", "pt": {"text": "durante uma cerim\u00f3nia", "linguisticInfo": {"durante": {"lemma": "durante", "pos": "ADP", "is_stop": false, "is_named": false}, "uma": {"lemma": "umar", "pos": "DET", "is_stop": true, "is_named": false}, "cerim\u00f3nia": {"lemma": "cerim\u00f3nia", "pos": "NOUN", "is_stop": false, "is_named": false}}}, "it": {"text": "durante la guerra", "linguisticInfo": {"durante": {"lemma": "durante", "pos": "E", "is_stop": true, "is_named": false}, "la": {"lemma": "il", "pos": "RD", "is_stop": true, "is_named": false}, "guerra": {"lemma": "guerra", "pos": "S", "is_stop": false, "is_named": false}}}}, "obj": {"type": "Event", "pt": {"text": "mostraram", "linguisticInfo": {"mostraram": {"lemma": "mostrar", "pos": "VERB", "is_stop": false, "is_named": false}}}, "it": {"text": "dimostrato", "linguisticInfo": {"dimostrato": {"lemma": "dimostrare", "pos": "V", "is_stop": false, "is_named": false}}}}}, {"id": "R30", "subj": {"type": "Non-human_Oth_participant", "pt": {"text": "o nome do dr. Kaunda", "linguisticInfo": {"o": {"lemma": "o", "pos": "DET", "is_stop": true, "is_named": false}, "nome": {"lemma": "nome", "pos": "NOUN", "is_stop": false, "is_named": false}, "do": {"lemma": "do", "pos": "ADP", "is_stop": true, "is_named": false}, "dr.": {"lemma": "dr.", "pos": "NOUN", "is_stop": false, "is_named": false}, "Kaunda": {"lemma": "Kaunda", "pos": "PROPN", "is_stop": false, "is_named": true}}}, "it": {"text": "intitolata al dott. kuanda", "linguisticInfo": {"intitolata": {"lemma": "intitolare", "pos": "V", "is_stop": false, "is_named": false}, "al": {"lemma": "al", "pos": "E_RD", "is_stop": true, "is_named": false}, "dott": {"lemma": "dott", "pos": "S", "is_stop": false, "is_named": false}, ".": {"lemma": ".", "pos": "FS", "is_stop": false, "is_named": false}, "kuanda": {"lemma": "kuanda", "pos": "SW", "is_stop": false, "is_named": false}}}}, "obj": {"type": "Event", "pt": {"text": "dando", "linguisticInfo": {"dando": {"lemma": "dar", "pos": "VERB", "is_stop": false, "is_named": false}}}, "it": {"text": "salisbuty", "linguisticInfo": {"salisbuty": {"lemma": "salisbuty", "pos": "SW", "is_stop": false, "is_named": false}}}}}, {"id": "R31", "subj": {"type": "Non-human_Patient", "pt": {"text": "a uma rua de Salisb\u00faria", "linguisticInfo": {"a": {"lemma": "o", "pos": "ADP", "is_stop": true, "is_named": false}, "uma": {"lemma": "umar", "pos": "DET", "is_stop": true, "is_named": false}, "rua": {"lemma": "ruir", "pos": "NOUN", "is_stop": false, "is_named": false}, "de": {"lemma": "de", "pos": "ADP", "is_stop": true, "is_named": false}, "Salisb\u00faria": {"lemma": "Salisb\u00faria", "pos": "PROPN", "is_stop": false, "is_named": true}}}, "it": {"text": "nonostante ci\u00f2 una via di salisbuty", "linguisticInfo": {"nonostante": {"lemma": "nonostante", "pos": "E", "is_stop": true, "is_named": false}, "ci\u00f2": {"lemma": "ci\u00f2", "pos": "PD", "is_stop": false, "is_named": false}, "una": {"lemma": "uno", "pos": "RI", "is_stop": true, "is_named": false}, "via": {"lemma": "via", "pos": "S", "is_stop": true, "is_named": false}, "di": {"lemma": "di", "pos": "E", "is_stop": true, "is_named": false}, "salisbuty": {"lemma": "salisbuty", "pos": "SP", "is_stop": false, "is_named": false}}}}, "obj": {"type": "Event", "pt": {"text": "dando", "linguisticInfo": {"dando": {"lemma": "dar", "pos": "VERB", "is_stop": false, "is_named": false}}}, "it": {"text": "salisbuty", "linguisticInfo": {"salisbuty": {"lemma": "salisbuty", "pos": "SW", "is_stop": false, "is_named": false}}}}}]}, "sentences_3": {"itText": "NULL il dott. kuanda ha preso la parola durante il comizio nella citt\u00e0 di bulawayo , nel sud del paese , base de potere di nkomo , attualmente nominato a ministro senza portafoglio per il governo di mugabe .", "ptText": "o dr. kaunda discursou num com\u00edcio na cidade de bulavaio , no sul do pa\u00eds e a base de poder de nkomo , que \u00e9 agora ministro sem pasta no governo de mugabe . \n", "relations": [{"id": "R32", "subj": {"type": "Human_Agent", "pt": {"text": "O dr. Kaunda", "linguisticInfo": {"O": {"lemma": "O", "pos": "DET", "is_stop": true, "is_named": true}, "dr.": {"lemma": "dr.", "pos": "NOUN", "is_stop": false, "is_named": false}, "Kaunda": {"lemma": "Kaunda", "pos": "PROPN", "is_stop": false, "is_named": true}}}, "it": {"text": "il dott. kuanda", "linguisticInfo": {"il": {"lemma": "il", "pos": "RD", "is_stop": true, "is_named": false}, "dott": {"lemma": "dott", "pos": "S", "is_stop": false, "is_named": false}, ".": {"lemma": ".", "pos": "FS", "is_stop": false, "is_named": false}, "kuanda": {"lemma": "kuanda", "pos": "SW", "is_stop": false, "is_named": false}}}}, "obj": {"type": "Event", "pt": {"text": "discursou", "linguisticInfo": {"discursou": {"lemma": "discursar", "pos": "VERB", "is_stop": false, "is_named": false}}}, "it": {"text": "nkomo", "linguisticInfo": {"nkomo": {"lemma": "nkomo", "pos": "S", "is_stop": false, "is_named": false}}}}}, {"id": "R33", "subj": {"type": "Oth_location", "pt": {"text": "num com\u00edcio", "linguisticInfo": {"num": {"lemma": "num", "pos": "ADP", "is_stop": true, "is_named": false}, "com\u00edcio": {"lemma": "com\u00edcio", "pos": "NOUN", "is_stop": false, "is_named": false}}}, "it": {"text": "parola comizio", "linguisticInfo": {"parola": {"lemma": "parola", "pos": "S", "is_stop": false, "is_named": false}, "comizio": {"lemma": "comizio", "pos": "A", "is_stop": false, "is_named": false}}}}, "obj": {"type": "Event", "pt": {"text": "discursou", "linguisticInfo": {"discursou": {"lemma": "discursar", "pos": "VERB", "is_stop": false, "is_named": false}}}, "it": {"text": "nkomo", "linguisticInfo": {"nkomo": {"lemma": "nkomo", "pos": "S", "is_stop": false, "is_named": false}}}}}, {"id": "R34", "subj": {"type": "Geo_location", "pt": {"text": "na cidade de Bulavaio , no Sul do Pa\u00eds e a base de poder de Nkomo", "linguisticInfo": {"na": {"lemma": "o", "pos": "ADP", "is_stop": true, "is_named": false}, "cidade": {"lemma": "cidade", "pos": "NOUN", "is_stop": false, "is_named": false}, "de": {"lemma": "de", "pos": "ADP", "is_stop": true, "is_named": false}, "Bulavaio": {"lemma": "Bulavaio", "pos": "PROPN", "is_stop": false, "is_named": true}, ",": {"lemma": ",", "pos": "PUNCT", "is_stop": false, "is_named": false}, "no": {"lemma": "o", "pos": "ADP", "is_stop": true, "is_named": false}, "Sul": {"lemma": "Sul", "pos": "PROPN", "is_stop": false, "is_named": true}, "do": {"lemma": "do", "pos": "ADP", "is_stop": true, "is_named": false}, "Pa\u00eds": {"lemma": "Pa\u00eds", "pos": "NOUN", "is_stop": false, "is_named": true}, "e": {"lemma": "e", "pos": "CCONJ", "is_stop": true, "is_named": false}, "a": {"lemma": "o", "pos": "DET", "is_stop": true, "is_named": false}, "base": {"lemma": "base", "pos": "NOUN", "is_stop": false, "is_named": false}, "poder": {"lemma": "poder", "pos": "NOUN", "is_stop": true, "is_named": false}, "Nkomo": {"lemma": "Nkomo", "pos": "NOUN", "is_stop": false, "is_named": true}}}, "it": {"text": "nella citt\u00e0 di bulawayo , nkomo , attualmente nominato", "linguisticInfo": {"nella": {"lemma": "nella", "pos": "E_RD", "is_stop": true, "is_named": false}, "citt\u00e0": {"lemma": "citt\u00e0", "pos": "S", "is_stop": true, "is_named": false}, "di": {"lemma": "di", "pos": "E", "is_stop": true, "is_named": false}, "bulawayo": {"lemma": "bulawayo", "pos": "SP", "is_stop": false, "is_named": false}, ",": {"lemma": ",", "pos": "FF", "is_stop": false, "is_named": false}, "nkomo": {"lemma": "nkomo", "pos": "S", "is_stop": false, "is_named": false}, "attualmente": {"lemma": "attualmente", "pos": "B", "is_stop": false, "is_named": false}, "nominato": {"lemma": "nominare", "pos": "V", "is_stop": false, "is_named": false}}}}, "obj": {"type": "Event", "pt": {"text": "discursou", "linguisticInfo": {"discursou": {"lemma": "discursar", "pos": "VERB", "is_stop": false, "is_named": false}}}, "it": {"text": "nkomo", "linguisticInfo": {"nkomo": {"lemma": "nkomo", "pos": "S", "is_stop": false, "is_named": false}}}}}]}, "sentences_4": {"itText": "NULL alcune delle fonti ufficiali dello zimbabwe hanno rivelato che nei colloqui tra il dott. kuamba e mugabe sono state affrontate anche la questione delle relazioni commerciali e la situazione della della namibia ( sud-ovest africano ) .", "ptText": "fontes oficiais do zimbabwe disseram que as conversa\u00e7\u00f5es travadas entre o dr. kaunda e mugabe incluiram rela\u00e7\u00f5es comerciais e a quest\u00e3o da nam\u00edbia ( sudoeste africano ) . \n", "relations": [{"id": "R35", "subj": {"type": "Human_Agent", "pt": {"text": "Fontes oficiais do Zimbabwe", "linguisticInfo": {"Fontes": {"lemma": "Fontes", "pos": "NOUN", "is_stop": false, "is_named": true}, "oficiais": {"lemma": "oficiar", "pos": "ADJ", "is_stop": false, "is_named": false}, "do": {"lemma": "do", "pos": "ADP", "is_stop": true, "is_named": false}, "Zimbabwe": {"lemma": "Zimbabwe", "pos": "PROPN", "is_stop": false, "is_named": true}}}, "it": {"text": "fonti ufficiali dello zimbabwe", "linguisticInfo": {"fonti": {"lemma": "fonte", "pos": "S", "is_stop": false, "is_named": false}, "ufficiali": {"lemma": "ufficiale", "pos": "A", "is_stop": false, "is_named": false}, "dello": {"lemma": "del", "pos": "E_RD", "is_stop": true, "is_named": false}, "zimbabwe": {"lemma": "zimbabwe", "pos": "S", "is_stop": false, "is_named": false}}}}, "obj": {"type": "Event", "pt": {"text": "disseram", "linguisticInfo": {"disseram": {"lemma": "dizer", "pos": "VERB", "is_stop": false, "is_named": false}}}, "it": {"text": "rivelato", "linguisticInfo": {"rivelato": {"lemma": "rivelare", "pos": "V", "is_stop": false, "is_named": false}}}}}, {"id": "R36", "subj": {"type": "Non-human_Oth_participant", "pt": {"text": "que as conversa\u00e7\u00f5es travadas entre o dr. Kaunda e Mugabe incluiram rela\u00e7\u00f5es comerciais e a quest\u00e3o da Nam\u00edbia ( Sudoeste Africano", "linguisticInfo": {"que": {"lemma": "que", "pos": "SCONJ", "is_stop": true, "is_named": false}, "as": {"lemma": "o", "pos": "DET", "is_stop": true, "is_named": false}, "conversa\u00e7\u00f5es": {"lemma": "conversa\u00e7\u00e3o", "pos": "NOUN", "is_stop": false, "is_named": false}, "travadas": {"lemma": "travar", "pos": "VERB", "is_stop": false, "is_named": false}, "entre": {"lemma": "entrar", "pos": "ADP", "is_stop": true, "is_named": false}, "o": {"lemma": "o", "pos": "DET", "is_stop": true, "is_named": false}, "dr.": {"lemma": "dr.", "pos": "NOUN", "is_stop": false, "is_named": false}, "Kaunda": {"lemma": "Kaunda", "pos": "PROPN", "is_stop": false, "is_named": true}, "e": {"lemma": "e", "pos": "CCONJ", "is_stop": true, "is_named": false}, "Mugabe": {"lemma": "Mugabe", "pos": "PROPN", "is_stop": false, "is_named": true}, "incluiram": {"lemma": "incluiram", "pos": "VERB", "is_stop": false, "is_named": false}, "rela\u00e7\u00f5es": {"lemma": "rela\u00e7\u00e3o", "pos": "NOUN", "is_stop": false, "is_named": false}, "comerciais": {"lemma": "comerciar", "pos": "ADJ", "is_stop": false, "is_named": false}, "a": {"lemma": "o", "pos": "DET", "is_stop": true, "is_named": false}, "quest\u00e3o": {"lemma": "quest\u00e3o", "pos": "NOUN", "is_stop": true, "is_named": false}, "da": {"lemma": "da", "pos": "ADP", "is_stop": true, "is_named": false}, "Nam\u00edbia": {"lemma": "Nam\u00edbia", "pos": "PROPN", "is_stop": false, "is_named": true}, "(": {"lemma": "(", "pos": "PUNCT", "is_stop": false, "is_named": false}, "Sudoeste": {"lemma": "Sudoeste", "pos": "PROPN", "is_stop": false, "is_named": true}, "Africano": {"lemma": "Africano", "pos": "PROPN", "is_stop": false, "is_named": true}}}, "it": {"text": "che nei colloqui", "linguisticInfo": {"che": {"lemma": "che", "pos": "CS", "is_stop": true, "is_named": false}, "nei": {"lemma": "nel", "pos": "E_RD", "is_stop": true, "is_named": false}, "colloqui": {"lemma": "colloquio", "pos": "S", "is_stop": false, "is_named": false}}}}, "obj": {"type": "Event", "pt": {"text": "disseram", "linguisticInfo": {"disseram": {"lemma": "dizer", "pos": "VERB", "is_stop": false, "is_named": false}}}, "it": {"text": "rivelato", "linguisticInfo": {"rivelato": {"lemma": "rivelare", "pos": "V", "is_stop": false, "is_named": false}}}}}, {"id": "R38", "subj": {"type": "Human_Agent", "pt": {"text": "entre o dr. Kaunda e Mugabe", "linguisticInfo": {"entre": {"lemma": "entrar", "pos": "ADP", "is_stop": true, "is_named": false}, "o": {"lemma": "o", "pos": "DET", "is_stop": true, "is_named": false}, "dr.": {"lemma": "dr.", "pos": "NOUN", "is_stop": false, "is_named": false}, "Kaunda": {"lemma": "Kaunda", "pos": "PROPN", "is_stop": false, "is_named": true}, "e": {"lemma": "e", "pos": "CCONJ", "is_stop": true, "is_named": false}, "Mugabe": {"lemma": "Mugabe", "pos": "PROPN", "is_stop": false, "is_named": true}}}, "it": {"text": "tra il dott. kuamba e mugabe", "linguisticInfo": {"tra": {"lemma": "tra", "pos": "E", "is_stop": true, "is_named": false}, "il": {"lemma": "il", "pos": "RD", "is_stop": true, "is_named": false}, "dott": {"lemma": "dott", "pos": "S", "is_stop": false, "is_named": false}, ".": {"lemma": ".", "pos": "FS", "is_stop": false, "is_named": false}, "kuamba": {"lemma": "kuamba", "pos": "S", "is_stop": false, "is_named": false}, "e": {"lemma": "e", "pos": "CC", "is_stop": false, "is_named": false}, "mugabe": {"lemma": "mugabe", "pos": "A", "is_stop": false, "is_named": false}}}}, "obj": {"type": "Event", "pt": {"text": "as conversa\u00e7\u00f5es travadas", "linguisticInfo": {"as": {"lemma": "o", "pos": "DET", "is_stop": true, "is_named": false}, "conversa\u00e7\u00f5es": {"lemma": "conversa\u00e7\u00e3o", "pos": "NOUN", "is_stop": false, "is_named": false}, "travadas": {"lemma": "travar", "pos": "VERB", "is_stop": false, "is_named": false}}}, "it": {"text": "colloqui affrontate", "linguisticInfo": {"colloqui": {"lemma": "colloquio", "pos": "S", "is_stop": false, "is_named": false}, "affrontate": {"lemma": "affrontato", "pos": "A", "is_stop": false, "is_named": false}}}}}, {"id": "R39", "subj": {"type": "Non-human_Agent", "pt": {"text": "as conversa\u00e7\u00f5es travadas entre o dr. Kaunda e Mugabe", "linguisticInfo": {"as": {"lemma": "o", "pos": "DET", "is_stop": true, "is_named": false}, "conversa\u00e7\u00f5es": {"lemma": "conversa\u00e7\u00e3o", "pos": "NOUN", "is_stop": false, "is_named": false}, "travadas": {"lemma": "travar", "pos": "VERB", "is_stop": false, "is_named": false}, "entre": {"lemma": "entrar", "pos": "ADP", "is_stop": true, "is_named": false}, "o": {"lemma": "o", "pos": "DET", "is_stop": true, "is_named": false}, "dr.": {"lemma": "dr.", "pos": "NOUN", "is_stop": false, "is_named": false}, "Kaunda": {"lemma": "Kaunda", "pos": "PROPN", "is_stop": false, "is_named": true}, "e": {"lemma": "e", "pos": "CCONJ", "is_stop": true, "is_named": false}, "Mugabe": {"lemma": "Mugabe", "pos": "PROPN", "is_stop": false, "is_named": true}}}, "it": {"text": "alcune delle colloqui tra il affrontate anche la", "linguisticInfo": {"alcune": {"lemma": "alcune", "pos": "PI", "is_stop": false, "is_named": false}, "delle": {"lemma": "della", "pos": "E_RD", "is_stop": true, "is_named": false}, "colloqui": {"lemma": "colloquio", "pos": "S", "is_stop": false, "is_named": false}, "tra": {"lemma": "tra", "pos": "E", "is_stop": true, "is_named": false}, "il": {"lemma": "il", "pos": "RD", "is_stop": true, "is_named": false}, "affrontate": {"lemma": "affrontate", "pos": "S", "is_stop": false, "is_named": false}, "anche": {"lemma": "anche", "pos": "B", "is_stop": true, "is_named": false}, "la": {"lemma": "il", "pos": "RD", "is_stop": true, "is_named": false}}}}, "obj": {"type": "Event", "pt": {"text": "incluiram", "linguisticInfo": {"incluiram": {"lemma": "incluiram", "pos": "VERB", "is_stop": false, "is_named": false}}}, "it": {"text": "kuamba", "linguisticInfo": {"kuamba": {"lemma": "kuamba", "pos": "S", "is_stop": false, "is_named": false}}}}}, {"id": "R40", "subj": {"type": "Non-human_Patient", "pt": {"text": "rela\u00e7\u00f5es comerciais e a quest\u00e3o da Nam\u00edbia ( Sudoeste Africano", "linguisticInfo": {"rela\u00e7\u00f5es": {"lemma": "rela\u00e7\u00e3o", "pos": "NOUN", "is_stop": false, "is_named": false}, "comerciais": {"lemma": "comerciar", "pos": "ADJ", "is_stop": false, "is_named": false}, "e": {"lemma": "e", "pos": "CCONJ", "is_stop": true, "is_named": false}, "a": {"lemma": "o", "pos": "DET", "is_stop": true, "is_named": false}, "quest\u00e3o": {"lemma": "quest\u00e3o", "pos": "NOUN", "is_stop": true, "is_named": false}, "da": {"lemma": "da", "pos": "ADP", "is_stop": true, "is_named": false}, "Nam\u00edbia": {"lemma": "Nam\u00edbia", "pos": "PROPN", "is_stop": false, "is_named": true}, "(": {"lemma": "(", "pos": "PUNCT", "is_stop": false, "is_named": false}, "Sudoeste": {"lemma": "Sudoeste", "pos": "PROPN", "is_stop": false, "is_named": true}, "Africano": {"lemma": "Africano", "pos": "PROPN", "is_stop": false, "is_named": true}}}, "it": {"text": "relazioni commerciali e la situazione della", "linguisticInfo": {"relazioni": {"lemma": "relazione", "pos": "S", "is_stop": false, "is_named": false}, "commerciali": {"lemma": "commerciale", "pos": "A", "is_stop": false, "is_named": false}, "e": {"lemma": "e", "pos": "CC", "is_stop": false, "is_named": false}, "la": {"lemma": "il", "pos": "RD", "is_stop": true, "is_named": false}, "situazione": {"lemma": "situazione", "pos": "S", "is_stop": false, "is_named": false}, "della": {"lemma": "della", "pos": "E_RD", "is_stop": true, "is_named": false}}}}, "obj": {"type": "Event", "pt": {"text": "incluiram", "linguisticInfo": {"incluiram": {"lemma": "incluiram", "pos": "VERB", "is_stop": false, "is_named": false}}}, "it": {"text": "kuamba", "linguisticInfo": {"kuamba": {"lemma": "kuamba", "pos": "S", "is_stop": false, "is_named": false}}}}}]}, "sentences_5": {"itText": "NULL sia lo zambia che lo zimbabwe sostengono le iniziative delle nazioni unite per ottenere un accordo di cessate il fuoco in namibia , appoggiando l \u2019 indizione di nuove elezioni monitorate dall \u2019 onu e l \u2019 indipendenza . entrambi i paesi stanno anche cercando di ridurre la loro dipendenza economica dall \u2019 africa del sud .", "ptText": "tanto a z\u00e2mbia como o zimbabwe apoiam iniciativas das na\u00e7\u00f5es unidas para conseguir um cessar-fogo na nam\u00edbia , seguido por elei\u00e7\u00f5es , fiscalizadas pela onu , e independ\u00eancia . ambos os pa\u00edses tentam , tamb\u00e9m reduzir a sua depend\u00eancia econ\u00f3mica da \u00e1frica do sul . \n", "relations": [{"id": "R41", "subj": {"type": "Non-human_Patient", "pt": {"text": "iniciativas das Na\u00e7\u00f5es Unidas para conseguir um cessar-fogo na Nam\u00edbia , seguido por elei\u00e7\u00f5es , fiscalizadas pela ONU , e independ\u00eancia", "linguisticInfo": {"iniciativas": {"lemma": "iniciativo", "pos": "NOUN", "is_stop": false, "is_named": false}, "das": {"lemma": "das", "pos": "ADP", "is_stop": true, "is_named": false}, "Na\u00e7\u00f5es": {"lemma": "Na\u00e7\u00f5es", "pos": "PROPN", "is_stop": false, "is_named": true}, "Unidas": {"lemma": "Unidas", "pos": "PROPN", "is_stop": false, "is_named": true}, "para": {"lemma": "parir", "pos": "SCONJ", "is_stop": true, "is_named": false}, "conseguir": {"lemma": "conseguir", "pos": "VERB", "is_stop": false, "is_named": false}, "um": {"lemma": "um", "pos": "DET", "is_stop": true, "is_named": false}, "cessar-fogo": {"lemma": "cessar-fogo", "pos": "NOUN", "is_stop": false, "is_named": false}, "na": {"lemma": "o", "pos": "ADP", "is_stop": true, "is_named": false}, "Nam\u00edbia": {"lemma": "Nam\u00edbia", "pos": "NOUN", "is_stop": false, "is_named": true}, ",": {"lemma": ",", "pos": "PUNCT", "is_stop": false, "is_named": false}, "seguido": {"lemma": "seguir", "pos": "VERB", "is_stop": false, "is_named": false}, "por": {"lemma": "por", "pos": "ADP", "is_stop": true, "is_named": false}, "elei\u00e7\u00f5es": {"lemma": "elei\u00e7\u00e3o", "pos": "NOUN", "is_stop": false, "is_named": false}, "fiscalizadas": {"lemma": "fiscalizar", "pos": "VERB", "is_stop": false, "is_named": false}, "pela": {"lemma": "pelar", "pos": "ADP", "is_stop": true, "is_named": false}, "ONU": {"lemma": "ONU", "pos": "PROPN", "is_stop": false, "is_named": true}, "e": {"lemma": "e", "pos": "CCONJ", "is_stop": true, "is_named": false}, "independ\u00eancia": {"lemma": "independ\u00eancia", "pos": "NOUN", "is_stop": false, "is_named": false}}}, "it": {"text": "iniziative delle nazioni unite per ottenere un accordo di cessate il fuoco in namibia , appoggiando l indizione di nuove", "linguisticInfo": {"iniziative": {"lemma": "iniziativa", "pos": "S", "is_stop": false, "is_named": false}, "delle": {"lemma": "della", "pos": "E_RD", "is_stop": true, "is_named": false}, "nazioni": {"lemma": "nazione", "pos": "S", "is_stop": false, "is_named": false}, "unite": {"lemma": "unito", "pos": "A", "is_stop": false, "is_named": false}, "per": {"lemma": "per", "pos": "E", "is_stop": true, "is_named": false}, "ottenere": {"lemma": "ottenere", "pos": "V", "is_stop": false, "is_named": false}, "un": {"lemma": "uno", "pos": "RI", "is_stop": true, "is_named": false}, "accordo": {"lemma": "accordo", "pos": "S", "is_stop": false, "is_named": false}, "di": {"lemma": "di", "pos": "E", "is_stop": true, "is_named": false}, "cessate": {"lemma": "cessate", "pos": "S", "is_stop": false, "is_named": false}, "il": {"lemma": "il", "pos": "RD", "is_stop": true, "is_named": false}, "fuoco": {"lemma": "fuoco", "pos": "S", "is_stop": false, "is_named": false}, "in": {"lemma": "in", "pos": "E", "is_stop": true, "is_named": false}, "namibia": {"lemma": "namibia", "pos": "S", "is_stop": false, "is_named": false}, ",": {"lemma": ",", "pos": "FF", "is_stop": false, "is_named": false}, "appoggiando": {"lemma": "appoggiare", "pos": "V", "is_stop": false, "is_named": false}, "l": {"lemma": "l", "pos": "RD", "is_stop": false, "is_named": false}, "indizione": {"lemma": "indizione", "pos": "S", "is_stop": false, "is_named": false}, "nuove": {"lemma": "nuovo", "pos": "A", "is_stop": false, "is_named": false}}}}, "obj": {"type": "Event", "pt": {"text": "apoiam", "linguisticInfo": {"apoiam": {"lemma": "apoiar", "pos": "VERB", "is_stop": false, "is_named": false}}}, "it": {"text": "sostengono", "linguisticInfo": {"sostengono": {"lemma": "sostenere", "pos": "V", "is_stop": false, "is_named": false}}}}}, {"id": "R42", "subj": {"type": "Human_Agent", "pt": {"text": "Tanto a Z\u00e2mbia como o Zimbabwe", "linguisticInfo": {"Tanto": {"lemma": "Tanto", "pos": "ADV", "is_stop": true, "is_named": true}, "a": {"lemma": "o", "pos": "DET", "is_stop": true, "is_named": false}, "Z\u00e2mbia": {"lemma": "Z\u00e2mbia", "pos": "PROPN", "is_stop": false, "is_named": true}, "como": {"lemma": "comer", "pos": "ADP", "is_stop": true, "is_named": false}, "o": {"lemma": "o", "pos": "DET", "is_stop": true, "is_named": false}, "Zimbabwe": {"lemma": "Zimbabwe", "pos": "PROPN", "is_stop": false, "is_named": true}}}, "it": {"text": "sia lo zambia", "linguisticInfo": {"sia": {"lemma": "essere", "pos": "V", "is_stop": true, "is_named": false}, "lo": {"lemma": "il", "pos": "RD", "is_stop": true, "is_named": false}, "zambia": {"lemma": "zambia", "pos": "S", "is_stop": false, "is_named": false}}}}, "obj": {"type": "Event", "pt": {"text": "apoiam", "linguisticInfo": {"apoiam": {"lemma": "apoiar", "pos": "VERB", "is_stop": false, "is_named": false}}}, "it": {"text": "sostengono", "linguisticInfo": {"sostengono": {"lemma": "sostenere", "pos": "V", "is_stop": false, "is_named": false}}}}}, {"id": "R44", "subj": {"type": "Non-human_Oth_participant", "pt": {"text": "para conseguir um cessar-fogo na Nam\u00edbia", "linguisticInfo": {"para": {"lemma": "parir", "pos": "SCONJ", "is_stop": true, "is_named": false}, "conseguir": {"lemma": "conseguir", "pos": "VERB", "is_stop": false, "is_named": false}, "um": {"lemma": "um", "pos": "DET", "is_stop": true, "is_named": false}, "cessar-fogo": {"lemma": "cessar-fogo", "pos": "NOUN", "is_stop": false, "is_named": false}, "na": {"lemma": "o", "pos": "ADP", "is_stop": true, "is_named": false}, "Nam\u00edbia": {"lemma": "Nam\u00edbia", "pos": "NOUN", "is_stop": false, "is_named": true}}}, "it": {"text": "per ottenere un cessate in namibia", "linguisticInfo": {"per": {"lemma": "per", "pos": "E", "is_stop": true, "is_named": false}, "ottenere": {"lemma": "ottenere", "pos": "V", "is_stop": false, "is_named": false}, "un": {"lemma": "uno", "pos": "RI", "is_stop": true, "is_named": false}, "cessate": {"lemma": "cessate", "pos": "S", "is_stop": false, "is_named": false}, "in": {"lemma": "in", "pos": "E", "is_stop": true, "is_named": false}, "namibia": {"lemma": "namibia", "pos": "S", "is_stop": false, "is_named": false}}}}, "obj": {"type": "Event", "pt": {"text": "iniciativas", "linguisticInfo": {"iniciativas": {"lemma": "iniciativo", "pos": "NOUN", "is_stop": false, "is_named": false}}}, "it": {"text": "iniziative", "linguisticInfo": {"iniziative": {"lemma": "iniziativa", "pos": "S", "is_stop": false, "is_named": false}}}}}, {"id": "R45", "subj": {"type": "Non-human_Patient", "pt": {"text": "um cessar-fogo", "linguisticInfo": {"um": {"lemma": "um", "pos": "DET", "is_stop": true, "is_named": false}, "cessar-fogo": {"lemma": "cessar-fogo", "pos": "NOUN", "is_stop": false, "is_named": false}}}, "it": {"text": "un cessate", "linguisticInfo": {"un": {"lemma": "uno", "pos": "RI", "is_stop": true, "is_named": false}, "cessate": {"lemma": "cessate", "pos": "S", "is_stop": false, "is_named": false}}}}, "obj": {"type": "Event", "pt": {"text": "conseguir", "linguisticInfo": {"conseguir": {"lemma": "conseguir", "pos": "VERB", "is_stop": false, "is_named": false}}}, "it": {"text": "ottenere", "linguisticInfo": {"ottenere": {"lemma": "ottenere", "pos": "V", "is_stop": false, "is_named": false}}}}}, {"id": "R46", "subj": {"type": "Geo_location", "pt": {"text": "na Nam\u00edbia", "linguisticInfo": {"na": {"lemma": "o", "pos": "ADP", "is_stop": true, "is_named": false}, "Nam\u00edbia": {"lemma": "Nam\u00edbia", "pos": "NOUN", "is_stop": false, "is_named": true}}}, "it": {"text": "in namibia", "linguisticInfo": {"in": {"lemma": "in", "pos": "E", "is_stop": true, "is_named": false}, "namibia": {"lemma": "namibia", "pos": "S", "is_stop": false, "is_named": false}}}}, "obj": {"type": "Event", "pt": {"text": "conseguir", "linguisticInfo": {"conseguir": {"lemma": "conseguir", "pos": "VERB", "is_stop": false, "is_named": false}}}, "it": {"text": "ottenere", "linguisticInfo": {"ottenere": {"lemma": "ottenere", "pos": "V", "is_stop": false, "is_named": false}}}}}, {"id": "R47", "subj": {"type": "Human_Agent", "pt": {"text": "pela ONU", "linguisticInfo": {"pela": {"lemma": "pelar", "pos": "ADP", "is_stop": true, "is_named": false}, "ONU": {"lemma": "ONU", "pos": "PROPN", "is_stop": false, "is_named": true}}}, "it": {"text": "dall onu", "linguisticInfo": {"dall": {"lemma": "dall", "pos": "S", "is_stop": true, "is_named": false}, "onu": {"lemma": "onu", "pos": "SP", "is_stop": false, "is_named": false}}}}, "obj": {"type": "Event", "pt": {"text": "fiscalizadas", "linguisticInfo": {"fiscalizadas": {"lemma": "fiscalizar", "pos": "NOUN", "is_stop": false, "is_named": false}}}, "it": {"text": "monitorate", "linguisticInfo": {"monitorate": {"lemma": "monitorare", "pos": "V", "is_stop": false, "is_named": false}}}}}, {"id": "R48", "subj": {"type": "Non-human_Patient", "pt": {"text": "elei\u00e7\u00f5es", "linguisticInfo": {"elei\u00e7\u00f5es": {"lemma": "elei\u00e7\u00e3o", "pos": "NOUN", "is_stop": false, "is_named": false}}}, "it": {"text": "elezioni", "linguisticInfo": {"elezioni": {"lemma": "elezione", "pos": "S", "is_stop": false, "is_named": false}}}}, "obj": {"type": "Event", "pt": {"text": "fiscalizadas", "linguisticInfo": {"fiscalizadas": {"lemma": "fiscalizar", "pos": "NOUN", "is_stop": false, "is_named": false}}}, "it": {"text": "monitorate", "linguisticInfo": {"monitorate": {"lemma": "monitorare", "pos": "V", "is_stop": false, "is_named": false}}}}}]}, "sentences_6": {"itText": "NULL ad un banchetto di gala in suo onore , marted\u00ec sera , il dott. kaunda si \u00e8 unito al presidente dello zimbabwe , canaan banana , nel chiedere agli stati dell \u2019 africa nera meridionale di lottare contro il , cosiddetto , piano di pretoria , che mira a destabilizzare la regione .", "ptText": "num banquete de gala em sua homenagem , ter\u00e7a-feira \u00e0 noite , o dr. kaunda juntou -se ao presidente canaan banana , do zimbabwe , ao pedir aos estados negros da \u00e1frica austral para lutarem contra o que classificou como o plano de pret\u00f3ria para desestabilizar a regi\u00e3o . \n", "relations": [{"id": "R57", "subj": {"type": "Human_Patient", "pt": {"text": "aos estados negros da \u00c1frica Austral", "linguisticInfo": {"aos": {"lemma": "aos", "pos": "ADP", "is_stop": true, "is_named": false}, "estados": {"lemma": "estar", "pos": "NOUN", "is_stop": false, "is_named": false}, "negros": {"lemma": "negro", "pos": "ADJ", "is_stop": false, "is_named": false}, "da": {"lemma": "da", "pos": "ADP", "is_stop": true, "is_named": false}, "\u00c1frica": {"lemma": "\u00c1frica", "pos": "PROPN", "is_stop": false, "is_named": true}, "Austral": {"lemma": "Austral", "pos": "PROPN", "is_stop": false, "is_named": true}}}, "it": {"text": "agli stati dell \u2019 nera meridionale di", "linguisticInfo": {"agli": {"lemma": "al", "pos": "E_RD", "is_stop": true, "is_named": false}, "stati": {"lemma": "stato", "pos": "S", "is_stop": true, "is_named": false}, "dell": {"lemma": "dell", "pos": "SP", "is_stop": true, "is_named": false}, "\u2019": {"lemma": "\u2019", "pos": "B", "is_stop": false, "is_named": false}, "nera": {"lemma": "nero", "pos": "A", "is_stop": false, "is_named": false}, "meridionale": {"lemma": "meridionale", "pos": "A", "is_stop": false, "is_named": false}, "di": {"lemma": "di", "pos": "E", "is_stop": true, "is_named": false}}}}, "obj": {"type": "Event", "pt": {"text": "pedir", "linguisticInfo": {"pedir": {"lemma": "pedir", "pos": "VERB", "is_stop": false, "is_named": false}}}, "it": {"text": "chiedere", "linguisticInfo": {"chiedere": {"lemma": "chiedere", "pos": "V", "is_stop": false, "is_named": false}}}}}, {"id": "R58", "subj": {"type": "Non-human_Oth_participant", "pt": {"text": "para lutarem contra o que classificou como o plano de Pret\u00f3ria para desestabilizar a regi\u00e3o", "linguisticInfo": {"para": {"lemma": "parir", "pos": "SCONJ", "is_stop": true, "is_named": false}, "lutarem": {"lemma": "lutar", "pos": "VERB", "is_stop": false, "is_named": false}, "contra": {"lemma": "contra", "pos": "ADP", "is_stop": true, "is_named": false}, "o": {"lemma": "o", "pos": "DET", "is_stop": true, "is_named": false}, "que": {"lemma": "que", "pos": "PRON", "is_stop": true, "is_named": false}, "classificou": {"lemma": "classificar", "pos": "VERB", "is_stop": false, "is_named": false}, "como": {"lemma": "comer", "pos": "SCONJ", "is_stop": true, "is_named": false}, "plano": {"lemma": "planar", "pos": "NOUN", "is_stop": false, "is_named": false}, "de": {"lemma": "de", "pos": "ADP", "is_stop": true, "is_named": false}, "Pret\u00f3ria": {"lemma": "Pret\u00f3ria", "pos": "PROPN", "is_stop": false, "is_named": true}, "desestabilizar": {"lemma": "desestabilizar", "pos": "VERB", "is_stop": false, "is_named": false}, "a": {"lemma": "o", "pos": "DET", "is_stop": true, "is_named": false}, "regi\u00e3o": {"lemma": "regi\u00e3o", "pos": "NOUN", "is_stop": false, "is_named": false}}}, "it": {"text": "ad un lottare contro il , cosiddetto , piano", "linguisticInfo": {"ad": {"lemma": "ad", "pos": "E", "is_stop": true, "is_named": false}, "un": {"lemma": "uno", "pos": "RI", "is_stop": true, "is_named": false}, "lottare": {"lemma": "lottare", "pos": "V", "is_stop": false, "is_named": false}, "contro": {"lemma": "contro", "pos": "E", "is_stop": true, "is_named": false}, "il": {"lemma": "il", "pos": "RD", "is_stop": true, "is_named": false}, ",": {"lemma": ",", "pos": "FF", "is_stop": false, "is_named": false}, "cosiddetto": {"lemma": "cosiddetto", "pos": "A", "is_stop": false, "is_named": false}, "piano": {"lemma": "piano", "pos": "B", "is_stop": false, "is_named": false}}}}, "obj": {"type": "Event", "pt": {"text": "pedir", "linguisticInfo": {"pedir": {"lemma": "pedir", "pos": "VERB", "is_stop": false, "is_named": false}}}, "it": {"text": "chiedere", "linguisticInfo": {"chiedere": {"lemma": "chiedere", "pos": "V", "is_stop": false, "is_named": false}}}}}, {"id": "R59", "subj": {"type": "Non-human_Patient", "pt": {"text": "contra o que classificou como o plano de Pret\u00f3ria para desestabilizar a regi\u00e3o", "linguisticInfo": {"contra": {"lemma": "contra", "pos": "ADP", "is_stop": true, "is_named": false}, "o": {"lemma": "o", "pos": "DET", "is_stop": true, "is_named": false}, "que": {"lemma": "que", "pos": "PRON", "is_stop": true, "is_named": false}, "classificou": {"lemma": "classificar", "pos": "VERB", "is_stop": false, "is_named": false}, "como": {"lemma": "comer", "pos": "SCONJ", "is_stop": true, "is_named": false}, "plano": {"lemma": "planar", "pos": "NOUN", "is_stop": false, "is_named": false}, "de": {"lemma": "de", "pos": "ADP", "is_stop": true, "is_named": false}, "Pret\u00f3ria": {"lemma": "Pret\u00f3ria", "pos": "PROPN", "is_stop": false, "is_named": true}, "para": {"lemma": "parir", "pos": "SCONJ", "is_stop": true, "is_named": false}, "desestabilizar": {"lemma": "desestabilizar", "pos": "VERB", "is_stop": false, "is_named": false}, "a": {"lemma": "o", "pos": "DET", "is_stop": true, "is_named": false}, "regi\u00e3o": {"lemma": "regi\u00e3o", "pos": "NOUN", "is_stop": false, "is_named": false}}}, "it": {"text": "contro il , cosiddetto , piano", "linguisticInfo": {"contro": {"lemma": "contro", "pos": "E", "is_stop": true, "is_named": false}, "il": {"lemma": "il", "pos": "RD", "is_stop": true, "is_named": false}, ",": {"lemma": ",", "pos": "FF", "is_stop": false, "is_named": false}, "cosiddetto": {"lemma": "cosiddetto", "pos": "A", "is_stop": false, "is_named": false}, "piano": {"lemma": "piano", "pos": "B", "is_stop": false, "is_named": false}}}}, "obj": {"type": "Event", "pt": {"text": "lutarem", "linguisticInfo": {"lutarem": {"lemma": "lutar", "pos": "VERB", "is_stop": false, "is_named": false}}}, "it": {"text": "lottare", "linguisticInfo": {"lottare": {"lemma": "lottare", "pos": "V", "is_stop": false, "is_named": false}}}}}, {"id": "R60", "subj": {"type": "Non-human_Patient", "pt": {"text": "o que", "linguisticInfo": {"o": {"lemma": "o", "pos": "PRON", "is_stop": true, "is_named": false}, "que": {"lemma": "que", "pos": "PRON", "is_stop": true, "is_named": false}}}, "it": {"text": "cosiddetto , piano", "linguisticInfo": {"cosiddetto": {"lemma": "cosiddetto", "pos": "A", "is_stop": false, "is_named": false}, ",": {"lemma": ",", "pos": "FF", "is_stop": false, "is_named": false}, "piano": {"lemma": "piano", "pos": "B", "is_stop": false, "is_named": false}}}}, "obj": {"type": "Event", "pt": {"text": "classificou", "linguisticInfo": {"classificou": {"lemma": "classificar", "pos": "VERB", "is_stop": false, "is_named": false}}}, "it": {"text": "dott.", "linguisticInfo": {"dott": {"lemma": "dott", "pos": "A", "is_stop": false, "is_named": false}, ".": {"lemma": ".", "pos": "FS", "is_stop": false, "is_named": false}}}}}, {"id": "R61", "subj": {"type": "Non-human_Oth_participant", "pt": {"text": "como o plano de Pret\u00f3ria para desestabilizar a regi\u00e3o", "linguisticInfo": {"como": {"lemma": "comer", "pos": "ADV", "is_stop": true, "is_named": false}, "o": {"lemma": "o", "pos": "DET", "is_stop": true, "is_named": false}, "plano": {"lemma": "planar", "pos": "NOUN", "is_stop": false, "is_named": false}, "de": {"lemma": "de", "pos": "ADP", "is_stop": true, "is_named": false}, "Pret\u00f3ria": {"lemma": "Pret\u00f3ria", "pos": "PROPN", "is_stop": false, "is_named": true}, "para": {"lemma": "parir", "pos": "SCONJ", "is_stop": true, "is_named": false}, "desestabilizar": {"lemma": "desestabilizar", "pos": "VERB", "is_stop": false, "is_named": false}, "a": {"lemma": "o", "pos": "DET", "is_stop": true, "is_named": false}, "regi\u00e3o": {"lemma": "regi\u00e3o", "pos": "NOUN", "is_stop": false, "is_named": false}}}, "it": {"text": "ad un", "linguisticInfo": {"ad": {"lemma": "ad", "pos": "E", "is_stop": true, "is_named": false}, "un": {"lemma": "uno", "pos": "RI", "is_stop": true, "is_named": false}}}}, "obj": {"type": "Event", "pt": {"text": "classificou", "linguisticInfo": {"classificou": {"lemma": "classificar", "pos": "VERB", "is_stop": false, "is_named": false}}}, "it": {"text": "dott.", "linguisticInfo": {"dott": {"lemma": "dott", "pos": "A", "is_stop": false, "is_named": false}, ".": {"lemma": ".", "pos": "FS", "is_stop": false, "is_named": false}}}}}, {"id": "R62", "subj": {"type": "Non-human_Patient", "pt": {"text": "a regi\u00e3o", "linguisticInfo": {"a": {"lemma": "o", "pos": "DET", "is_stop": true, "is_named": false}, "regi\u00e3o": {"lemma": "regi\u00e3o", "pos": "NOUN", "is_stop": false, "is_named": false}}}, "it": {"text": "la regione", "linguisticInfo": {"la": {"lemma": "il", "pos": "RD", "is_stop": true, "is_named": false}, "regione": {"lemma": "regione", "pos": "S", "is_stop": false, "is_named": false}}}}, "obj": {"type": "Event", "pt": {"text": "desestabilizar", "linguisticInfo": {"desestabilizar": {"lemma": "desestabilizar", "pos": "VERB", "is_stop": false, "is_named": false}}}, "it": {"text": "destabilizzare", "linguisticInfo": {"destabilizzare": {"lemma": "destabilizzare", "pos": "V", "is_stop": false, "is_named": false}}}}}]}, "sentences_7": {"itText": "NULL \u00ab abbiamo bisogno di unit\u00e0 nella regione se vogliamo resistere alle manovre razziste e fasciste dell \u2019 africa del sud \u00bb , ha dichiarato .", "ptText": "\u00ab precisamos de unidade na regi\u00e3o se queremos resistir \u00e0s manobras dos racistas e fascistas da \u00e1frica do sul \u00bb , disse . \n", "relations": [{"id": "R63", "subj": {"type": "Non-human_Oth_participant", "pt": {"text": "Precisamos de unidade na regi\u00e3o se queremos resistir \u00e0s manobras dos racistas e fascistas da \u00c1frica do Sul", "linguisticInfo": {"Precisamos": {"lemma": "Precisamos", "pos": "VERB", "is_stop": false, "is_named": true}, "de": {"lemma": "de", "pos": "ADP", "is_stop": true, "is_named": false}, "unidade": {"lemma": "unidade", "pos": "NOUN", "is_stop": false, "is_named": false}, "na": {"lemma": "o", "pos": "ADP", "is_stop": true, "is_named": false}, "regi\u00e3o": {"lemma": "regi\u00e3o", "pos": "NOUN", "is_stop": false, "is_named": false}, "se": {"lemma": "se", "pos": "SCONJ", "is_stop": true, "is_named": false}, "queremos": {"lemma": "querer", "pos": "VERB", "is_stop": false, "is_named": false}, "resistir": {"lemma": "resistir", "pos": "VERB", "is_stop": false, "is_named": false}, "\u00e0s": {"lemma": "\u00e0s", "pos": "ADP", "is_stop": true, "is_named": false}, "manobras": {"lemma": "manobrar", "pos": "NOUN", "is_stop": false, "is_named": false}, "dos": {"lemma": "dos", "pos": "ADP", "is_stop": true, "is_named": false}, "racistas": {"lemma": "racista", "pos": "NOUN", "is_stop": false, "is_named": false}, "e": {"lemma": "e", "pos": "CCONJ", "is_stop": true, "is_named": false}, "fascistas": {"lemma": "fascista", "pos": "ADJ", "is_stop": false, "is_named": false}, "da": {"lemma": "da", "pos": "ADP", "is_stop": true, "is_named": false}, "\u00c1frica": {"lemma": "\u00c1frica", "pos": "PROPN", "is_stop": false, "is_named": true}, "do": {"lemma": "do", "pos": "ADP", "is_stop": true, "is_named": false}, "Sul": {"lemma": "Sul", "pos": "PROPN", "is_stop": false, "is_named": true}}}, "it": {"text": "bisogno di unit\u00e0 nella regione se vogliamo resistere alle manovre razziste e", "linguisticInfo": {"bisogno": {"lemma": "bisogno", "pos": "S", "is_stop": false, "is_named": false}, "di": {"lemma": "di", "pos": "E", "is_stop": true, "is_named": false}, "unit\u00e0": {"lemma": "unit\u00e0", "pos": "S", "is_stop": false, "is_named": false}, "nella": {"lemma": "nella", "pos": "E_RD", "is_stop": true, "is_named": false}, "regione": {"lemma": "regione", "pos": "S", "is_stop": false, "is_named": false}, "se": {"lemma": "se", "pos": "CS", "is_stop": true, "is_named": false}, "vogliamo": {"lemma": "volere", "pos": "VM", "is_stop": false, "is_named": false}, "resistere": {"lemma": "resistere", "pos": "V", "is_stop": false, "is_named": false}, "alle": {"lemma": "alla", "pos": "E_RD", "is_stop": true, "is_named": false}, "manovre": {"lemma": "manovra", "pos": "S", "is_stop": false, "is_named": false}, "razziste": {"lemma": "razzista", "pos": "A", "is_stop": false, "is_named": false}, "e": {"lemma": "e", "pos": "CC", "is_stop": false, "is_named": false}}}}, "obj": {"type": "Event", "pt": {"text": "disse", "linguisticInfo": {"disse": {"lemma": "dizer", "pos": "VERB", "is_stop": false, "is_named": false}}}, "it": {"text": "dichiarato", "linguisticInfo": {"dichiarato": {"lemma": "dichiarare", "pos": "V", "is_stop": false, "is_named": false}}}}}, {"id": "R64", "subj": {"type": "Non-human_Oth_participant", "pt": {"text": "\u00e0s manobras dos racistas e fascistas da \u00c1frica do Sul", "linguisticInfo": {"\u00e0s": {"lemma": "\u00e0s", "pos": "ADP", "is_stop": true, "is_named": false}, "manobras": {"lemma": "manobrar", "pos": "NOUN", "is_stop": false, "is_named": false}, "dos": {"lemma": "dos", "pos": "ADP", "is_stop": true, "is_named": false}, "racistas": {"lemma": "racista", "pos": "NOUN", "is_stop": false, "is_named": false}, "e": {"lemma": "e", "pos": "CCONJ", "is_stop": true, "is_named": false}, "fascistas": {"lemma": "fascista", "pos": "ADJ", "is_stop": false, "is_named": false}, "da": {"lemma": "da", "pos": "ADP", "is_stop": true, "is_named": false}, "\u00c1frica": {"lemma": "\u00c1frica", "pos": "PROPN", "is_stop": false, "is_named": true}, "do": {"lemma": "do", "pos": "ADP", "is_stop": true, "is_named": false}, "Sul": {"lemma": "Sul", "pos": "PROPN", "is_stop": false, "is_named": true}}}, "it": {"text": "alle manovre razziste e", "linguisticInfo": {"alle": {"lemma": "alla", "pos": "E_RD", "is_stop": true, "is_named": false}, "manovre": {"lemma": "manovra", "pos": "S", "is_stop": false, "is_named": false}, "razziste": {"lemma": "razzista", "pos": "A", "is_stop": false, "is_named": false}, "e": {"lemma": "e", "pos": "CC", "is_stop": false, "is_named": false}}}}, "obj": {"type": "Event", "pt": {"text": "queremos resistir", "linguisticInfo": {"queremos": {"lemma": "querer", "pos": "VERB", "is_stop": false, "is_named": false}, "resistir": {"lemma": "resistir", "pos": "VERB", "is_stop": false, "is_named": false}}}, "it": {"text": "vogliamo resistere", "linguisticInfo": {"vogliamo": {"lemma": "volere", "pos": "VM", "is_stop": false, "is_named": false}, "resistere": {"lemma": "resistere", "pos": "V", "is_stop": false, "is_named": false}}}}}]}, "sentences_9": {"itText": "NULL prima del ritorno a lusaka previsto per sabato , la delegazione dello zambia far\u00e0 visita alla citt\u00e0 pioniera di ford victoria , nonch\u00e9 la matrice dello zimbabwe - la patria simbolica del nazionalismo del paese - e alla citt\u00e0 di umtali , sulla frontiera orientale .", "ptText": "antes de regressar , no s\u00e1bado , a lusaca , a delega\u00e7\u00e3o zambiana visitar\u00e1 a cidade pioneira de ford victoria , as ru\u00ednas de zimbabwe - p\u00e1tria simb\u00f3lica do nacionalismo do pa\u00eds - , e a cidade de umtali , na fronteira oriental . \n", "relations": [{"id": "R68", "subj": {"type": "Time", "pt": {"text": "no s\u00e1bado", "linguisticInfo": {"no": {"lemma": "o", "pos": "ADP", "is_stop": true, "is_named": false}, "s\u00e1bado": {"lemma": "s\u00e1bado", "pos": "NOUN", "is_stop": false, "is_named": false}}}, "it": {"text": "sabato", "linguisticInfo": {"sabato": {"lemma": "sabato", "pos": "S", "is_stop": false, "is_named": false}}}}, "obj": {"type": "Event", "pt": {"text": "regressar", "linguisticInfo": {"regressar": {"lemma": "regressar", "pos": "VERB", "is_stop": false, "is_named": false}}}, "it": {"text": "umtali", "linguisticInfo": {"umtali": {"lemma": "umtali", "pos": "A", "is_stop": false, "is_named": false}}}}}, {"id": "R69", "subj": {"type": "Geo_location", "pt": {"text": "a Lusaca", "linguisticInfo": {"a": {"lemma": "o", "pos": "DET", "is_stop": true, "is_named": false}, "Lusaca": {"lemma": "Lusaca", "pos": "PROPN", "is_stop": false, "is_named": true}}}, "it": {"text": "a lusaka", "linguisticInfo": {"a": {"lemma": "a", "pos": "E", "is_stop": true, "is_named": false}, "lusaka": {"lemma": "lusaka", "pos": "S", "is_stop": false, "is_named": false}}}}, "obj": {"type": "Event", "pt": {"text": "regressar", "linguisticInfo": {"regressar": {"lemma": "regressar", "pos": "VERB", "is_stop": false, "is_named": false}}}, "it": {"text": "umtali", "linguisticInfo": {"umtali": {"lemma": "umtali", "pos": "A", "is_stop": false, "is_named": false}}}}}, {"id": "R71", "subj": {"type": "Time", "pt": {"text": "Antes de regressar , no s\u00e1bado , a Lusaca", "linguisticInfo": {"Antes": {"lemma": "Antes", "pos": "ADV", "is_stop": true, "is_named": true}, "de": {"lemma": "de", "pos": "ADP", "is_stop": true, "is_named": false}, "regressar": {"lemma": "regressar", "pos": "VERB", "is_stop": false, "is_named": false}, ",": {"lemma": ",", "pos": "PUNCT", "is_stop": false, "is_named": false}, "no": {"lemma": "o", "pos": "ADP", "is_stop": true, "is_named": false}, "s\u00e1bado": {"lemma": "s\u00e1bado", "pos": "NOUN", "is_stop": false, "is_named": false}, "a": {"lemma": "o", "pos": "DET", "is_stop": true, "is_named": false}, "Lusaca": {"lemma": "Lusaca", "pos": "PROPN", "is_stop": false, "is_named": true}}}, "it": {"text": "prima del ritorno", "linguisticInfo": {"prima": {"lemma": "prima", "pos": "B", "is_stop": true, "is_named": false}, "del": {"lemma": "del", "pos": "E_RD", "is_stop": true, "is_named": false}, "ritorno": {"lemma": "ritorno", "pos": "S", "is_stop": false, "is_named": false}}}}, "obj": {"type": "Event", "pt": {"text": "visitar\u00e1", "linguisticInfo": {"visitar\u00e1": {"lemma": "visitar", "pos": "VERB", "is_stop": false, "is_named": false}}}, "it": {"text": "umtali", "linguisticInfo": {"umtali": {"lemma": "umtali", "pos": "A", "is_stop": false, "is_named": false}}}}}, {"id": "R72", "subj": {"type": "Human_Agent", "pt": {"text": "a delega\u00e7\u00e3o zambiana", "linguisticInfo": {"a": {"lemma": "o", "pos": "DET", "is_stop": true, "is_named": false}, "delega\u00e7\u00e3o": {"lemma": "delega\u00e7\u00e3o", "pos": "NOUN", "is_stop": false, "is_named": false}, "zambiana": {"lemma": "zambiano", "pos": "ADJ", "is_stop": false, "is_named": false}}}, "it": {"text": "la delegazione umtali", "linguisticInfo": {"la": {"lemma": "il", "pos": "RD", "is_stop": true, "is_named": false}, "delegazione": {"lemma": "delegazione", "pos": "S", "is_stop": false, "is_named": false}, "umtali": {"lemma": "umtali", "pos": "A", "is_stop": false, "is_named": false}}}}, "obj": {"type": "Event", "pt": {"text": "visitar\u00e1", "linguisticInfo": {"visitar\u00e1": {"lemma": "visitar", "pos": "VERB", "is_stop": false, "is_named": false}}}, "it": {"text": "umtali", "linguisticInfo": {"umtali": {"lemma": "umtali", "pos": "A", "is_stop": false, "is_named": false}}}}}]}, "sentences_10": {"itText": "NULL secondo quanto annunciato dal ministro della difesa sudafricano , il generale magnus malan , un pilota dell \u2019 aviazione mozambicana ha fatto richiesta di asilo politico , dopo essere atterrato nella base militare sudafricana di hoodspruit ( provincia de trasval ) ,", "ptText": "um piloto da avia\u00e7\u00e3o de mo\u00e7ambique pediu asilo pol\u00edtico depois de ter aterrado na base militar sul-africana de hoodspruit ( leste do transval ) , segundo anunciou o ministro da defesa sul-africano , general magnus malan . \n", "relations": [{"id": "R73", "subj": {"type": "Time", "pt": {"text": "depois de ter aterrado na base militar sul-africana de Hoodspruit ( Leste do Transval", "linguisticInfo": {"depois": {"lemma": "depois", "pos": "ADV", "is_stop": true, "is_named": false}, "de": {"lemma": "de", "pos": "ADP", "is_stop": true, "is_named": false}, "ter": {"lemma": "ter", "pos": "AUX", "is_stop": true, "is_named": false}, "aterrado": {"lemma": "aterrar", "pos": "VERB", "is_stop": false, "is_named": false}, "na": {"lemma": "o", "pos": "ADP", "is_stop": true, "is_named": false}, "base": {"lemma": "base", "pos": "NOUN", "is_stop": false, "is_named": false}, "militar": {"lemma": "militar", "pos": "ADJ", "is_stop": false, "is_named": false}, "sul-africana": {"lemma": "sul-africana", "pos": "ADJ", "is_stop": false, "is_named": false}, "Hoodspruit": {"lemma": "Hoodspruit", "pos": "PROPN", "is_stop": false, "is_named": true}, "(": {"lemma": "(", "pos": "PUNCT", "is_stop": false, "is_named": false}, "Leste": {"lemma": "Leste", "pos": "NOUN", "is_stop": false, "is_named": true}, "do": {"lemma": "do", "pos": "ADP", "is_stop": true, "is_named": false}, "Transval": {"lemma": "Transval", "pos": "NOUN", "is_stop": false, "is_named": true}}}, "it": {"text": "dopo essere atterrato", "linguisticInfo": {"dopo": {"lemma": "dopo", "pos": "B", "is_stop": true, "is_named": false}, "essere": {"lemma": "essere", "pos": "VA", "is_stop": true, "is_named": false}, "atterrato": {"lemma": "atterrare", "pos": "V", "is_stop": false, "is_named": false}}}}, "obj": {"type": "Event", "pt": {"text": "pediu", "linguisticInfo": {"pediu": {"lemma": "pedir", "pos": "VERB", "is_stop": false, "is_named": false}}}, "it": {"text": "richiesta", "linguisticInfo": {"richiesta": {"lemma": "richiesta", "pos": "S", "is_stop": false, "is_named": false}}}}}, {"id": "R74", "subj": {"type": "Non-human_Patient", "pt": {"text": "asilo pol\u00edtico", "linguisticInfo": {"asilo": {"lemma": "asilar", "pos": "NOUN", "is_stop": false, "is_named": false}, "pol\u00edtico": {"lemma": "pol\u00edtico", "pos": "ADJ", "is_stop": false, "is_named": false}}}, "it": {"text": "asilo politico", "linguisticInfo": {"asilo": {"lemma": "asilo", "pos": "S", "is_stop": false, "is_named": false}, "politico": {"lemma": "politico", "pos": "A", "is_stop": false, "is_named": false}}}}, "obj": {"type": "Event", "pt": {"text": "pediu", "linguisticInfo": {"pediu": {"lemma": "pedir", "pos": "VERB", "is_stop": false, "is_named": false}}}, "it": {"text": "richiesta", "linguisticInfo": {"richiesta": {"lemma": "richiesta", "pos": "S", "is_stop": false, "is_named": false}}}}}, {"id": "R75", "subj": {"type": "Human_Agent", "pt": {"text": "Um piloto da avia\u00e7\u00e3o de Mo\u00e7ambique", "linguisticInfo": {"Um": {"lemma": "Um", "pos": "DET", "is_stop": true, "is_named": true}, "piloto": {"lemma": "pilotar", "pos": "NOUN", "is_stop": false, "is_named": false}, "da": {"lemma": "da", "pos": "ADP", "is_stop": true, "is_named": false}, "avia\u00e7\u00e3o": {"lemma": "avia\u00e7\u00e3o", "pos": "NOUN", "is_stop": false, "is_named": false}, "de": {"lemma": "de", "pos": "ADP", "is_stop": true, "is_named": false}, "Mo\u00e7ambique": {"lemma": "Mo\u00e7ambique", "pos": "PROPN", "is_stop": false, "is_named": true}}}, "it": {"text": "un pilota dell \u2019 aviazione mozambicana ha", "linguisticInfo": {"un": {"lemma": "uno", "pos": "RI", "is_stop": true, "is_named": false}, "pilota": {"lemma": "pilota", "pos": "S", "is_stop": false, "is_named": false}, "dell": {"lemma": "dell", "pos": "SP", "is_stop": true, "is_named": false}, "\u2019": {"lemma": "\u2019", "pos": "SP", "is_stop": false, "is_named": false}, "aviazione": {"lemma": "aviazione", "pos": "S", "is_stop": false, "is_named": false}, "mozambicana": {"lemma": "mozambicana", "pos": "A", "is_stop": false, "is_named": false}, "ha": {"lemma": "avere", "pos": "VA", "is_stop": true, "is_named": false}}}}, "obj": {"type": "Event", "pt": {"text": "pediu", "linguisticInfo": {"pediu": {"lemma": "pedir", "pos": "VERB", "is_stop": false, "is_named": false}}}, "it": {"text": "richiesta", "linguisticInfo": {"richiesta": {"lemma": "richiesta", "pos": "S", "is_stop": false, "is_named": false}}}}}, {"id": "R76", "subj": {"type": "Geo_location", "pt": {"text": "na base militar sul-africana de Hoodspruit ( Leste do Transval", "linguisticInfo": {"na": {"lemma": "o", "pos": "ADP", "is_stop": true, "is_named": false}, "base": {"lemma": "base", "pos": "NOUN", "is_stop": false, "is_named": false}, "militar": {"lemma": "militar", "pos": "ADJ", "is_stop": false, "is_named": false}, "sul-africana": {"lemma": "sul-africana", "pos": "ADJ", "is_stop": false, "is_named": false}, "de": {"lemma": "de", "pos": "ADP", "is_stop": true, "is_named": false}, "Hoodspruit": {"lemma": "Hoodspruit", "pos": "PROPN", "is_stop": false, "is_named": true}, "(": {"lemma": "(", "pos": "PUNCT", "is_stop": false, "is_named": false}, "Leste": {"lemma": "Leste", "pos": "NOUN", "is_stop": false, "is_named": true}, "do": {"lemma": "do", "pos": "ADP", "is_stop": true, "is_named": false}, "Transval": {"lemma": "Transval", "pos": "NOUN", "is_stop": false, "is_named": true}}}, "it": {"text": "nella base militare sudafricana di hoodspruit ( provincia de trasval", "linguisticInfo": {"nella": {"lemma": "nella", "pos": "E_RD", "is_stop": true, "is_named": false}, "base": {"lemma": "base", "pos": "S", "is_stop": false, "is_named": false}, "militare": {"lemma": "militare", "pos": "A", "is_stop": false, "is_named": false}, "sudafricana": {"lemma": "sudafricano", "pos": "A", "is_stop": false, "is_named": false}, "di": {"lemma": "di", "pos": "E", "is_stop": true, "is_named": false}, "hoodspruit": {"lemma": "hoodspruit", "pos": "SP", "is_stop": false, "is_named": false}, "(": {"lemma": "(", "pos": "FB", "is_stop": false, "is_named": false}, "provincia": {"lemma": "provincia", "pos": "S", "is_stop": false, "is_named": false}, "de": {"lemma": "de", "pos": "E", "is_stop": false, "is_named": false}, "trasval": {"lemma": "trasval", "pos": "S", "is_stop": false, "is_named": false}}}}, "obj": {"type": "Event", "pt": {"text": "ter aterrado", "linguisticInfo": {"ter": {"lemma": "ter", "pos": "AUX", "is_stop": true, "is_named": false}, "aterrado": {"lemma": "aterrar", "pos": "VERB", "is_stop": false, "is_named": false}}}, "it": {"text": "essere atterrato", "linguisticInfo": {"essere": {"lemma": "essere", "pos": "VA", "is_stop": true, "is_named": false}, "atterrato": {"lemma": "atterrare", "pos": "V", "is_stop": false, "is_named": false}}}}}, {"id": "R77", "subj": {"type": "Human_Agent", "pt": {"text": "o ministro da Defesa sul-africano , general Magnus Malan", "linguisticInfo": {"o": {"lemma": "o", "pos": "DET", "is_stop": true, "is_named": false}, "ministro": {"lemma": "ministrar", "pos": "NOUN", "is_stop": false, "is_named": false}, "da": {"lemma": "da", "pos": "ADP", "is_stop": true, "is_named": false}, "Defesa": {"lemma": "Defesa", "pos": "NOUN", "is_stop": false, "is_named": true}, "sul-africano": {"lemma": "sul-africano", "pos": "ADJ", "is_stop": false, "is_named": false}, ",": {"lemma": ",", "pos": "PUNCT", "is_stop": false, "is_named": false}, "general": {"lemma": "general", "pos": "ADJ", "is_stop": false, "is_named": false}, "Magnus": {"lemma": "Magnus", "pos": "PROPN", "is_stop": false, "is_named": true}, "Malan": {"lemma": "Malan", "pos": "PROPN", "is_stop": false, "is_named": true}}}, "it": {"text": "dal ministro della difesa sudafricano , generale magnus malan", "linguisticInfo": {"dal": {"lemma": "dal", "pos": "E_RD", "is_stop": true, "is_named": false}, "ministro": {"lemma": "ministro", "pos": "S", "is_stop": true, "is_named": false}, "della": {"lemma": "della", "pos": "E_RD", "is_stop": true, "is_named": false}, "difesa": {"lemma": "difesa", "pos": "S", "is_stop": false, "is_named": false}, "sudafricano": {"lemma": "sudafricano", "pos": "A", "is_stop": false, "is_named": false}, ",": {"lemma": ",", "pos": "FF", "is_stop": false, "is_named": false}, "generale": {"lemma": "generale", "pos": "S", "is_stop": true, "is_named": false}, "magnus": {"lemma": "magnus", "pos": "SP", "is_stop": false, "is_named": false}, "malan": {"lemma": "malan", "pos": "SP", "is_stop": false, "is_named": false}}}}, "obj": {"type": "Event", "pt": {"text": "anunciou", "linguisticInfo": {"anunciou": {"lemma": "anunciar", "pos": "VERB", "is_stop": false, "is_named": false}}}, "it": {"text": "annunciato", "linguisticInfo": {"annunciato": {"lemma": "annunciare", "pos": "V", "is_stop": false, "is_named": false}}}}}]}}