{"sentences_0": {"itText": "NULL secondo il progetto di revisione costituzionale che alleanza democratica presenter\u00e0 al parlamento nella prima met\u00e0 di aprile , il primo ministro continuer\u00e0 ad a rispondere al presidente della repubblica e del parlamento sul piano politico . tuttavia , per delegittimare l&apos; esecutivo baster\u00e0 l&apos; approvazione di una mozione di sfiducia \u201c costruttiva \u201d , che comporta l&apos; obbligo da parte della maggioranza a presentare un candidato sostituivo per la guida del nuovo esecutivo .", "ptText": "o primeiro-ministro continuar\u00e1 politicamente respons\u00e1vel perante o presidente da rep\u00fablica e assembleia da rep\u00fablica , segundo o projecto de revis\u00e3o constitucional que a alian\u00e7a democr\u00e1tica apresentar\u00e1 no parlamento na primeira quinzena de abril . no entanto , para o derrube do executivo , bastar\u00e1 a aprova\u00e7\u00e3o de uma mo\u00e7\u00e3o de censura \u00ab construtiva \u00bb , o que implica a obriga\u00e7\u00e3o da maioria que lhe for favor\u00e1vel , de apresentar um candidato \u00e0 chefia do novo executivo . \n", "relations": [{"id": "R1", "subj": {"type": "Time", "pt": {"text": "na primeira quinzena de Abril", "linguisticInfo": {"na": {"lemma": "o", "pos": "ADP", "is_stop": true, "is_named": false}, "primeira": {"lemma": "primeiro", "pos": "ADJ", "is_stop": true, "is_named": false}, "quinzena": {"lemma": "quinzena", "pos": "NOUN", "is_stop": false, "is_named": false}, "de": {"lemma": "de", "pos": "ADP", "is_stop": true, "is_named": false}, "Abril": {"lemma": "Abril", "pos": "NOUN", "is_stop": false, "is_named": true}}}, "it": {"text": "nella prima met\u00e0 di aprile", "linguisticInfo": {"nella": {"lemma": "nella", "pos": "E_RD", "is_stop": true, "is_named": false}, "prima": {"lemma": "primo", "pos": "NO", "is_stop": true, "is_named": false}, "met\u00e0": {"lemma": "met\u00e0", "pos": "S", "is_stop": false, "is_named": false}, "di": {"lemma": "di", "pos": "E", "is_stop": true, "is_named": false}, "aprile": {"lemma": "aprile", "pos": "S", "is_stop": false, "is_named": false}}}}, "obj": {"type": "Event", "pt": {"text": "apresentar\u00e1", "linguisticInfo": {"apresentar\u00e1": {"lemma": "apresentar", "pos": "VERB", "is_stop": false, "is_named": false}}}, "it": {"text": "presenter\u00e0", "linguisticInfo": {"presenter\u00e0": {"lemma": "presentare", "pos": "V", "is_stop": false, "is_named": false}}}}}, {"id": "R2", "subj": {"type": "Human_Agent", "pt": {"text": "a Alian\u00e7a Democr\u00e1tica", "linguisticInfo": {"a": {"lemma": "o", "pos": "DET", "is_stop": true, "is_named": false}, "Alian\u00e7a": {"lemma": "Alian\u00e7a", "pos": "PROPN", "is_stop": false, "is_named": true}, "Democr\u00e1tica": {"lemma": "Democr\u00e1tica", "pos": "PROPN", "is_stop": false, "is_named": true}}}, "it": {"text": "alleanza democratica", "linguisticInfo": {"alleanza": {"lemma": "alleanza", "pos": "S", "is_stop": false, "is_named": false}, "democratica": {"lemma": "democratico", "pos": "A", "is_stop": false, "is_named": false}}}}, "obj": {"type": "Event", "pt": {"text": "apresentar\u00e1", "linguisticInfo": {"apresentar\u00e1": {"lemma": "apresentar", "pos": "VERB", "is_stop": false, "is_named": false}}}, "it": {"text": "presenter\u00e0", "linguisticInfo": {"presenter\u00e0": {"lemma": "presentare", "pos": "V", "is_stop": false, "is_named": false}}}}}, {"id": "R3", "subj": {"type": "Oth_location", "pt": {"text": "no Parlamento", "linguisticInfo": {"no": {"lemma": "o", "pos": "ADP", "is_stop": true, "is_named": false}, "Parlamento": {"lemma": "Parlamento", "pos": "NOUN", "is_stop": false, "is_named": true}}}, "it": {"text": "sul piano politico", "linguisticInfo": {"sul": {"lemma": "sul", "pos": "E_RD", "is_stop": true, "is_named": false}, "piano": {"lemma": "piano", "pos": "S", "is_stop": false, "is_named": false}, "politico": {"lemma": "politico", "pos": "A", "is_stop": false, "is_named": false}}}}, "obj": {"type": "Event", "pt": {"text": "apresentar\u00e1", "linguisticInfo": {"apresentar\u00e1": {"lemma": "apresentar", "pos": "VERB", "is_stop": false, "is_named": false}}}, "it": {"text": "presenter\u00e0", "linguisticInfo": {"presenter\u00e0": {"lemma": "presentare", "pos": "V", "is_stop": false, "is_named": false}}}}}, {"id": "R6", "subj": {"type": "Non-human_Oth_participant", "pt": {"text": "\u00e0 chefia do novo Executivo", "linguisticInfo": {"\u00e0": {"lemma": "\u00e0", "pos": "ADP", "is_stop": true, "is_named": false}, "chefia": {"lemma": "chefiar", "pos": "NOUN", "is_stop": false, "is_named": false}, "do": {"lemma": "do", "pos": "ADP", "is_stop": true, "is_named": false}, "novo": {"lemma": "novo", "pos": "ADJ", "is_stop": true, "is_named": false}, "Executivo": {"lemma": "Executivo", "pos": "NOUN", "is_stop": false, "is_named": true}}}, "it": {"text": "sostituivo guida del nuovo esecutivo", "linguisticInfo": {"sostituivo": {"lemma": "sostituivo", "pos": "S", "is_stop": false, "is_named": false}, "guida": {"lemma": "guida", "pos": "S", "is_stop": false, "is_named": false}, "del": {"lemma": "del", "pos": "E_RD", "is_stop": true, "is_named": false}, "nuovo": {"lemma": "nuovo", "pos": "A", "is_stop": true, "is_named": false}, "esecutivo": {"lemma": "esecutivo", "pos": "S", "is_stop": false, "is_named": false}}}}, "obj": {"type": "Event", "pt": {"text": "apresentar", "linguisticInfo": {"apresentar": {"lemma": "apresentar", "pos": "VERB", "is_stop": false, "is_named": false}}}, "it": {"text": "presentare", "linguisticInfo": {"presentare": {"lemma": "presentare", "pos": "V", "is_stop": false, "is_named": false}}}}}, {"id": "R7", "subj": {"type": "Human_Patient", "pt": {"text": "um candidato", "linguisticInfo": {"um": {"lemma": "um", "pos": "DET", "is_stop": true, "is_named": false}, "candidato": {"lemma": "candidatar", "pos": "NOUN", "is_stop": false, "is_named": false}}}, "it": {"text": "un candidato", "linguisticInfo": {"un": {"lemma": "uno", "pos": "RI", "is_stop": true, "is_named": false}, "candidato": {"lemma": "candidato", "pos": "S", "is_stop": false, "is_named": false}}}}, "obj": {"type": "Event", "pt": {"text": "apresentar", "linguisticInfo": {"apresentar": {"lemma": "apresentar", "pos": "VERB", "is_stop": false, "is_named": false}}}, "it": {"text": "presentare", "linguisticInfo": {"presentare": {"lemma": "presentare", "pos": "V", "is_stop": false, "is_named": false}}}}}, {"id": "R54", "subj": {"type": "Non-human_Patient", "pt": {"text": "que", "linguisticInfo": {"que": {"lemma": "que", "pos": "SCONJ", "is_stop": true, "is_named": false}}}, "it": {"text": "che", "linguisticInfo": {"che": {"lemma": "che", "pos": "CS", "is_stop": true, "is_named": false}}}}, "obj": {"type": "Event", "pt": {"text": "apresentar\u00e1", "linguisticInfo": {"apresentar\u00e1": {"lemma": "apresentar", "pos": "VERB", "is_stop": false, "is_named": false}}}, "it": {"text": "presenter\u00e0", "linguisticInfo": {"presenter\u00e0": {"lemma": "presentare", "pos": "V", "is_stop": false, "is_named": false}}}}}]}, "sentences_1": {"itText": "NULL nel comunicato diffuso alle organizzazioni di comunicazione sociale emerge l \u2019 accordo raggiunto dai partiti \u00ab sui punti cardine che costituiscono la revisione costituzionale , vale a dire la definizione di stato e dei rispettivi organi , la separazione dei poteri e la distribuzione delle forze armate e la loro subordinazione al potere politico e democratico costituito previsto dalla costituzione \u00bb .", "ptText": "no comunicado distribu\u00eddo aos \u00f3rg\u00e3os da comunica\u00e7\u00e3o social salienta -se que os partidos \u00ab chegaram a acordo quanto aos pontos fundamentais da revis\u00e3o constitucional , designadamente a defini\u00e7\u00e3o do estado e dos seus org\u00e3os , a separa\u00e7\u00e3o e articula\u00e7\u00e3o dospoderes e o enquadramento das for\u00e7as armadas e sua subordina\u00e7\u00e3o ao poder pol\u00edtico democr\u00e1tica e constitucionalmente constitu\u00eddo \u00bb . \n", "relations": [{"id": "R8", "subj": {"type": "Non-human_Patient", "pt": {"text": "comunicado", "linguisticInfo": {"comunicado": {"lemma": "comunicar", "pos": "VERB", "is_stop": false, "is_named": false}}}, "it": {"text": "comunicato", "linguisticInfo": {"comunicato": {"lemma": "comunicare", "pos": "V", "is_stop": false, "is_named": false}}}}, "obj": {"type": "Event", "pt": {"text": "distribu\u00eddo", "linguisticInfo": {"distribu\u00eddo": {"lemma": "distribuir", "pos": "VERB", "is_stop": false, "is_named": false}}}, "it": {"text": "diffuso", "linguisticInfo": {"diffuso": {"lemma": "diffondere", "pos": "V", "is_stop": false, "is_named": false}}}}}, {"id": "R9", "subj": {"type": "Human_Patient", "pt": {"text": "aos \u00f3rg\u00e3os da Comunica\u00e7\u00e3o Social", "linguisticInfo": {"aos": {"lemma": "aos", "pos": "ADP", "is_stop": true, "is_named": false}, "\u00f3rg\u00e3os": {"lemma": "\u00f3rg\u00e3o", "pos": "NOUN", "is_stop": false, "is_named": false}, "da": {"lemma": "da", "pos": "ADP", "is_stop": true, "is_named": false}, "Comunica\u00e7\u00e3o": {"lemma": "Comunica\u00e7\u00e3o", "pos": "PROPN", "is_stop": false, "is_named": true}, "Social": {"lemma": "Social", "pos": "PROPN", "is_stop": false, "is_named": true}}}, "it": {"text": "alle organizzazioni di comunicazione", "linguisticInfo": {"alle": {"lemma": "alla", "pos": "E_RD", "is_stop": true, "is_named": false}, "organizzazioni": {"lemma": "organizzazione", "pos": "S", "is_stop": false, "is_named": false}, "di": {"lemma": "di", "pos": "E", "is_stop": true, "is_named": false}, "comunicazione": {"lemma": "comunicazione", "pos": "S", "is_stop": false, "is_named": false}}}}, "obj": {"type": "Event", "pt": {"text": "distribu\u00eddo", "linguisticInfo": {"distribu\u00eddo": {"lemma": "distribuir", "pos": "VERB", "is_stop": false, "is_named": false}}}, "it": {"text": "diffuso", "linguisticInfo": {"diffuso": {"lemma": "diffondere", "pos": "V", "is_stop": false, "is_named": false}}}}}, {"id": "R12", "subj": {"type": "Human_Agent", "pt": {"text": "os partidos", "linguisticInfo": {"os": {"lemma": "o", "pos": "DET", "is_stop": true, "is_named": false}, "partidos": {"lemma": "partir", "pos": "NOUN", "is_stop": false, "is_named": false}}}, "it": {"text": "partiti", "linguisticInfo": {"partiti": {"lemma": "partito", "pos": "S", "is_stop": false, "is_named": false}}}}, "obj": {"type": "Event", "pt": {"text": "chegaram a acordo", "linguisticInfo": {"chegaram": {"lemma": "chegar", "pos": "VERB", "is_stop": false, "is_named": false}, "a": {"lemma": "o", "pos": "ADP", "is_stop": true, "is_named": false}, "acordo": {"lemma": "acordar", "pos": "NOUN", "is_stop": false, "is_named": false}}}, "it": {"text": "\u00ab sui punti", "linguisticInfo": {"\u00ab": {"lemma": "\u00ab", "pos": "FB", "is_stop": false, "is_named": false}, "sui": {"lemma": "sul", "pos": "E_RD", "is_stop": true, "is_named": false}, "punti": {"lemma": "punto", "pos": "S", "is_stop": false, "is_named": false}}}}}, {"id": "R13", "subj": {"type": "Non-human_Oth_participant", "pt": {"text": "quanto aos pontos fundamentais da revis\u00e3o constitucional , designadamente a defini\u00e7\u00e3o do Estado e dos seus Org\u00e3os , a separa\u00e7\u00e3o e articula\u00e7\u00e3o dosPoderes e o enquadramento das For\u00e7as Armadas e sua subordina\u00e7\u00e3o ao Poder pol\u00edtico democr\u00e1tica e constitucionalmente constitu\u00eddo", "linguisticInfo": {"quanto": {"lemma": "quantum", "pos": "ADV", "is_stop": true, "is_named": false}, "aos": {"lemma": "aos", "pos": "DET", "is_stop": true, "is_named": false}, "pontos": {"lemma": "ponto", "pos": "NOUN", "is_stop": true, "is_named": false}, "fundamentais": {"lemma": "fundamentar", "pos": "ADJ", "is_stop": false, "is_named": false}, "da": {"lemma": "da", "pos": "ADP", "is_stop": true, "is_named": false}, "revis\u00e3o": {"lemma": "revis\u00e3o", "pos": "NOUN", "is_stop": false, "is_named": false}, "constitucional": {"lemma": "constitucional", "pos": "ADJ", "is_stop": false, "is_named": false}, ",": {"lemma": ",", "pos": "PUNCT", "is_stop": false, "is_named": false}, "designadamente": {"lemma": "designadamente", "pos": "ADV", "is_stop": false, "is_named": false}, "a": {"lemma": "o", "pos": "DET", "is_stop": true, "is_named": false}, "defini\u00e7\u00e3o": {"lemma": "defini\u00e7\u00e3o", "pos": "NOUN", "is_stop": false, "is_named": false}, "do": {"lemma": "do", "pos": "ADP", "is_stop": true, "is_named": false}, "Estado": {"lemma": "Estado", "pos": "NOUN", "is_stop": true, "is_named": true}, "e": {"lemma": "e", "pos": "CCONJ", "is_stop": true, "is_named": false}, "dos": {"lemma": "dos", "pos": "ADP", "is_stop": true, "is_named": false}, "seus": {"lemma": "seu", "pos": "DET", "is_stop": true, "is_named": false}, "Org\u00e3os": {"lemma": "Org\u00e3os", "pos": "PROPN", "is_stop": false, "is_named": true}, "separa\u00e7\u00e3o": {"lemma": "separa\u00e7\u00e3o", "pos": "NOUN", "is_stop": false, "is_named": false}, "articula\u00e7\u00e3o": {"lemma": "articula\u00e7\u00e3o", "pos": "NOUN", "is_stop": false, "is_named": false}, "dosPoderes": {"lemma": "dosPoderes", "pos": "PROPN", "is_stop": false, "is_named": false}, "o": {"lemma": "o", "pos": "DET", "is_stop": true, "is_named": false}, "enquadramento": {"lemma": "enquadramento", "pos": "NOUN", "is_stop": false, "is_named": false}, "das": {"lemma": "das", "pos": "ADP", "is_stop": true, "is_named": false}, "For\u00e7as": {"lemma": "For\u00e7as", "pos": "PROPN", "is_stop": false, "is_named": true}, "Armadas": {"lemma": "Armadas", "pos": "PROPN", "is_stop": false, "is_named": true}, "sua": {"lemma": "suar", "pos": "DET", "is_stop": true, "is_named": false}, "subordina\u00e7\u00e3o": {"lemma": "subordina\u00e7\u00e3o", "pos": "NOUN", "is_stop": false, "is_named": false}, "ao": {"lemma": "ao", "pos": "ADP", "is_stop": true, "is_named": false}, "Poder": {"lemma": "Poder", "pos": "NOUN", "is_stop": true, "is_named": true}, "pol\u00edtico": {"lemma": "pol\u00edtico", "pos": "ADJ", "is_stop": false, "is_named": false}, "democr\u00e1tica": {"lemma": "democr\u00e1tico", "pos": "ADJ", "is_stop": false, "is_named": false}, "constitucionalmente": {"lemma": "constitucionalmente", "pos": "ADV", "is_stop": false, "is_named": false}, "constitu\u00eddo": {"lemma": "constituir", "pos": "VERB", "is_stop": false, "is_named": false}}}, "it": {"text": "costituiscono la revisione", "linguisticInfo": {"costituiscono": {"lemma": "costituire", "pos": "V", "is_stop": false, "is_named": false}, "la": {"lemma": "il", "pos": "RD", "is_stop": true, "is_named": false}, "revisione": {"lemma": "revisione", "pos": "S", "is_stop": false, "is_named": false}}}}, "obj": {"type": "Event", "pt": {"text": "chegaram a acordo", "linguisticInfo": {"chegaram": {"lemma": "chegar", "pos": "VERB", "is_stop": false, "is_named": false}, "a": {"lemma": "o", "pos": "ADP", "is_stop": true, "is_named": false}, "acordo": {"lemma": "acordar", "pos": "NOUN", "is_stop": false, "is_named": false}}}, "it": {"text": "\u00ab sui punti", "linguisticInfo": {"\u00ab": {"lemma": "\u00ab", "pos": "FB", "is_stop": false, "is_named": false}, "sui": {"lemma": "sul", "pos": "E_RD", "is_stop": true, "is_named": false}, "punti": {"lemma": "punto", "pos": "S", "is_stop": false, "is_named": false}}}}}, {"id": "R18", "subj": {"type": "Non-human_Oth_participant", "pt": {"text": "ao Poder pol\u00edtico democr\u00e1tica e constitucionalmente constitu\u00eddo", "linguisticInfo": {"ao": {"lemma": "ao", "pos": "ADP", "is_stop": true, "is_named": false}, "Poder": {"lemma": "Poder", "pos": "NOUN", "is_stop": true, "is_named": true}, "pol\u00edtico": {"lemma": "pol\u00edtico", "pos": "ADJ", "is_stop": false, "is_named": false}, "democr\u00e1tica": {"lemma": "democr\u00e1tico", "pos": "ADJ", "is_stop": false, "is_named": false}, "e": {"lemma": "e", "pos": "CCONJ", "is_stop": true, "is_named": false}, "constitucionalmente": {"lemma": "constitucionalmente", "pos": "ADV", "is_stop": false, "is_named": false}, "constitu\u00eddo": {"lemma": "constituir", "pos": "VERB", "is_stop": false, "is_named": false}}}, "it": {"text": "al potere politico e democratico costituito previsto", "linguisticInfo": {"al": {"lemma": "al", "pos": "E_RD", "is_stop": true, "is_named": false}, "potere": {"lemma": "potere", "pos": "S", "is_stop": false, "is_named": false}, "politico": {"lemma": "politico", "pos": "A", "is_stop": false, "is_named": false}, "e": {"lemma": "e", "pos": "CC", "is_stop": false, "is_named": false}, "democratico": {"lemma": "democratico", "pos": "A", "is_stop": false, "is_named": false}, "costituito": {"lemma": "costituito", "pos": "A", "is_stop": false, "is_named": false}, "previsto": {"lemma": "previsto", "pos": "V", "is_stop": false, "is_named": false}}}}, "obj": {"type": "Event", "pt": {"text": "subordina\u00e7\u00e3o", "linguisticInfo": {"subordina\u00e7\u00e3o": {"lemma": "subordina\u00e7\u00e3o", "pos": "NOUN", "is_stop": false, "is_named": false}}}, "it": {"text": "subordinazione", "linguisticInfo": {"subordinazione": {"lemma": "subordinazione", "pos": "S", "is_stop": false, "is_named": false}}}}}, {"id": "R19", "subj": {"type": "Human_Patient", "pt": {"text": "sua", "linguisticInfo": {"sua": {"lemma": "suar", "pos": "DET", "is_stop": true, "is_named": false}}}, "it": {"text": "loro", "linguisticInfo": {"loro": {"lemma": "loro", "pos": "PE", "is_stop": true, "is_named": false}}}}, "obj": {"type": "Event", "pt": {"text": "subordina\u00e7\u00e3o", "linguisticInfo": {"subordina\u00e7\u00e3o": {"lemma": "subordina\u00e7\u00e3o", "pos": "NOUN", "is_stop": false, "is_named": false}}}, "it": {"text": "subordinazione", "linguisticInfo": {"subordinazione": {"lemma": "subordinazione", "pos": "S", "is_stop": false, "is_named": false}}}}}]}, "sentences_2": {"itText": "NULL secondo quanto accertato dal giornale \u201c di\u00e1rio das not\u00edcias \u201d , nella proposta presentata da alleanza democratica verr\u00e0 mantenuta la soluzione presidenziale , che andr\u00e0 a sostituire la la dottrina dell \u2019 articolo 194 della legge fondamentale in vigore secondo cui il primo ministro deve rispondere al presidente della repubblica e al parlamento sul piano politico , attribuendo , parimenti , al capo dello stato l \u2019 autorit\u00e0 di sciogliere le camere una volta ascoltati i partiti e il consiglio di stato tenendo conto dell \u2019 espressione parlamentare dei primi .", "ptText": "segundo apurou o \u00ab dn \u00bb , na proposta da alian\u00e7a democr\u00e1tica manter-cl-\u00e1 -se a solu\u00e7\u00e3o presidencial , pelo que subsistir\u00e1 a doutrina do artigo 194 . da lei fundamental segundo a qual o primeiro-ministro \u00e9 politicamente respons\u00e1vel perante o presidente da rep\u00fablica e assembleia da rep\u00fablica , conferindo -se , igualmente , ao chefe do estado , a compet\u00eancia para dissolver o parlamento ouvidos os partidos e o conselho de estado , tendo em conta a express\u00e3o parlamentar dos primeiros \u00bb . \n", "relations": [{"id": "R22", "subj": {"type": "Human_Patient", "pt": {"text": "o Parlamento", "linguisticInfo": {"o": {"lemma": "o", "pos": "DET", "is_stop": true, "is_named": false}, "Parlamento": {"lemma": "Parlamento", "pos": "NOUN", "is_stop": false, "is_named": true}}}, "it": {"text": "camere", "linguisticInfo": {"camere": {"lemma": "camera", "pos": "S", "is_stop": false, "is_named": false}}}}, "obj": {"type": "Event", "pt": {"text": "dissolver", "linguisticInfo": {"dissolver": {"lemma": "dissolver", "pos": "VERB", "is_stop": false, "is_named": false}}}, "it": {"text": "sciogliere", "linguisticInfo": {"sciogliere": {"lemma": "sciogliere", "pos": "V", "is_stop": false, "is_named": false}}}}}, {"id": "R23", "subj": {"type": "Human_Patient", "pt": {"text": "os partidos e o Conselho de Estado", "linguisticInfo": {"os": {"lemma": "o", "pos": "DET", "is_stop": true, "is_named": false}, "partidos": {"lemma": "partir", "pos": "NOUN", "is_stop": false, "is_named": false}, "e": {"lemma": "e", "pos": "CCONJ", "is_stop": true, "is_named": false}, "o": {"lemma": "o", "pos": "DET", "is_stop": true, "is_named": false}, "Conselho": {"lemma": "Conselho", "pos": "PROPN", "is_stop": true, "is_named": true}, "de": {"lemma": "de", "pos": "ADP", "is_stop": true, "is_named": false}, "Estado": {"lemma": "Estado", "pos": "PROPN", "is_stop": true, "is_named": true}}}, "it": {"text": "i partiti e il consiglio di stato", "linguisticInfo": {"i": {"lemma": "il", "pos": "RD", "is_stop": false, "is_named": false}, "partiti": {"lemma": "partito", "pos": "S", "is_stop": false, "is_named": false}, "e": {"lemma": "e", "pos": "CC", "is_stop": false, "is_named": false}, "il": {"lemma": "il", "pos": "RD", "is_stop": true, "is_named": false}, "consiglio": {"lemma": "consiglio", "pos": "S", "is_stop": true, "is_named": false}, "di": {"lemma": "di", "pos": "E", "is_stop": true, "is_named": false}, "stato": {"lemma": "stato", "pos": "S", "is_stop": true, "is_named": false}}}}, "obj": {"type": "Event", "pt": {"text": "ouvidos", "linguisticInfo": {"ouvidos": {"lemma": "ouvir", "pos": "VERB", "is_stop": false, "is_named": false}}}, "it": {"text": "ascoltati", "linguisticInfo": {"ascoltati": {"lemma": "ascoltare", "pos": "V", "is_stop": false, "is_named": false}}}}}]}, "sentences_3": {"itText": "NULL \u00e8 noto , infatti , che il progetto di alleanza democratica contempler\u00e0 la creazione di un consiglio di stato che assumer\u00e0 parte delle mansioni attribuite all&apos; attuale consiglio della rivoluzione , la cui estinzione rappresenta uno degli snodi salienti , come \u00e8 anche la formazione di una corte costituzionale , a cui sar\u00e0 assegnata la funzione di vigilanza .", "ptText": "sabe -se , com efeito , que o projecto da alian\u00e7a democr\u00e1tica contemplar\u00e1 a cria\u00e7\u00e3o de um conselho de estado que chamar\u00e1 a si parte das atribui\u00e7\u00f5es do actual conselho da revolu\u00e7\u00e3o , cuja extin\u00e7\u00e3o \u00e9 ponto assente . do mesmo modo , ser\u00e1 formado um tribunal constitucional a quem ser\u00e1 atribu\u00edda uma fun\u00e7\u00e3o fiscalizadora . \n", "relations": [{"id": "R25", "subj": {"type": "Human_Patient", "pt": {"text": "um Conselho de Estado que chamar\u00e1 a si parte das atribui\u00e7\u00f5es do actual Conselho da Revolu\u00e7\u00e3o", "linguisticInfo": {"um": {"lemma": "um", "pos": "DET", "is_stop": true, "is_named": false}, "Conselho": {"lemma": "Conselho", "pos": "PROPN", "is_stop": true, "is_named": true}, "de": {"lemma": "de", "pos": "ADP", "is_stop": true, "is_named": false}, "Estado": {"lemma": "Estado", "pos": "PROPN", "is_stop": true, "is_named": true}, "que": {"lemma": "que", "pos": "PRON", "is_stop": true, "is_named": false}, "chamar\u00e1": {"lemma": "chamar", "pos": "VERB", "is_stop": false, "is_named": false}, "a": {"lemma": "o", "pos": "ADP", "is_stop": true, "is_named": false}, "si": {"lemma": "si", "pos": "PRON", "is_stop": false, "is_named": false}, "parte": {"lemma": "partir", "pos": "NOUN", "is_stop": true, "is_named": false}, "das": {"lemma": "das", "pos": "ADP", "is_stop": true, "is_named": false}, "atribui\u00e7\u00f5es": {"lemma": "atribui\u00e7\u00e3o", "pos": "NOUN", "is_stop": false, "is_named": false}, "do": {"lemma": "do", "pos": "ADP", "is_stop": true, "is_named": false}, "actual": {"lemma": "actual", "pos": "ADJ", "is_stop": false, "is_named": false}, "da": {"lemma": "da", "pos": "ADP", "is_stop": true, "is_named": false}, "Revolu\u00e7\u00e3o": {"lemma": "Revolu\u00e7\u00e3o", "pos": "PROPN", "is_stop": false, "is_named": true}}}, "it": {"text": "un consiglio di stato che assumer\u00e0 parte delle", "linguisticInfo": {"un": {"lemma": "uno", "pos": "RI", "is_stop": true, "is_named": false}, "consiglio": {"lemma": "consiglio", "pos": "S", "is_stop": true, "is_named": false}, "di": {"lemma": "di", "pos": "E", "is_stop": true, "is_named": false}, "stato": {"lemma": "stato", "pos": "S", "is_stop": true, "is_named": false}, "che": {"lemma": "che", "pos": "PR", "is_stop": true, "is_named": false}, "assumer\u00e0": {"lemma": "assumere", "pos": "V", "is_stop": false, "is_named": false}, "parte": {"lemma": "parte", "pos": "S", "is_stop": true, "is_named": false}, "delle": {"lemma": "della", "pos": "E_RD", "is_stop": true, "is_named": false}}}}, "obj": {"type": "Event", "pt": {"text": "a cria\u00e7\u00e3o", "linguisticInfo": {"a": {"lemma": "o", "pos": "DET", "is_stop": true, "is_named": false}, "cria\u00e7\u00e3o": {"lemma": "cria\u00e7\u00e3o", "pos": "NOUN", "is_stop": false, "is_named": false}}}, "it": {"text": "la creazione", "linguisticInfo": {"la": {"lemma": "il", "pos": "RD", "is_stop": true, "is_named": false}, "creazione": {"lemma": "creazione", "pos": "S", "is_stop": false, "is_named": false}}}}}, {"id": "R26", "subj": {"type": "Non-human_Oth_participant", "pt": {"text": "parte das atribui\u00e7\u00f5es do actual Conselho da Revolu\u00e7\u00e3o", "linguisticInfo": {"parte": {"lemma": "partir", "pos": "NOUN", "is_stop": true, "is_named": false}, "das": {"lemma": "das", "pos": "ADP", "is_stop": true, "is_named": false}, "atribui\u00e7\u00f5es": {"lemma": "atribui\u00e7\u00e3o", "pos": "NOUN", "is_stop": false, "is_named": false}, "do": {"lemma": "do", "pos": "ADP", "is_stop": true, "is_named": false}, "actual": {"lemma": "actual", "pos": "ADJ", "is_stop": false, "is_named": false}, "Conselho": {"lemma": "Conselho", "pos": "PROPN", "is_stop": true, "is_named": true}, "da": {"lemma": "da", "pos": "ADP", "is_stop": true, "is_named": false}, "Revolu\u00e7\u00e3o": {"lemma": "Revolu\u00e7\u00e3o", "pos": "PROPN", "is_stop": false, "is_named": true}}}, "it": {"text": "parte delle mansioni attribuite all&apos;", "linguisticInfo": {"parte": {"lemma": "parte", "pos": "S", "is_stop": true, "is_named": false}, "delle": {"lemma": "della", "pos": "E_RD", "is_stop": true, "is_named": false}, "mansioni": {"lemma": "mansione", "pos": "S", "is_stop": false, "is_named": false}, "attribuite": {"lemma": "attribuire", "pos": "V", "is_stop": false, "is_named": false}, "all&apos": {"lemma": "all&apos", "pos": "A", "is_stop": false, "is_named": false}, ";": {"lemma": ";", "pos": "FC", "is_stop": false, "is_named": false}}}}, "obj": {"type": "Event", "pt": {"text": "chamar\u00e1 a si", "linguisticInfo": {"chamar\u00e1": {"lemma": "chamar", "pos": "VERB", "is_stop": false, "is_named": false}, "a": {"lemma": "o", "pos": "ADP", "is_stop": true, "is_named": false}, "si": {"lemma": "si", "pos": "PRON", "is_stop": false, "is_named": false}}}, "it": {"text": "assumer\u00e0 parte delle", "linguisticInfo": {"assumer\u00e0": {"lemma": "assumere", "pos": "V", "is_stop": false, "is_named": false}, "parte": {"lemma": "parte", "pos": "S", "is_stop": true, "is_named": false}, "delle": {"lemma": "della", "pos": "E_RD", "is_stop": true, "is_named": false}}}}}, {"id": "R27", "subj": {"type": "Human_Agent", "pt": {"text": "que", "linguisticInfo": {"que": {"lemma": "que", "pos": "SCONJ", "is_stop": true, "is_named": false}}}, "it": {"text": "che", "linguisticInfo": {"che": {"lemma": "che", "pos": "CS", "is_stop": true, "is_named": false}}}}, "obj": {"type": "Event", "pt": {"text": "chamar\u00e1 a si", "linguisticInfo": {"chamar\u00e1": {"lemma": "chamar", "pos": "VERB", "is_stop": false, "is_named": false}, "a": {"lemma": "o", "pos": "ADP", "is_stop": true, "is_named": false}, "si": {"lemma": "si", "pos": "PRON", "is_stop": false, "is_named": false}}}, "it": {"text": "assumer\u00e0 parte delle", "linguisticInfo": {"assumer\u00e0": {"lemma": "assumere", "pos": "V", "is_stop": false, "is_named": false}, "parte": {"lemma": "parte", "pos": "S", "is_stop": true, "is_named": false}, "delle": {"lemma": "della", "pos": "E_RD", "is_stop": true, "is_named": false}}}}}, {"id": "R29", "subj": {"type": "Human_Patient", "pt": {"text": "um Tribunal Constitucional a quem ser\u00e1 atribu\u00edda uma fun\u00e7\u00e3o fiscalizadora", "linguisticInfo": {"um": {"lemma": "um", "pos": "DET", "is_stop": true, "is_named": false}, "Tribunal": {"lemma": "Tribunal", "pos": "PROPN", "is_stop": false, "is_named": true}, "Constitucional": {"lemma": "Constitucional", "pos": "PROPN", "is_stop": false, "is_named": true}, "a": {"lemma": "o", "pos": "ADP", "is_stop": true, "is_named": false}, "quem": {"lemma": "quem", "pos": "PRON", "is_stop": true, "is_named": false}, "ser\u00e1": {"lemma": "ser", "pos": "AUX", "is_stop": false, "is_named": false}, "atribu\u00edda": {"lemma": "atribuir", "pos": "VERB", "is_stop": false, "is_named": false}, "uma": {"lemma": "umar", "pos": "DET", "is_stop": true, "is_named": false}, "fun\u00e7\u00e3o": {"lemma": "fun\u00e7\u00e3o", "pos": "NOUN", "is_stop": false, "is_named": false}, "fiscalizadora": {"lemma": "fiscalizador", "pos": "ADJ", "is_stop": false, "is_named": false}}}, "it": {"text": "una corte costituzionale , a cui sar\u00e0 assegnata la funzione", "linguisticInfo": {"una": {"lemma": "uno", "pos": "RI", "is_stop": true, "is_named": false}, "corte": {"lemma": "corte", "pos": "S", "is_stop": false, "is_named": false}, "costituzionale": {"lemma": "costituzionale", "pos": "A", "is_stop": false, "is_named": false}, ",": {"lemma": ",", "pos": "FF", "is_stop": false, "is_named": false}, "a": {"lemma": "a", "pos": "E", "is_stop": true, "is_named": false}, "cui": {"lemma": "cui", "pos": "PR", "is_stop": true, "is_named": false}, "sar\u00e0": {"lemma": "essere", "pos": "VA", "is_stop": true, "is_named": false}, "assegnata": {"lemma": "assegnare", "pos": "V", "is_stop": false, "is_named": false}, "la": {"lemma": "il", "pos": "RD", "is_stop": true, "is_named": false}, "funzione": {"lemma": "funzione", "pos": "S", "is_stop": false, "is_named": false}}}}, "obj": {"type": "Event", "pt": {"text": "ser\u00e1 formado", "linguisticInfo": {"ser\u00e1": {"lemma": "ser", "pos": "AUX", "is_stop": false, "is_named": false}, "formado": {"lemma": "formar", "pos": "VERB", "is_stop": false, "is_named": false}}}, "it": {"text": "sar\u00e0 assegnata la", "linguisticInfo": {"sar\u00e0": {"lemma": "essere", "pos": "VA", "is_stop": true, "is_named": false}, "assegnata": {"lemma": "assegnare", "pos": "V", "is_stop": false, "is_named": false}, "la": {"lemma": "il", "pos": "RD", "is_stop": true, "is_named": false}}}}}, {"id": "R30", "subj": {"type": "Non-human_Oth_participant", "pt": {"text": "uma fun\u00e7\u00e3o fiscalizadora", "linguisticInfo": {"uma": {"lemma": "umar", "pos": "DET", "is_stop": true, "is_named": false}, "fun\u00e7\u00e3o": {"lemma": "fun\u00e7\u00e3o", "pos": "NOUN", "is_stop": false, "is_named": false}, "fiscalizadora": {"lemma": "fiscalizador", "pos": "ADJ", "is_stop": false, "is_named": false}}}, "it": {"text": "funzione vigilanza", "linguisticInfo": {"funzione": {"lemma": "funzione", "pos": "S", "is_stop": false, "is_named": false}, "vigilanza": {"lemma": "vigilanza", "pos": "A", "is_stop": false, "is_named": false}}}}, "obj": {"type": "Event", "pt": {"text": "ser\u00e1 atribu\u00edda", "linguisticInfo": {"ser\u00e1": {"lemma": "ser", "pos": "AUX", "is_stop": false, "is_named": false}, "atribu\u00edda": {"lemma": "atribuir", "pos": "VERB", "is_stop": false, "is_named": false}}}, "it": {"text": "sar\u00e0 assegnata", "linguisticInfo": {"sar\u00e0": {"lemma": "essere", "pos": "VA", "is_stop": true, "is_named": false}, "assegnata": {"lemma": "assegnare", "pos": "V", "is_stop": false, "is_named": false}}}}}, {"id": "R31", "subj": {"type": "Human_Patient", "pt": {"text": "a quem", "linguisticInfo": {"a": {"lemma": "o", "pos": "ADP", "is_stop": true, "is_named": false}, "quem": {"lemma": "quem", "pos": "PRON", "is_stop": true, "is_named": false}}}, "it": {"text": "a cui", "linguisticInfo": {"a": {"lemma": "a", "pos": "E", "is_stop": true, "is_named": false}, "cui": {"lemma": "cui", "pos": "PR", "is_stop": true, "is_named": false}}}}, "obj": {"type": "Event", "pt": {"text": "ser\u00e1 atribu\u00edda", "linguisticInfo": {"ser\u00e1": {"lemma": "ser", "pos": "AUX", "is_stop": false, "is_named": false}, "atribu\u00edda": {"lemma": "atribuir", "pos": "VERB", "is_stop": false, "is_named": false}}}, "it": {"text": "sar\u00e0 assegnata", "linguisticInfo": {"sar\u00e0": {"lemma": "essere", "pos": "VA", "is_stop": true, "is_named": false}, "assegnata": {"lemma": "assegnare", "pos": "V", "is_stop": false, "is_named": false}}}}}, {"id": "R24", "subj": {"type": "Non-human_Patient", "pt": {"text": "cuja", "linguisticInfo": {"cuja": {"lemma": "cujo", "pos": "DET", "is_stop": true, "is_named": false}}}, "it": {"text": "cui", "linguisticInfo": {"cui": {"lemma": "cui", "pos": "PR", "is_stop": true, "is_named": false}}}}, "obj": {"type": "Event", "pt": {"text": "extin\u00e7\u00e3o", "linguisticInfo": {"extin\u00e7\u00e3o": {"lemma": "extin\u00e7\u00e3o", "pos": "NOUN", "is_stop": false, "is_named": false}}}, "it": {"text": "estinzione", "linguisticInfo": {"estinzione": {"lemma": "estinzione", "pos": "S", "is_stop": false, "is_named": false}}}}}]}, "sentences_4": {"itText": "NULL \u00e9 ancora da ricorcare che , la proposta che sar\u00e0 presentata , sancisce il diritto al referendum . nel momento in cui verr\u00e0 ritenuta opportuna la consultazione popolare per qualsiasi questione a livello nazionale , sar\u00e0 comunque sempre il presidente della repubblica ad attivarne i relativi meccanismi . si riserva anche al parlamento il diritto di poter proporre una mozione referendaria al presidente della repubblica .", "ptText": "de referir , ainda , que na proposi\u00e7\u00e3o a apresentar se consagra o princ\u00edpio do referendo . contudo , ser\u00e1 sempre o presidente da rep\u00fablica a accionar os correspondentes mecanismos , quando entenda necess\u00e1ria a consulta popular sobre qualquer problema nacional . a assembleia da rep\u00fablica poder\u00e1 tamb\u00e9m propor uma atitude referend\u00e1ria ao presidente da rep\u00fablica . \n", "relations": [{"id": "R33", "subj": {"type": "Non-human_Patient", "pt": {"text": "proposi\u00e7\u00e3o", "linguisticInfo": {"proposi\u00e7\u00e3o": {"lemma": "proposi\u00e7\u00e3o", "pos": "NOUN", "is_stop": false, "is_named": false}}}, "it": {"text": "ricorcare", "linguisticInfo": {"ricorcare": {"lemma": "ricorcare", "pos": "V", "is_stop": false, "is_named": false}}}}, "obj": {"type": "Event", "pt": {"text": "a apresentar", "linguisticInfo": {"a": {"lemma": "o", "pos": "SCONJ", "is_stop": true, "is_named": false}, "apresentar": {"lemma": "apresentar", "pos": "VERB", "is_stop": false, "is_named": false}}}, "it": {"text": "ricorcare", "linguisticInfo": {"ricorcare": {"lemma": "ricorcare", "pos": "V", "is_stop": false, "is_named": false}}}}}, {"id": "R34", "subj": {"type": "Time", "pt": {"text": "quando entenda necess\u00e1ria a consulta popular sobre qualquer problema nacional", "linguisticInfo": {"quando": {"lemma": "quando", "pos": "ADV", "is_stop": true, "is_named": false}, "entenda": {"lemma": "entender", "pos": "VERB", "is_stop": false, "is_named": false}, "necess\u00e1ria": {"lemma": "necess\u00e1rio", "pos": "ADJ", "is_stop": false, "is_named": false}, "a": {"lemma": "o", "pos": "DET", "is_stop": true, "is_named": false}, "consulta": {"lemma": "consulto", "pos": "NOUN", "is_stop": false, "is_named": false}, "popular": {"lemma": "popular", "pos": "ADJ", "is_stop": false, "is_named": false}, "sobre": {"lemma": "sobrar", "pos": "ADP", "is_stop": true, "is_named": false}, "qualquer": {"lemma": "qualquer", "pos": "DET", "is_stop": true, "is_named": false}, "problema": {"lemma": "problema", "pos": "NOUN", "is_stop": false, "is_named": false}, "nacional": {"lemma": "nacional", "pos": "ADJ", "is_stop": false, "is_named": false}}}, "it": {"text": "ricorcare che ,", "linguisticInfo": {"ricorcare": {"lemma": "ricorcare", "pos": "V", "is_stop": false, "is_named": false}, "che": {"lemma": "che", "pos": "CS", "is_stop": true, "is_named": false}, ",": {"lemma": ",", "pos": "FF", "is_stop": false, "is_named": false}}}}, "obj": {"type": "Event", "pt": {"text": "a accionar", "linguisticInfo": {"a": {"lemma": "o", "pos": "SCONJ", "is_stop": true, "is_named": false}, "accionar": {"lemma": "accionar", "pos": "VERB", "is_stop": false, "is_named": false}}}, "it": {"text": "ad attivarne", "linguisticInfo": {"ad": {"lemma": "ad", "pos": "E", "is_stop": true, "is_named": false}, "attivarne": {"lemma": "attivare", "pos": "V_PC", "is_stop": false, "is_named": false}}}}}, {"id": "R35", "subj": {"type": "Human_Agent", "pt": {"text": "o Presidente da Rep\u00fablica", "linguisticInfo": {"o": {"lemma": "o", "pos": "DET", "is_stop": true, "is_named": false}, "Presidente": {"lemma": "Presidente", "pos": "PROPN", "is_stop": false, "is_named": true}, "da": {"lemma": "da", "pos": "ADP", "is_stop": true, "is_named": false}, "Rep\u00fablica": {"lemma": "Rep\u00fablica", "pos": "PROPN", "is_stop": false, "is_named": true}}}, "it": {"text": "il presidente della repubblica", "linguisticInfo": {"il": {"lemma": "il", "pos": "RD", "is_stop": true, "is_named": false}, "presidente": {"lemma": "presidente", "pos": "S", "is_stop": false, "is_named": false}, "della": {"lemma": "della", "pos": "E_RD", "is_stop": true, "is_named": false}, "repubblica": {"lemma": "repubblica", "pos": "S", "is_stop": false, "is_named": false}}}}, "obj": {"type": "Event", "pt": {"text": "a accionar", "linguisticInfo": {"a": {"lemma": "o", "pos": "SCONJ", "is_stop": true, "is_named": false}, "accionar": {"lemma": "accionar", "pos": "VERB", "is_stop": false, "is_named": false}}}, "it": {"text": "ad attivarne", "linguisticInfo": {"ad": {"lemma": "ad", "pos": "E", "is_stop": true, "is_named": false}, "attivarne": {"lemma": "attivare", "pos": "V_PC", "is_stop": false, "is_named": false}}}}}, {"id": "R36", "subj": {"type": "Non-human_Patient", "pt": {"text": "os correspondentes mecanismos", "linguisticInfo": {"os": {"lemma": "o", "pos": "DET", "is_stop": true, "is_named": false}, "correspondentes": {"lemma": "correspondente", "pos": "ADJ", "is_stop": false, "is_named": false}, "mecanismos": {"lemma": "mecanismo", "pos": "NOUN", "is_stop": false, "is_named": false}}}, "it": {"text": "i relativi meccanismi", "linguisticInfo": {"i": {"lemma": "il", "pos": "RD", "is_stop": false, "is_named": false}, "relativi": {"lemma": "relativo", "pos": "A", "is_stop": false, "is_named": false}, "meccanismi": {"lemma": "meccanismo", "pos": "S", "is_stop": false, "is_named": false}}}}, "obj": {"type": "Event", "pt": {"text": "a accionar", "linguisticInfo": {"a": {"lemma": "o", "pos": "SCONJ", "is_stop": true, "is_named": false}, "accionar": {"lemma": "accionar", "pos": "VERB", "is_stop": false, "is_named": false}}}, "it": {"text": "ad attivarne", "linguisticInfo": {"ad": {"lemma": "ad", "pos": "E", "is_stop": true, "is_named": false}, "attivarne": {"lemma": "attivare", "pos": "V_PC", "is_stop": false, "is_named": false}}}}}, {"id": "R37", "subj": {"type": "Non-human_Oth_participant", "pt": {"text": "necess\u00e1ria", "linguisticInfo": {"necess\u00e1ria": {"lemma": "necess\u00e1rio", "pos": "ADJ", "is_stop": false, "is_named": false}}}, "it": {"text": "opportuna", "linguisticInfo": {"opportuna": {"lemma": "opportuna", "pos": "S", "is_stop": false, "is_named": false}}}}, "obj": {"type": "Event", "pt": {"text": "entenda", "linguisticInfo": {"entenda": {"lemma": "entender", "pos": "VERB", "is_stop": false, "is_named": false}}}, "it": {"text": "ricorcare", "linguisticInfo": {"ricorcare": {"lemma": "ricorcare", "pos": "V", "is_stop": false, "is_named": false}}}}}, {"id": "R38", "subj": {"type": "Non-human_Oth_participant", "pt": {"text": "a consulta popular sobre qualquer problema nacional", "linguisticInfo": {"a": {"lemma": "o", "pos": "DET", "is_stop": true, "is_named": false}, "consulta": {"lemma": "consulto", "pos": "NOUN", "is_stop": false, "is_named": false}, "popular": {"lemma": "popular", "pos": "ADJ", "is_stop": false, "is_named": false}, "sobre": {"lemma": "sobrar", "pos": "ADP", "is_stop": true, "is_named": false}, "qualquer": {"lemma": "qualquer", "pos": "DET", "is_stop": true, "is_named": false}, "problema": {"lemma": "problema", "pos": "NOUN", "is_stop": false, "is_named": false}, "nacional": {"lemma": "nacional", "pos": "ADJ", "is_stop": false, "is_named": false}}}, "it": {"text": "la proposta che consultazione popolare per qualsiasi", "linguisticInfo": {"la": {"lemma": "il", "pos": "RD", "is_stop": true, "is_named": false}, "proposta": {"lemma": "proposta", "pos": "S", "is_stop": false, "is_named": false}, "che": {"lemma": "che", "pos": "PR", "is_stop": true, "is_named": false}, "consultazione": {"lemma": "consultazione", "pos": "S", "is_stop": false, "is_named": false}, "popolare": {"lemma": "popolare", "pos": "A", "is_stop": false, "is_named": false}, "per": {"lemma": "per", "pos": "E", "is_stop": true, "is_named": false}, "qualsiasi": {"lemma": "qualsiasi", "pos": "DI", "is_stop": false, "is_named": false}}}}, "obj": {"type": "Event", "pt": {"text": "entenda", "linguisticInfo": {"entenda": {"lemma": "entender", "pos": "VERB", "is_stop": false, "is_named": false}}}, "it": {"text": "ricorcare", "linguisticInfo": {"ricorcare": {"lemma": "ricorcare", "pos": "V", "is_stop": false, "is_named": false}}}}}, {"id": "R39", "subj": {"type": "Non-human_Oth_participant", "pt": {"text": "sobre qualquer problema nacional", "linguisticInfo": {"sobre": {"lemma": "sobrar", "pos": "ADP", "is_stop": true, "is_named": false}, "qualquer": {"lemma": "qualquer", "pos": "DET", "is_stop": true, "is_named": false}, "problema": {"lemma": "problema", "pos": "NOUN", "is_stop": false, "is_named": false}, "nacional": {"lemma": "nacional", "pos": "ADJ", "is_stop": false, "is_named": false}}}, "it": {"text": "qualsiasi questione nazionale", "linguisticInfo": {"qualsiasi": {"lemma": "qualsiasi", "pos": "DI", "is_stop": false, "is_named": false}, "questione": {"lemma": "questione", "pos": "S", "is_stop": false, "is_named": false}, "nazionale": {"lemma": "nazionale", "pos": "A", "is_stop": true, "is_named": false}}}}, "obj": {"type": "Event", "pt": {"text": "a consulta popular", "linguisticInfo": {"a": {"lemma": "o", "pos": "DET", "is_stop": true, "is_named": false}, "consulta": {"lemma": "consulto", "pos": "NOUN", "is_stop": false, "is_named": false}, "popular": {"lemma": "popular", "pos": "ADJ", "is_stop": false, "is_named": false}}}, "it": {"text": "la consultazione popolare", "linguisticInfo": {"la": {"lemma": "il", "pos": "RD", "is_stop": true, "is_named": false}, "consultazione": {"lemma": "consultazione", "pos": "S", "is_stop": false, "is_named": false}, "popolare": {"lemma": "popolare", "pos": "A", "is_stop": false, "is_named": false}}}}}]}, "sentences_5": {"itText": "NULL alleanza democratica , che si conferma disposta a denunciare con chiarezza \u00ab qualsiasi tentativo di distorcere o destabilizzare il processo di revisione costituzionale \u00bb , ha nominato una commissione incaricata di redigere la versione finale del documento da presentare al parlamento , presieduta da diogo freitas do amaral e composta da marcelo rebelo de sousa ( in quanto rappresentante personale del presidente del partito socialdemocratico ) , pedro roseta e helena roseta , dell \u2019 area socialdemocratica , azevedo soares e lu\u00eds beiroco , democristiai , serra de moura , sousa lara e ant\u00f3nio bas\u00edlio de vasconcelos , del partito", "ptText": "a alian\u00e7a democr\u00e1tica , que se afirma disposta a denunciar \u00ab claramente todas as tentativas de entorse ou desestabiliza\u00e7\u00e3o do processo de revis\u00e3o constitucional \u00bb , nomeou uma comiss\u00e3o encarregada da redac\u00e7\u00e3o final do documento a apresentar na assembleia da rep\u00fablica , a qual \u00e9 presidida por diogo freitas do amaral , fazendo parte da mesma marcelo rebelo de sousa ( como representante pessoal do presidente do psd ) , pedro roseta e helena roseta , pela \u00e1rea social-democrata , azevedo soares e lu\u00eds beiroco , pelos democratas-crist\u00e3os , e serra de moura , sousa lara e ant\u00f3nio bas\u00edlio de \n", "relations": [{"id": "R46", "subj": {"type": "Non-human_Patient", "pt": {"text": "todas as tentativas de entorse ou desestabiliza\u00e7\u00e3o do processo de revis\u00e3o constitucional", "linguisticInfo": {"todas": {"lemma": "todo", "pos": "DET", "is_stop": true, "is_named": false}, "as": {"lemma": "o", "pos": "DET", "is_stop": true, "is_named": false}, "tentativas": {"lemma": "tentativo", "pos": "NOUN", "is_stop": false, "is_named": false}, "de": {"lemma": "de", "pos": "ADP", "is_stop": true, "is_named": false}, "entorse": {"lemma": "entorse", "pos": "VERB", "is_stop": false, "is_named": false}, "ou": {"lemma": "ou", "pos": "CCONJ", "is_stop": true, "is_named": false}, "desestabiliza\u00e7\u00e3o": {"lemma": "desestabiliza\u00e7\u00e3o", "pos": "NOUN", "is_stop": false, "is_named": false}, "do": {"lemma": "do", "pos": "ADP", "is_stop": true, "is_named": false}, "processo": {"lemma": "processar", "pos": "NOUN", "is_stop": false, "is_named": false}, "revis\u00e3o": {"lemma": "revis\u00e3o", "pos": "NOUN", "is_stop": false, "is_named": false}, "constitucional": {"lemma": "constitucional", "pos": "ADJ", "is_stop": false, "is_named": false}}}, "it": {"text": "qualsiasi tentativo di bas\u00edlio de vasconcelos", "linguisticInfo": {"qualsiasi": {"lemma": "qualsiasi", "pos": "DI", "is_stop": false, "is_named": false}, "tentativo": {"lemma": "tentativo", "pos": "S", "is_stop": false, "is_named": false}, "di": {"lemma": "di", "pos": "E", "is_stop": true, "is_named": false}, "bas\u00edlio": {"lemma": "bas\u00edlio", "pos": "S", "is_stop": false, "is_named": false}, "de": {"lemma": "de", "pos": "E", "is_stop": false, "is_named": false}, "vasconcelos": {"lemma": "vasconcelos", "pos": "V_PC", "is_stop": false, "is_named": false}}}}, "obj": {"type": "Event", "pt": {"text": "a denunciar", "linguisticInfo": {"a": {"lemma": "o", "pos": "SCONJ", "is_stop": true, "is_named": false}, "denunciar": {"lemma": "denunciar", "pos": "VERB", "is_stop": false, "is_named": false}}}, "it": {"text": "a denunciare", "linguisticInfo": {"a": {"lemma": "a", "pos": "E", "is_stop": true, "is_named": false}, "denunciare": {"lemma": "denunciare", "pos": "V", "is_stop": false, "is_named": false}}}}}, {"id": "R47", "subj": {"type": "Non-human_Patient", "pt": {"text": "entorse ou desestabiliza\u00e7\u00e3o do processo de revis\u00e3o constitucional", "linguisticInfo": {"entorse": {"lemma": "entorse", "pos": "VERB", "is_stop": false, "is_named": false}, "ou": {"lemma": "ou", "pos": "CCONJ", "is_stop": true, "is_named": false}, "desestabiliza\u00e7\u00e3o": {"lemma": "desestabiliza\u00e7\u00e3o", "pos": "NOUN", "is_stop": false, "is_named": false}, "do": {"lemma": "do", "pos": "ADP", "is_stop": true, "is_named": false}, "processo": {"lemma": "processar", "pos": "NOUN", "is_stop": false, "is_named": false}, "de": {"lemma": "de", "pos": "ADP", "is_stop": true, "is_named": false}, "revis\u00e3o": {"lemma": "revis\u00e3o", "pos": "NOUN", "is_stop": false, "is_named": false}, "constitucional": {"lemma": "constitucional", "pos": "ADJ", "is_stop": false, "is_named": false}}}, "it": {"text": "distorcere o destabilizzare il processo di revisione costituzionale", "linguisticInfo": {"distorcere": {"lemma": "distorcere", "pos": "V", "is_stop": false, "is_named": false}, "o": {"lemma": "o", "pos": "CC", "is_stop": false, "is_named": false}, "destabilizzare": {"lemma": "destabilizzare", "pos": "V", "is_stop": false, "is_named": false}, "il": {"lemma": "il", "pos": "RD", "is_stop": true, "is_named": false}, "processo": {"lemma": "processo", "pos": "S", "is_stop": false, "is_named": false}, "di": {"lemma": "di", "pos": "E", "is_stop": true, "is_named": false}, "revisione": {"lemma": "revisione", "pos": "S", "is_stop": false, "is_named": false}, "costituzionale": {"lemma": "costituzionale", "pos": "A", "is_stop": false, "is_named": false}}}}, "obj": {"type": "Event", "pt": {"text": "as tentativas", "linguisticInfo": {"as": {"lemma": "o", "pos": "DET", "is_stop": true, "is_named": false}, "tentativas": {"lemma": "tentativo", "pos": "NOUN", "is_stop": false, "is_named": false}}}, "it": {"text": "bas\u00edlio de vasconcelos", "linguisticInfo": {"bas\u00edlio": {"lemma": "bas\u00edlio", "pos": "S", "is_stop": false, "is_named": false}, "de": {"lemma": "de", "pos": "E", "is_stop": false, "is_named": false}, "vasconcelos": {"lemma": "vasconcelos", "pos": "V_PC", "is_stop": false, "is_named": false}}}}}, {"id": "R49", "subj": {"type": "Human_Patient", "pt": {"text": "uma comiss\u00e3o encarregada da redac\u00e7\u00e3o final do documento a apresentar na Assembleia da Rep\u00fablica", "linguisticInfo": {"uma": {"lemma": "umar", "pos": "DET", "is_stop": true, "is_named": false}, "comiss\u00e3o": {"lemma": "comiss\u00e3o", "pos": "NOUN", "is_stop": false, "is_named": false}, "encarregada": {"lemma": "encarregar", "pos": "VERB", "is_stop": false, "is_named": false}, "da": {"lemma": "da", "pos": "ADP", "is_stop": true, "is_named": false}, "redac\u00e7\u00e3o": {"lemma": "redac\u00e7\u00e3o", "pos": "NOUN", "is_stop": false, "is_named": false}, "final": {"lemma": "final", "pos": "ADJ", "is_stop": true, "is_named": false}, "do": {"lemma": "do", "pos": "ADP", "is_stop": true, "is_named": false}, "documento": {"lemma": "documentar", "pos": "NOUN", "is_stop": false, "is_named": false}, "a": {"lemma": "o", "pos": "SCONJ", "is_stop": true, "is_named": false}, "apresentar": {"lemma": "apresentar", "pos": "VERB", "is_stop": false, "is_named": false}, "na": {"lemma": "o", "pos": "ADP", "is_stop": true, "is_named": false}, "Assembleia": {"lemma": "Assembleia", "pos": "PROPN", "is_stop": false, "is_named": true}, "Rep\u00fablica": {"lemma": "Rep\u00fablica", "pos": "PROPN", "is_stop": false, "is_named": true}}}, "it": {"text": "una commissione incaricata di redigere", "linguisticInfo": {"una": {"lemma": "uno", "pos": "RI", "is_stop": true, "is_named": false}, "commissione": {"lemma": "commissione", "pos": "S", "is_stop": false, "is_named": false}, "incaricata": {"lemma": "incaricato", "pos": "A", "is_stop": false, "is_named": false}, "di": {"lemma": "di", "pos": "E", "is_stop": true, "is_named": false}, "redigere": {"lemma": "redigere", "pos": "V", "is_stop": false, "is_named": false}}}}, "obj": {"type": "Event", "pt": {"text": "nomeou", "linguisticInfo": {"nomeou": {"lemma": "nomear", "pos": "VERB", "is_stop": false, "is_named": false}}}, "it": {"text": "nominato", "linguisticInfo": {"nominato": {"lemma": "nominare", "pos": "V", "is_stop": false, "is_named": false}}}}}, {"id": "R51", "subj": {"type": "Oth_location", "pt": {"text": "na Assembleia da Rep\u00fablica", "linguisticInfo": {"na": {"lemma": "o", "pos": "ADP", "is_stop": true, "is_named": false}, "Assembleia": {"lemma": "Assembleia", "pos": "PROPN", "is_stop": false, "is_named": true}, "da": {"lemma": "da", "pos": "ADP", "is_stop": true, "is_named": false}, "Rep\u00fablica": {"lemma": "Rep\u00fablica", "pos": "PROPN", "is_stop": false, "is_named": true}}}, "it": {"text": "versione finale del parlamento , presieduta", "linguisticInfo": {"versione": {"lemma": "versione", "pos": "S", "is_stop": false, "is_named": false}, "finale": {"lemma": "finale", "pos": "A", "is_stop": false, "is_named": false}, "del": {"lemma": "del", "pos": "E_RD", "is_stop": true, "is_named": false}, "parlamento": {"lemma": "parlamento", "pos": "S", "is_stop": false, "is_named": false}, ",": {"lemma": ",", "pos": "FF", "is_stop": false, "is_named": false}, "presieduta": {"lemma": "presiedere", "pos": "V", "is_stop": false, "is_named": false}}}}, "obj": {"type": "Event", "pt": {"text": "a apresentar", "linguisticInfo": {"a": {"lemma": "o", "pos": "SCONJ", "is_stop": true, "is_named": false}, "apresentar": {"lemma": "apresentar", "pos": "VERB", "is_stop": false, "is_named": false}}}, "it": {"text": "presentare", "linguisticInfo": {"presentare": {"lemma": "presentare", "pos": "V", "is_stop": false, "is_named": false}}}}}]}, "sentences_6": {"itText": "NULL \u00e8 stato , inoltre , stabilito che il comitato di coordinamento di alleanza democratica sar\u00e0 costituito dai presidenti dei gruppi parlamentari , dai segretari generali e da ulteriori due componenti nominati dalla direzione di ciascun partito .", "ptText": "ficou tamb\u00e9m assente que a comiss\u00e3o coordenadora da ad ser\u00e1 constitu\u00edda pelos presidentes dos grupos parlamentares , secret\u00e1rios-gerais e mais dois elementos designados pela direc\u00e7\u00e3o de cada partido . \n", "relations": [{"id": "R52", "subj": {"type": "Human_Patient", "pt": {"text": "mais dois elementos", "linguisticInfo": {"mais": {"lemma": "mais", "pos": "ADV", "is_stop": true, "is_named": false}, "dois": {"lemma": "dois", "pos": "NUM", "is_stop": true, "is_named": false}, "elementos": {"lemma": "elemento", "pos": "NOUN", "is_stop": false, "is_named": false}}}, "it": {"text": "ulteriori due componenti", "linguisticInfo": {"ulteriori": {"lemma": "ulteriore", "pos": "A", "is_stop": false, "is_named": false}, "due": {"lemma": "due", "pos": "N", "is_stop": true, "is_named": false}, "componenti": {"lemma": "componente", "pos": "S", "is_stop": false, "is_named": false}}}}, "obj": {"type": "Event", "pt": {"text": "designados", "linguisticInfo": {"designados": {"lemma": "designar", "pos": "NOUN", "is_stop": false, "is_named": false}}}, "it": {"text": "nominati", "linguisticInfo": {"nominati": {"lemma": "nominare", "pos": "V", "is_stop": false, "is_named": false}}}}}, {"id": "R53", "subj": {"type": "Human_Agent", "pt": {"text": "direc\u00e7\u00e3o de cada partido", "linguisticInfo": {"direc\u00e7\u00e3o": {"lemma": "direc\u00e7\u00e3o", "pos": "NOUN", "is_stop": false, "is_named": false}, "de": {"lemma": "de", "pos": "ADP", "is_stop": true, "is_named": false}, "cada": {"lemma": "cada", "pos": "DET", "is_stop": true, "is_named": false}, "partido": {"lemma": "partir", "pos": "NOUN", "is_stop": false, "is_named": false}}}, "it": {"text": "direzione di ciascun partito", "linguisticInfo": {"direzione": {"lemma": "direzione", "pos": "S", "is_stop": false, "is_named": false}, "di": {"lemma": "di", "pos": "E", "is_stop": true, "is_named": false}, "ciascun": {"lemma": "ciascun", "pos": "DI", "is_stop": false, "is_named": false}, "partito": {"lemma": "partito", "pos": "S", "is_stop": false, "is_named": false}}}}, "obj": {"type": "Event", "pt": {"text": "designados", "linguisticInfo": {"designados": {"lemma": "designar", "pos": "NOUN", "is_stop": false, "is_named": false}}}, "it": {"text": "nominati", "linguisticInfo": {"nominati": {"lemma": "nominare", "pos": "V", "is_stop": false, "is_named": false}}}}}]}}