{"sentences_0": {"itText": "NULL il presidente della repubblica , generale ramalho eanes , ha ricevuto ieri mattina il ministro dell \u2019 energia d \u2019 angola . pedro van dunen , che questo pomeriggio terr\u00e0 una conferenza stampa in occasione della sua visita in portogallo , si trova nel nostro paese su invito del ministro dell \u2019 industria e dell&apos; energia , bai\u00e3o horta .", "ptText": "o presidente da rep\u00fablica , general ramalho eanes , recebeu ontem pela manh\u00e3 o ministro da energia de angola . pedro van dunen , que esta tarde conceder\u00e1 uma confer\u00eancia de imprensa sobre a sua visita a portugal , encontra -se no nosso pa\u00eds a convite do ministro da ind\u00fastria e energia , bai\u00e3o horta . \n", "relations": [{"id": "R1", "subj": {"type": "Human_Agent", "pt": {"text": "O Presidente da Rep\u00fablica , general Ramalho Eanes", "linguisticInfo": {"O": {"lemma": "O", "pos": "DET", "is_stop": true, "is_named": true}, "Presidente": {"lemma": "Presidente", "pos": "PROPN", "is_stop": false, "is_named": true}, "da": {"lemma": "da", "pos": "ADP", "is_stop": true, "is_named": false}, "Rep\u00fablica": {"lemma": "Rep\u00fablica", "pos": "PROPN", "is_stop": false, "is_named": true}, ",": {"lemma": ",", "pos": "PUNCT", "is_stop": false, "is_named": false}, "general": {"lemma": "general", "pos": "NOUN", "is_stop": false, "is_named": false}, "Ramalho": {"lemma": "Ramalho", "pos": "PROPN", "is_stop": false, "is_named": true}, "Eanes": {"lemma": "Eanes", "pos": "PROPN", "is_stop": false, "is_named": true}}}, "it": {"text": "il presidente della repubblica , generale ramalho eanes", "linguisticInfo": {"il": {"lemma": "il", "pos": "RD", "is_stop": true, "is_named": false}, "presidente": {"lemma": "presidente", "pos": "S", "is_stop": false, "is_named": false}, "della": {"lemma": "della", "pos": "E_RD", "is_stop": true, "is_named": false}, "repubblica": {"lemma": "repubblica", "pos": "S", "is_stop": false, "is_named": false}, ",": {"lemma": ",", "pos": "FF", "is_stop": false, "is_named": false}, "generale": {"lemma": "generale", "pos": "A", "is_stop": true, "is_named": false}, "ramalho": {"lemma": "ramalho", "pos": "V", "is_stop": false, "is_named": false}, "eanes": {"lemma": "eanes", "pos": "B", "is_stop": false, "is_named": false}}}}, "obj": {"type": "Event", "pt": {"text": "recebeu", "linguisticInfo": {"recebeu": {"lemma": "receber", "pos": "VERB", "is_stop": false, "is_named": false}}}, "it": {"text": "ricevuto", "linguisticInfo": {"ricevuto": {"lemma": "ricevere", "pos": "V", "is_stop": false, "is_named": false}}}}}, {"id": "R2", "subj": {"type": "Time", "pt": {"text": "ontem pela manh\u00e3", "linguisticInfo": {"ontem": {"lemma": "ontem", "pos": "ADV", "is_stop": true, "is_named": false}, "pela": {"lemma": "pelar", "pos": "ADP", "is_stop": true, "is_named": false}, "manh\u00e3": {"lemma": "manh\u00e3", "pos": "NOUN", "is_stop": false, "is_named": false}}}, "it": {"text": "ieri mattina il", "linguisticInfo": {"ieri": {"lemma": "ieri", "pos": "B", "is_stop": true, "is_named": false}, "mattina": {"lemma": "mattina", "pos": "S", "is_stop": false, "is_named": false}, "il": {"lemma": "il", "pos": "RD", "is_stop": true, "is_named": false}}}}, "obj": {"type": "Event", "pt": {"text": "recebeu", "linguisticInfo": {"recebeu": {"lemma": "receber", "pos": "VERB", "is_stop": false, "is_named": false}}}, "it": {"text": "ricevuto", "linguisticInfo": {"ricevuto": {"lemma": "ricevere", "pos": "V", "is_stop": false, "is_named": false}}}}}, {"id": "R3", "subj": {"type": "Human_Patient", "pt": {"text": "o ministro da Energia de Angola", "linguisticInfo": {"o": {"lemma": "o", "pos": "DET", "is_stop": true, "is_named": false}, "ministro": {"lemma": "ministrar", "pos": "NOUN", "is_stop": false, "is_named": false}, "da": {"lemma": "da", "pos": "ADP", "is_stop": true, "is_named": false}, "Energia": {"lemma": "Energia", "pos": "NOUN", "is_stop": false, "is_named": true}, "de": {"lemma": "de", "pos": "ADP", "is_stop": true, "is_named": false}, "Angola": {"lemma": "Angola", "pos": "PROPN", "is_stop": false, "is_named": true}}}, "it": {"text": "il ministro dell energia d angola", "linguisticInfo": {"il": {"lemma": "il", "pos": "RD", "is_stop": true, "is_named": false}, "ministro": {"lemma": "ministro", "pos": "S", "is_stop": true, "is_named": false}, "dell": {"lemma": "dell", "pos": "SP", "is_stop": true, "is_named": false}, "energia": {"lemma": "energia", "pos": "SP", "is_stop": false, "is_named": false}, "d": {"lemma": "d", "pos": "CC", "is_stop": false, "is_named": false}, "angola": {"lemma": "angola", "pos": "V_PC", "is_stop": false, "is_named": false}}}}, "obj": {"type": "Event", "pt": {"text": "recebeu", "linguisticInfo": {"recebeu": {"lemma": "receber", "pos": "VERB", "is_stop": false, "is_named": false}}}, "it": {"text": "ricevuto", "linguisticInfo": {"ricevuto": {"lemma": "ricevere", "pos": "V", "is_stop": false, "is_named": false}}}}}, {"id": "R4", "subj": {"type": "Human_Agent", "pt": {"text": "que", "linguisticInfo": {"que": {"lemma": "que", "pos": "SCONJ", "is_stop": true, "is_named": false}}}, "it": {"text": "che", "linguisticInfo": {"che": {"lemma": "che", "pos": "CS", "is_stop": true, "is_named": false}}}}, "obj": {"type": "Event", "pt": {"text": "conceder\u00e1", "linguisticInfo": {"conceder\u00e1": {"lemma": "conceder", "pos": "VERB", "is_stop": false, "is_named": false}}}, "it": {"text": "terr\u00e0", "linguisticInfo": {"terr\u00e0": {"lemma": "tenere", "pos": "V", "is_stop": false, "is_named": false}}}}}, {"id": "R5", "subj": {"type": "Time", "pt": {"text": "esta tarde", "linguisticInfo": {"esta": {"lemma": "este", "pos": "DET", "is_stop": true, "is_named": false}, "tarde": {"lemma": "tardar", "pos": "NOUN", "is_stop": true, "is_named": false}}}, "it": {"text": "questo pomeriggio", "linguisticInfo": {"questo": {"lemma": "questo", "pos": "DD", "is_stop": true, "is_named": false}, "pomeriggio": {"lemma": "pomeriggio", "pos": "S", "is_stop": false, "is_named": false}}}}, "obj": {"type": "Event", "pt": {"text": "conceder\u00e1", "linguisticInfo": {"conceder\u00e1": {"lemma": "conceder", "pos": "VERB", "is_stop": false, "is_named": false}}}, "it": {"text": "terr\u00e0", "linguisticInfo": {"terr\u00e0": {"lemma": "tenere", "pos": "V", "is_stop": false, "is_named": false}}}}}, {"id": "R6", "subj": {"type": "Non-human_Patient", "pt": {"text": "uma confer\u00eancia de Imprensa", "linguisticInfo": {"uma": {"lemma": "umar", "pos": "DET", "is_stop": true, "is_named": false}, "confer\u00eancia": {"lemma": "confer\u00eancia", "pos": "NOUN", "is_stop": false, "is_named": false}, "de": {"lemma": "de", "pos": "ADP", "is_stop": true, "is_named": false}, "Imprensa": {"lemma": "Imprensa", "pos": "NOUN", "is_stop": false, "is_named": true}}}, "it": {"text": "una conferenza stampa in", "linguisticInfo": {"una": {"lemma": "uno", "pos": "RI", "is_stop": true, "is_named": false}, "conferenza": {"lemma": "conferenza", "pos": "S", "is_stop": false, "is_named": false}, "stampa": {"lemma": "stampa", "pos": "S", "is_stop": false, "is_named": false}, "in": {"lemma": "in", "pos": "E", "is_stop": true, "is_named": false}}}}, "obj": {"type": "Event", "pt": {"text": "conceder\u00e1", "linguisticInfo": {"conceder\u00e1": {"lemma": "conceder", "pos": "VERB", "is_stop": false, "is_named": false}}}, "it": {"text": "terr\u00e0", "linguisticInfo": {"terr\u00e0": {"lemma": "tenere", "pos": "V", "is_stop": false, "is_named": false}}}}}, {"id": "R7", "subj": {"type": "Non-human_Oth_participant", "pt": {"text": "sobre a sua visita a Portugal", "linguisticInfo": {"sobre": {"lemma": "sobrar", "pos": "ADP", "is_stop": true, "is_named": false}, "a": {"lemma": "o", "pos": "ADP", "is_stop": true, "is_named": false}, "sua": {"lemma": "suar", "pos": "DET", "is_stop": true, "is_named": false}, "visita": {"lemma": "visitar", "pos": "NOUN", "is_stop": false, "is_named": false}, "Portugal": {"lemma": "Portugal", "pos": "PROPN", "is_stop": false, "is_named": true}}}, "it": {"text": "su invito del", "linguisticInfo": {"su": {"lemma": "su", "pos": "E", "is_stop": true, "is_named": false}, "invito": {"lemma": "invito", "pos": "S", "is_stop": false, "is_named": false}, "del": {"lemma": "del", "pos": "E_RD", "is_stop": true, "is_named": false}}}}, "obj": {"type": "Event", "pt": {"text": "conceder\u00e1", "linguisticInfo": {"conceder\u00e1": {"lemma": "conceder", "pos": "VERB", "is_stop": false, "is_named": false}}}, "it": {"text": "terr\u00e0", "linguisticInfo": {"terr\u00e0": {"lemma": "tenere", "pos": "V", "is_stop": false, "is_named": false}}}}}, {"id": "R8", "subj": {"type": "Geo_location", "pt": {"text": "a Portugal", "linguisticInfo": {"a": {"lemma": "o", "pos": "ADP", "is_stop": true, "is_named": false}, "Portugal": {"lemma": "Portugal", "pos": "PROPN", "is_stop": false, "is_named": true}}}, "it": {"text": "portogallo", "linguisticInfo": {"portogallo": {"lemma": "portogallo", "pos": "S", "is_stop": false, "is_named": false}}}}, "obj": {"type": "Event", "pt": {"text": "visita", "linguisticInfo": {"visita": {"lemma": "visitar", "pos": "VERB", "is_stop": false, "is_named": false}}}, "it": {"text": "visita", "linguisticInfo": {"visita": {"lemma": "visita", "pos": "S", "is_stop": false, "is_named": false}}}}}, {"id": "R19", "subj": {"type": "Geo_location", "pt": {"text": "a Portugal", "linguisticInfo": {"a": {"lemma": "o", "pos": "ADP", "is_stop": true, "is_named": false}, "Portugal": {"lemma": "Portugal", "pos": "PROPN", "is_stop": false, "is_named": true}}}, "it": {"text": "portogallo", "linguisticInfo": {"portogallo": {"lemma": "portogallo", "pos": "S", "is_stop": false, "is_named": false}}}}, "obj": {"type": "Event", "pt": {"text": "visita", "linguisticInfo": {"visita": {"lemma": "visitar", "pos": "VERB", "is_stop": false, "is_named": false}}}, "it": {"text": "visita", "linguisticInfo": {"visita": {"lemma": "visita", "pos": "S", "is_stop": false, "is_named": false}}}}}]}, "sentences_3": {"itText": "NULL si ricorda che , durante la trasferta nel nord del paese , nell \u2019 ambito del programma della sua visita in portogallo , van dunen ha dichiarato che la centrale del cambambe e l&apos; installazione di una officina di riparazioni sono elementi che potrebbero favorire la cooperazione tra i due paesi . secondo il ministro angolano \u00ab le basi poste andranno a consolidarsi \u00bb .", "ptText": "recorde -se que , durante a sua desloca\u00e7\u00e3o ao norte , no \u00e2mbito do programa da sua visita a portugal , van dunen disse que a central de cambambe e a implanta\u00e7\u00e3o de uma oficina de repara\u00e7\u00f5es poderiam ser factores de uma maior coopera\u00e7\u00e3o entre os dois pa\u00edses . segundo o ministro angolano , \u00ab as bases criadas v\u00e3o consolidar-se \u00bb . \n", "relations": [{"id": "R8", "subj": {"type": "Geo_location", "pt": {"text": "a Portugal", "linguisticInfo": {"a": {"lemma": "o", "pos": "ADP", "is_stop": true, "is_named": false}, "Portugal": {"lemma": "Portugal", "pos": "PROPN", "is_stop": false, "is_named": true}}}, "it": {"text": "portogallo", "linguisticInfo": {"portogallo": {"lemma": "portogallo", "pos": "S", "is_stop": false, "is_named": false}}}}, "obj": {"type": "Event", "pt": {"text": "visita", "linguisticInfo": {"visita": {"lemma": "visitar", "pos": "VERB", "is_stop": false, "is_named": false}}}, "it": {"text": "visita", "linguisticInfo": {"visita": {"lemma": "visita", "pos": "S", "is_stop": false, "is_named": false}}}}}, {"id": "R15", "subj": {"type": "Time", "pt": {"text": "durante a sua desloca\u00e7\u00e3o ao Norte", "linguisticInfo": {"durante": {"lemma": "durante", "pos": "ADP", "is_stop": false, "is_named": false}, "a": {"lemma": "o", "pos": "DET", "is_stop": true, "is_named": false}, "sua": {"lemma": "suar", "pos": "DET", "is_stop": true, "is_named": false}, "desloca\u00e7\u00e3o": {"lemma": "desloca\u00e7\u00e3o", "pos": "NOUN", "is_stop": false, "is_named": false}, "ao": {"lemma": "ao", "pos": "ADP", "is_stop": true, "is_named": false}, "Norte": {"lemma": "Norte", "pos": "PROPN", "is_stop": false, "is_named": true}}}, "it": {"text": "durante la trasferta", "linguisticInfo": {"durante": {"lemma": "durante", "pos": "E", "is_stop": true, "is_named": false}, "la": {"lemma": "il", "pos": "RD", "is_stop": true, "is_named": false}, "trasferta": {"lemma": "trasferta", "pos": "S", "is_stop": false, "is_named": false}}}}, "obj": {"type": "Event", "pt": {"text": "disse", "linguisticInfo": {"disse": {"lemma": "dizer", "pos": "VERB", "is_stop": false, "is_named": false}}}, "it": {"text": "dichiarato", "linguisticInfo": {"dichiarato": {"lemma": "dichiarare", "pos": "V", "is_stop": false, "is_named": false}}}}}, {"id": "R16", "subj": {"type": "Human_Agent", "pt": {"text": "Van Dunen", "linguisticInfo": {"Van": {"lemma": "Van", "pos": "PROPN", "is_stop": false, "is_named": true}, "Dunen": {"lemma": "Dunen", "pos": "PROPN", "is_stop": false, "is_named": true}}}, "it": {"text": "van dunen", "linguisticInfo": {"van": {"lemma": "van", "pos": "SP", "is_stop": false, "is_named": false}, "dunen": {"lemma": "dunen", "pos": "V", "is_stop": false, "is_named": false}}}}, "obj": {"type": "Event", "pt": {"text": "disse", "linguisticInfo": {"disse": {"lemma": "dizer", "pos": "VERB", "is_stop": false, "is_named": false}}}, "it": {"text": "dichiarato", "linguisticInfo": {"dichiarato": {"lemma": "dichiarare", "pos": "V", "is_stop": false, "is_named": false}}}}}, {"id": "R18", "subj": {"type": "Geo_location", "pt": {"text": "ao Norte", "linguisticInfo": {"ao": {"lemma": "ao", "pos": "ADP", "is_stop": true, "is_named": false}, "Norte": {"lemma": "Norte", "pos": "PROPN", "is_stop": false, "is_named": true}}}, "it": {"text": "nel nord", "linguisticInfo": {"nel": {"lemma": "nel", "pos": "E_RD", "is_stop": true, "is_named": false}, "nord": {"lemma": "nord", "pos": "S", "is_stop": false, "is_named": false}}}}, "obj": {"type": "Event", "pt": {"text": "desloca\u00e7\u00e3o", "linguisticInfo": {"desloca\u00e7\u00e3o": {"lemma": "desloca\u00e7\u00e3o", "pos": "NOUN", "is_stop": false, "is_named": false}}}, "it": {"text": "trasferta", "linguisticInfo": {"trasferta": {"lemma": "trasferta", "pos": "V", "is_stop": false, "is_named": false}}}}}, {"id": "R19", "subj": {"type": "Geo_location", "pt": {"text": "a Portugal", "linguisticInfo": {"a": {"lemma": "o", "pos": "ADP", "is_stop": true, "is_named": false}, "Portugal": {"lemma": "Portugal", "pos": "PROPN", "is_stop": false, "is_named": true}}}, "it": {"text": "portogallo", "linguisticInfo": {"portogallo": {"lemma": "portogallo", "pos": "S", "is_stop": false, "is_named": false}}}}, "obj": {"type": "Event", "pt": {"text": "visita", "linguisticInfo": {"visita": {"lemma": "visitar", "pos": "VERB", "is_stop": false, "is_named": false}}}, "it": {"text": "visita", "linguisticInfo": {"visita": {"lemma": "visita", "pos": "S", "is_stop": false, "is_named": false}}}}}, {"id": "R20", "subj": {"type": "Non-human_Patient", "pt": {"text": "uma oficina de repara\u00e7\u00f5es", "linguisticInfo": {"uma": {"lemma": "umar", "pos": "DET", "is_stop": true, "is_named": false}, "oficina": {"lemma": "oficina", "pos": "NOUN", "is_stop": false, "is_named": false}, "de": {"lemma": "de", "pos": "ADP", "is_stop": true, "is_named": false}, "repara\u00e7\u00f5es": {"lemma": "repara\u00e7\u00e3o", "pos": "NOUN", "is_stop": false, "is_named": false}}}, "it": {"text": "una officina di riparazioni", "linguisticInfo": {"una": {"lemma": "uno", "pos": "RI", "is_stop": true, "is_named": false}, "officina": {"lemma": "officina", "pos": "S", "is_stop": false, "is_named": false}, "di": {"lemma": "di", "pos": "E", "is_stop": true, "is_named": false}, "riparazioni": {"lemma": "riparazione", "pos": "S", "is_stop": false, "is_named": false}}}}, "obj": {"type": "Event", "pt": {"text": "a implanta\u00e7\u00e3o", "linguisticInfo": {"a": {"lemma": "o", "pos": "DET", "is_stop": true, "is_named": false}, "implanta\u00e7\u00e3o": {"lemma": "implanta\u00e7\u00e3o", "pos": "NOUN", "is_stop": false, "is_named": false}}}, "it": {"text": "l&apos; installazione", "linguisticInfo": {"l&apos": {"lemma": "l&apos", "pos": "B", "is_stop": false, "is_named": false}, ";": {"lemma": ";", "pos": "FC", "is_stop": false, "is_named": false}, "installazione": {"lemma": "installazione", "pos": "S", "is_stop": false, "is_named": false}}}}}, {"id": "R21", "subj": {"type": "Non-human_Agent", "pt": {"text": "as bases criadas", "linguisticInfo": {"as": {"lemma": "o", "pos": "DET", "is_stop": true, "is_named": false}, "bases": {"lemma": "base", "pos": "NOUN", "is_stop": false, "is_named": false}, "criadas": {"lemma": "criar", "pos": "VERB", "is_stop": false, "is_named": false}}}, "it": {"text": "le basi poste", "linguisticInfo": {"le": {"lemma": "il", "pos": "RD", "is_stop": true, "is_named": false}, "basi": {"lemma": "base", "pos": "S", "is_stop": false, "is_named": false}, "poste": {"lemma": "porre", "pos": "V", "is_stop": false, "is_named": false}}}}, "obj": {"type": "Event", "pt": {"text": "v\u00e3o consolidar-se", "linguisticInfo": {"v\u00e3o": {"lemma": "ir", "pos": "AUX", "is_stop": true, "is_named": false}, "consolidar-se": {"lemma": "consolidar-se", "pos": "VERB", "is_stop": false, "is_named": false}}}, "it": {"text": "andranno consolidarsi", "linguisticInfo": {"andranno": {"lemma": "andare", "pos": "V", "is_stop": false, "is_named": false}, "consolidarsi": {"lemma": "consolidare", "pos": "V_PC", "is_stop": false, "is_named": false}}}}}, {"id": "R22", "subj": {"type": "Event", "pt": {"text": "criadas", "linguisticInfo": {"criadas": {"lemma": "criar", "pos": "VERB", "is_stop": false, "is_named": false}}}, "it": {"text": "poste", "linguisticInfo": {"poste": {"lemma": "porre", "pos": "V", "is_stop": false, "is_named": false}}}}, "obj": {"type": "Non-human_Patient", "pt": {"text": "as bases", "linguisticInfo": {"as": {"lemma": "o", "pos": "DET", "is_stop": true, "is_named": false}, "bases": {"lemma": "base", "pos": "NOUN", "is_stop": false, "is_named": false}}}, "it": {"text": "le basi", "linguisticInfo": {"le": {"lemma": "il", "pos": "RD", "is_stop": true, "is_named": false}, "basi": {"lemma": "base", "pos": "S", "is_stop": false, "is_named": false}}}}}]}, "sentences_1": {"itText": "NULL durante il pomeriggio , van dunen ha incontrato i rappresentanti delle strutture imprenditoriali portoghesi ( ossia la confederazione portoghese dell \u2019 industria , associazione industriale portoghese e il consiglio nazionale delle associazioni imprenditoriali ) e i responsabili di alcune aziende , in particolare , quelle legate alla produzione e al trasporto dell \u2019 energia elettrica ( acta , cabos \u00e1vila , central , ctpi , copa , bruno janz , eni , solidal e tudor ) .", "ptText": "na parte da tarde , van dunen esteve reunido com representantes das estruturas empresariais portuguesas ( confedera\u00e7\u00e3o da ind\u00fastria portuguesa , associa\u00e7\u00e3o industrial portuguesa e conselho nacional das associa\u00e7\u00f5es empresariais , designadamente ) e com respons\u00e1veis de algumas empresas especificamente ligadas ao sector de produ\u00e7\u00e3o e transporte de energia el\u00e9ctrica ( acta , cabos \u00e1vila , central , ctpi , copa , bruno janz , eni , solidal e tudor ) . \n", "relations": [{"id": "R10", "subj": {"type": "Time", "pt": {"text": "na parte da tarde", "linguisticInfo": {"na": {"lemma": "o", "pos": "ADP", "is_stop": true, "is_named": false}, "parte": {"lemma": "partir", "pos": "NOUN", "is_stop": true, "is_named": false}, "da": {"lemma": "da", "pos": "ADP", "is_stop": true, "is_named": false}, "tarde": {"lemma": "tardar", "pos": "NOUN", "is_stop": true, "is_named": false}}}, "it": {"text": "ctpi , copa", "linguisticInfo": {"ctpi": {"lemma": "ctpi", "pos": "S", "is_stop": false, "is_named": false}, ",": {"lemma": ",", "pos": "FF", "is_stop": false, "is_named": false}, "copa": {"lemma": "copa", "pos": "SP", "is_stop": false, "is_named": false}}}}, "obj": {"type": "Event", "pt": {"text": "esteve reunido", "linguisticInfo": {"esteve": {"lemma": "estevar", "pos": "AUX", "is_stop": true, "is_named": false}, "reunido": {"lemma": "reunir", "pos": "VERB", "is_stop": false, "is_named": false}}}, "it": {"text": "ha incontrato", "linguisticInfo": {"ha": {"lemma": "avere", "pos": "VA", "is_stop": true, "is_named": false}, "incontrato": {"lemma": "incontrare", "pos": "V", "is_stop": false, "is_named": false}}}}}, {"id": "R11", "subj": {"type": "Human_Agent", "pt": {"text": "Van Dunen", "linguisticInfo": {"Van": {"lemma": "Van", "pos": "PROPN", "is_stop": false, "is_named": true}, "Dunen": {"lemma": "Dunen", "pos": "PROPN", "is_stop": false, "is_named": true}}}, "it": {"text": "van dunen", "linguisticInfo": {"van": {"lemma": "van", "pos": "SP", "is_stop": false, "is_named": false}, "dunen": {"lemma": "dunen", "pos": "V", "is_stop": false, "is_named": false}}}}, "obj": {"type": "Event", "pt": {"text": "esteve reunido", "linguisticInfo": {"esteve": {"lemma": "estevar", "pos": "AUX", "is_stop": true, "is_named": false}, "reunido": {"lemma": "reunir", "pos": "VERB", "is_stop": false, "is_named": false}}}, "it": {"text": "ha incontrato", "linguisticInfo": {"ha": {"lemma": "avere", "pos": "VA", "is_stop": true, "is_named": false}, "incontrato": {"lemma": "incontrare", "pos": "V", "is_stop": false, "is_named": false}}}}}, {"id": "R12", "subj": {"type": "Human_Patient", "pt": {"text": "com representantes das estruturas empresariais portuguesas ( Confedera\u00e7\u00e3o da Ind\u00fastria Portuguesa , Associa\u00e7\u00e3o Industrial Portuguesa e Conselho Nacional das Associa\u00e7\u00f5es Empresariais , designadamente ) e com respons\u00e1veis de algumas empresas especificamente ligadas ao sector de produ\u00e7\u00e3o e transporte de energia el\u00e9ctrica ( Acta , Cabos \u00c1vila , Central , CTPI , Copa , Bruno Janz , Eni , Solidal e Tudor", "linguisticInfo": {"com": {"lemma": "com", "pos": "ADP", "is_stop": true, "is_named": false}, "representantes": {"lemma": "representante", "pos": "NOUN", "is_stop": false, "is_named": false}, "das": {"lemma": "das", "pos": "ADP", "is_stop": true, "is_named": false}, "estruturas": {"lemma": "estruturar", "pos": "NOUN", "is_stop": false, "is_named": false}, "empresariais": {"lemma": "empresarial", "pos": "ADJ", "is_stop": false, "is_named": false}, "portuguesas": {"lemma": "portuguesar", "pos": "ADJ", "is_stop": false, "is_named": false}, "(": {"lemma": "(", "pos": "PUNCT", "is_stop": false, "is_named": false}, "Confedera\u00e7\u00e3o": {"lemma": "Confedera\u00e7\u00e3o", "pos": "PROPN", "is_stop": false, "is_named": true}, "da": {"lemma": "da", "pos": "ADP", "is_stop": true, "is_named": false}, "Ind\u00fastria": {"lemma": "Ind\u00fastria", "pos": "PROPN", "is_stop": false, "is_named": true}, "Portuguesa": {"lemma": "Portuguesa", "pos": "PROPN", "is_stop": false, "is_named": true}, ",": {"lemma": ",", "pos": "PUNCT", "is_stop": false, "is_named": false}, "Associa\u00e7\u00e3o": {"lemma": "Associa\u00e7\u00e3o", "pos": "PROPN", "is_stop": false, "is_named": true}, "Industrial": {"lemma": "Industrial", "pos": "PROPN", "is_stop": false, "is_named": true}, "e": {"lemma": "e", "pos": "CCONJ", "is_stop": true, "is_named": false}, "Conselho": {"lemma": "Conselho", "pos": "PROPN", "is_stop": true, "is_named": true}, "Nacional": {"lemma": "Nacional", "pos": "PROPN", "is_stop": false, "is_named": true}, "Associa\u00e7\u00f5es": {"lemma": "Associa\u00e7\u00f5es", "pos": "PROPN", "is_stop": false, "is_named": true}, "Empresariais": {"lemma": "Empresariais", "pos": "PROPN", "is_stop": false, "is_named": true}, "designadamente": {"lemma": "designadamente", "pos": "ADV", "is_stop": false, "is_named": false}, ")": {"lemma": ")", "pos": "PUNCT", "is_stop": false, "is_named": false}, "respons\u00e1veis": {"lemma": "respons\u00e1vel", "pos": "NOUN", "is_stop": false, "is_named": false}, "de": {"lemma": "de", "pos": "ADP", "is_stop": true, "is_named": false}, "algumas": {"lemma": "algum", "pos": "DET", "is_stop": true, "is_named": false}, "empresas": {"lemma": "empresar", "pos": "NOUN", "is_stop": false, "is_named": false}, "especificamente": {"lemma": "especificamente", "pos": "ADV", "is_stop": false, "is_named": false}, "ligadas": {"lemma": "ligar", "pos": "VERB", "is_stop": false, "is_named": false}, "ao": {"lemma": "ao", "pos": "ADP", "is_stop": true, "is_named": false}, "sector": {"lemma": "sector", "pos": "NOUN", "is_stop": false, "is_named": false}, "produ\u00e7\u00e3o": {"lemma": "produ\u00e7\u00e3o", "pos": "NOUN", "is_stop": false, "is_named": false}, "transporte": {"lemma": "transportar", "pos": "NOUN", "is_stop": false, "is_named": false}, "energia": {"lemma": "energia", "pos": "NOUN", "is_stop": false, "is_named": false}, "el\u00e9ctrica": {"lemma": "el\u00e9ctrico", "pos": "ADJ", "is_stop": false, "is_named": false}, "Acta": {"lemma": "Acta", "pos": "PROPN", "is_stop": false, "is_named": true}, "Cabos": {"lemma": "Cabos", "pos": "PROPN", "is_stop": false, "is_named": true}, "\u00c1vila": {"lemma": "\u00c1vila", "pos": "PROPN", "is_stop": false, "is_named": true}, "Central": {"lemma": "Central", "pos": "PROPN", "is_stop": false, "is_named": true}, "CTPI": {"lemma": "CTPI", "pos": "PROPN", "is_stop": false, "is_named": true}, "Copa": {"lemma": "Copa", "pos": "NOUN", "is_stop": false, "is_named": true}, "Bruno": {"lemma": "Bruno", "pos": "PROPN", "is_stop": false, "is_named": true}, "Janz": {"lemma": "Janz", "pos": "PROPN", "is_stop": false, "is_named": true}, "Eni": {"lemma": "Eni", "pos": "PROPN", "is_stop": false, "is_named": true}, "Solidal": {"lemma": "Solidal", "pos": "PROPN", "is_stop": false, "is_named": true}, "Tudor": {"lemma": "Tudor", "pos": "PROPN", "is_stop": false, "is_named": true}}}, "it": {"text": "durante il rappresentanti delle strutture imprenditoriali portoghesi ( ossia la confederazione portoghese dell \u2019 industria , associazione portoghese e il , in particolare", "linguisticInfo": {"durante": {"lemma": "durante", "pos": "E", "is_stop": true, "is_named": false}, "il": {"lemma": "il", "pos": "RD", "is_stop": true, "is_named": false}, "rappresentanti": {"lemma": "rappresentante", "pos": "S", "is_stop": false, "is_named": false}, "delle": {"lemma": "della", "pos": "E_RD", "is_stop": true, "is_named": false}, "strutture": {"lemma": "struttura", "pos": "S", "is_stop": false, "is_named": false}, "imprenditoriali": {"lemma": "imprenditoriale", "pos": "A", "is_stop": false, "is_named": false}, "portoghesi": {"lemma": "portoghese", "pos": "V", "is_stop": false, "is_named": false}, "(": {"lemma": "(", "pos": "FB", "is_stop": false, "is_named": false}, "ossia": {"lemma": "ossia", "pos": "CC", "is_stop": true, "is_named": false}, "la": {"lemma": "il", "pos": "RD", "is_stop": true, "is_named": false}, "confederazione": {"lemma": "confederazione", "pos": "S", "is_stop": false, "is_named": false}, "portoghese": {"lemma": "portoghese", "pos": "A", "is_stop": false, "is_named": false}, "dell": {"lemma": "dell", "pos": "SP", "is_stop": true, "is_named": false}, "\u2019": {"lemma": "\u2019", "pos": "B", "is_stop": false, "is_named": false}, "industria": {"lemma": "industria", "pos": "V", "is_stop": false, "is_named": false}, ",": {"lemma": ",", "pos": "FF", "is_stop": false, "is_named": false}, "associazione": {"lemma": "associazione", "pos": "S", "is_stop": false, "is_named": false}, "e": {"lemma": "e", "pos": "CC", "is_stop": false, "is_named": false}, "in": {"lemma": "in", "pos": "E", "is_stop": true, "is_named": false}, "particolare": {"lemma": "particolare", "pos": "S", "is_stop": false, "is_named": false}}}}, "obj": {"type": "Event", "pt": {"text": "esteve reunido", "linguisticInfo": {"esteve": {"lemma": "estevar", "pos": "AUX", "is_stop": true, "is_named": false}, "reunido": {"lemma": "reunir", "pos": "VERB", "is_stop": false, "is_named": false}}}, "it": {"text": "ha incontrato", "linguisticInfo": {"ha": {"lemma": "avere", "pos": "VA", "is_stop": true, "is_named": false}, "incontrato": {"lemma": "incontrare", "pos": "V", "is_stop": false, "is_named": false}}}}}]}, "sentences_4": {"itText": "NULL approfittando dell \u2019 occasione , pedro van dunen ha anche evidenziato l&apos; influenza su \u201c grande scala , principalmente nel campo idroelettrico \u201d che le aziende portoghesi potrebbero svolgere nei confronti delle imprese angolane .", "ptText": "na oportunidade , pedro van dunen salientaria ainda o papel que as empresas portuguesas poder\u00e3o desempenhar em empreendimentos angolanos de \u00ab enorme envergadura , principalmente no campo hidroel\u00e9ctrico \u00bb . \n", "relations": [{"id": "R23", "subj": {"type": "Human_Agent", "pt": {"text": "Pedro Van Dunen", "linguisticInfo": {"Pedro": {"lemma": "Pedro", "pos": "PROPN", "is_stop": false, "is_named": true}, "Van": {"lemma": "Van", "pos": "PROPN", "is_stop": false, "is_named": true}, "Dunen": {"lemma": "Dunen", "pos": "PROPN", "is_stop": false, "is_named": true}}}, "it": {"text": "pedro van dunen", "linguisticInfo": {"pedro": {"lemma": "pedro", "pos": "V", "is_stop": false, "is_named": false}, "van": {"lemma": "van", "pos": "SP", "is_stop": false, "is_named": false}, "dunen": {"lemma": "dunen", "pos": "V", "is_stop": false, "is_named": false}}}}, "obj": {"type": "Event", "pt": {"text": "salientaria", "linguisticInfo": {"salientaria": {"lemma": "salientar", "pos": "NOUN", "is_stop": false, "is_named": false}}}, "it": {"text": "angolane", "linguisticInfo": {"angolane": {"lemma": "angolano", "pos": "A", "is_stop": false, "is_named": false}}}}}, {"id": "R25", "subj": {"type": "Non-human_Patient", "pt": {"text": "que", "linguisticInfo": {"que": {"lemma": "que", "pos": "SCONJ", "is_stop": true, "is_named": false}}}, "it": {"text": "che", "linguisticInfo": {"che": {"lemma": "che", "pos": "CS", "is_stop": true, "is_named": false}}}}, "obj": {"type": "Event", "pt": {"text": "poder\u00e3o desempenhar", "linguisticInfo": {"poder\u00e3o": {"lemma": "poder", "pos": "VERB", "is_stop": false, "is_named": false}, "desempenhar": {"lemma": "desempenhar", "pos": "VERB", "is_stop": false, "is_named": false}}}, "it": {"text": "potrebbero svolgere", "linguisticInfo": {"potrebbero": {"lemma": "potere", "pos": "VM", "is_stop": false, "is_named": false}, "svolgere": {"lemma": "svolgere", "pos": "V", "is_stop": false, "is_named": false}}}}}, {"id": "R26", "subj": {"type": "Human_Agent", "pt": {"text": "as empresas portuguesas", "linguisticInfo": {"as": {"lemma": "o", "pos": "DET", "is_stop": true, "is_named": false}, "empresas": {"lemma": "empresar", "pos": "NOUN", "is_stop": false, "is_named": false}, "portuguesas": {"lemma": "portuguesar", "pos": "ADJ", "is_stop": false, "is_named": false}}}, "it": {"text": "le aziende portoghesi", "linguisticInfo": {"le": {"lemma": "il", "pos": "RD", "is_stop": true, "is_named": false}, "aziende": {"lemma": "azienda", "pos": "S", "is_stop": false, "is_named": false}, "portoghesi": {"lemma": "portoghese", "pos": "V", "is_stop": false, "is_named": false}}}}, "obj": {"type": "Event", "pt": {"text": "poder\u00e3o desempenhar", "linguisticInfo": {"poder\u00e3o": {"lemma": "poder", "pos": "VERB", "is_stop": false, "is_named": false}, "desempenhar": {"lemma": "desempenhar", "pos": "VERB", "is_stop": false, "is_named": false}}}, "it": {"text": "potrebbero svolgere", "linguisticInfo": {"potrebbero": {"lemma": "potere", "pos": "VM", "is_stop": false, "is_named": false}, "svolgere": {"lemma": "svolgere", "pos": "V", "is_stop": false, "is_named": false}}}}}]}, "sentences_5": {"itText": "NULL in seguito alla visita alla societ\u00e0 efacec , il funzionario del governo angolano ha messo in risalto \u00ab la rilevanza delle attrezzature portoghesi \u00bb , dopo aver analizzato una serie di \u00ab documenti \u00bb presentati dall \u2019 unit\u00e0 industriale stessa relativamente all \u2019 installazione della suddetta officina di riparazione e alla creazione di un consorzio di aziende portoghesi ( somague , efacec , sorefame e mague ) che avranno l \u2019 autorizzazione ad intervenire nei lavori della centrale di cambambe .", "ptText": "ap\u00f3s uma visita que efectuou \u00e0 empresa efacec , o governante angolano salientou a \u00ab import\u00e2ncia dos equipamentos portugueses \u00bb , tendo analisado um conjunto de \u00ab dossiers \u00bb apresentados por aquela unidade industrial com vista \u00e0 instala\u00e7\u00e3o da referida oficina de repara\u00e7\u00f5es e ainda \u00e0 cria\u00e7\u00e3o de um cons\u00f3rcio de empresas portuguesas ( somague , efacec , sorefame e mague ) que poder\u00e3o intervir nos trabalhos da central de cambambe . \n", "relations": [{"id": "R28", "subj": {"type": "Human_Agent", "pt": {"text": "o governante angolano", "linguisticInfo": {"o": {"lemma": "o", "pos": "DET", "is_stop": true, "is_named": false}, "governante": {"lemma": "governante", "pos": "NOUN", "is_stop": false, "is_named": false}, "angolano": {"lemma": "angolano", "pos": "ADJ", "is_stop": false, "is_named": false}}}, "it": {"text": "il funzionario angolano", "linguisticInfo": {"il": {"lemma": "il", "pos": "RD", "is_stop": true, "is_named": false}, "funzionario": {"lemma": "funzionario", "pos": "S", "is_stop": false, "is_named": false}, "angolano": {"lemma": "angolare", "pos": "A", "is_stop": false, "is_named": false}}}}, "obj": {"type": "Event", "pt": {"text": "salientou", "linguisticInfo": {"salientou": {"lemma": "salientar", "pos": "VERB", "is_stop": false, "is_named": false}}}, "it": {"text": "risalto", "linguisticInfo": {"risalto": {"lemma": "risalto", "pos": "S", "is_stop": false, "is_named": false}}}}}, {"id": "R34", "subj": {"type": "Human_Agent", "pt": {"text": "aquela unidade industrial", "linguisticInfo": {"aquela": {"lemma": "aquele", "pos": "DET", "is_stop": true, "is_named": false}, "unidade": {"lemma": "unidade", "pos": "NOUN", "is_stop": false, "is_named": false}, "industrial": {"lemma": "industrial", "pos": "ADJ", "is_stop": false, "is_named": false}}}, "it": {"text": "dall unit\u00e0 industriale", "linguisticInfo": {"dall": {"lemma": "dall", "pos": "V", "is_stop": true, "is_named": false}, "unit\u00e0": {"lemma": "unit\u00e0", "pos": "S", "is_stop": false, "is_named": false}, "industriale": {"lemma": "industriale", "pos": "A", "is_stop": false, "is_named": false}}}}, "obj": {"type": "Event", "pt": {"text": "apresentados", "linguisticInfo": {"apresentados": {"lemma": "apresentar", "pos": "VERB", "is_stop": false, "is_named": false}}}, "it": {"text": "presentati", "linguisticInfo": {"presentati": {"lemma": "presentare", "pos": "V", "is_stop": false, "is_named": false}}}}}, {"id": "R36", "subj": {"type": "Non-human_Patient", "pt": {"text": "oficina de repara\u00e7\u00f5es", "linguisticInfo": {"oficina": {"lemma": "oficina", "pos": "NOUN", "is_stop": false, "is_named": false}, "de": {"lemma": "de", "pos": "ADP", "is_stop": true, "is_named": false}, "repara\u00e7\u00f5es": {"lemma": "repara\u00e7\u00e3o", "pos": "NOUN", "is_stop": false, "is_named": false}}}, "it": {"text": "officina di riparazione", "linguisticInfo": {"officina": {"lemma": "officina", "pos": "A", "is_stop": false, "is_named": false}, "di": {"lemma": "di", "pos": "E", "is_stop": true, "is_named": false}, "riparazione": {"lemma": "riparazione", "pos": "S", "is_stop": false, "is_named": false}}}}, "obj": {"type": "Event", "pt": {"text": "referida", "linguisticInfo": {"referida": {"lemma": "referir", "pos": "VERB", "is_stop": false, "is_named": false}}}, "it": {"text": "suddetta", "linguisticInfo": {"suddetta": {"lemma": "suddetto", "pos": "A", "is_stop": false, "is_named": false}}}}}, {"id": "R38", "subj": {"type": "Oth_location", "pt": {"text": "nos trabalhos da central de Cambambe", "linguisticInfo": {"nos": {"lemma": "o", "pos": "ADP", "is_stop": true, "is_named": false}, "trabalhos": {"lemma": "trabalho", "pos": "NOUN", "is_stop": false, "is_named": false}, "da": {"lemma": "da", "pos": "ADP", "is_stop": true, "is_named": false}, "central": {"lemma": "central", "pos": "NOUN", "is_stop": false, "is_named": false}, "de": {"lemma": "de", "pos": "ADP", "is_stop": true, "is_named": false}, "Cambambe": {"lemma": "Cambambe", "pos": "PROPN", "is_stop": false, "is_named": true}}}, "it": {"text": "nei lavori della centrale di cambambe", "linguisticInfo": {"nei": {"lemma": "nel", "pos": "E_RD", "is_stop": true, "is_named": false}, "lavori": {"lemma": "lavoro", "pos": "S", "is_stop": false, "is_named": false}, "della": {"lemma": "della", "pos": "E_RD", "is_stop": true, "is_named": false}, "centrale": {"lemma": "centrale", "pos": "S", "is_stop": false, "is_named": false}, "di": {"lemma": "di", "pos": "E", "is_stop": true, "is_named": false}, "cambambe": {"lemma": "cambambe", "pos": "S", "is_stop": false, "is_named": false}}}}, "obj": {"type": "Event", "pt": {"text": "poder\u00e3o intervir", "linguisticInfo": {"poder\u00e3o": {"lemma": "poder", "pos": "VERB", "is_stop": false, "is_named": false}, "intervir": {"lemma": "intervir", "pos": "VERB", "is_stop": false, "is_named": false}}}, "it": {"text": "avranno intervenire", "linguisticInfo": {"avranno": {"lemma": "avere", "pos": "VM", "is_stop": true, "is_named": false}, "intervenire": {"lemma": "intervenire", "pos": "V", "is_stop": false, "is_named": false}}}}}, {"id": "R39", "subj": {"type": "Human_Agent", "pt": {"text": "que", "linguisticInfo": {"que": {"lemma": "que", "pos": "SCONJ", "is_stop": true, "is_named": false}}}, "it": {"text": "", "linguisticInfo": {}}}, "obj": {"type": "Event", "pt": {"text": "poder\u00e3o intervir", "linguisticInfo": {"poder\u00e3o": {"lemma": "poder", "pos": "VERB", "is_stop": false, "is_named": false}, "intervir": {"lemma": "intervir", "pos": "VERB", "is_stop": false, "is_named": false}}}, "it": {"text": "avranno intervenire", "linguisticInfo": {"avranno": {"lemma": "avere", "pos": "VM", "is_stop": true, "is_named": false}, "intervenire": {"lemma": "intervenire", "pos": "V", "is_stop": false, "is_named": false}}}}}, {"id": "R46", "subj": {"type": "Time", "pt": {"text": "Ap\u00f3s uma visita que efectuou \u00e0 empresa Efacec", "linguisticInfo": {"Ap\u00f3s": {"lemma": "Ap\u00f3s", "pos": "ADP", "is_stop": true, "is_named": true}, "uma": {"lemma": "umar", "pos": "DET", "is_stop": true, "is_named": false}, "visita": {"lemma": "visitar", "pos": "NOUN", "is_stop": false, "is_named": false}, "que": {"lemma": "que", "pos": "PRON", "is_stop": true, "is_named": false}, "efectuou": {"lemma": "efectuar", "pos": "VERB", "is_stop": false, "is_named": false}, "\u00e0": {"lemma": "\u00e0", "pos": "ADP", "is_stop": true, "is_named": false}, "empresa": {"lemma": "empresar", "pos": "NOUN", "is_stop": false, "is_named": false}, "Efacec": {"lemma": "Efacec", "pos": "PROPN", "is_stop": false, "is_named": true}}}, "it": {"text": "seguito alla visita", "linguisticInfo": {"seguito": {"lemma": "seguitare", "pos": "V", "is_stop": true, "is_named": false}, "alla": {"lemma": "alla", "pos": "E_RD", "is_stop": true, "is_named": false}, "visita": {"lemma": "visita", "pos": "S", "is_stop": false, "is_named": false}}}}, "obj": {"type": "Event", "pt": {"text": "salientou", "linguisticInfo": {"salientou": {"lemma": "salientar", "pos": "VERB", "is_stop": false, "is_named": false}}}, "it": {"text": "risalto", "linguisticInfo": {"risalto": {"lemma": "risalto", "pos": "S", "is_stop": false, "is_named": false}}}}}]}, "sentences_6": {"itText": "NULL pedro van dunen si \u00e8 poi recato alla sepsa , dove ha avuto il piacere di assistere ad alcune delle fasi del lavoro e di visitare , accompagnato dai tecnici del settore energetico della sua comitiva , i lavori per la diga del pocinho .", "ptText": "pedro van dunen deslocou -se \u00e0 sepsa , onde apreciou diversas fases de labora\u00e7\u00e3o tendo igualmente visitado , juntamente com t\u00e9cnicos ligados ao sector energ\u00e9tico que integram a sua comitiva , os trabalhos da barragem do pocinho . \n", "relations": [{"id": "R42", "subj": {"type": "Oth_location", "pt": {"text": "onde", "linguisticInfo": {"onde": {"lemma": "onde", "pos": "PRON", "is_stop": true, "is_named": false}}}, "it": {"text": "dove", "linguisticInfo": {"dove": {"lemma": "dove", "pos": "B", "is_stop": true, "is_named": false}}}}, "obj": {"type": "Event", "pt": {"text": "apreciou", "linguisticInfo": {"apreciou": {"lemma": "apreciar", "pos": "VERB", "is_stop": false, "is_named": false}}}, "it": {"text": "piacere", "linguisticInfo": {"piacere": {"lemma": "piacere", "pos": "S", "is_stop": false, "is_named": false}}}}}, {"id": "R43", "subj": {"type": "Non-human_Patient", "pt": {"text": "diversas fases de labora\u00e7\u00e3o", "linguisticInfo": {"diversas": {"lemma": "diverso", "pos": "DET", "is_stop": false, "is_named": false}, "fases": {"lemma": "fase", "pos": "NOUN", "is_stop": false, "is_named": false}, "de": {"lemma": "de", "pos": "ADP", "is_stop": true, "is_named": false}, "labora\u00e7\u00e3o": {"lemma": "labora\u00e7\u00e3o", "pos": "NOUN", "is_stop": false, "is_named": false}}}, "it": {"text": "alcune delle fasi del lavoro di visitare ,", "linguisticInfo": {"alcune": {"lemma": "alcune", "pos": "PI", "is_stop": false, "is_named": false}, "delle": {"lemma": "della", "pos": "E_RD", "is_stop": true, "is_named": false}, "fasi": {"lemma": "fase", "pos": "S", "is_stop": false, "is_named": false}, "del": {"lemma": "del", "pos": "E_RD", "is_stop": true, "is_named": false}, "lavoro": {"lemma": "lavoro", "pos": "S", "is_stop": true, "is_named": false}, "di": {"lemma": "di", "pos": "E", "is_stop": true, "is_named": false}, "visitare": {"lemma": "visitare", "pos": "V", "is_stop": false, "is_named": false}, ",": {"lemma": ",", "pos": "FF", "is_stop": false, "is_named": false}}}}, "obj": {"type": "Event", "pt": {"text": "apreciou", "linguisticInfo": {"apreciou": {"lemma": "apreciar", "pos": "VERB", "is_stop": false, "is_named": false}}}, "it": {"text": "piacere", "linguisticInfo": {"piacere": {"lemma": "piacere", "pos": "S", "is_stop": false, "is_named": false}}}}}, {"id": "R44", "subj": {"type": "Oth_argument", "pt": {"text": "juntamente com t\u00e9cnicos ligados ao sector energ\u00e9tico que integram a sua comitiva", "linguisticInfo": {"juntamente": {"lemma": "juntamente", "pos": "ADV", "is_stop": false, "is_named": false}, "com": {"lemma": "com", "pos": "ADP", "is_stop": true, "is_named": false}, "t\u00e9cnicos": {"lemma": "t\u00e9cnico", "pos": "NOUN", "is_stop": false, "is_named": false}, "ligados": {"lemma": "ligar", "pos": "VERB", "is_stop": false, "is_named": false}, "ao": {"lemma": "ao", "pos": "ADP", "is_stop": true, "is_named": false}, "sector": {"lemma": "sector", "pos": "NOUN", "is_stop": false, "is_named": false}, "energ\u00e9tico": {"lemma": "energ\u00e9tico", "pos": "ADJ", "is_stop": false, "is_named": false}, "que": {"lemma": "que", "pos": "PRON", "is_stop": true, "is_named": false}, "integram": {"lemma": "integrar", "pos": "VERB", "is_stop": false, "is_named": false}, "a": {"lemma": "o", "pos": "DET", "is_stop": true, "is_named": false}, "sua": {"lemma": "suar", "pos": "DET", "is_stop": true, "is_named": false}, "comitiva": {"lemma": "comitiva", "pos": "NOUN", "is_stop": false, "is_named": false}}}, "it": {"text": "pocinho .", "linguisticInfo": {"pocinho": {"lemma": "pocinho", "pos": "V", "is_stop": false, "is_named": false}, ".": {"lemma": ".", "pos": "FS", "is_stop": false, "is_named": false}}}}, "obj": {"type": "Event", "pt": {"text": "tendo igualmente visitado", "linguisticInfo": {"tendo": {"lemma": "ter", "pos": "AUX", "is_stop": false, "is_named": false}, "igualmente": {"lemma": "igualmente", "pos": "ADV", "is_stop": false, "is_named": false}, "visitado": {"lemma": "visitar", "pos": "VERB", "is_stop": false, "is_named": false}}}, "it": {"text": "avuto il piacere di assistere", "linguisticInfo": {"avuto": {"lemma": "avere", "pos": "V", "is_stop": true, "is_named": false}, "il": {"lemma": "il", "pos": "RD", "is_stop": true, "is_named": false}, "piacere": {"lemma": "piacere", "pos": "S", "is_stop": false, "is_named": false}, "di": {"lemma": "di", "pos": "E", "is_stop": true, "is_named": false}, "assistere": {"lemma": "assistere", "pos": "V", "is_stop": false, "is_named": false}}}}}, {"id": "R45", "subj": {"type": "Non-human_Patient", "pt": {"text": "os trabalhos da barragem do Pocinho", "linguisticInfo": {"os": {"lemma": "o", "pos": "DET", "is_stop": true, "is_named": false}, "trabalhos": {"lemma": "trabalho", "pos": "NOUN", "is_stop": false, "is_named": false}, "da": {"lemma": "da", "pos": "ADP", "is_stop": true, "is_named": false}, "barragem": {"lemma": "barragem", "pos": "PROPN", "is_stop": false, "is_named": false}, "do": {"lemma": "do", "pos": "ADP", "is_stop": true, "is_named": false}, "Pocinho": {"lemma": "Pocinho", "pos": "PROPN", "is_stop": false, "is_named": true}}}, "it": {"text": "i lavori per la", "linguisticInfo": {"i": {"lemma": "il", "pos": "RD", "is_stop": false, "is_named": false}, "lavori": {"lemma": "lavoro", "pos": "S", "is_stop": false, "is_named": false}, "per": {"lemma": "per", "pos": "E", "is_stop": true, "is_named": false}, "la": {"lemma": "il", "pos": "RD", "is_stop": true, "is_named": false}}}}, "obj": {"type": "Event", "pt": {"text": "tendo igualmente visitado", "linguisticInfo": {"tendo": {"lemma": "ter", "pos": "AUX", "is_stop": false, "is_named": false}, "igualmente": {"lemma": "igualmente", "pos": "ADV", "is_stop": false, "is_named": false}, "visitado": {"lemma": "visitar", "pos": "VERB", "is_stop": false, "is_named": false}}}, "it": {"text": "avuto il piacere di assistere", "linguisticInfo": {"avuto": {"lemma": "avere", "pos": "V", "is_stop": true, "is_named": false}, "il": {"lemma": "il", "pos": "RD", "is_stop": true, "is_named": false}, "piacere": {"lemma": "piacere", "pos": "S", "is_stop": false, "is_named": false}, "di": {"lemma": "di", "pos": "E", "is_stop": true, "is_named": false}, "assistere": {"lemma": "assistere", "pos": "V", "is_stop": false, "is_named": false}}}}}]}}