{"sentences_0": {"itText": "NULL nell&apos; ambito dei festeggiamenti del 483 \u00b0 anniversario della santa casa della misericordia di lisbona , si \u00e8 tenuto uno spettacolo di variet\u00e0 al teatro s. lu\u00eds a cui hanno preso parte i pensionati e gli anziani che frequentano i centri diurni e i centri anziani dell \u2019 istituzione . le celebrazioni si sono concluse ieri con un incontro tra il personale , seguito da una merenda presieduta dal ministro degli affari sociali , il dott. carlos macedo .", "ptText": "integradas nas comemora\u00e7\u00f5es do 483 . anivers\u00e1rio da santa casa da miseric\u00f3rdia de lisboa realizou -se , no teatro de s. lu\u00eds um espect\u00e1culo de variedades em que participaram reformados e idosos que frequentam os centros de dia e terceira idade daquela institui\u00e7\u00e3o . as comemora\u00e7\u00f5es terminaram ontem com um conv\u00edvio do pessoal , a que se seguiu um lanche presidido pelo ministro dos assuntos sociais , dr. carlos macedo . \n", "relations": [{"id": "R5", "subj": {"type": "Time", "pt": {"text": "ontem", "linguisticInfo": {"ontem": {"lemma": "ontem", "pos": "ADV", "is_stop": true, "is_named": false}}}, "it": {"text": "ieri", "linguisticInfo": {"ieri": {"lemma": "ieri", "pos": "B", "is_stop": true, "is_named": false}}}}, "obj": {"type": "Event", "pt": {"text": "As comemora\u00e7\u00f5es terminaram", "linguisticInfo": {"As": {"lemma": "As", "pos": "DET", "is_stop": true, "is_named": true}, "comemora\u00e7\u00f5es": {"lemma": "comemora\u00e7\u00e3o", "pos": "NOUN", "is_stop": false, "is_named": false}, "terminaram": {"lemma": "terminar", "pos": "VERB", "is_stop": false, "is_named": false}}}, "it": {"text": "le celebrazioni concluse", "linguisticInfo": {"le": {"lemma": "il", "pos": "RD", "is_stop": true, "is_named": false}, "celebrazioni": {"lemma": "celebrazione", "pos": "S", "is_stop": false, "is_named": false}, "concluse": {"lemma": "concludere", "pos": "V", "is_stop": false, "is_named": false}}}}}, {"id": "R6", "subj": {"type": "Oth_location", "pt": {"text": "em que", "linguisticInfo": {"em": {"lemma": "em", "pos": "ADP", "is_stop": true, "is_named": false}, "que": {"lemma": "que", "pos": "PRON", "is_stop": true, "is_named": false}}}, "it": {"text": "a cui", "linguisticInfo": {"a": {"lemma": "a", "pos": "E", "is_stop": true, "is_named": false}, "cui": {"lemma": "cui", "pos": "PR", "is_stop": true, "is_named": false}}}}, "obj": {"type": "Event", "pt": {"text": "participaram", "linguisticInfo": {"participaram": {"lemma": "participar", "pos": "VERB", "is_stop": false, "is_named": false}}}, "it": {"text": "preso", "linguisticInfo": {"preso": {"lemma": "prendere", "pos": "V", "is_stop": false, "is_named": false}}}}}, {"id": "R8", "subj": {"type": "Non-human_Patient", "pt": {"text": "um lanche", "linguisticInfo": {"um": {"lemma": "um", "pos": "DET", "is_stop": true, "is_named": false}, "lanche": {"lemma": "lanchar", "pos": "NOUN", "is_stop": false, "is_named": false}}}, "it": {"text": "una merenda", "linguisticInfo": {"una": {"lemma": "uno", "pos": "RI", "is_stop": true, "is_named": false}, "merenda": {"lemma": "merenda", "pos": "S", "is_stop": false, "is_named": false}}}}, "obj": {"type": "Event", "pt": {"text": "presidido", "linguisticInfo": {"presidido": {"lemma": "presidir", "pos": "VERB", "is_stop": false, "is_named": false}}}, "it": {"text": "presieduta", "linguisticInfo": {"presieduta": {"lemma": "presiedere", "pos": "V", "is_stop": false, "is_named": false}}}}}]}, "sentences_3": {"itText": "NULL nel frattempo , ieri pomeriggio , si sono svolte le prove sportive nelle nuove strutture delle colonie estive della fondazione inatel , alla costa de caparica , a cui \u00e9 seguito uno spettacolo musicale in cui si sono esibiti le bande e i gruppi musicali folcloristici dell \u2019 inatel e il complesso di chitarre e violini della santa casa della misericordia di lisbona .", "ptText": "entretanto , ontem , \u00e0 tarde , realizaram -se nas novas instala\u00e7\u00f5es da col\u00f3nia de f\u00e9rias do inatel , na costa da caparica , provas desportivas , a que se seguiu um espect\u00e1culo musical com actua\u00e7\u00f5es de bandas e grupos folcl\u00f3ricos do inatel e o grupo de guitarras e violas da santa casa da miseric\u00f3rdia de lisboa . \n", "relations": [{"id": "R17", "subj": {"type": "Oth_argument", "pt": {"text": "com actua\u00e7\u00f5es", "linguisticInfo": {"com": {"lemma": "com", "pos": "ADP", "is_stop": true, "is_named": false}, "actua\u00e7\u00f5es": {"lemma": "actua\u00e7\u00e3o", "pos": "NOUN", "is_stop": false, "is_named": false}}}, "it": {"text": "esibiti", "linguisticInfo": {"esibiti": {"lemma": "esibire", "pos": "V", "is_stop": false, "is_named": false}}}}, "obj": {"type": "Event", "pt": {"text": "um espect\u00e1culo musical", "linguisticInfo": {"um": {"lemma": "um", "pos": "DET", "is_stop": true, "is_named": false}, "espect\u00e1culo": {"lemma": "espect\u00e1culo", "pos": "NOUN", "is_stop": false, "is_named": false}, "musical": {"lemma": "musical", "pos": "ADJ", "is_stop": false, "is_named": false}}}, "it": {"text": "uno spettacolo musicale", "linguisticInfo": {"uno": {"lemma": "un", "pos": "RI", "is_stop": true, "is_named": false}, "spettacolo": {"lemma": "spettacolo", "pos": "S", "is_stop": false, "is_named": false}, "musicale": {"lemma": "musicale", "pos": "A", "is_stop": false, "is_named": false}}}}}, {"id": "R18", "subj": {"type": "Human_Agent", "pt": {"text": "bandas e grupos folcl\u00f3ricos do Inatel e o grupo de guitarras e violas da Santa Casa da Miseric\u00f3rdia de Lisboa", "linguisticInfo": {"bandas": {"lemma": "bandar", "pos": "NOUN", "is_stop": false, "is_named": false}, "e": {"lemma": "e", "pos": "CCONJ", "is_stop": true, "is_named": false}, "grupos": {"lemma": "grupo", "pos": "NOUN", "is_stop": false, "is_named": false}, "folcl\u00f3ricos": {"lemma": "folcl\u00f3rico", "pos": "ADJ", "is_stop": false, "is_named": false}, "do": {"lemma": "do", "pos": "ADP", "is_stop": true, "is_named": false}, "Inatel": {"lemma": "Inatel", "pos": "PROPN", "is_stop": false, "is_named": true}, "o": {"lemma": "o", "pos": "DET", "is_stop": true, "is_named": false}, "grupo": {"lemma": "grupar", "pos": "NOUN", "is_stop": true, "is_named": false}, "de": {"lemma": "de", "pos": "ADP", "is_stop": true, "is_named": false}, "guitarras": {"lemma": "guitarra", "pos": "NOUN", "is_stop": false, "is_named": false}, "violas": {"lemma": "violar", "pos": "NOUN", "is_stop": false, "is_named": false}, "da": {"lemma": "da", "pos": "ADP", "is_stop": true, "is_named": false}, "Santa": {"lemma": "Santa", "pos": "PROPN", "is_stop": false, "is_named": true}, "Casa": {"lemma": "Casa", "pos": "PROPN", "is_stop": false, "is_named": true}, "Miseric\u00f3rdia": {"lemma": "Miseric\u00f3rdia", "pos": "PROPN", "is_stop": false, "is_named": true}, "Lisboa": {"lemma": "Lisboa", "pos": "PROPN", "is_stop": false, "is_named": true}}}, "it": {"text": "bande e gruppi folcloristici dell inatel e il complesso di chitarre e violini della santa casa della misericordia di lisbona", "linguisticInfo": {"bande": {"lemma": "banda", "pos": "S", "is_stop": false, "is_named": false}, "e": {"lemma": "e", "pos": "CC", "is_stop": false, "is_named": false}, "gruppi": {"lemma": "gruppo", "pos": "S", "is_stop": false, "is_named": false}, "folcloristici": {"lemma": "folcloristico", "pos": "A", "is_stop": false, "is_named": false}, "dell": {"lemma": "dell", "pos": "SP", "is_stop": true, "is_named": false}, "inatel": {"lemma": "inatel", "pos": "V", "is_stop": false, "is_named": false}, "il": {"lemma": "il", "pos": "RD", "is_stop": true, "is_named": false}, "complesso": {"lemma": "complesso", "pos": "S", "is_stop": false, "is_named": false}, "di": {"lemma": "di", "pos": "E", "is_stop": true, "is_named": false}, "chitarre": {"lemma": "chitarra", "pos": "S", "is_stop": false, "is_named": false}, "violini": {"lemma": "violino", "pos": "S", "is_stop": false, "is_named": false}, "della": {"lemma": "della", "pos": "E_RD", "is_stop": true, "is_named": false}, "santa": {"lemma": "santo", "pos": "A", "is_stop": false, "is_named": false}, "casa": {"lemma": "casa", "pos": "S", "is_stop": true, "is_named": false}, "misericordia": {"lemma": "misericordia", "pos": "S", "is_stop": false, "is_named": false}, "lisbona": {"lemma": "lisbona", "pos": "S", "is_stop": false, "is_named": false}}}}, "obj": {"type": "Event", "pt": {"text": "actua\u00e7\u00f5es", "linguisticInfo": {"actua\u00e7\u00f5es": {"lemma": "actua\u00e7\u00e3o", "pos": "NOUN", "is_stop": false, "is_named": false}}}, "it": {"text": "esibiti", "linguisticInfo": {"esibiti": {"lemma": "esibire", "pos": "V", "is_stop": false, "is_named": false}}}}}]}, "sentences_4": {"itText": "NULL nel corso della cerimonia , presieduta dal ministro degli affari sociali , il dott. carlos macedo , sono state consegnate le medaglie d \u2019 argento ai dipendenti con oltre 35 anni di servizio .", "ptText": "aos funcion\u00e1rios com mais de 35 anos de servi\u00e7o foram distribu\u00eddos emblemas de prata durante uma cerim\u00f3nia presidida pelo ministro dos assuntos sociais , dr. carlos macedo . \n", "relations": [{"id": "R20", "subj": {"type": "Non-human_Patient", "pt": {"text": "emblemas de prata", "linguisticInfo": {"emblemas": {"lemma": "emblemar", "pos": "NOUN", "is_stop": false, "is_named": false}, "de": {"lemma": "de", "pos": "ADP", "is_stop": true, "is_named": false}, "prata": {"lemma": "prata", "pos": "NOUN", "is_stop": false, "is_named": false}}}, "it": {"text": "medaglie d argento", "linguisticInfo": {"medaglie": {"lemma": "medaglia", "pos": "S", "is_stop": false, "is_named": false}, "d": {"lemma": "d", "pos": "E", "is_stop": false, "is_named": false}, "argento": {"lemma": "argento", "pos": "S", "is_stop": false, "is_named": false}}}}, "obj": {"type": "Event", "pt": {"text": "foram distribu\u00eddos", "linguisticInfo": {"foram": {"lemma": "ser", "pos": "AUX", "is_stop": true, "is_named": false}, "distribu\u00eddos": {"lemma": "distribuir", "pos": "VERB", "is_stop": false, "is_named": false}}}, "it": {"text": "state consegnate", "linguisticInfo": {"state": {"lemma": "stare", "pos": "VA", "is_stop": true, "is_named": false}, "consegnate": {"lemma": "consegnare", "pos": "V", "is_stop": false, "is_named": false}}}}}, {"id": "R22", "subj": {"type": "Time", "pt": {"text": "durante uma cerim\u00f3nia presidida pelo ministro dos Assuntos Sociais , dr. Carlos Macedo", "linguisticInfo": {"durante": {"lemma": "durante", "pos": "ADP", "is_stop": false, "is_named": false}, "uma": {"lemma": "umar", "pos": "DET", "is_stop": true, "is_named": false}, "cerim\u00f3nia": {"lemma": "cerim\u00f3nia", "pos": "NOUN", "is_stop": false, "is_named": false}, "presidida": {"lemma": "presidir", "pos": "VERB", "is_stop": false, "is_named": false}, "pelo": {"lemma": "pelar", "pos": "ADP", "is_stop": true, "is_named": false}, "ministro": {"lemma": "ministrar", "pos": "NOUN", "is_stop": false, "is_named": false}, "dos": {"lemma": "dos", "pos": "ADP", "is_stop": true, "is_named": false}, "Assuntos": {"lemma": "Assuntos", "pos": "PROPN", "is_stop": false, "is_named": true}, "Sociais": {"lemma": "Sociais", "pos": "PROPN", "is_stop": false, "is_named": true}, ",": {"lemma": ",", "pos": "PUNCT", "is_stop": false, "is_named": false}, "dr.": {"lemma": "dr.", "pos": "NOUN", "is_stop": false, "is_named": false}, "Carlos": {"lemma": "Carlos", "pos": "PROPN", "is_stop": false, "is_named": true}, "Macedo": {"lemma": "Macedo", "pos": "PROPN", "is_stop": false, "is_named": true}}}, "it": {"text": "corso della cerimonia", "linguisticInfo": {"corso": {"lemma": "corso", "pos": "S", "is_stop": false, "is_named": false}, "della": {"lemma": "della", "pos": "E_RD", "is_stop": true, "is_named": false}, "cerimonia": {"lemma": "cerimonia", "pos": "S", "is_stop": false, "is_named": false}}}}, "obj": {"type": "Event", "pt": {"text": "foram distribu\u00eddos", "linguisticInfo": {"foram": {"lemma": "ser", "pos": "AUX", "is_stop": true, "is_named": false}, "distribu\u00eddos": {"lemma": "distribuir", "pos": "VERB", "is_stop": false, "is_named": false}}}, "it": {"text": "state consegnate", "linguisticInfo": {"state": {"lemma": "stare", "pos": "VA", "is_stop": true, "is_named": false}, "consegnate": {"lemma": "consegnare", "pos": "V", "is_stop": false, "is_named": false}}}}}, {"id": "R16", "subj": {"type": "Human_Patient", "pt": {"text": "aos funcion\u00e1rios com mais de 35 anos de servi\u00e7o", "linguisticInfo": {"aos": {"lemma": "aos", "pos": "ADP", "is_stop": true, "is_named": false}, "funcion\u00e1rios": {"lemma": "funcion\u00e1rio", "pos": "NOUN", "is_stop": false, "is_named": false}, "com": {"lemma": "com", "pos": "ADP", "is_stop": true, "is_named": false}, "mais": {"lemma": "mais", "pos": "ADV", "is_stop": true, "is_named": false}, "de": {"lemma": "de", "pos": "ADP", "is_stop": true, "is_named": false}, "35": {"lemma": "35", "pos": "NUM", "is_stop": false, "is_named": false}, "anos": {"lemma": "ano", "pos": "NOUN", "is_stop": false, "is_named": false}, "servi\u00e7o": {"lemma": "servi\u00e7o", "pos": "NOUN", "is_stop": false, "is_named": false}}}, "it": {"text": "ai dipendenti con oltre 35 anni", "linguisticInfo": {"ai": {"lemma": "al", "pos": "E_RD", "is_stop": true, "is_named": false}, "dipendenti": {"lemma": "dipendente", "pos": "S", "is_stop": false, "is_named": false}, "con": {"lemma": "con", "pos": "E", "is_stop": true, "is_named": false}, "oltre": {"lemma": "oltre", "pos": "B", "is_stop": true, "is_named": false}, "35": {"lemma": "35", "pos": "N", "is_stop": false, "is_named": false}, "anni": {"lemma": "anno", "pos": "S", "is_stop": true, "is_named": false}}}}, "obj": {"type": "Event", "pt": {"text": "foram distribu\u00eddos", "linguisticInfo": {"foram": {"lemma": "ser", "pos": "AUX", "is_stop": true, "is_named": false}, "distribu\u00eddos": {"lemma": "distribuir", "pos": "VERB", "is_stop": false, "is_named": false}}}, "it": {"text": "state consegnate", "linguisticInfo": {"state": {"lemma": "stare", "pos": "VA", "is_stop": true, "is_named": false}, "consegnate": {"lemma": "consegnare", "pos": "V", "is_stop": false, "is_named": false}}}}}]}, "sentences_1": {"itText": "NULL lo spettacolo , realizzato nel teatro s. lu\u00eds , ha potuto contare sulla partecipazione dell \u2019 orchestra leggera della radiodiffusione portoghese , diretta da jos\u00e9 mesquita , e sulla conduzione di maria leonor e marques vidal .", "ptText": "o espect\u00e1culo , realizado no teatro de s. lu\u00eds , contou com a colabora\u00e7\u00e3o da orquestra ligeira da rdp , sob a direc\u00e7\u00e3o de jos\u00e9 mesquita , estando a apresenta\u00e7\u00e3o a cargo de maria leonor e marques vidal . \n", "relations": [{"id": "R9", "subj": {"type": "Oth_location", "pt": {"text": "no Teatro de S. Lu\u00eds", "linguisticInfo": {"no": {"lemma": "o", "pos": "ADP", "is_stop": true, "is_named": false}, "Teatro": {"lemma": "Teatro", "pos": "PROPN", "is_stop": false, "is_named": true}, "de": {"lemma": "de", "pos": "ADP", "is_stop": true, "is_named": false}, "S.": {"lemma": "S.", "pos": "PROPN", "is_stop": false, "is_named": true}, "Lu\u00eds": {"lemma": "Lu\u00eds", "pos": "PROPN", "is_stop": false, "is_named": true}}}, "it": {"text": "nel teatro s. lu\u00eds", "linguisticInfo": {"nel": {"lemma": "nel", "pos": "E_RD", "is_stop": true, "is_named": false}, "teatro": {"lemma": "teatro", "pos": "S", "is_stop": false, "is_named": false}, "s.": {"lemma": "s.", "pos": "SP", "is_stop": false, "is_named": false}, "lu\u00eds": {"lemma": "lu\u00eds", "pos": "A", "is_stop": false, "is_named": false}}}}, "obj": {"type": "Event", "pt": {"text": "O espect\u00e1culo , realizado", "linguisticInfo": {"O": {"lemma": "O", "pos": "DET", "is_stop": true, "is_named": true}, "espect\u00e1culo": {"lemma": "espect\u00e1culo", "pos": "NOUN", "is_stop": false, "is_named": false}, ",": {"lemma": ",", "pos": "PUNCT", "is_stop": false, "is_named": false}, "realizado": {"lemma": "realizar", "pos": "VERB", "is_stop": false, "is_named": false}}}, "it": {"text": "lo spettacolo , realizzato", "linguisticInfo": {"lo": {"lemma": "il", "pos": "RD", "is_stop": true, "is_named": false}, "spettacolo": {"lemma": "spettacolo", "pos": "S", "is_stop": false, "is_named": false}, ",": {"lemma": ",", "pos": "FF", "is_stop": false, "is_named": false}, "realizzato": {"lemma": "realizzare", "pos": "V", "is_stop": false, "is_named": false}}}}}, {"id": "R10", "subj": {"type": "Human_Agent", "pt": {"text": "Maria Leonor e Marques Vidal", "linguisticInfo": {"Maria": {"lemma": "Maria", "pos": "PROPN", "is_stop": false, "is_named": true}, "Leonor": {"lemma": "Leonor", "pos": "PROPN", "is_stop": false, "is_named": true}, "e": {"lemma": "e", "pos": "CCONJ", "is_stop": true, "is_named": false}, "Marques": {"lemma": "Marques", "pos": "PROPN", "is_stop": false, "is_named": true}, "Vidal": {"lemma": "Vidal", "pos": "PROPN", "is_stop": false, "is_named": true}}}, "it": {"text": "maria leonor e marques vidal", "linguisticInfo": {"maria": {"lemma": "maria", "pos": "A", "is_stop": false, "is_named": false}, "leonor": {"lemma": "leonor", "pos": "S", "is_stop": false, "is_named": false}, "e": {"lemma": "e", "pos": "CC", "is_stop": false, "is_named": false}, "marques": {"lemma": "marques", "pos": "SW", "is_stop": false, "is_named": false}, "vidal": {"lemma": "vidal", "pos": "B", "is_stop": false, "is_named": false}}}}, "obj": {"type": "Event", "pt": {"text": "a apresenta\u00e7\u00e3o", "linguisticInfo": {"a": {"lemma": "o", "pos": "DET", "is_stop": true, "is_named": false}, "apresenta\u00e7\u00e3o": {"lemma": "apresenta\u00e7\u00e3o", "pos": "NOUN", "is_stop": false, "is_named": false}}}, "it": {"text": "conduzione", "linguisticInfo": {"conduzione": {"lemma": "conduzione", "pos": "S", "is_stop": false, "is_named": false}}}}}]}}