{"sentences_0": {"itText": "NULL i presidenti delle giunte regionali di madera e delle azzorre incontreranno , in udienze separate , il ministro dei trasporti e delle comunicazioni , per esaminare le circostanze legate al recente aumento dei prezzi dei collegamenti aerei con gli arcipelaghi , dovuto all \u2019 aggiornamento delle tariffe attuate dai trasporti aerei portoghesi ( tap ) .", "ptText": "os presidentes dos governos regionais da madeira e dos a\u00e7ores v\u00e3o avistar -se , em audi\u00eancias separadas , com o ministro dos transportes e comunica\u00e7\u00f5es , para aprecia\u00e7\u00e3o das quest\u00f5es suscitadas pelo recente agravamento dos custos das liga\u00e7\u00f5es a\u00e9reas com aqueles arquip\u00e9lagos , decorrente da actualiza\u00e7\u00e3o de tarifas , posta em pr\u00e1tica pelos transportes a\u00e9reos portugueses . \n", "relations": [{"id": "R6", "subj": {"type": "Non-human_Patient", "pt": {"text": "das liga\u00e7\u00f5es a\u00e9reas com aqueles arquip\u00e9lagos", "linguisticInfo": {"das": {"lemma": "das", "pos": "ADP", "is_stop": true, "is_named": false}, "liga\u00e7\u00f5es": {"lemma": "liga\u00e7\u00e3o", "pos": "NOUN", "is_stop": false, "is_named": false}, "a\u00e9reas": {"lemma": "a\u00e9reo", "pos": "ADJ", "is_stop": false, "is_named": false}, "com": {"lemma": "com", "pos": "ADP", "is_stop": true, "is_named": false}, "aqueles": {"lemma": "aquele", "pos": "DET", "is_stop": true, "is_named": false}, "arquip\u00e9lagos": {"lemma": "arquip\u00e9lago", "pos": "NOUN", "is_stop": false, "is_named": false}}}, "it": {"text": "dei collegamenti aerei con gli arcipelaghi", "linguisticInfo": {"dei": {"lemma": "del", "pos": "E_RD", "is_stop": true, "is_named": false}, "collegamenti": {"lemma": "collegamento", "pos": "S", "is_stop": false, "is_named": false}, "aerei": {"lemma": "aereo", "pos": "A", "is_stop": false, "is_named": false}, "con": {"lemma": "con", "pos": "E", "is_stop": true, "is_named": false}, "gli": {"lemma": "il", "pos": "RD", "is_stop": true, "is_named": false}, "arcipelaghi": {"lemma": "arcipelago", "pos": "S", "is_stop": false, "is_named": false}}}}, "obj": {"type": "Event", "pt": {"text": "agravamento dos custos", "linguisticInfo": {"agravamento": {"lemma": "agravamento", "pos": "NOUN", "is_stop": false, "is_named": false}, "dos": {"lemma": "dos", "pos": "ADP", "is_stop": true, "is_named": false}, "custos": {"lemma": "custo", "pos": "NOUN", "is_stop": false, "is_named": false}}}, "it": {"text": "aumento dei prezzi", "linguisticInfo": {"aumento": {"lemma": "aumento", "pos": "S", "is_stop": false, "is_named": false}, "dei": {"lemma": "del", "pos": "E_RD", "is_stop": true, "is_named": false}, "prezzi": {"lemma": "prezzo", "pos": "S", "is_stop": false, "is_named": false}}}}}, {"id": "R7", "subj": {"type": "Non-human_Patient", "pt": {"text": "tarifas", "linguisticInfo": {"tarifas": {"lemma": "tarifar", "pos": "NOUN", "is_stop": false, "is_named": false}}}, "it": {"text": "tariffe", "linguisticInfo": {"tariffe": {"lemma": "tariffa", "pos": "S", "is_stop": false, "is_named": false}}}}, "obj": {"type": "Event", "pt": {"text": "actualiza\u00e7\u00e3o", "linguisticInfo": {"actualiza\u00e7\u00e3o": {"lemma": "actualiza\u00e7\u00e3o", "pos": "NOUN", "is_stop": false, "is_named": false}}}, "it": {"text": "aggiornamento", "linguisticInfo": {"aggiornamento": {"lemma": "aggiornamento", "pos": "V", "is_stop": false, "is_named": false}}}}}]}, "sentences_3": {"itText": "NULL in merito all&apos; aumento delle tariffe verificatosi nel traffico aereo con le isole , mota amaral ritiene che l&apos; aggiornamento praticato dalla tap non sia il nocciolo della questione , essendo comprensibile vista la situazione mondiale , ci\u00f2 che \u00e8 necessario \u00e8 , per\u00f2 , \u00ab un accordo ragionevole che non pregiudichi le prospettive per lo sviluppo economico delle due regioni autonome \u00bb .", "ptText": "no tocante ao aumento das tarifas verificado no tr\u00e1fego a\u00e9reo com as ilhas , mota amaral considera que n\u00e3o est\u00e1 em causa a actualiza\u00e7\u00e3o praticada pela tap , compreens\u00edvel devido \u00e0 conjuntura mundial , tornando -se , por\u00e9m , necess\u00e1rio \u00ab um ajustamento razo\u00e1vel que n\u00e3o prejudique as perspectivas de desenvolvimento econ\u00f3mico das duas regi\u00f5es aut\u00f3nomas \u00bb . \n", "relations": [{"id": "R7", "subj": {"type": "Non-human_Patient", "pt": {"text": "tarifas", "linguisticInfo": {"tarifas": {"lemma": "tarifar", "pos": "NOUN", "is_stop": false, "is_named": false}}}, "it": {"text": "tariffe", "linguisticInfo": {"tariffe": {"lemma": "tariffa", "pos": "S", "is_stop": false, "is_named": false}}}}, "obj": {"type": "Event", "pt": {"text": "actualiza\u00e7\u00e3o", "linguisticInfo": {"actualiza\u00e7\u00e3o": {"lemma": "actualiza\u00e7\u00e3o", "pos": "NOUN", "is_stop": false, "is_named": false}}}, "it": {"text": "aggiornamento", "linguisticInfo": {"aggiornamento": {"lemma": "aggiornamento", "pos": "V", "is_stop": false, "is_named": false}}}}}, {"id": "R26", "subj": {"type": "Oth_location", "pt": {"text": "no tr\u00e1fego a\u00e9reo com as ilhas", "linguisticInfo": {"no": {"lemma": "o", "pos": "ADP", "is_stop": true, "is_named": false}, "tr\u00e1fego": {"lemma": "tr\u00e1fego", "pos": "NOUN", "is_stop": false, "is_named": false}, "a\u00e9reo": {"lemma": "a\u00e9reo", "pos": "ADJ", "is_stop": false, "is_named": false}, "com": {"lemma": "com", "pos": "ADP", "is_stop": true, "is_named": false}, "as": {"lemma": "o", "pos": "DET", "is_stop": true, "is_named": false}, "ilhas": {"lemma": "ilhar", "pos": "NOUN", "is_stop": false, "is_named": false}}}, "it": {"text": "nel traffico aereo con le isole", "linguisticInfo": {"nel": {"lemma": "nel", "pos": "E_RD", "is_stop": true, "is_named": false}, "traffico": {"lemma": "traffico", "pos": "S", "is_stop": false, "is_named": false}, "aereo": {"lemma": "aereo", "pos": "A", "is_stop": false, "is_named": false}, "con": {"lemma": "con", "pos": "E", "is_stop": true, "is_named": false}, "le": {"lemma": "il", "pos": "RD", "is_stop": true, "is_named": false}, "isole": {"lemma": "isola", "pos": "S", "is_stop": false, "is_named": false}}}}, "obj": {"type": "Event", "pt": {"text": "verificado", "linguisticInfo": {"verificado": {"lemma": "verificar", "pos": "VERB", "is_stop": false, "is_named": false}}}, "it": {"text": "verificatosi", "linguisticInfo": {"verificatosi": {"lemma": "verificatosi", "pos": "S", "is_stop": false, "is_named": false}}}}}, {"id": "R27", "subj": {"type": "Human_Agent", "pt": {"text": "TAP", "linguisticInfo": {"TAP": {"lemma": "TAP", "pos": "PROPN", "is_stop": false, "is_named": true}}}, "it": {"text": "tap", "linguisticInfo": {"tap": {"lemma": "tap", "pos": "S", "is_stop": false, "is_named": false}}}}, "obj": {"type": "Event", "pt": {"text": "a actualiza\u00e7\u00e3o praticada", "linguisticInfo": {"a": {"lemma": "o", "pos": "DET", "is_stop": true, "is_named": false}, "actualiza\u00e7\u00e3o": {"lemma": "actualiza\u00e7\u00e3o", "pos": "NOUN", "is_stop": false, "is_named": false}, "praticada": {"lemma": "praticar", "pos": "VERB", "is_stop": false, "is_named": false}}}, "it": {"text": "l&apos; aggiornamento praticato", "linguisticInfo": {"l&apos": {"lemma": "l&apos", "pos": "B", "is_stop": false, "is_named": false}, ";": {"lemma": ";", "pos": "FC", "is_stop": false, "is_named": false}, "aggiornamento": {"lemma": "aggiornamento", "pos": "V", "is_stop": false, "is_named": false}, "praticato": {"lemma": "praticare", "pos": "V", "is_stop": false, "is_named": false}}}}}, {"id": "R28", "subj": {"type": "Non-human_Patient", "pt": {"text": "as perspectivas de desenvolvimento econ\u00f3mico das duas Regi\u00f5es Aut\u00f3nomas", "linguisticInfo": {"as": {"lemma": "o", "pos": "DET", "is_stop": true, "is_named": false}, "perspectivas": {"lemma": "perspectivo", "pos": "NOUN", "is_stop": false, "is_named": false}, "de": {"lemma": "de", "pos": "ADP", "is_stop": true, "is_named": false}, "desenvolvimento": {"lemma": "desenvolvimento", "pos": "NOUN", "is_stop": false, "is_named": false}, "econ\u00f3mico": {"lemma": "econ\u00f3mico", "pos": "ADJ", "is_stop": false, "is_named": false}, "das": {"lemma": "das", "pos": "ADP", "is_stop": true, "is_named": false}, "duas": {"lemma": "dois", "pos": "NUM", "is_stop": true, "is_named": false}, "Regi\u00f5es": {"lemma": "Regi\u00f5es", "pos": "PROPN", "is_stop": false, "is_named": true}, "Aut\u00f3nomas": {"lemma": "Aut\u00f3nomas", "pos": "PROPN", "is_stop": false, "is_named": true}}}, "it": {"text": "le isole , prospettive per lo", "linguisticInfo": {"le": {"lemma": "il", "pos": "RD", "is_stop": true, "is_named": false}, "isole": {"lemma": "isola", "pos": "S", "is_stop": false, "is_named": false}, ",": {"lemma": ",", "pos": "FF", "is_stop": false, "is_named": false}, "prospettive": {"lemma": "prospettivo", "pos": "A", "is_stop": false, "is_named": false}, "per": {"lemma": "per", "pos": "E", "is_stop": true, "is_named": false}, "lo": {"lemma": "il", "pos": "RD", "is_stop": true, "is_named": false}}}}, "obj": {"type": "Event", "pt": {"text": "n\u00e3o prejudique", "linguisticInfo": {"n\u00e3o": {"lemma": "n\u00e3o", "pos": "ADV", "is_stop": true, "is_named": false}, "prejudique": {"lemma": "prejudicar", "pos": "VERB", "is_stop": false, "is_named": false}}}, "it": {"text": "non pregiudichi", "linguisticInfo": {"non": {"lemma": "non", "pos": "BN", "is_stop": true, "is_named": false}, "pregiudichi": {"lemma": "pregiudichi", "pos": "A", "is_stop": false, "is_named": false}}}}}, {"id": "R29", "subj": {"type": "Non-human_Agent", "pt": {"text": "que", "linguisticInfo": {"que": {"lemma": "que", "pos": "SCONJ", "is_stop": true, "is_named": false}}}, "it": {"text": "", "linguisticInfo": {}}}, "obj": {"type": "Event", "pt": {"text": "n\u00e3o prejudique", "linguisticInfo": {"n\u00e3o": {"lemma": "n\u00e3o", "pos": "ADV", "is_stop": true, "is_named": false}, "prejudique": {"lemma": "prejudicar", "pos": "VERB", "is_stop": false, "is_named": false}}}, "it": {"text": "non pregiudichi", "linguisticInfo": {"non": {"lemma": "non", "pos": "BN", "is_stop": true, "is_named": false}, "pregiudichi": {"lemma": "pregiudichi", "pos": "A", "is_stop": false, "is_named": false}}}}}]}, "sentences_1": {"itText": "NULL dopodomani , viana batista , discuter\u00e0 con aleberto jo\u00e3o jardim del problema e , il giorno successivo , con mota amaral , che attualmente si trova a parigi , per partecipare alla riunione della commissione permanente alla conferenza dei poteri locali e regionali del consiglio d \u2019 europa .", "ptText": "depois de amanh\u00e3 , viana batista discutir\u00e1 o problema com alberto jo\u00e3o jardim e , no dia seguinte , com mota amaral que se encontra em paris , para participar na reuni\u00e3o da comiss\u00e3o permanente da confer\u00eancia dos poderes locais e regionais do conselho da europa . \n", "relations": [{"id": "R10", "subj": {"type": "Time", "pt": {"text": "Depois de amanh\u00e3", "linguisticInfo": {"Depois": {"lemma": "Depois", "pos": "ADV", "is_stop": true, "is_named": true}, "de": {"lemma": "de", "pos": "ADP", "is_stop": true, "is_named": false}, "amanh\u00e3": {"lemma": "amanh\u00e3", "pos": "ADV", "is_stop": false, "is_named": false}}}, "it": {"text": "dopodomani , viana", "linguisticInfo": {"dopodomani": {"lemma": "dopodomani", "pos": "S", "is_stop": false, "is_named": false}, ",": {"lemma": ",", "pos": "FF", "is_stop": false, "is_named": false}, "viana": {"lemma": "viana", "pos": "A", "is_stop": false, "is_named": false}}}}, "obj": {"type": "Event", "pt": {"text": "discutir\u00e1", "linguisticInfo": {"discutir\u00e1": {"lemma": "discutir", "pos": "VERB", "is_stop": false, "is_named": false}}}, "it": {"text": "aleberto", "linguisticInfo": {"aleberto": {"lemma": "aleberto", "pos": "S", "is_stop": false, "is_named": false}}}}}, {"id": "R11", "subj": {"type": "Human_Agent", "pt": {"text": "Viana Batista", "linguisticInfo": {"Viana": {"lemma": "Viana", "pos": "PROPN", "is_stop": false, "is_named": true}, "Batista": {"lemma": "Batista", "pos": "PROPN", "is_stop": false, "is_named": true}}}, "it": {"text": "viana batista", "linguisticInfo": {"viana": {"lemma": "viana", "pos": "A", "is_stop": false, "is_named": false}, "batista": {"lemma": "batista", "pos": "S", "is_stop": false, "is_named": false}}}}, "obj": {"type": "Event", "pt": {"text": "discutir\u00e1", "linguisticInfo": {"discutir\u00e1": {"lemma": "discutir", "pos": "VERB", "is_stop": false, "is_named": false}}}, "it": {"text": "aleberto", "linguisticInfo": {"aleberto": {"lemma": "aleberto", "pos": "S", "is_stop": false, "is_named": false}}}}}, {"id": "R12", "subj": {"type": "Non-human_Patient", "pt": {"text": "o problema", "linguisticInfo": {"o": {"lemma": "o", "pos": "DET", "is_stop": true, "is_named": false}, "problema": {"lemma": "problema", "pos": "NOUN", "is_stop": false, "is_named": false}}}, "it": {"text": "discuter\u00e0", "linguisticInfo": {"discuter\u00e0": {"lemma": "discutere", "pos": "V", "is_stop": false, "is_named": false}}}}, "obj": {"type": "Event", "pt": {"text": "discutir\u00e1", "linguisticInfo": {"discutir\u00e1": {"lemma": "discutir", "pos": "VERB", "is_stop": false, "is_named": false}}}, "it": {"text": "aleberto", "linguisticInfo": {"aleberto": {"lemma": "aleberto", "pos": "S", "is_stop": false, "is_named": false}}}}}, {"id": "R13", "subj": {"type": "Human_Oth_participant", "pt": {"text": "com Alberto Jo\u00e3o Jardim", "linguisticInfo": {"com": {"lemma": "com", "pos": "ADP", "is_stop": true, "is_named": false}, "Alberto": {"lemma": "Alberto", "pos": "PROPN", "is_stop": false, "is_named": true}, "Jo\u00e3o": {"lemma": "Jo\u00e3o", "pos": "PROPN", "is_stop": false, "is_named": true}, "Jardim": {"lemma": "Jardim", "pos": "PROPN", "is_stop": false, "is_named": true}}}, "it": {"text": "con aleberto jo\u00e3o jardim", "linguisticInfo": {"con": {"lemma": "con", "pos": "E", "is_stop": true, "is_named": false}, "aleberto": {"lemma": "aleberto", "pos": "A", "is_stop": false, "is_named": false}, "jo\u00e3o": {"lemma": "jo\u00e3o", "pos": "S", "is_stop": false, "is_named": false}, "jardim": {"lemma": "jardim", "pos": "A", "is_stop": false, "is_named": false}}}}, "obj": {"type": "Event", "pt": {"text": "discutir\u00e1", "linguisticInfo": {"discutir\u00e1": {"lemma": "discutir", "pos": "VERB", "is_stop": false, "is_named": false}}}, "it": {"text": "aleberto", "linguisticInfo": {"aleberto": {"lemma": "aleberto", "pos": "S", "is_stop": false, "is_named": false}}}}}, {"id": "R14", "subj": {"type": "Time", "pt": {"text": "no dia seguinte", "linguisticInfo": {"no": {"lemma": "o", "pos": "ADP", "is_stop": true, "is_named": false}, "dia": {"lemma": "dia", "pos": "NOUN", "is_stop": false, "is_named": false}, "seguinte": {"lemma": "seguinte", "pos": "ADJ", "is_stop": false, "is_named": false}}}, "it": {"text": "giorno successivo", "linguisticInfo": {"giorno": {"lemma": "giorno", "pos": "S", "is_stop": true, "is_named": false}, "successivo": {"lemma": "successivo", "pos": "A", "is_stop": true, "is_named": false}}}}, "obj": {"type": "Event", "pt": {"text": "discutir\u00e1", "linguisticInfo": {"discutir\u00e1": {"lemma": "discutir", "pos": "VERB", "is_stop": false, "is_named": false}}}, "it": {"text": "aleberto", "linguisticInfo": {"aleberto": {"lemma": "aleberto", "pos": "S", "is_stop": false, "is_named": false}}}}}, {"id": "R15", "subj": {"type": "Human_Oth_participant", "pt": {"text": "com Mota Amaral", "linguisticInfo": {"com": {"lemma": "com", "pos": "ADP", "is_stop": true, "is_named": false}, "Mota": {"lemma": "Mota", "pos": "PROPN", "is_stop": false, "is_named": true}, "Amaral": {"lemma": "Amaral", "pos": "PROPN", "is_stop": false, "is_named": true}}}, "it": {"text": "con mota amaral", "linguisticInfo": {"con": {"lemma": "con", "pos": "E", "is_stop": true, "is_named": false}, "mota": {"lemma": "mota", "pos": "S", "is_stop": false, "is_named": false}, "amaral": {"lemma": "amaral", "pos": "A", "is_stop": false, "is_named": false}}}}, "obj": {"type": "Event", "pt": {"text": "discutir\u00e1", "linguisticInfo": {"discutir\u00e1": {"lemma": "discutir", "pos": "VERB", "is_stop": false, "is_named": false}}}, "it": {"text": "aleberto", "linguisticInfo": {"aleberto": {"lemma": "aleberto", "pos": "S", "is_stop": false, "is_named": false}}}}}]}, "sentences_2": {"itText": "NULL il capo dell \u2019 esecutivo di ponta delgada afferm\u00f2 , nelle dichiarazioni preliminari , che nella riunione che si svolger\u00e0 a funchal , il 19 , saranno presenti membri della commissione mista di madera e delle azzorre con l \u2019 obiettivo di fare \u00ab una riflessione congiunta riguardo ai problemi che potranno sorgere e per definire posizioni in merito alla revisione costituzionale in termini soddisfacenti per le regioni autonome \u00bb .", "ptText": "o chefe do executivo de ponta delgada , em declara\u00e7\u00f5es \u00e0 partida , disse que decorrer\u00e1 no funchal , no dia 19 , uma reuni\u00e3o em que estar\u00e3o presentes membros da comiss\u00e3o mista dos a\u00e7ores e madeira , com vista a \u00ab uma reflex\u00e3o conjunta dos problemas a suscitar e para acertar posi\u00e7\u00f5es em rela\u00e7\u00e3o \u00e0 revis\u00e3o constitucional em termos satisfat\u00f3rios para as regi\u00f5es aut\u00f3nomas \u00bb . \n", "relations": [{"id": "R17", "subj": {"type": "Human_Agent", "pt": {"text": "O chefe do Executivo de Ponta Delgada", "linguisticInfo": {"O": {"lemma": "O", "pos": "DET", "is_stop": true, "is_named": true}, "chefe": {"lemma": "chefe", "pos": "NOUN", "is_stop": false, "is_named": false}, "do": {"lemma": "do", "pos": "ADP", "is_stop": true, "is_named": false}, "Executivo": {"lemma": "Executivo", "pos": "PROPN", "is_stop": false, "is_named": true}, "de": {"lemma": "de", "pos": "ADP", "is_stop": true, "is_named": false}, "Ponta": {"lemma": "Ponta", "pos": "PROPN", "is_stop": false, "is_named": true}, "Delgada": {"lemma": "Delgada", "pos": "VERB", "is_stop": false, "is_named": true}}}, "it": {"text": "il capo dell esecutivo di ponta delgada", "linguisticInfo": {"il": {"lemma": "il", "pos": "RD", "is_stop": true, "is_named": false}, "capo": {"lemma": "capo", "pos": "S", "is_stop": false, "is_named": false}, "dell": {"lemma": "dell", "pos": "S", "is_stop": true, "is_named": false}, "esecutivo": {"lemma": "esecutivo", "pos": "A", "is_stop": false, "is_named": false}, "di": {"lemma": "di", "pos": "E", "is_stop": true, "is_named": false}, "ponta": {"lemma": "ponta", "pos": "A", "is_stop": false, "is_named": false}, "delgada": {"lemma": "delgada", "pos": "S", "is_stop": false, "is_named": false}}}}, "obj": {"type": "Event", "pt": {"text": "disse", "linguisticInfo": {"disse": {"lemma": "dizer", "pos": "VERB", "is_stop": false, "is_named": false}}}, "it": {"text": "afferm\u00f2", "linguisticInfo": {"afferm\u00f2": {"lemma": "affermare", "pos": "V", "is_stop": false, "is_named": false}}}}}, {"id": "R18", "subj": {"type": "Time", "pt": {"text": "\u00e0 partida", "linguisticInfo": {"\u00e0": {"lemma": "\u00e0", "pos": "ADP", "is_stop": true, "is_named": false}, "partida": {"lemma": "partir", "pos": "NOUN", "is_stop": false, "is_named": false}}}, "it": {"text": "preliminari", "linguisticInfo": {"preliminari": {"lemma": "preliminare", "pos": "A", "is_stop": false, "is_named": false}}}}, "obj": {"type": "Event", "pt": {"text": "declara\u00e7\u00f5es", "linguisticInfo": {"declara\u00e7\u00f5es": {"lemma": "declara\u00e7\u00e3o", "pos": "NOUN", "is_stop": false, "is_named": false}}}, "it": {"text": "dichiarazioni", "linguisticInfo": {"dichiarazioni": {"lemma": "dichiarazione", "pos": "S", "is_stop": false, "is_named": false}}}}}, {"id": "R21", "subj": {"type": "Non-human_Patient", "pt": {"text": "dos problemas a suscitar", "linguisticInfo": {"dos": {"lemma": "dos", "pos": "ADP", "is_stop": true, "is_named": false}, "problemas": {"lemma": "problema", "pos": "NOUN", "is_stop": false, "is_named": false}, "a": {"lemma": "o", "pos": "SCONJ", "is_stop": true, "is_named": false}, "suscitar": {"lemma": "suscitar", "pos": "VERB", "is_stop": false, "is_named": false}}}, "it": {"text": "ai problemi che potranno", "linguisticInfo": {"ai": {"lemma": "al", "pos": "E_RD", "is_stop": true, "is_named": false}, "problemi": {"lemma": "problema", "pos": "S", "is_stop": false, "is_named": false}, "che": {"lemma": "che", "pos": "PR", "is_stop": true, "is_named": false}, "potranno": {"lemma": "potere", "pos": "VM", "is_stop": false, "is_named": false}}}}, "obj": {"type": "Event", "pt": {"text": "uma reflex\u00e3o conjunta", "linguisticInfo": {"uma": {"lemma": "umar", "pos": "DET", "is_stop": true, "is_named": false}, "reflex\u00e3o": {"lemma": "reflex\u00e3o", "pos": "NOUN", "is_stop": false, "is_named": false}, "conjunta": {"lemma": "conjunto", "pos": "ADJ", "is_stop": false, "is_named": false}}}, "it": {"text": "una riflessione congiunta", "linguisticInfo": {"una": {"lemma": "uno", "pos": "RI", "is_stop": true, "is_named": false}, "riflessione": {"lemma": "riflessione", "pos": "S", "is_stop": false, "is_named": false}, "congiunta": {"lemma": "congiunto", "pos": "A", "is_stop": false, "is_named": false}}}}}, {"id": "R22", "subj": {"type": "Non-human_Oth_participant", "pt": {"text": "em rela\u00e7\u00e3o \u00e0 revis\u00e3o constitucional em termos satisfat\u00f3rios para as Regi\u00f5es Aut\u00f3nomas", "linguisticInfo": {"em": {"lemma": "em", "pos": "ADP", "is_stop": true, "is_named": false}, "rela\u00e7\u00e3o": {"lemma": "rela\u00e7\u00e3o", "pos": "NOUN", "is_stop": true, "is_named": false}, "\u00e0": {"lemma": "\u00e0", "pos": "ADP", "is_stop": true, "is_named": false}, "revis\u00e3o": {"lemma": "revis\u00e3o", "pos": "NOUN", "is_stop": false, "is_named": false}, "constitucional": {"lemma": "constitucional", "pos": "ADJ", "is_stop": false, "is_named": false}, "termos": {"lemma": "termo", "pos": "NOUN", "is_stop": false, "is_named": false}, "satisfat\u00f3rios": {"lemma": "satisfat\u00f3rio", "pos": "ADJ", "is_stop": false, "is_named": false}, "para": {"lemma": "parir", "pos": "ADP", "is_stop": true, "is_named": false}, "as": {"lemma": "o", "pos": "DET", "is_stop": true, "is_named": false}, "Regi\u00f5es": {"lemma": "Regi\u00f5es", "pos": "PROPN", "is_stop": false, "is_named": true}, "Aut\u00f3nomas": {"lemma": "Aut\u00f3nomas", "pos": "PROPN", "is_stop": false, "is_named": true}}}, "it": {"text": "in merito alla revisione costituzionale in termini soddisfacenti per le regioni autonome", "linguisticInfo": {"in": {"lemma": "in", "pos": "E", "is_stop": true, "is_named": false}, "merito": {"lemma": "merito", "pos": "S", "is_stop": false, "is_named": false}, "alla": {"lemma": "alla", "pos": "E_RD", "is_stop": true, "is_named": false}, "revisione": {"lemma": "revisione", "pos": "S", "is_stop": false, "is_named": false}, "costituzionale": {"lemma": "costituzionale", "pos": "A", "is_stop": false, "is_named": false}, "termini": {"lemma": "termine", "pos": "S", "is_stop": false, "is_named": false}, "soddisfacenti": {"lemma": "soddisfacente", "pos": "A", "is_stop": false, "is_named": false}, "per": {"lemma": "per", "pos": "E", "is_stop": true, "is_named": false}, "le": {"lemma": "il", "pos": "RD", "is_stop": true, "is_named": false}, "regioni": {"lemma": "regione", "pos": "S", "is_stop": false, "is_named": false}, "autonome": {"lemma": "autonomo", "pos": "A", "is_stop": false, "is_named": false}}}}, "obj": {"type": "Event", "pt": {"text": "acertar", "linguisticInfo": {"acertar": {"lemma": "acertar", "pos": "VERB", "is_stop": false, "is_named": false}}}, "it": {"text": "definire", "linguisticInfo": {"definire": {"lemma": "definire", "pos": "V", "is_stop": false, "is_named": false}}}}}, {"id": "R23", "subj": {"type": "Non-human_Patient", "pt": {"text": "posi\u00e7\u00f5es", "linguisticInfo": {"posi\u00e7\u00f5es": {"lemma": "posi\u00e7\u00e3o", "pos": "NOUN", "is_stop": false, "is_named": false}}}, "it": {"text": "posizioni", "linguisticInfo": {"posizioni": {"lemma": "posizione", "pos": "S", "is_stop": false, "is_named": false}}}}, "obj": {"type": "Event", "pt": {"text": "acertar", "linguisticInfo": {"acertar": {"lemma": "acertar", "pos": "VERB", "is_stop": false, "is_named": false}}}, "it": {"text": "definire", "linguisticInfo": {"definire": {"lemma": "definire", "pos": "V", "is_stop": false, "is_named": false}}}}}]}, "sentences_4": {"itText": "NULL \u00ab se ci dovessimo trovare di fronte ad un impasse \u00bb , sottolinea , \u00ab attiveremo i meccanismi che la costituzione e le legge ci consentono per opporci ad un \u2019 ordinanza , formalmente e materialmente , incostituzionale e che viola le disposizioni dello statuto delle regioni autonome \u00bb , ha dichiarato mota amaral .", "ptText": "\u00ab se houver um impasse \u00bb , frisou , \u00ab accionaremos os mecanismos que a constitui\u00e7\u00e3o e a lei nos facultam para nos opormos \u00e0 portaria que \u00e9 , formal e materialmente , inconstitucional e violadora das disposi\u00e7\u00f5es do estatuto das regi\u00f5es aut\u00f3nomas \u00bb , disse mota amaral . \n", "relations": [{"id": "R43", "subj": {"type": "Non-human_Patient", "pt": {"text": "os mecanismos que a Constitui\u00e7\u00e3o e a lei nos facultam", "linguisticInfo": {"os": {"lemma": "o", "pos": "DET", "is_stop": true, "is_named": false}, "mecanismos": {"lemma": "mecanismo", "pos": "NOUN", "is_stop": false, "is_named": false}, "que": {"lemma": "que", "pos": "PRON", "is_stop": true, "is_named": false}, "a": {"lemma": "o", "pos": "DET", "is_stop": true, "is_named": false}, "Constitui\u00e7\u00e3o": {"lemma": "Constitui\u00e7\u00e3o", "pos": "NOUN", "is_stop": false, "is_named": true}, "e": {"lemma": "e", "pos": "CCONJ", "is_stop": true, "is_named": false}, "lei": {"lemma": "lei", "pos": "NOUN", "is_stop": false, "is_named": false}, "nos": {"lemma": "o", "pos": "PRON", "is_stop": true, "is_named": false}, "facultam": {"lemma": "facultar", "pos": "VERB", "is_stop": false, "is_named": false}}}, "it": {"text": "i meccanismi che la costituzione e le legge", "linguisticInfo": {"i": {"lemma": "il", "pos": "RD", "is_stop": false, "is_named": false}, "meccanismi": {"lemma": "meccanismo", "pos": "S", "is_stop": false, "is_named": false}, "che": {"lemma": "che", "pos": "PR", "is_stop": true, "is_named": false}, "la": {"lemma": "il", "pos": "RD", "is_stop": true, "is_named": false}, "costituzione": {"lemma": "costituzione", "pos": "S", "is_stop": false, "is_named": false}, "e": {"lemma": "e", "pos": "CC", "is_stop": false, "is_named": false}, "le": {"lemma": "il", "pos": "RD", "is_stop": true, "is_named": false}, "legge": {"lemma": "legge", "pos": "S", "is_stop": false, "is_named": false}}}}, "obj": {"type": "Event", "pt": {"text": "accionaremos", "linguisticInfo": {"accionaremos": {"lemma": "accionar", "pos": "VERB", "is_stop": false, "is_named": false}}}, "it": {"text": "attiveremo", "linguisticInfo": {"attiveremo": {"lemma": "attivare", "pos": "V", "is_stop": false, "is_named": false}}}}}, {"id": "R44", "subj": {"type": "Human_Agent", "pt": {"text": "nos", "linguisticInfo": {"nos": {"lemma": "o", "pos": "ADP", "is_stop": true, "is_named": false}}}, "it": {"text": "ci", "linguisticInfo": {"ci": {"lemma": "ci", "pos": "PC", "is_stop": true, "is_named": false}}}}, "obj": {"type": "Event", "pt": {"text": "opormos", "linguisticInfo": {"opormos": {"lemma": "opor", "pos": "NOUN", "is_stop": false, "is_named": false}}}, "it": {"text": "opporci", "linguisticInfo": {"opporci": {"lemma": "opporre", "pos": "V_PC", "is_stop": false, "is_named": false}}}}}, {"id": "R45", "subj": {"type": "Non-human_Patient", "pt": {"text": "\u00e0 portaria que \u00e9 , formal e materialmente , inconstitucional e violadora das disposi\u00e7\u00f5es do Estatuto das Regi\u00f5es Aut\u00f3nomas", "linguisticInfo": {"\u00e0": {"lemma": "\u00e0", "pos": "ADP", "is_stop": true, "is_named": false}, "portaria": {"lemma": "portar", "pos": "NOUN", "is_stop": false, "is_named": false}, "que": {"lemma": "que", "pos": "PRON", "is_stop": true, "is_named": false}, "\u00e9": {"lemma": "ser", "pos": "AUX", "is_stop": true, "is_named": false}, ",": {"lemma": ",", "pos": "PUNCT", "is_stop": false, "is_named": false}, "formal": {"lemma": "formal", "pos": "ADJ", "is_stop": false, "is_named": false}, "e": {"lemma": "e", "pos": "CCONJ", "is_stop": true, "is_named": false}, "materialmente": {"lemma": "materialmente", "pos": "ADV", "is_stop": false, "is_named": false}, "inconstitucional": {"lemma": "inconstitucional", "pos": "ADJ", "is_stop": false, "is_named": false}, "violadora": {"lemma": "violador", "pos": "NOUN", "is_stop": false, "is_named": false}, "das": {"lemma": "das", "pos": "ADP", "is_stop": true, "is_named": false}, "disposi\u00e7\u00f5es": {"lemma": "disposi\u00e7\u00e3o", "pos": "NOUN", "is_stop": false, "is_named": false}, "do": {"lemma": "do", "pos": "ADP", "is_stop": true, "is_named": false}, "Estatuto": {"lemma": "Estatuto", "pos": "PROPN", "is_stop": false, "is_named": true}, "Regi\u00f5es": {"lemma": "Regi\u00f5es", "pos": "PROPN", "is_stop": false, "is_named": true}, "Aut\u00f3nomas": {"lemma": "Aut\u00f3nomas", "pos": "PROPN", "is_stop": false, "is_named": true}}}, "it": {"text": "\u00ab se ordinanza , formalmente che viola le", "linguisticInfo": {"\u00ab": {"lemma": "\u00ab", "pos": "FB", "is_stop": false, "is_named": false}, "se": {"lemma": "se", "pos": "CS", "is_stop": true, "is_named": false}, "ordinanza": {"lemma": "ordinanza", "pos": "V", "is_stop": false, "is_named": false}, ",": {"lemma": ",", "pos": "FF", "is_stop": false, "is_named": false}, "formalmente": {"lemma": "formalmente", "pos": "B", "is_stop": false, "is_named": false}, "che": {"lemma": "che", "pos": "CS", "is_stop": true, "is_named": false}, "viola": {"lemma": "violare", "pos": "V", "is_stop": false, "is_named": false}, "le": {"lemma": "il", "pos": "RD", "is_stop": true, "is_named": false}}}}, "obj": {"type": "Event", "pt": {"text": "opormos", "linguisticInfo": {"opormos": {"lemma": "opor", "pos": "NOUN", "is_stop": false, "is_named": false}}}, "it": {"text": "opporci", "linguisticInfo": {"opporci": {"lemma": "opporre", "pos": "V_PC", "is_stop": false, "is_named": false}}}}}, {"id": "R46", "subj": {"type": "Non-human_Agent", "pt": {"text": "a Constitui\u00e7\u00e3o e a lei", "linguisticInfo": {"a": {"lemma": "o", "pos": "DET", "is_stop": true, "is_named": false}, "Constitui\u00e7\u00e3o": {"lemma": "Constitui\u00e7\u00e3o", "pos": "PROPN", "is_stop": false, "is_named": true}, "e": {"lemma": "e", "pos": "CCONJ", "is_stop": true, "is_named": false}, "lei": {"lemma": "lei", "pos": "NOUN", "is_stop": false, "is_named": false}}}, "it": {"text": "la costituzione e le legge", "linguisticInfo": {"la": {"lemma": "il", "pos": "RD", "is_stop": true, "is_named": false}, "costituzione": {"lemma": "costituzione", "pos": "S", "is_stop": false, "is_named": false}, "e": {"lemma": "e", "pos": "CC", "is_stop": false, "is_named": false}, "le": {"lemma": "il", "pos": "RD", "is_stop": true, "is_named": false}, "legge": {"lemma": "legge", "pos": "S", "is_stop": false, "is_named": false}}}}, "obj": {"type": "Event", "pt": {"text": "facultam", "linguisticInfo": {"facultam": {"lemma": "facultar", "pos": "VERB", "is_stop": false, "is_named": false}}}, "it": {"text": "attiveremo", "linguisticInfo": {"attiveremo": {"lemma": "attivare", "pos": "V", "is_stop": false, "is_named": false}}}}}, {"id": "R47", "subj": {"type": "Human_Patient", "pt": {"text": "nos", "linguisticInfo": {"nos": {"lemma": "o", "pos": "ADP", "is_stop": true, "is_named": false}}}, "it": {"text": "ci", "linguisticInfo": {"ci": {"lemma": "ci", "pos": "PC", "is_stop": true, "is_named": false}}}}, "obj": {"type": "Event", "pt": {"text": "facultam", "linguisticInfo": {"facultam": {"lemma": "facultar", "pos": "VERB", "is_stop": false, "is_named": false}}}, "it": {"text": "attiveremo", "linguisticInfo": {"attiveremo": {"lemma": "attivare", "pos": "V", "is_stop": false, "is_named": false}}}}}, {"id": "R48", "subj": {"type": "Non-human_Oth_participant", "pt": {"text": "para nos opormos \u00e0 portaria que \u00e9 , formal e materialmente , inconstitucional e violadora das disposi\u00e7\u00f5es do Estatuto das Regi\u00f5es Aut\u00f3nomas", "linguisticInfo": {"para": {"lemma": "parir", "pos": "SCONJ", "is_stop": true, "is_named": false}, "nos": {"lemma": "o", "pos": "PRON", "is_stop": true, "is_named": false}, "opormos": {"lemma": "opor", "pos": "NOUN", "is_stop": false, "is_named": false}, "\u00e0": {"lemma": "\u00e0", "pos": "ADP", "is_stop": true, "is_named": false}, "portaria": {"lemma": "portar", "pos": "NOUN", "is_stop": false, "is_named": false}, "que": {"lemma": "que", "pos": "PRON", "is_stop": true, "is_named": false}, "\u00e9": {"lemma": "ser", "pos": "AUX", "is_stop": true, "is_named": false}, ",": {"lemma": ",", "pos": "PUNCT", "is_stop": false, "is_named": false}, "formal": {"lemma": "formal", "pos": "ADJ", "is_stop": false, "is_named": false}, "e": {"lemma": "e", "pos": "CCONJ", "is_stop": true, "is_named": false}, "materialmente": {"lemma": "materialmente", "pos": "ADV", "is_stop": false, "is_named": false}, "inconstitucional": {"lemma": "inconstitucional", "pos": "ADJ", "is_stop": false, "is_named": false}, "violadora": {"lemma": "violador", "pos": "NOUN", "is_stop": false, "is_named": false}, "das": {"lemma": "das", "pos": "ADP", "is_stop": true, "is_named": false}, "disposi\u00e7\u00f5es": {"lemma": "disposi\u00e7\u00e3o", "pos": "NOUN", "is_stop": false, "is_named": false}, "do": {"lemma": "do", "pos": "ADP", "is_stop": true, "is_named": false}, "Estatuto": {"lemma": "Estatuto", "pos": "PROPN", "is_stop": false, "is_named": true}, "Regi\u00f5es": {"lemma": "Regi\u00f5es", "pos": "PROPN", "is_stop": false, "is_named": true}, "Aut\u00f3nomas": {"lemma": "Aut\u00f3nomas", "pos": "PROPN", "is_stop": false, "is_named": true}}}, "it": {"text": "per opporci ad", "linguisticInfo": {"per": {"lemma": "per", "pos": "E", "is_stop": true, "is_named": false}, "opporci": {"lemma": "opporre", "pos": "V_PC", "is_stop": false, "is_named": false}, "ad": {"lemma": "ad", "pos": "E", "is_stop": true, "is_named": false}}}}, "obj": {"type": "Event", "pt": {"text": "facultam", "linguisticInfo": {"facultam": {"lemma": "facultar", "pos": "VERB", "is_stop": false, "is_named": false}}}, "it": {"text": "attiveremo", "linguisticInfo": {"attiveremo": {"lemma": "attivare", "pos": "V", "is_stop": false, "is_named": false}}}}}, {"id": "R49", "subj": {"type": "Human_Agent", "pt": {"text": "Mota Amaral", "linguisticInfo": {"Mota": {"lemma": "Mota", "pos": "PROPN", "is_stop": false, "is_named": true}, "Amaral": {"lemma": "Amaral", "pos": "PROPN", "is_stop": false, "is_named": true}}}, "it": {"text": "mota amaral", "linguisticInfo": {"mota": {"lemma": "mota", "pos": "S", "is_stop": false, "is_named": false}, "amaral": {"lemma": "amaral", "pos": "A", "is_stop": false, "is_named": false}}}}, "obj": {"type": "Event", "pt": {"text": "disse", "linguisticInfo": {"disse": {"lemma": "dizer", "pos": "VERB", "is_stop": false, "is_named": false}}}, "it": {"text": "dichiarato", "linguisticInfo": {"dichiarato": {"lemma": "dichiarare", "pos": "V", "is_stop": false, "is_named": false}}}}}]}, "sentences_5": {"itText": "NULL per quanto riguarda la riunione nella capitale francese , il capo dell \u2019 esecutivo delle azzorre , ha dichiarato di voler seguire alcune delle iniziative in corso , come per esempio la conferenza delle isole europee , la cui prima sessione si svolger\u00e0 ad aprile , alle canarie . ricordiamo che mota amaral ha gi\u00e0 svolto un ruolo di primo piano nella suddetta iniziativa quando , nel 1979 , manifest\u00f2 la necessit\u00e0 di risolvere i problemi specifici delle regioni insulari nell \u2019 ambito del consiglio d \u2019 europa .", "ptText": "no que se refere \u00e0 reuni\u00e3o da capital francesa , o chefe do executivo a\u00e7oriano disse das suas inten\u00e7\u00f5es de acompanhar algumas iniciativas em curso , nomeadamente a confer\u00eancia das ilhas europeias cuja primeira sess\u00e3o se efectuar\u00e1 , em abril , nas can\u00e1rias . recorde -se que mota amaral teve uma destacada ac\u00e7\u00e3o na referida iniciativa quando em 1979 manifestou a necessidade de resolu\u00e7\u00e3o dos problemas espec\u00edficos das regi\u00f5es insulares , no quadro do conselho da europa . \n", "relations": [{"id": "R49", "subj": {"type": "Human_Agent", "pt": {"text": "Mota Amaral", "linguisticInfo": {"Mota": {"lemma": "Mota", "pos": "PROPN", "is_stop": false, "is_named": true}, "Amaral": {"lemma": "Amaral", "pos": "PROPN", "is_stop": false, "is_named": true}}}, "it": {"text": "mota amaral", "linguisticInfo": {"mota": {"lemma": "mota", "pos": "S", "is_stop": false, "is_named": false}, "amaral": {"lemma": "amaral", "pos": "A", "is_stop": false, "is_named": false}}}}, "obj": {"type": "Event", "pt": {"text": "disse", "linguisticInfo": {"disse": {"lemma": "dizer", "pos": "VERB", "is_stop": false, "is_named": false}}}, "it": {"text": "dichiarato", "linguisticInfo": {"dichiarato": {"lemma": "dichiarare", "pos": "V", "is_stop": false, "is_named": false}}}}}, {"id": "R51", "subj": {"type": "Human_Agent", "pt": {"text": "o chefe do Executivo a\u00e7oriano", "linguisticInfo": {"o": {"lemma": "o", "pos": "DET", "is_stop": true, "is_named": false}, "chefe": {"lemma": "chefe", "pos": "NOUN", "is_stop": false, "is_named": false}, "do": {"lemma": "do", "pos": "ADP", "is_stop": true, "is_named": false}, "Executivo": {"lemma": "Executivo", "pos": "PROPN", "is_stop": false, "is_named": true}, "a\u00e7oriano": {"lemma": "a\u00e7oriano", "pos": "ADV", "is_stop": false, "is_named": false}}}, "it": {"text": "il capo dell esecutivo 1979", "linguisticInfo": {"il": {"lemma": "il", "pos": "RD", "is_stop": true, "is_named": false}, "capo": {"lemma": "capo", "pos": "S", "is_stop": false, "is_named": false}, "dell": {"lemma": "dell", "pos": "S", "is_stop": true, "is_named": false}, "esecutivo": {"lemma": "esecutivo", "pos": "A", "is_stop": false, "is_named": false}, "1979": {"lemma": "1979", "pos": "N", "is_stop": false, "is_named": false}}}}, "obj": {"type": "Event", "pt": {"text": "disse", "linguisticInfo": {"disse": {"lemma": "dizer", "pos": "VERB", "is_stop": false, "is_named": false}}}, "it": {"text": "dichiarato", "linguisticInfo": {"dichiarato": {"lemma": "dichiarare", "pos": "V", "is_stop": false, "is_named": false}}}}}, {"id": "R52", "subj": {"type": "Non-human_Oth_participant", "pt": {"text": "das suas inten\u00e7\u00f5es de acompanhar algumas iniciativas em curso , nomeadamente a Confer\u00eancia das Ilhas Europeias cuja primeira sess\u00e3o se efectuar\u00e1 , em Abril , nas Can\u00e1rias", "linguisticInfo": {"das": {"lemma": "das", "pos": "ADP", "is_stop": true, "is_named": false}, "suas": {"lemma": "suar", "pos": "DET", "is_stop": true, "is_named": false}, "inten\u00e7\u00f5es": {"lemma": "inten\u00e7\u00e3o", "pos": "NOUN", "is_stop": false, "is_named": false}, "de": {"lemma": "de", "pos": "SCONJ", "is_stop": true, "is_named": false}, "acompanhar": {"lemma": "acompanhar", "pos": "VERB", "is_stop": false, "is_named": false}, "algumas": {"lemma": "algum", "pos": "DET", "is_stop": true, "is_named": false}, "iniciativas": {"lemma": "iniciativo", "pos": "NOUN", "is_stop": false, "is_named": false}, "em": {"lemma": "em", "pos": "ADP", "is_stop": true, "is_named": false}, "curso": {"lemma": "cursar", "pos": "NOUN", "is_stop": false, "is_named": false}, ",": {"lemma": ",", "pos": "PUNCT", "is_stop": false, "is_named": false}, "nomeadamente": {"lemma": "nomeadamente", "pos": "ADV", "is_stop": false, "is_named": false}, "a": {"lemma": "o", "pos": "DET", "is_stop": true, "is_named": false}, "Confer\u00eancia": {"lemma": "Confer\u00eancia", "pos": "PROPN", "is_stop": false, "is_named": true}, "Ilhas": {"lemma": "Ilhas", "pos": "PROPN", "is_stop": false, "is_named": true}, "Europeias": {"lemma": "Europeias", "pos": "PROPN", "is_stop": false, "is_named": true}, "cuja": {"lemma": "cujo", "pos": "DET", "is_stop": true, "is_named": false}, "primeira": {"lemma": "primeiro", "pos": "ADJ", "is_stop": true, "is_named": false}, "sess\u00e3o": {"lemma": "sess\u00e3o", "pos": "NOUN", "is_stop": false, "is_named": false}, "se": {"lemma": "se", "pos": "PRON", "is_stop": true, "is_named": false}, "efectuar\u00e1": {"lemma": "efectuar", "pos": "VERB", "is_stop": false, "is_named": false}, "Abril": {"lemma": "Abril", "pos": "NOUN", "is_stop": false, "is_named": true}, "nas": {"lemma": "o", "pos": "ADP", "is_stop": true, "is_named": false}, "Can\u00e1rias": {"lemma": "Can\u00e1rias", "pos": "PROPN", "is_stop": false, "is_named": true}}}, "it": {"text": "1979 , manifest\u00f2", "linguisticInfo": {"1979": {"lemma": "1979", "pos": "N", "is_stop": false, "is_named": false}, ",": {"lemma": ",", "pos": "FF", "is_stop": false, "is_named": false}, "manifest\u00f2": {"lemma": "manifestare", "pos": "V", "is_stop": false, "is_named": false}}}}, "obj": {"type": "Event", "pt": {"text": "disse", "linguisticInfo": {"disse": {"lemma": "dizer", "pos": "VERB", "is_stop": false, "is_named": false}}}, "it": {"text": "dichiarato", "linguisticInfo": {"dichiarato": {"lemma": "dichiarare", "pos": "V", "is_stop": false, "is_named": false}}}}}, {"id": "R53", "subj": {"type": "Non-human_Patient", "pt": {"text": "algumas iniciativas em curso", "linguisticInfo": {"algumas": {"lemma": "algum", "pos": "DET", "is_stop": true, "is_named": false}, "iniciativas": {"lemma": "iniciativo", "pos": "NOUN", "is_stop": false, "is_named": false}, "em": {"lemma": "em", "pos": "ADP", "is_stop": true, "is_named": false}, "curso": {"lemma": "cursar", "pos": "NOUN", "is_stop": false, "is_named": false}}}, "it": {"text": "alcune iniziative in corso", "linguisticInfo": {"alcune": {"lemma": "alcun", "pos": "DI", "is_stop": false, "is_named": false}, "iniziative": {"lemma": "iniziativa", "pos": "S", "is_stop": false, "is_named": false}, "in": {"lemma": "in", "pos": "E", "is_stop": true, "is_named": false}, "corso": {"lemma": "corso", "pos": "S", "is_stop": false, "is_named": false}}}}, "obj": {"type": "Event", "pt": {"text": "acompanhar", "linguisticInfo": {"acompanhar": {"lemma": "acompanhar", "pos": "VERB", "is_stop": false, "is_named": false}}}, "it": {"text": "seguire", "linguisticInfo": {"seguire": {"lemma": "seguire", "pos": "V", "is_stop": false, "is_named": false}}}}}, {"id": "R54", "subj": {"type": "Time", "pt": {"text": "em Abril", "linguisticInfo": {"em": {"lemma": "em", "pos": "ADP", "is_stop": true, "is_named": false}, "Abril": {"lemma": "Abril", "pos": "NOUN", "is_stop": false, "is_named": true}}}, "it": {"text": "aprile", "linguisticInfo": {"aprile": {"lemma": "aprile", "pos": "S", "is_stop": false, "is_named": false}}}}, "obj": {"type": "Event", "pt": {"text": "primeira sess\u00e3o se efectuar\u00e1", "linguisticInfo": {"primeira": {"lemma": "primeiro", "pos": "ADJ", "is_stop": true, "is_named": false}, "sess\u00e3o": {"lemma": "sess\u00e3o", "pos": "NOUN", "is_stop": false, "is_named": false}, "se": {"lemma": "se", "pos": "PRON", "is_stop": true, "is_named": false}, "efectuar\u00e1": {"lemma": "efectuar", "pos": "VERB", "is_stop": false, "is_named": false}}}, "it": {"text": "prima sessione si 1979", "linguisticInfo": {"prima": {"lemma": "primo", "pos": "NO", "is_stop": true, "is_named": false}, "sessione": {"lemma": "sessione", "pos": "S", "is_stop": false, "is_named": false}, "si": {"lemma": "si", "pos": "PC", "is_stop": true, "is_named": false}, "1979": {"lemma": "1979", "pos": "N", "is_stop": false, "is_named": false}}}}}, {"id": "R55", "subj": {"type": "Geo_location", "pt": {"text": "nas Can\u00e1rias", "linguisticInfo": {"nas": {"lemma": "o", "pos": "ADP", "is_stop": true, "is_named": false}, "Can\u00e1rias": {"lemma": "Can\u00e1rias", "pos": "PROPN", "is_stop": false, "is_named": true}}}, "it": {"text": "alle canarie", "linguisticInfo": {"alle": {"lemma": "alla", "pos": "E_RD", "is_stop": true, "is_named": false}, "canarie": {"lemma": "canarie", "pos": "S", "is_stop": false, "is_named": false}}}}, "obj": {"type": "Event", "pt": {"text": "primeira sess\u00e3o se efectuar\u00e1", "linguisticInfo": {"primeira": {"lemma": "primeiro", "pos": "ADJ", "is_stop": true, "is_named": false}, "sess\u00e3o": {"lemma": "sess\u00e3o", "pos": "NOUN", "is_stop": false, "is_named": false}, "se": {"lemma": "se", "pos": "PRON", "is_stop": true, "is_named": false}, "efectuar\u00e1": {"lemma": "efectuar", "pos": "VERB", "is_stop": false, "is_named": false}}}, "it": {"text": "prima sessione si 1979", "linguisticInfo": {"prima": {"lemma": "primo", "pos": "NO", "is_stop": true, "is_named": false}, "sessione": {"lemma": "sessione", "pos": "S", "is_stop": false, "is_named": false}, "si": {"lemma": "si", "pos": "PC", "is_stop": true, "is_named": false}, "1979": {"lemma": "1979", "pos": "N", "is_stop": false, "is_named": false}}}}}, {"id": "R56", "subj": {"type": "Human_Agent", "pt": {"text": "Mota Amaral", "linguisticInfo": {"Mota": {"lemma": "Mota", "pos": "PROPN", "is_stop": false, "is_named": true}, "Amaral": {"lemma": "Amaral", "pos": "PROPN", "is_stop": false, "is_named": true}}}, "it": {"text": "mota amaral", "linguisticInfo": {"mota": {"lemma": "mota", "pos": "S", "is_stop": false, "is_named": false}, "amaral": {"lemma": "amaral", "pos": "A", "is_stop": false, "is_named": false}}}}, "obj": {"type": "Event", "pt": {"text": "teve uma destacada ac\u00e7\u00e3o", "linguisticInfo": {"teve": {"lemma": "ter", "pos": "VERB", "is_stop": true, "is_named": false}, "uma": {"lemma": "umar", "pos": "DET", "is_stop": true, "is_named": false}, "destacada": {"lemma": "destacar", "pos": "ADJ", "is_stop": false, "is_named": false}, "ac\u00e7\u00e3o": {"lemma": "ac\u00e7\u00e3o", "pos": "NOUN", "is_stop": false, "is_named": false}}}, "it": {"text": "ha dichiarato di", "linguisticInfo": {"ha": {"lemma": "avere", "pos": "VA", "is_stop": true, "is_named": false}, "dichiarato": {"lemma": "dichiarare", "pos": "V", "is_stop": false, "is_named": false}, "di": {"lemma": "di", "pos": "E", "is_stop": true, "is_named": false}}}}}, {"id": "R57", "subj": {"type": "Oth_location", "pt": {"text": "na referida iniciativa", "linguisticInfo": {"na": {"lemma": "o", "pos": "ADP", "is_stop": true, "is_named": false}, "referida": {"lemma": "referir", "pos": "VERB", "is_stop": false, "is_named": false}, "iniciativa": {"lemma": "iniciativo", "pos": "ADJ", "is_stop": false, "is_named": false}}}, "it": {"text": "nella suddetta iniziativa", "linguisticInfo": {"nella": {"lemma": "nella", "pos": "E_RD", "is_stop": true, "is_named": false}, "suddetta": {"lemma": "suddetto", "pos": "A", "is_stop": false, "is_named": false}, "iniziativa": {"lemma": "iniziativa", "pos": "S", "is_stop": false, "is_named": false}}}}, "obj": {"type": "Event", "pt": {"text": "teve uma destacada ac\u00e7\u00e3o", "linguisticInfo": {"teve": {"lemma": "ter", "pos": "VERB", "is_stop": true, "is_named": false}, "uma": {"lemma": "umar", "pos": "DET", "is_stop": true, "is_named": false}, "destacada": {"lemma": "destacar", "pos": "ADJ", "is_stop": false, "is_named": false}, "ac\u00e7\u00e3o": {"lemma": "ac\u00e7\u00e3o", "pos": "NOUN", "is_stop": false, "is_named": false}}}, "it": {"text": "ha dichiarato di", "linguisticInfo": {"ha": {"lemma": "avere", "pos": "VA", "is_stop": true, "is_named": false}, "dichiarato": {"lemma": "dichiarare", "pos": "V", "is_stop": false, "is_named": false}, "di": {"lemma": "di", "pos": "E", "is_stop": true, "is_named": false}}}}}, {"id": "R58", "subj": {"type": "Time", "pt": {"text": "quando em 1979 manifestou a necessidade de resolu\u00e7\u00e3o dos problemas espec\u00edficos das regi\u00f5es insulares , no quadro do Conselho da Europa", "linguisticInfo": {"quando": {"lemma": "quando", "pos": "ADV", "is_stop": true, "is_named": false}, "em": {"lemma": "em", "pos": "ADP", "is_stop": true, "is_named": false}, "1979": {"lemma": "1979", "pos": "NUM", "is_stop": false, "is_named": false}, "manifestou": {"lemma": "manifestar", "pos": "VERB", "is_stop": false, "is_named": false}, "a": {"lemma": "o", "pos": "DET", "is_stop": true, "is_named": false}, "necessidade": {"lemma": "necessidade", "pos": "NOUN", "is_stop": false, "is_named": false}, "de": {"lemma": "de", "pos": "ADP", "is_stop": true, "is_named": false}, "resolu\u00e7\u00e3o": {"lemma": "resolu\u00e7\u00e3o", "pos": "NOUN", "is_stop": false, "is_named": false}, "dos": {"lemma": "dos", "pos": "ADP", "is_stop": true, "is_named": false}, "problemas": {"lemma": "problema", "pos": "NOUN", "is_stop": false, "is_named": false}, "espec\u00edficos": {"lemma": "espec\u00edfico", "pos": "ADJ", "is_stop": false, "is_named": false}, "das": {"lemma": "das", "pos": "ADP", "is_stop": true, "is_named": false}, "regi\u00f5es": {"lemma": "regi\u00e3o", "pos": "NOUN", "is_stop": false, "is_named": false}, "insulares": {"lemma": "insular", "pos": "ADJ", "is_stop": false, "is_named": false}, ",": {"lemma": ",", "pos": "PUNCT", "is_stop": false, "is_named": false}, "no": {"lemma": "o", "pos": "ADP", "is_stop": true, "is_named": false}, "quadro": {"lemma": "quadrar", "pos": "NOUN", "is_stop": false, "is_named": false}, "do": {"lemma": "do", "pos": "ADP", "is_stop": true, "is_named": false}, "Conselho": {"lemma": "Conselho", "pos": "PROPN", "is_stop": true, "is_named": true}, "da": {"lemma": "da", "pos": "ADP", "is_stop": true, "is_named": false}, "Europa": {"lemma": "Europa", "pos": "PROPN", "is_stop": false, "is_named": true}}}, "it": {"text": "quando , nel", "linguisticInfo": {"quando": {"lemma": "quando", "pos": "CS", "is_stop": true, "is_named": false}, ",": {"lemma": ",", "pos": "FF", "is_stop": false, "is_named": false}, "nel": {"lemma": "nel", "pos": "E_RD", "is_stop": true, "is_named": false}}}}, "obj": {"type": "Event", "pt": {"text": "teve uma destacada ac\u00e7\u00e3o", "linguisticInfo": {"teve": {"lemma": "ter", "pos": "VERB", "is_stop": true, "is_named": false}, "uma": {"lemma": "umar", "pos": "DET", "is_stop": true, "is_named": false}, "destacada": {"lemma": "destacar", "pos": "ADJ", "is_stop": false, "is_named": false}, "ac\u00e7\u00e3o": {"lemma": "ac\u00e7\u00e3o", "pos": "NOUN", "is_stop": false, "is_named": false}}}, "it": {"text": "ha dichiarato di", "linguisticInfo": {"ha": {"lemma": "avere", "pos": "VA", "is_stop": true, "is_named": false}, "dichiarato": {"lemma": "dichiarare", "pos": "V", "is_stop": false, "is_named": false}, "di": {"lemma": "di", "pos": "E", "is_stop": true, "is_named": false}}}}}, {"id": "R59", "subj": {"type": "Time", "pt": {"text": "em 1979", "linguisticInfo": {"em": {"lemma": "em", "pos": "ADP", "is_stop": true, "is_named": false}, "1979": {"lemma": "1979", "pos": "NUM", "is_stop": false, "is_named": false}}}, "it": {"text": "1979", "linguisticInfo": {"1979": {"lemma": "1979", "pos": "N", "is_stop": false, "is_named": false}}}}, "obj": {"type": "Event", "pt": {"text": "manifestou", "linguisticInfo": {"manifestou": {"lemma": "manifestar", "pos": "VERB", "is_stop": false, "is_named": false}}}, "it": {"text": "manifest\u00f2", "linguisticInfo": {"manifest\u00f2": {"lemma": "manifestare", "pos": "V", "is_stop": false, "is_named": false}}}}}, {"id": "R60", "subj": {"type": "Non-human_Oth_participant", "pt": {"text": "a necessidade de resolu\u00e7\u00e3o dos problemas espec\u00edficos das regi\u00f5es insulares , no quadro do Conselho da Europa", "linguisticInfo": {"a": {"lemma": "o", "pos": "DET", "is_stop": true, "is_named": false}, "necessidade": {"lemma": "necessidade", "pos": "NOUN", "is_stop": false, "is_named": false}, "de": {"lemma": "de", "pos": "ADP", "is_stop": true, "is_named": false}, "resolu\u00e7\u00e3o": {"lemma": "resolu\u00e7\u00e3o", "pos": "NOUN", "is_stop": false, "is_named": false}, "dos": {"lemma": "dos", "pos": "ADP", "is_stop": true, "is_named": false}, "problemas": {"lemma": "problema", "pos": "NOUN", "is_stop": false, "is_named": false}, "espec\u00edficos": {"lemma": "espec\u00edfico", "pos": "ADJ", "is_stop": false, "is_named": false}, "das": {"lemma": "das", "pos": "ADP", "is_stop": true, "is_named": false}, "regi\u00f5es": {"lemma": "regi\u00e3o", "pos": "NOUN", "is_stop": false, "is_named": false}, "insulares": {"lemma": "insular", "pos": "ADJ", "is_stop": false, "is_named": false}, ",": {"lemma": ",", "pos": "PUNCT", "is_stop": false, "is_named": false}, "no": {"lemma": "o", "pos": "ADP", "is_stop": true, "is_named": false}, "quadro": {"lemma": "quadrar", "pos": "NOUN", "is_stop": false, "is_named": false}, "do": {"lemma": "do", "pos": "ADP", "is_stop": true, "is_named": false}, "Conselho": {"lemma": "Conselho", "pos": "PROPN", "is_stop": true, "is_named": true}, "da": {"lemma": "da", "pos": "ADP", "is_stop": true, "is_named": false}, "Europa": {"lemma": "Europa", "pos": "PROPN", "is_stop": false, "is_named": true}}}, "it": {"text": "la riunione nella necessit\u00e0 di risolvere i problemi specifici delle regioni insulari nell \u2019", "linguisticInfo": {"la": {"lemma": "il", "pos": "RD", "is_stop": true, "is_named": false}, "riunione": {"lemma": "riunione", "pos": "S", "is_stop": false, "is_named": false}, "nella": {"lemma": "nella", "pos": "E_RD", "is_stop": true, "is_named": false}, "necessit\u00e0": {"lemma": "necessit\u00e0", "pos": "S", "is_stop": false, "is_named": false}, "di": {"lemma": "di", "pos": "E", "is_stop": true, "is_named": false}, "risolvere": {"lemma": "risolvere", "pos": "V", "is_stop": false, "is_named": false}, "i": {"lemma": "il", "pos": "RD", "is_stop": false, "is_named": false}, "problemi": {"lemma": "problema", "pos": "S", "is_stop": false, "is_named": false}, "specifici": {"lemma": "specifico", "pos": "A", "is_stop": false, "is_named": false}, "delle": {"lemma": "della", "pos": "E_RD", "is_stop": true, "is_named": false}, "regioni": {"lemma": "regione", "pos": "S", "is_stop": false, "is_named": false}, "insulari": {"lemma": "insulare", "pos": "A", "is_stop": false, "is_named": false}, "nell": {"lemma": "nell", "pos": "V", "is_stop": true, "is_named": false}, "\u2019": {"lemma": "\u2019", "pos": "FB", "is_stop": false, "is_named": false}}}}, "obj": {"type": "Event", "pt": {"text": "manifestou", "linguisticInfo": {"manifestou": {"lemma": "manifestar", "pos": "VERB", "is_stop": false, "is_named": false}}}, "it": {"text": "manifest\u00f2", "linguisticInfo": {"manifest\u00f2": {"lemma": "manifestare", "pos": "V", "is_stop": false, "is_named": false}}}}}]}, "sentences_6": {"itText": "NULL anche la federazione del partito socialista di madera ha criticato la decisione del governo centrale con cui si autorizza l \u2019 aumento dei collegamenti con le regioni autonome del 60 per cento , affermando che costituisce un vero e proprio insulto ai maderensi \u00bb .", "ptText": "a federa\u00e7\u00e3o do partido socialista da madeira critica entretanto a decis\u00e3o do governo central que autorizou o aumento de 60 por cento nas liga\u00e7\u00f5es com as regi\u00f5es aut\u00f3nomas , considerando que a mesma constitui \u00ab um verdadeiro insulto para os madeirenses \u00bb . \n", "relations": [{"id": "R61", "subj": {"type": "Human_Agent", "pt": {"text": "A Federa\u00e7\u00e3o do Partido Socialista da Madeira", "linguisticInfo": {"A": {"lemma": "A", "pos": "DET", "is_stop": true, "is_named": true}, "Federa\u00e7\u00e3o": {"lemma": "Federa\u00e7\u00e3o", "pos": "PROPN", "is_stop": false, "is_named": true}, "do": {"lemma": "do", "pos": "ADP", "is_stop": true, "is_named": false}, "Partido": {"lemma": "Partido", "pos": "PROPN", "is_stop": false, "is_named": true}, "Socialista": {"lemma": "Socialista", "pos": "PROPN", "is_stop": false, "is_named": true}, "da": {"lemma": "da", "pos": "ADP", "is_stop": true, "is_named": false}, "Madeira": {"lemma": "Madeira", "pos": "PROPN", "is_stop": false, "is_named": true}}}, "it": {"text": "la federazione del partito socialista di madera", "linguisticInfo": {"la": {"lemma": "il", "pos": "RD", "is_stop": true, "is_named": false}, "federazione": {"lemma": "federazione", "pos": "S", "is_stop": false, "is_named": false}, "del": {"lemma": "del", "pos": "E_RD", "is_stop": true, "is_named": false}, "partito": {"lemma": "partito", "pos": "S", "is_stop": false, "is_named": false}, "socialista": {"lemma": "socialista", "pos": "A", "is_stop": false, "is_named": false}, "di": {"lemma": "di", "pos": "E", "is_stop": true, "is_named": false}, "madera": {"lemma": "madera", "pos": "SP", "is_stop": false, "is_named": false}}}}, "obj": {"type": "Event", "pt": {"text": "critica", "linguisticInfo": {"critica": {"lemma": "criticar", "pos": "ADJ", "is_stop": false, "is_named": false}}}, "it": {"text": "60", "linguisticInfo": {"60": {"lemma": "60", "pos": "N", "is_stop": false, "is_named": false}}}}}, {"id": "R62", "subj": {"type": "Time", "pt": {"text": "entretanto", "linguisticInfo": {"entretanto": {"lemma": "entretanto", "pos": "CCONJ", "is_stop": false, "is_named": false}}}, "it": {"text": "60", "linguisticInfo": {"60": {"lemma": "60", "pos": "N", "is_stop": false, "is_named": false}}}}, "obj": {"type": "Event", "pt": {"text": "critica", "linguisticInfo": {"critica": {"lemma": "criticar", "pos": "ADJ", "is_stop": false, "is_named": false}}}, "it": {"text": "60", "linguisticInfo": {"60": {"lemma": "60", "pos": "N", "is_stop": false, "is_named": false}}}}}, {"id": "R63", "subj": {"type": "Non-human_Patient", "pt": {"text": "a decis\u00e3o do Governo central", "linguisticInfo": {"a": {"lemma": "o", "pos": "DET", "is_stop": true, "is_named": false}, "decis\u00e3o": {"lemma": "decis\u00e3o", "pos": "NOUN", "is_stop": false, "is_named": false}, "do": {"lemma": "do", "pos": "ADP", "is_stop": true, "is_named": false}, "Governo": {"lemma": "Governo", "pos": "PROPN", "is_stop": false, "is_named": true}, "central": {"lemma": "central", "pos": "ADJ", "is_stop": false, "is_named": false}}}, "it": {"text": "la decisione del governo centrale", "linguisticInfo": {"la": {"lemma": "il", "pos": "RD", "is_stop": true, "is_named": false}, "decisione": {"lemma": "decisione", "pos": "S", "is_stop": false, "is_named": false}, "del": {"lemma": "del", "pos": "E_RD", "is_stop": true, "is_named": false}, "governo": {"lemma": "governo", "pos": "S", "is_stop": true, "is_named": false}, "centrale": {"lemma": "centrale", "pos": "A", "is_stop": false, "is_named": false}}}}, "obj": {"type": "Event", "pt": {"text": "critica", "linguisticInfo": {"critica": {"lemma": "criticar", "pos": "ADJ", "is_stop": false, "is_named": false}}}, "it": {"text": "60", "linguisticInfo": {"60": {"lemma": "60", "pos": "N", "is_stop": false, "is_named": false}}}}}, {"id": "R64", "subj": {"type": "Human_Agent", "pt": {"text": "que", "linguisticInfo": {"que": {"lemma": "que", "pos": "SCONJ", "is_stop": true, "is_named": false}}}, "it": {"text": "cui", "linguisticInfo": {"cui": {"lemma": "cui", "pos": "PR", "is_stop": true, "is_named": false}}}}, "obj": {"type": "Event", "pt": {"text": "autorizou", "linguisticInfo": {"autorizou": {"lemma": "autorizar", "pos": "VERB", "is_stop": false, "is_named": false}}}, "it": {"text": "autorizza", "linguisticInfo": {"autorizza": {"lemma": "autorizzare", "pos": "V", "is_stop": false, "is_named": false}}}}}, {"id": "R65", "subj": {"type": "Non-human_Patient", "pt": {"text": "o aumento de 60 por cento", "linguisticInfo": {"o": {"lemma": "o", "pos": "DET", "is_stop": true, "is_named": false}, "aumento": {"lemma": "aumentar", "pos": "NOUN", "is_stop": false, "is_named": false}, "de": {"lemma": "de", "pos": "ADP", "is_stop": true, "is_named": false}, "60": {"lemma": "60", "pos": "NUM", "is_stop": false, "is_named": false}, "por": {"lemma": "por", "pos": "ADP", "is_stop": true, "is_named": false}, "cento": {"lemma": "cento", "pos": "NUM", "is_stop": true, "is_named": false}}}, "it": {"text": "l \u2019 aumento dei collegamenti", "linguisticInfo": {"l": {"lemma": "l", "pos": "RD", "is_stop": false, "is_named": false}, "\u2019": {"lemma": "\u2019", "pos": "B", "is_stop": false, "is_named": false}, "aumento": {"lemma": "aumento", "pos": "S", "is_stop": false, "is_named": false}, "dei": {"lemma": "del", "pos": "E_RD", "is_stop": true, "is_named": false}, "collegamenti": {"lemma": "collegamento", "pos": "S", "is_stop": false, "is_named": false}}}}, "obj": {"type": "Event", "pt": {"text": "autorizou", "linguisticInfo": {"autorizou": {"lemma": "autorizar", "pos": "VERB", "is_stop": false, "is_named": false}}}, "it": {"text": "autorizza", "linguisticInfo": {"autorizza": {"lemma": "autorizzare", "pos": "V", "is_stop": false, "is_named": false}}}}}, {"id": "R66", "subj": {"type": "Oth_location", "pt": {"text": "nas liga\u00e7\u00f5es com as Regi\u00f5es Aut\u00f3nomas", "linguisticInfo": {"nas": {"lemma": "o", "pos": "ADP", "is_stop": true, "is_named": false}, "liga\u00e7\u00f5es": {"lemma": "liga\u00e7\u00e3o", "pos": "NOUN", "is_stop": false, "is_named": false}, "com": {"lemma": "com", "pos": "ADP", "is_stop": true, "is_named": false}, "as": {"lemma": "o", "pos": "DET", "is_stop": true, "is_named": false}, "Regi\u00f5es": {"lemma": "Regi\u00f5es", "pos": "PROPN", "is_stop": false, "is_named": true}, "Aut\u00f3nomas": {"lemma": "Aut\u00f3nomas", "pos": "PROPN", "is_stop": false, "is_named": true}}}, "it": {"text": "maderensi \u00bb .", "linguisticInfo": {"maderensi": {"lemma": "maderensi", "pos": "S", "is_stop": false, "is_named": false}, "\u00bb": {"lemma": "\u00bb", "pos": "FB", "is_stop": false, "is_named": false}, ".": {"lemma": ".", "pos": "FS", "is_stop": false, "is_named": false}}}}, "obj": {"type": "Event", "pt": {"text": "autorizou", "linguisticInfo": {"autorizou": {"lemma": "autorizar", "pos": "VERB", "is_stop": false, "is_named": false}}}, "it": {"text": "autorizza", "linguisticInfo": {"autorizza": {"lemma": "autorizzare", "pos": "V", "is_stop": false, "is_named": false}}}}}]}}