{"sentences_0": {"itText": "NULL gruppi di giovani hanno provocato nuove rivolte nei quartieri di londra e manchester , provocando scontri con la polizia che ha realizzato diversi arresti . a manchester , come riportato a pagina 5 , i rivoltosi hanno dato fuoco a diversi stabilimenti e tirato sassi contro i vigili del fuoco , accorsi in loco per dominare gli incendi .", "ptText": "bandos de jovens provocaram novos motins em bairros de londres e de manchester , travando recontros com a pol\u00edcia , que efectuou v\u00e1rias pris\u00f5es . em manchester , como noticiamos na p\u00e1gina 5 , os amotinados lan\u00e7aram fogo a estabelecimentos e apedrejaram os bombeiros que acorreram a dominar os inc\u00eandios . \n", "relations": [{"id": "R1", "subj": {"type": "Human_Agent", "pt": {"text": "Bandos de jovens", "linguisticInfo": {"Bandos": {"lemma": "Bandos", "pos": "NOUN", "is_stop": false, "is_named": true}, "de": {"lemma": "de", "pos": "ADP", "is_stop": true, "is_named": false}, "jovens": {"lemma": "jovem", "pos": "NOUN", "is_stop": false, "is_named": false}}}, "it": {"text": "gruppi di giovani", "linguisticInfo": {"gruppi": {"lemma": "gruppo", "pos": "S", "is_stop": false, "is_named": false}, "di": {"lemma": "di", "pos": "E", "is_stop": true, "is_named": false}, "giovani": {"lemma": "giovane", "pos": "S", "is_stop": false, "is_named": false}}}}, "obj": {"type": "Event", "pt": {"text": "provocaram", "linguisticInfo": {"provocaram": {"lemma": "provocar", "pos": "VERB", "is_stop": false, "is_named": false}}}, "it": {"text": "provocato", "linguisticInfo": {"provocato": {"lemma": "provocare", "pos": "V", "is_stop": false, "is_named": false}}}}}, {"id": "R2", "subj": {"type": "Non-human_Patient", "pt": {"text": "novos motins", "linguisticInfo": {"novos": {"lemma": "novo", "pos": "ADJ", "is_stop": true, "is_named": false}, "motins": {"lemma": "motim", "pos": "NOUN", "is_stop": false, "is_named": false}}}, "it": {"text": "nuove rivolte", "linguisticInfo": {"nuove": {"lemma": "nuovo", "pos": "A", "is_stop": false, "is_named": false}, "rivolte": {"lemma": "rivolgere", "pos": "V", "is_stop": false, "is_named": false}}}}, "obj": {"type": "Event", "pt": {"text": "provocaram", "linguisticInfo": {"provocaram": {"lemma": "provocar", "pos": "VERB", "is_stop": false, "is_named": false}}}, "it": {"text": "provocato", "linguisticInfo": {"provocato": {"lemma": "provocare", "pos": "V", "is_stop": false, "is_named": false}}}}}, {"id": "R3", "subj": {"type": "Geo_location", "pt": {"text": "em bairros de Londres e de Manchester", "linguisticInfo": {"em": {"lemma": "em", "pos": "ADP", "is_stop": true, "is_named": false}, "bairros": {"lemma": "bairro", "pos": "NOUN", "is_stop": false, "is_named": false}, "de": {"lemma": "de", "pos": "ADP", "is_stop": true, "is_named": false}, "Londres": {"lemma": "Londres", "pos": "PROPN", "is_stop": false, "is_named": true}, "e": {"lemma": "e", "pos": "CCONJ", "is_stop": true, "is_named": false}, "Manchester": {"lemma": "Manchester", "pos": "PROPN", "is_stop": false, "is_named": true}}}, "it": {"text": "nei quartieri di londra e manchester ,", "linguisticInfo": {"nei": {"lemma": "nel", "pos": "E_RD", "is_stop": true, "is_named": false}, "quartieri": {"lemma": "quartiere", "pos": "S", "is_stop": false, "is_named": false}, "di": {"lemma": "di", "pos": "E", "is_stop": true, "is_named": false}, "londra": {"lemma": "londra", "pos": "SP", "is_stop": false, "is_named": false}, "e": {"lemma": "e", "pos": "CC", "is_stop": false, "is_named": false}, "manchester": {"lemma": "manchester", "pos": "S", "is_stop": false, "is_named": false}, ",": {"lemma": ",", "pos": "FF", "is_stop": false, "is_named": false}}}}, "obj": {"type": "Event", "pt": {"text": "provocaram", "linguisticInfo": {"provocaram": {"lemma": "provocar", "pos": "VERB", "is_stop": false, "is_named": false}}}, "it": {"text": "provocato", "linguisticInfo": {"provocato": {"lemma": "provocare", "pos": "V", "is_stop": false, "is_named": false}}}}}, {"id": "R4", "subj": {"type": "Human_Patient", "pt": {"text": "com a Pol\u00edcia", "linguisticInfo": {"com": {"lemma": "com", "pos": "ADP", "is_stop": true, "is_named": false}, "a": {"lemma": "o", "pos": "DET", "is_stop": true, "is_named": false}, "Pol\u00edcia": {"lemma": "Pol\u00edcia", "pos": "PROPN", "is_stop": false, "is_named": true}}}, "it": {"text": "con la polizia", "linguisticInfo": {"con": {"lemma": "con", "pos": "E", "is_stop": true, "is_named": false}, "la": {"lemma": "il", "pos": "RD", "is_stop": true, "is_named": false}, "polizia": {"lemma": "polizia", "pos": "S", "is_stop": false, "is_named": false}}}}, "obj": {"type": "Event", "pt": {"text": "travando recontros", "linguisticInfo": {"travando": {"lemma": "travar", "pos": "VERB", "is_stop": false, "is_named": false}, "recontros": {"lemma": "recontro", "pos": "NOUN", "is_stop": false, "is_named": false}}}, "it": {"text": "provocando scontri", "linguisticInfo": {"provocando": {"lemma": "provocare", "pos": "V", "is_stop": false, "is_named": false}, "scontri": {"lemma": "scontro", "pos": "S", "is_stop": false, "is_named": false}}}}}, {"id": "R6", "subj": {"type": "Human_Agent", "pt": {"text": "que", "linguisticInfo": {"que": {"lemma": "que", "pos": "SCONJ", "is_stop": true, "is_named": false}}}, "it": {"text": "che", "linguisticInfo": {"che": {"lemma": "che", "pos": "CS", "is_stop": true, "is_named": false}}}}, "obj": {"type": "Event", "pt": {"text": "efectuou v\u00e1rias pris\u00f5es", "linguisticInfo": {"efectuou": {"lemma": "efectuar", "pos": "VERB", "is_stop": false, "is_named": false}, "v\u00e1rias": {"lemma": "v\u00e1rios", "pos": "DET", "is_stop": false, "is_named": false}, "pris\u00f5es": {"lemma": "pris\u00e3o", "pos": "NOUN", "is_stop": false, "is_named": false}}}, "it": {"text": "realizzato diversi arresti", "linguisticInfo": {"realizzato": {"lemma": "realizzare", "pos": "V", "is_stop": false, "is_named": false}, "diversi": {"lemma": "diversi", "pos": "DI", "is_stop": false, "is_named": false}, "arresti": {"lemma": "arresto", "pos": "S", "is_stop": false, "is_named": false}}}}}, {"id": "R7", "subj": {"type": "Oth_location", "pt": {"text": "na p\u00e1gina 5", "linguisticInfo": {"na": {"lemma": "o", "pos": "ADP", "is_stop": true, "is_named": false}, "p\u00e1gina": {"lemma": "p\u00e1gina", "pos": "NOUN", "is_stop": false, "is_named": false}, "5": {"lemma": "5", "pos": "NUM", "is_stop": false, "is_named": false}}}, "it": {"text": "pagina 5", "linguisticInfo": {"pagina": {"lemma": "pagina", "pos": "S", "is_stop": false, "is_named": false}, "5": {"lemma": "5", "pos": "N", "is_stop": false, "is_named": false}}}}, "obj": {"type": "Event", "pt": {"text": "noticiamos", "linguisticInfo": {"noticiamos": {"lemma": "noticiar", "pos": "NOUN", "is_stop": false, "is_named": false}}}, "it": {"text": "5", "linguisticInfo": {"5": {"lemma": "5", "pos": "N", "is_stop": false, "is_named": false}}}}}, {"id": "R8", "subj": {"type": "Geo_location", "pt": {"text": "Em Manchester", "linguisticInfo": {"Em": {"lemma": "Em", "pos": "ADP", "is_stop": true, "is_named": true}, "Manchester": {"lemma": "Manchester", "pos": "PROPN", "is_stop": false, "is_named": true}}}, "it": {"text": "a manchester", "linguisticInfo": {"a": {"lemma": "a", "pos": "E", "is_stop": true, "is_named": false}, "manchester": {"lemma": "manchester", "pos": "S", "is_stop": false, "is_named": false}}}}, "obj": {"type": "Event", "pt": {"text": "lan\u00e7aram fogo", "linguisticInfo": {"lan\u00e7aram": {"lemma": "lan\u00e7ar", "pos": "VERB", "is_stop": false, "is_named": false}, "fogo": {"lemma": "fogo", "pos": "NOUN", "is_stop": false, "is_named": false}}}, "it": {"text": "sassi fuoco", "linguisticInfo": {"sassi": {"lemma": "sasso", "pos": "S", "is_stop": false, "is_named": false}, "fuoco": {"lemma": "fuoco", "pos": "S", "is_stop": false, "is_named": false}}}}}, {"id": "R9", "subj": {"type": "Human_Agent", "pt": {"text": "os amotinados", "linguisticInfo": {"os": {"lemma": "o", "pos": "DET", "is_stop": true, "is_named": false}, "amotinados": {"lemma": "amotinar", "pos": "NOUN", "is_stop": false, "is_named": false}}}, "it": {"text": "i rivoltosi", "linguisticInfo": {"i": {"lemma": "il", "pos": "RD", "is_stop": false, "is_named": false}, "rivoltosi": {"lemma": "rivoltosi", "pos": "S", "is_stop": false, "is_named": false}}}}, "obj": {"type": "Event", "pt": {"text": "lan\u00e7aram fogo", "linguisticInfo": {"lan\u00e7aram": {"lemma": "lan\u00e7ar", "pos": "VERB", "is_stop": false, "is_named": false}, "fogo": {"lemma": "fogo", "pos": "NOUN", "is_stop": false, "is_named": false}}}, "it": {"text": "sassi fuoco", "linguisticInfo": {"sassi": {"lemma": "sasso", "pos": "S", "is_stop": false, "is_named": false}, "fuoco": {"lemma": "fuoco", "pos": "S", "is_stop": false, "is_named": false}}}}}, {"id": "R10", "subj": {"type": "Non-human_Patient", "pt": {"text": "a estabelecimentos", "linguisticInfo": {"a": {"lemma": "o", "pos": "ADP", "is_stop": true, "is_named": false}, "estabelecimentos": {"lemma": "estabelecimento", "pos": "NOUN", "is_stop": false, "is_named": false}}}, "it": {"text": "a stabilimenti", "linguisticInfo": {"a": {"lemma": "a", "pos": "E", "is_stop": true, "is_named": false}, "stabilimenti": {"lemma": "stabilimento", "pos": "S", "is_stop": false, "is_named": false}}}}, "obj": {"type": "Event", "pt": {"text": "lan\u00e7aram fogo", "linguisticInfo": {"lan\u00e7aram": {"lemma": "lan\u00e7ar", "pos": "VERB", "is_stop": false, "is_named": false}, "fogo": {"lemma": "fogo", "pos": "NOUN", "is_stop": false, "is_named": false}}}, "it": {"text": "sassi fuoco", "linguisticInfo": {"sassi": {"lemma": "sasso", "pos": "S", "is_stop": false, "is_named": false}, "fuoco": {"lemma": "fuoco", "pos": "S", "is_stop": false, "is_named": false}}}}}, {"id": "R11", "subj": {"type": "Human_Agent", "pt": {"text": "os amotinados", "linguisticInfo": {"os": {"lemma": "o", "pos": "DET", "is_stop": true, "is_named": false}, "amotinados": {"lemma": "amotinar", "pos": "NOUN", "is_stop": false, "is_named": false}}}, "it": {"text": "i rivoltosi", "linguisticInfo": {"i": {"lemma": "il", "pos": "RD", "is_stop": false, "is_named": false}, "rivoltosi": {"lemma": "rivoltosi", "pos": "S", "is_stop": false, "is_named": false}}}}, "obj": {"type": "Event", "pt": {"text": "apedrejaram", "linguisticInfo": {"apedrejaram": {"lemma": "apedrejar", "pos": "VERB", "is_stop": false, "is_named": false}}}, "it": {"text": "tirato", "linguisticInfo": {"tirato": {"lemma": "tirare", "pos": "V", "is_stop": false, "is_named": false}}}}}, {"id": "R12", "subj": {"type": "Geo_location", "pt": {"text": "Em Manchester", "linguisticInfo": {"Em": {"lemma": "Em", "pos": "ADP", "is_stop": true, "is_named": true}, "Manchester": {"lemma": "Manchester", "pos": "PROPN", "is_stop": false, "is_named": true}}}, "it": {"text": "a manchester", "linguisticInfo": {"a": {"lemma": "a", "pos": "E", "is_stop": true, "is_named": false}, "manchester": {"lemma": "manchester", "pos": "S", "is_stop": false, "is_named": false}}}}, "obj": {"type": "Event", "pt": {"text": "apedrejaram", "linguisticInfo": {"apedrejaram": {"lemma": "apedrejar", "pos": "VERB", "is_stop": false, "is_named": false}}}, "it": {"text": "tirato", "linguisticInfo": {"tirato": {"lemma": "tirare", "pos": "V", "is_stop": false, "is_named": false}}}}}, {"id": "R13", "subj": {"type": "Human_Patient", "pt": {"text": "os bombeiros que acorreram a dominar os inc\u00eandios", "linguisticInfo": {"os": {"lemma": "o", "pos": "DET", "is_stop": true, "is_named": false}, "bombeiros": {"lemma": "bombeiro", "pos": "NOUN", "is_stop": false, "is_named": false}, "que": {"lemma": "que", "pos": "PRON", "is_stop": true, "is_named": false}, "acorreram": {"lemma": "acorrer", "pos": "VERB", "is_stop": false, "is_named": false}, "a": {"lemma": "o", "pos": "SCONJ", "is_stop": true, "is_named": false}, "dominar": {"lemma": "dominar", "pos": "VERB", "is_stop": false, "is_named": false}, "inc\u00eandios": {"lemma": "inc\u00eandio", "pos": "NOUN", "is_stop": false, "is_named": false}}}, "it": {"text": "i rivoltosi hanno vigili del fuoco", "linguisticInfo": {"i": {"lemma": "il", "pos": "RD", "is_stop": false, "is_named": false}, "rivoltosi": {"lemma": "rivoltosi", "pos": "S", "is_stop": false, "is_named": false}, "hanno": {"lemma": "avere", "pos": "V", "is_stop": true, "is_named": false}, "vigili": {"lemma": "vigile", "pos": "S", "is_stop": false, "is_named": false}, "del": {"lemma": "del", "pos": "E_RD", "is_stop": true, "is_named": false}, "fuoco": {"lemma": "fuoco", "pos": "S", "is_stop": false, "is_named": false}}}}, "obj": {"type": "Event", "pt": {"text": "apedrejaram", "linguisticInfo": {"apedrejaram": {"lemma": "apedrejar", "pos": "VERB", "is_stop": false, "is_named": false}}}, "it": {"text": "tirato", "linguisticInfo": {"tirato": {"lemma": "tirare", "pos": "V", "is_stop": false, "is_named": false}}}}}, {"id": "R14", "subj": {"type": "Non-human_Oth_participant", "pt": {"text": "a dominar os inc\u00eandios", "linguisticInfo": {"a": {"lemma": "o", "pos": "SCONJ", "is_stop": true, "is_named": false}, "dominar": {"lemma": "dominar", "pos": "VERB", "is_stop": false, "is_named": false}, "os": {"lemma": "o", "pos": "DET", "is_stop": true, "is_named": false}, "inc\u00eandios": {"lemma": "inc\u00eandio", "pos": "NOUN", "is_stop": false, "is_named": false}}}, "it": {"text": "loco dominare gli incendi", "linguisticInfo": {"loco": {"lemma": "locare", "pos": "V", "is_stop": false, "is_named": false}, "dominare": {"lemma": "dominare", "pos": "V", "is_stop": false, "is_named": false}, "gli": {"lemma": "il", "pos": "RD", "is_stop": true, "is_named": false}, "incendi": {"lemma": "incendio", "pos": "S", "is_stop": false, "is_named": false}}}}, "obj": {"type": "Event", "pt": {"text": "acorreram", "linguisticInfo": {"acorreram": {"lemma": "acorrer", "pos": "VERB", "is_stop": false, "is_named": false}}}, "it": {"text": "accorsi", "linguisticInfo": {"accorsi": {"lemma": "accorrere", "pos": "V_PC", "is_stop": false, "is_named": false}}}}}, {"id": "R15", "subj": {"type": "Human_Agent", "pt": {"text": "que", "linguisticInfo": {"que": {"lemma": "que", "pos": "SCONJ", "is_stop": true, "is_named": false}}}, "it": {"text": "che", "linguisticInfo": {"che": {"lemma": "che", "pos": "CS", "is_stop": true, "is_named": false}}}}, "obj": {"type": "Event", "pt": {"text": "acorreram", "linguisticInfo": {"acorreram": {"lemma": "acorrer", "pos": "VERB", "is_stop": false, "is_named": false}}}, "it": {"text": "accorsi", "linguisticInfo": {"accorsi": {"lemma": "accorrere", "pos": "V_PC", "is_stop": false, "is_named": false}}}}}]}, "sentences_1": {"itText": "NULL a londra , nel quartiere di wood green , sono state arrestate 23 persone nella notte di marted\u00ec a causa delle rivolte ieri mattina , nonostante continuasse il clima di tensione , \u00e8 stata parzialmente ristabilita la calma nella periferia londinese .", "ptText": "em londres , no bairro de wood green , foram presas 23 pessoas na sequ\u00eancia dos motins da noite de ter\u00e7a-feira . ontem de manh\u00e3 , embora persistisse a tens\u00e3o , uma relativa calma tinha sido restabelecida naquele sub\u00farbio londrino . \n", "relations": [{"id": "R16", "subj": {"type": "Geo_location", "pt": {"text": "Em Londres , no Bairro de Wood Green", "linguisticInfo": {"Em": {"lemma": "Em", "pos": "ADP", "is_stop": true, "is_named": true}, "Londres": {"lemma": "Londres", "pos": "PROPN", "is_stop": false, "is_named": true}, ",": {"lemma": ",", "pos": "PUNCT", "is_stop": false, "is_named": false}, "no": {"lemma": "o", "pos": "ADP", "is_stop": true, "is_named": false}, "Bairro": {"lemma": "Bairro", "pos": "PROPN", "is_stop": false, "is_named": true}, "de": {"lemma": "de", "pos": "ADP", "is_stop": true, "is_named": false}, "Wood": {"lemma": "Wood", "pos": "PROPN", "is_stop": false, "is_named": true}, "Green": {"lemma": "Green", "pos": "PROPN", "is_stop": false, "is_named": true}}}, "it": {"text": "a londra , nel quartiere di wood green", "linguisticInfo": {"a": {"lemma": "a", "pos": "E", "is_stop": true, "is_named": false}, "londra": {"lemma": "londra", "pos": "SP", "is_stop": false, "is_named": false}, ",": {"lemma": ",", "pos": "FF", "is_stop": false, "is_named": false}, "nel": {"lemma": "nel", "pos": "E_RD", "is_stop": true, "is_named": false}, "quartiere": {"lemma": "quartiere", "pos": "S", "is_stop": false, "is_named": false}, "di": {"lemma": "di", "pos": "E", "is_stop": true, "is_named": false}, "wood": {"lemma": "wood", "pos": "S", "is_stop": false, "is_named": false}, "green": {"lemma": "green", "pos": "SP", "is_stop": false, "is_named": false}}}}, "obj": {"type": "Event", "pt": {"text": "foram presas", "linguisticInfo": {"foram": {"lemma": "ser", "pos": "AUX", "is_stop": true, "is_named": false}, "presas": {"lemma": "preso", "pos": "VERB", "is_stop": false, "is_named": false}}}, "it": {"text": "state arrestate", "linguisticInfo": {"state": {"lemma": "stare", "pos": "VA", "is_stop": true, "is_named": false}, "arrestate": {"lemma": "arrestare", "pos": "V", "is_stop": false, "is_named": false}}}}}, {"id": "R17", "subj": {"type": "Human_Patient", "pt": {"text": "23 pessoas", "linguisticInfo": {"23": {"lemma": "23", "pos": "NUM", "is_stop": false, "is_named": false}, "pessoas": {"lemma": "pessoa", "pos": "NOUN", "is_stop": false, "is_named": false}}}, "it": {"text": "23 persone", "linguisticInfo": {"23": {"lemma": "23", "pos": "N", "is_stop": false, "is_named": false}, "persone": {"lemma": "persona", "pos": "S", "is_stop": true, "is_named": false}}}}, "obj": {"type": "Event", "pt": {"text": "foram presas", "linguisticInfo": {"foram": {"lemma": "ser", "pos": "AUX", "is_stop": true, "is_named": false}, "presas": {"lemma": "preso", "pos": "VERB", "is_stop": false, "is_named": false}}}, "it": {"text": "state arrestate", "linguisticInfo": {"state": {"lemma": "stare", "pos": "VA", "is_stop": true, "is_named": false}, "arrestate": {"lemma": "arrestare", "pos": "V", "is_stop": false, "is_named": false}}}}}, {"id": "R18", "subj": {"type": "Oth_argument", "pt": {"text": "na sequ\u00eancia dos motins da noite de ter\u00e7a-feira", "linguisticInfo": {"na": {"lemma": "o", "pos": "ADP", "is_stop": true, "is_named": false}, "sequ\u00eancia": {"lemma": "sequ\u00eancia", "pos": "NOUN", "is_stop": false, "is_named": false}, "dos": {"lemma": "dos", "pos": "ADP", "is_stop": true, "is_named": false}, "motins": {"lemma": "motim", "pos": "NOUN", "is_stop": false, "is_named": false}, "da": {"lemma": "da", "pos": "ADP", "is_stop": true, "is_named": false}, "noite": {"lemma": "noite", "pos": "NOUN", "is_stop": false, "is_named": false}, "de": {"lemma": "de", "pos": "ADP", "is_stop": true, "is_named": false}, "ter\u00e7a-feira": {"lemma": "ter\u00e7a-feira", "pos": "NOUN", "is_stop": false, "is_named": false}}}, "it": {"text": "nella notte di", "linguisticInfo": {"nella": {"lemma": "nella", "pos": "E_RD", "is_stop": true, "is_named": false}, "notte": {"lemma": "notte", "pos": "S", "is_stop": false, "is_named": false}, "di": {"lemma": "di", "pos": "E", "is_stop": true, "is_named": false}}}}, "obj": {"type": "Event", "pt": {"text": "foram presas", "linguisticInfo": {"foram": {"lemma": "ser", "pos": "AUX", "is_stop": true, "is_named": false}, "presas": {"lemma": "preso", "pos": "VERB", "is_stop": false, "is_named": false}}}, "it": {"text": "state arrestate", "linguisticInfo": {"state": {"lemma": "stare", "pos": "VA", "is_stop": true, "is_named": false}, "arrestate": {"lemma": "arrestare", "pos": "V", "is_stop": false, "is_named": false}}}}}, {"id": "R20", "subj": {"type": "Time", "pt": {"text": "Ontem de manh\u00e3", "linguisticInfo": {"Ontem": {"lemma": "Ontem", "pos": "ADV", "is_stop": true, "is_named": true}, "de": {"lemma": "de", "pos": "ADP", "is_stop": true, "is_named": false}, "manh\u00e3": {"lemma": "manh\u00e3", "pos": "NOUN", "is_stop": false, "is_named": false}}}, "it": {"text": "ieri mattina , di tensione ,", "linguisticInfo": {"ieri": {"lemma": "ieri", "pos": "B", "is_stop": true, "is_named": false}, "mattina": {"lemma": "mattina", "pos": "S", "is_stop": false, "is_named": false}, ",": {"lemma": ",", "pos": "FF", "is_stop": false, "is_named": false}, "di": {"lemma": "di", "pos": "E", "is_stop": true, "is_named": false}, "tensione": {"lemma": "tensione", "pos": "S", "is_stop": false, "is_named": false}}}}, "obj": {"type": "Event", "pt": {"text": "tinha sido restabelecida", "linguisticInfo": {"tinha": {"lemma": "ter", "pos": "AUX", "is_stop": false, "is_named": false}, "sido": {"lemma": "ser", "pos": "AUX", "is_stop": false, "is_named": false}, "restabelecida": {"lemma": "restabelecido", "pos": "VERB", "is_stop": false, "is_named": false}}}, "it": {"text": "continuasse parzialmente ristabilita", "linguisticInfo": {"continuasse": {"lemma": "continuasse", "pos": "S", "is_stop": false, "is_named": false}, "parzialmente": {"lemma": "parzialmente", "pos": "B", "is_stop": false, "is_named": false}, "ristabilita": {"lemma": "ristabilire", "pos": "V", "is_stop": false, "is_named": false}}}}}, {"id": "R21", "subj": {"type": "Non-human_Patient", "pt": {"text": "uma relativa calma", "linguisticInfo": {"uma": {"lemma": "umar", "pos": "DET", "is_stop": true, "is_named": false}, "relativa": {"lemma": "relativo", "pos": "NOUN", "is_stop": false, "is_named": false}, "calma": {"lemma": "calmo", "pos": "ADJ", "is_stop": false, "is_named": false}}}, "it": {"text": "23 calma", "linguisticInfo": {"23": {"lemma": "23", "pos": "N", "is_stop": false, "is_named": false}, "calma": {"lemma": "calma", "pos": "S", "is_stop": false, "is_named": false}}}}, "obj": {"type": "Event", "pt": {"text": "tinha sido restabelecida", "linguisticInfo": {"tinha": {"lemma": "ter", "pos": "AUX", "is_stop": false, "is_named": false}, "sido": {"lemma": "ser", "pos": "AUX", "is_stop": false, "is_named": false}, "restabelecida": {"lemma": "restabelecido", "pos": "VERB", "is_stop": false, "is_named": false}}}, "it": {"text": "continuasse parzialmente ristabilita", "linguisticInfo": {"continuasse": {"lemma": "continuasse", "pos": "S", "is_stop": false, "is_named": false}, "parzialmente": {"lemma": "parzialmente", "pos": "B", "is_stop": false, "is_named": false}, "ristabilita": {"lemma": "ristabilire", "pos": "V", "is_stop": false, "is_named": false}}}}}]}, "sentences_2": {"itText": "NULL intanto , nella giornata di marted\u00ec la camera dei comuni ha approvato , per 309 voti contro 240 , i tagli ai finanziamenti per la difesa annunciati il mese scorso dal ministro britannico , john nott .", "ptText": "entretanto , a c\u00e2mara dos comuns aprovou , na ter\u00e7a-feira , por 309 votos contra 240 , os cortes no or\u00e7amento da defesa anunciados o m\u00eas passado pelo ministro brit\u00e2nico daquela pasta , john nott . \n", "relations": [{"id": "R24", "subj": {"type": "Human_Agent", "pt": {"text": "a C\u00e2mara dos Comuns", "linguisticInfo": {"a": {"lemma": "o", "pos": "DET", "is_stop": true, "is_named": false}, "C\u00e2mara": {"lemma": "C\u00e2mara", "pos": "PROPN", "is_stop": false, "is_named": true}, "dos": {"lemma": "dos", "pos": "ADP", "is_stop": true, "is_named": false}, "Comuns": {"lemma": "Comuns", "pos": "PROPN", "is_stop": false, "is_named": true}}}, "it": {"text": "la camera dei comuni", "linguisticInfo": {"la": {"lemma": "il", "pos": "RD", "is_stop": true, "is_named": false}, "camera": {"lemma": "camera", "pos": "S", "is_stop": false, "is_named": false}, "dei": {"lemma": "del", "pos": "E_RD", "is_stop": true, "is_named": false}, "comuni": {"lemma": "comune", "pos": "S", "is_stop": false, "is_named": false}}}}, "obj": {"type": "Event", "pt": {"text": "aprovou", "linguisticInfo": {"aprovou": {"lemma": "aprovar", "pos": "VERB", "is_stop": false, "is_named": false}}}, "it": {"text": "approvato", "linguisticInfo": {"approvato": {"lemma": "approvare", "pos": "V", "is_stop": false, "is_named": false}}}}}, {"id": "R25", "subj": {"type": "Time", "pt": {"text": "na ter\u00e7a-feira", "linguisticInfo": {"na": {"lemma": "o", "pos": "ADP", "is_stop": true, "is_named": false}, "ter\u00e7a-feira": {"lemma": "ter\u00e7a-feira", "pos": "NOUN", "is_stop": false, "is_named": false}}}, "it": {"text": "nella marted\u00ec", "linguisticInfo": {"nella": {"lemma": "nella", "pos": "E_RD", "is_stop": true, "is_named": false}, "marted\u00ec": {"lemma": "marted\u00ec", "pos": "S", "is_stop": false, "is_named": false}}}}, "obj": {"type": "Event", "pt": {"text": "aprovou", "linguisticInfo": {"aprovou": {"lemma": "aprovar", "pos": "VERB", "is_stop": false, "is_named": false}}}, "it": {"text": "approvato", "linguisticInfo": {"approvato": {"lemma": "approvare", "pos": "V", "is_stop": false, "is_named": false}}}}}, {"id": "R26", "subj": {"type": "Oth_argument", "pt": {"text": "por 309 votos contra 240", "linguisticInfo": {"por": {"lemma": "por", "pos": "ADP", "is_stop": true, "is_named": false}, "309": {"lemma": "309", "pos": "NUM", "is_stop": false, "is_named": false}, "votos": {"lemma": "voto", "pos": "NOUN", "is_stop": false, "is_named": false}, "contra": {"lemma": "contra", "pos": "ADP", "is_stop": true, "is_named": false}, "240": {"lemma": "240", "pos": "NUM", "is_stop": false, "is_named": false}}}, "it": {"text": "309 voti contro 240", "linguisticInfo": {"309": {"lemma": "309", "pos": "N", "is_stop": false, "is_named": false}, "voti": {"lemma": "voto", "pos": "S", "is_stop": false, "is_named": false}, "contro": {"lemma": "contro", "pos": "E", "is_stop": true, "is_named": false}, "240": {"lemma": "240", "pos": "N", "is_stop": false, "is_named": false}}}}, "obj": {"type": "Event", "pt": {"text": "aprovou", "linguisticInfo": {"aprovou": {"lemma": "aprovar", "pos": "VERB", "is_stop": false, "is_named": false}}}, "it": {"text": "approvato", "linguisticInfo": {"approvato": {"lemma": "approvare", "pos": "V", "is_stop": false, "is_named": false}}}}}, {"id": "R27", "subj": {"type": "Oth_location", "pt": {"text": "no or\u00e7amento da Defesa", "linguisticInfo": {"no": {"lemma": "o", "pos": "ADP", "is_stop": true, "is_named": false}, "or\u00e7amento": {"lemma": "or\u00e7amentar", "pos": "NOUN", "is_stop": false, "is_named": false}, "da": {"lemma": "da", "pos": "ADP", "is_stop": true, "is_named": false}, "Defesa": {"lemma": "Defesa", "pos": "NOUN", "is_stop": false, "is_named": true}}}, "it": {"text": "intanto , finanziamenti per la", "linguisticInfo": {"intanto": {"lemma": "intanto", "pos": "B", "is_stop": true, "is_named": false}, ",": {"lemma": ",", "pos": "FF", "is_stop": false, "is_named": false}, "finanziamenti": {"lemma": "finanziamento", "pos": "S", "is_stop": false, "is_named": false}, "per": {"lemma": "per", "pos": "E", "is_stop": true, "is_named": false}, "la": {"lemma": "il", "pos": "RD", "is_stop": true, "is_named": false}}}}, "obj": {"type": "Event", "pt": {"text": "os cortes", "linguisticInfo": {"os": {"lemma": "o", "pos": "DET", "is_stop": true, "is_named": false}, "cortes": {"lemma": "corte", "pos": "NOUN", "is_stop": false, "is_named": false}}}, "it": {"text": "i tagli", "linguisticInfo": {"i": {"lemma": "il", "pos": "RD", "is_stop": false, "is_named": false}, "tagli": {"lemma": "taglio", "pos": "S", "is_stop": false, "is_named": false}}}}}, {"id": "R28", "subj": {"type": "Non-human_Patient", "pt": {"text": "os cortes no or\u00e7amento da Defesa", "linguisticInfo": {"os": {"lemma": "o", "pos": "DET", "is_stop": true, "is_named": false}, "cortes": {"lemma": "corte", "pos": "NOUN", "is_stop": false, "is_named": false}, "no": {"lemma": "o", "pos": "ADP", "is_stop": true, "is_named": false}, "or\u00e7amento": {"lemma": "or\u00e7amentar", "pos": "NOUN", "is_stop": false, "is_named": false}, "da": {"lemma": "da", "pos": "ADP", "is_stop": true, "is_named": false}, "Defesa": {"lemma": "Defesa", "pos": "NOUN", "is_stop": false, "is_named": true}}}, "it": {"text": "i tagli ai finanziamenti", "linguisticInfo": {"i": {"lemma": "il", "pos": "RD", "is_stop": false, "is_named": false}, "tagli": {"lemma": "taglio", "pos": "S", "is_stop": false, "is_named": false}, "ai": {"lemma": "al", "pos": "E_RD", "is_stop": true, "is_named": false}, "finanziamenti": {"lemma": "finanziamento", "pos": "S", "is_stop": false, "is_named": false}}}}, "obj": {"type": "Event", "pt": {"text": "anunciados", "linguisticInfo": {"anunciados": {"lemma": "anunciar", "pos": "NOUN", "is_stop": false, "is_named": false}}}, "it": {"text": "annunciati", "linguisticInfo": {"annunciati": {"lemma": "annunciare", "pos": "V", "is_stop": false, "is_named": false}}}}}, {"id": "R29", "subj": {"type": "Time", "pt": {"text": "o m\u00eas passado", "linguisticInfo": {"o": {"lemma": "o", "pos": "DET", "is_stop": true, "is_named": false}, "m\u00eas": {"lemma": "m\u00eas", "pos": "NOUN", "is_stop": true, "is_named": false}, "passado": {"lemma": "passar", "pos": "ADJ", "is_stop": false, "is_named": false}}}, "it": {"text": "il mese scorso", "linguisticInfo": {"il": {"lemma": "il", "pos": "RD", "is_stop": true, "is_named": false}, "mese": {"lemma": "mese", "pos": "S", "is_stop": false, "is_named": false}, "scorso": {"lemma": "scorso", "pos": "A", "is_stop": true, "is_named": false}}}}, "obj": {"type": "Event", "pt": {"text": "anunciados", "linguisticInfo": {"anunciados": {"lemma": "anunciar", "pos": "NOUN", "is_stop": false, "is_named": false}}}, "it": {"text": "annunciati", "linguisticInfo": {"annunciati": {"lemma": "annunciare", "pos": "V", "is_stop": false, "is_named": false}}}}}]}, "sentences_3": {"itText": "NULL durante il dibattito , nott ha dichiarato che il programma della nato per rinforzare le forze armate europee \u00e8 stato eliminato dalle priorit\u00e0 della politica di difesa britannica .", "ptText": "durante o debate , nott declarou que o plano da nato para o refor\u00e7o das for\u00e7as europeias deixou de ser uma prioridade na pol\u00edtica defensiva brit\u00e2nica . \n", "relations": [{"id": "R31", "subj": {"type": "Time", "pt": {"text": "Durante o debate", "linguisticInfo": {"Durante": {"lemma": "Durante", "pos": "ADP", "is_stop": false, "is_named": true}, "o": {"lemma": "o", "pos": "DET", "is_stop": true, "is_named": false}, "debate": {"lemma": "debater", "pos": "NOUN", "is_stop": false, "is_named": false}}}, "it": {"text": "durante il dibattito", "linguisticInfo": {"durante": {"lemma": "durante", "pos": "E", "is_stop": true, "is_named": false}, "il": {"lemma": "il", "pos": "RD", "is_stop": true, "is_named": false}, "dibattito": {"lemma": "dibattito", "pos": "S", "is_stop": false, "is_named": false}}}}, "obj": {"type": "Event", "pt": {"text": "declarou", "linguisticInfo": {"declarou": {"lemma": "declarar", "pos": "VERB", "is_stop": false, "is_named": false}}}, "it": {"text": "dichiarato", "linguisticInfo": {"dichiarato": {"lemma": "dichiarare", "pos": "V", "is_stop": false, "is_named": false}}}}}, {"id": "R32", "subj": {"type": "Human_Agent", "pt": {"text": "Nott", "linguisticInfo": {"Nott": {"lemma": "Nott", "pos": "PROPN", "is_stop": false, "is_named": true}}}, "it": {"text": "nott", "linguisticInfo": {"nott": {"lemma": "nott", "pos": "V", "is_stop": false, "is_named": false}}}}, "obj": {"type": "Event", "pt": {"text": "declarou", "linguisticInfo": {"declarou": {"lemma": "declarar", "pos": "VERB", "is_stop": false, "is_named": false}}}, "it": {"text": "dichiarato", "linguisticInfo": {"dichiarato": {"lemma": "dichiarare", "pos": "V", "is_stop": false, "is_named": false}}}}}, {"id": "R33", "subj": {"type": "Non-human_Oth_participant", "pt": {"text": "que o plano da NATO para o refor\u00e7o das for\u00e7as europeias deixou de ser uma prioridade na pol\u00edtica defensiva brit\u00e2nica", "linguisticInfo": {"que": {"lemma": "que", "pos": "SCONJ", "is_stop": true, "is_named": false}, "o": {"lemma": "o", "pos": "DET", "is_stop": true, "is_named": false}, "plano": {"lemma": "planar", "pos": "NOUN", "is_stop": false, "is_named": false}, "da": {"lemma": "da", "pos": "ADP", "is_stop": true, "is_named": false}, "NATO": {"lemma": "NATO", "pos": "PROPN", "is_stop": false, "is_named": true}, "para": {"lemma": "parir", "pos": "ADP", "is_stop": true, "is_named": false}, "refor\u00e7o": {"lemma": "refor\u00e7ar", "pos": "NOUN", "is_stop": false, "is_named": false}, "das": {"lemma": "das", "pos": "ADP", "is_stop": true, "is_named": false}, "for\u00e7as": {"lemma": "for\u00e7ar", "pos": "NOUN", "is_stop": false, "is_named": false}, "europeias": {"lemma": "europeu", "pos": "ADJ", "is_stop": false, "is_named": false}, "deixou": {"lemma": "deixar", "pos": "VERB", "is_stop": false, "is_named": false}, "de": {"lemma": "de", "pos": "SCONJ", "is_stop": true, "is_named": false}, "ser": {"lemma": "ser", "pos": "AUX", "is_stop": true, "is_named": false}, "uma": {"lemma": "umar", "pos": "DET", "is_stop": true, "is_named": false}, "prioridade": {"lemma": "prioridade", "pos": "NOUN", "is_stop": false, "is_named": false}, "na": {"lemma": "o", "pos": "ADP", "is_stop": true, "is_named": false}, "pol\u00edtica": {"lemma": "pol\u00edtico", "pos": "NOUN", "is_stop": false, "is_named": false}, "defensiva": {"lemma": "defensivo", "pos": "ADJ", "is_stop": false, "is_named": false}, "brit\u00e2nica": {"lemma": "brit\u00e2nico", "pos": "ADJ", "is_stop": false, "is_named": false}}}, "it": {"text": "che il programma della nato per rinforzare le", "linguisticInfo": {"che": {"lemma": "che", "pos": "CS", "is_stop": true, "is_named": false}, "il": {"lemma": "il", "pos": "RD", "is_stop": true, "is_named": false}, "programma": {"lemma": "programma", "pos": "S", "is_stop": false, "is_named": false}, "della": {"lemma": "della", "pos": "E_RD", "is_stop": true, "is_named": false}, "nato": {"lemma": "nato", "pos": "S", "is_stop": false, "is_named": false}, "per": {"lemma": "per", "pos": "E", "is_stop": true, "is_named": false}, "rinforzare": {"lemma": "rinforzare", "pos": "V", "is_stop": false, "is_named": false}, "le": {"lemma": "il", "pos": "RD", "is_stop": true, "is_named": false}}}}, "obj": {"type": "Event", "pt": {"text": "declarou", "linguisticInfo": {"declarou": {"lemma": "declarar", "pos": "VERB", "is_stop": false, "is_named": false}}}, "it": {"text": "dichiarato", "linguisticInfo": {"dichiarato": {"lemma": "dichiarare", "pos": "V", "is_stop": false, "is_named": false}}}}}]}, "sentences_4": {"itText": "NULL cinque deputati conservatori , rompendo la linea di partito , hanno votato contro le misure proposte da nott per far fronte ai costi dovuti all&apos; acquisizione dei missili \u00ab trident \u00bb al posto dei missili \u00ab polaris \u00bb .", "ptText": "cinco deputados conservadores quebraram a discilina partid\u00e1ria e votaram contra as medidas propostas por nott , que tiveram por finalidade cobrir as despesas feitas com a compra de m\u00edsseis \u00ab trident \u00bb em detrimento da aquisi\u00e7\u00e3o de m\u00edsseis \u00ab polaris \u00bb . \n", "relations": [{"id": "R35", "subj": {"type": "Human_Agent", "pt": {"text": "Cinco deputados conservadores", "linguisticInfo": {"Cinco": {"lemma": "Cinco", "pos": "NUM", "is_stop": true, "is_named": true}, "deputados": {"lemma": "deputar", "pos": "NOUN", "is_stop": false, "is_named": false}, "conservadores": {"lemma": "conservador", "pos": "ADJ", "is_stop": false, "is_named": false}}}, "it": {"text": "cinque deputati conservatori", "linguisticInfo": {"cinque": {"lemma": "cinque", "pos": "N", "is_stop": false, "is_named": false}, "deputati": {"lemma": "deputato", "pos": "S", "is_stop": false, "is_named": false}, "conservatori": {"lemma": "conservatorio", "pos": "V", "is_stop": false, "is_named": false}}}}, "obj": {"type": "Event", "pt": {"text": "quebraram", "linguisticInfo": {"quebraram": {"lemma": "quebrar", "pos": "VERB", "is_stop": false, "is_named": false}}}, "it": {"text": "rompendo", "linguisticInfo": {"rompendo": {"lemma": "rompere", "pos": "V", "is_stop": false, "is_named": false}}}}}, {"id": "R36", "subj": {"type": "Non-human_Patient", "pt": {"text": "a discilina partid\u00e1ria", "linguisticInfo": {"a": {"lemma": "o", "pos": "DET", "is_stop": true, "is_named": false}, "discilina": {"lemma": "discilina", "pos": "NOUN", "is_stop": false, "is_named": false}, "partid\u00e1ria": {"lemma": "partid\u00e1rio", "pos": "ADJ", "is_stop": false, "is_named": false}}}, "it": {"text": "la linea di all&apos; acquisizione dei", "linguisticInfo": {"la": {"lemma": "il", "pos": "RD", "is_stop": true, "is_named": false}, "linea": {"lemma": "linea", "pos": "S", "is_stop": false, "is_named": false}, "di": {"lemma": "di", "pos": "E", "is_stop": true, "is_named": false}, "all&apos": {"lemma": "all&apos", "pos": "A", "is_stop": false, "is_named": false}, ";": {"lemma": ";", "pos": "FC", "is_stop": false, "is_named": false}, "acquisizione": {"lemma": "acquisizione", "pos": "S", "is_stop": false, "is_named": false}, "dei": {"lemma": "del", "pos": "E_RD", "is_stop": true, "is_named": false}}}}, "obj": {"type": "Event", "pt": {"text": "quebraram", "linguisticInfo": {"quebraram": {"lemma": "quebrar", "pos": "VERB", "is_stop": false, "is_named": false}}}, "it": {"text": "rompendo", "linguisticInfo": {"rompendo": {"lemma": "rompere", "pos": "V", "is_stop": false, "is_named": false}}}}}, {"id": "R37", "subj": {"type": "Human_Agent", "pt": {"text": "Cinco deputados conservadores", "linguisticInfo": {"Cinco": {"lemma": "Cinco", "pos": "NUM", "is_stop": true, "is_named": true}, "deputados": {"lemma": "deputar", "pos": "NOUN", "is_stop": false, "is_named": false}, "conservadores": {"lemma": "conservador", "pos": "ADJ", "is_stop": false, "is_named": false}}}, "it": {"text": "cinque deputati conservatori", "linguisticInfo": {"cinque": {"lemma": "cinque", "pos": "N", "is_stop": false, "is_named": false}, "deputati": {"lemma": "deputato", "pos": "S", "is_stop": false, "is_named": false}, "conservatori": {"lemma": "conservatorio", "pos": "V", "is_stop": false, "is_named": false}}}}, "obj": {"type": "Event", "pt": {"text": "votaram", "linguisticInfo": {"votaram": {"lemma": "votar", "pos": "VERB", "is_stop": false, "is_named": false}}}, "it": {"text": "votato", "linguisticInfo": {"votato": {"lemma": "votare", "pos": "V", "is_stop": false, "is_named": false}}}}}, {"id": "R39", "subj": {"type": "Non-human_Patient", "pt": {"text": "as medidas", "linguisticInfo": {"as": {"lemma": "o", "pos": "DET", "is_stop": true, "is_named": false}, "medidas": {"lemma": "medir", "pos": "NOUN", "is_stop": false, "is_named": false}}}, "it": {"text": "le misure", "linguisticInfo": {"le": {"lemma": "il", "pos": "RD", "is_stop": true, "is_named": false}, "misure": {"lemma": "misura", "pos": "S", "is_stop": false, "is_named": false}}}}, "obj": {"type": "Event", "pt": {"text": "propostas", "linguisticInfo": {"propostas": {"lemma": "proposto", "pos": "NOUN", "is_stop": false, "is_named": false}}}, "it": {"text": "proposte", "linguisticInfo": {"proposte": {"lemma": "proposta", "pos": "S", "is_stop": false, "is_named": false}}}}}, {"id": "R40", "subj": {"type": "Human_Agent", "pt": {"text": "por Nott", "linguisticInfo": {"por": {"lemma": "por", "pos": "ADP", "is_stop": true, "is_named": false}, "Nott": {"lemma": "Nott", "pos": "PROPN", "is_stop": false, "is_named": true}}}, "it": {"text": "da nott", "linguisticInfo": {"da": {"lemma": "da", "pos": "E", "is_stop": true, "is_named": false}, "nott": {"lemma": "nott", "pos": "SP", "is_stop": false, "is_named": false}}}}, "obj": {"type": "Event", "pt": {"text": "propostas", "linguisticInfo": {"propostas": {"lemma": "proposto", "pos": "NOUN", "is_stop": false, "is_named": false}}}, "it": {"text": "proposte", "linguisticInfo": {"proposte": {"lemma": "proposta", "pos": "S", "is_stop": false, "is_named": false}}}}}]}}