{"sentences_0": {"itText": "NULL il governo degli stati uniti ha chiesto marted\u00ec all \u2019 unione sovietica di riesaminare la risposta , inizialmente fredda , sul piano di pace della comunit\u00e0 economica europea per l \u2019 afghanistan .", "ptText": "o governo dos estados unidos pediu ter\u00e7a-feira \u00e0 uni\u00e3o sovi\u00e9tica para reconsiderar a sua resposta , inicialmente fria , a um plano de paz da comunidade econ\u00f3mica europeia para o afeganist\u00e3o . \n", "relations": [{"id": "R1", "subj": {"type": "Human_Agent", "pt": {"text": "O Governo dos Estados Unidos", "linguisticInfo": {"O": {"lemma": "O", "pos": "DET", "is_stop": true, "is_named": true}, "Governo": {"lemma": "Governo", "pos": "PROPN", "is_stop": false, "is_named": true}, "dos": {"lemma": "dos", "pos": "ADP", "is_stop": true, "is_named": false}, "Estados": {"lemma": "Estados", "pos": "PROPN", "is_stop": false, "is_named": true}, "Unidos": {"lemma": "Unidos", "pos": "PROPN", "is_stop": false, "is_named": true}}}, "it": {"text": "il governo degli stati uniti", "linguisticInfo": {"il": {"lemma": "il", "pos": "RD", "is_stop": true, "is_named": false}, "governo": {"lemma": "governo", "pos": "S", "is_stop": true, "is_named": false}, "degli": {"lemma": "del", "pos": "E_RD", "is_stop": true, "is_named": false}, "stati": {"lemma": "stato", "pos": "SP", "is_stop": true, "is_named": false}, "uniti": {"lemma": "unito", "pos": "SP", "is_stop": false, "is_named": false}}}}, "obj": {"type": "Event", "pt": {"text": "pediu", "linguisticInfo": {"pediu": {"lemma": "pedir", "pos": "VERB", "is_stop": false, "is_named": false}}}, "it": {"text": "chiesto", "linguisticInfo": {"chiesto": {"lemma": "chiedere", "pos": "V", "is_stop": false, "is_named": false}}}}}, {"id": "R2", "subj": {"type": "Time", "pt": {"text": "ter\u00e7a-feira", "linguisticInfo": {"ter\u00e7a-feira": {"lemma": "ter\u00e7a-feira", "pos": "NOUN", "is_stop": false, "is_named": false}}}, "it": {"text": "marted\u00ec", "linguisticInfo": {"marted\u00ec": {"lemma": "marted\u00ec", "pos": "S", "is_stop": false, "is_named": false}}}}, "obj": {"type": "Event", "pt": {"text": "pediu", "linguisticInfo": {"pediu": {"lemma": "pedir", "pos": "VERB", "is_stop": false, "is_named": false}}}, "it": {"text": "chiesto", "linguisticInfo": {"chiesto": {"lemma": "chiedere", "pos": "V", "is_stop": false, "is_named": false}}}}}, {"id": "R3", "subj": {"type": "Human_Patient", "pt": {"text": "\u00e0 Uni\u00e3o Sovi\u00e9tica", "linguisticInfo": {"\u00e0": {"lemma": "\u00e0", "pos": "ADP", "is_stop": true, "is_named": false}, "Uni\u00e3o": {"lemma": "Uni\u00e3o", "pos": "PROPN", "is_stop": false, "is_named": true}, "Sovi\u00e9tica": {"lemma": "Sovi\u00e9tica", "pos": "PROPN", "is_stop": false, "is_named": true}}}, "it": {"text": "all unione sovietica", "linguisticInfo": {"all": {"lemma": "all", "pos": "S", "is_stop": true, "is_named": false}, "unione": {"lemma": "unione", "pos": "SP", "is_stop": false, "is_named": false}, "sovietica": {"lemma": "sovietica", "pos": "S", "is_stop": false, "is_named": false}}}}, "obj": {"type": "Event", "pt": {"text": "pediu", "linguisticInfo": {"pediu": {"lemma": "pedir", "pos": "VERB", "is_stop": false, "is_named": false}}}, "it": {"text": "chiesto", "linguisticInfo": {"chiesto": {"lemma": "chiedere", "pos": "V", "is_stop": false, "is_named": false}}}}}, {"id": "R4", "subj": {"type": "Non-human_Oth_participant", "pt": {"text": "para reconsiderar a sua resposta , inicialmente fria , a um plano de paz da Comunidade Econ\u00f3mica Europeia para o Afeganist\u00e3o", "linguisticInfo": {"para": {"lemma": "parir", "pos": "ADP", "is_stop": true, "is_named": false}, "reconsiderar": {"lemma": "reconsiderar", "pos": "VERB", "is_stop": false, "is_named": false}, "a": {"lemma": "o", "pos": "ADP", "is_stop": true, "is_named": false}, "sua": {"lemma": "suar", "pos": "DET", "is_stop": true, "is_named": false}, "resposta": {"lemma": "respostar", "pos": "NOUN", "is_stop": false, "is_named": false}, ",": {"lemma": ",", "pos": "PUNCT", "is_stop": false, "is_named": false}, "inicialmente": {"lemma": "inicialmente", "pos": "ADV", "is_stop": false, "is_named": false}, "fria": {"lemma": "frio", "pos": "ADJ", "is_stop": false, "is_named": false}, "um": {"lemma": "um", "pos": "DET", "is_stop": true, "is_named": false}, "plano": {"lemma": "planar", "pos": "NOUN", "is_stop": false, "is_named": false}, "de": {"lemma": "de", "pos": "ADP", "is_stop": true, "is_named": false}, "paz": {"lemma": "paz", "pos": "NOUN", "is_stop": false, "is_named": false}, "da": {"lemma": "da", "pos": "ADP", "is_stop": true, "is_named": false}, "Comunidade": {"lemma": "Comunidade", "pos": "PROPN", "is_stop": false, "is_named": true}, "Econ\u00f3mica": {"lemma": "Econ\u00f3mica", "pos": "PROPN", "is_stop": false, "is_named": true}, "Europeia": {"lemma": "Europeia", "pos": "PROPN", "is_stop": false, "is_named": true}, "o": {"lemma": "o", "pos": "DET", "is_stop": true, "is_named": false}, "Afeganist\u00e3o": {"lemma": "Afeganist\u00e3o", "pos": "PROPN", "is_stop": false, "is_named": true}}}, "it": {"text": "il governo riesaminare la risposta", "linguisticInfo": {"il": {"lemma": "il", "pos": "RD", "is_stop": true, "is_named": false}, "governo": {"lemma": "governo", "pos": "S", "is_stop": true, "is_named": false}, "riesaminare": {"lemma": "riesaminare", "pos": "V", "is_stop": false, "is_named": false}, "la": {"lemma": "il", "pos": "RD", "is_stop": true, "is_named": false}, "risposta": {"lemma": "risposta", "pos": "S", "is_stop": false, "is_named": false}}}}, "obj": {"type": "Event", "pt": {"text": "pediu", "linguisticInfo": {"pediu": {"lemma": "pedir", "pos": "VERB", "is_stop": false, "is_named": false}}}, "it": {"text": "chiesto", "linguisticInfo": {"chiesto": {"lemma": "chiedere", "pos": "V", "is_stop": false, "is_named": false}}}}}, {"id": "R5", "subj": {"type": "Non-human_Patient", "pt": {"text": "a sua resposta", "linguisticInfo": {"a": {"lemma": "o", "pos": "DET", "is_stop": true, "is_named": false}, "sua": {"lemma": "suar", "pos": "DET", "is_stop": true, "is_named": false}, "resposta": {"lemma": "respostar", "pos": "NOUN", "is_stop": false, "is_named": false}}}, "it": {"text": "la risposta", "linguisticInfo": {"la": {"lemma": "il", "pos": "RD", "is_stop": true, "is_named": false}, "risposta": {"lemma": "risposta", "pos": "S", "is_stop": false, "is_named": false}}}}, "obj": {"type": "Event", "pt": {"text": "reconsiderar", "linguisticInfo": {"reconsiderar": {"lemma": "reconsiderar", "pos": "VERB", "is_stop": false, "is_named": false}}}, "it": {"text": "riesaminare", "linguisticInfo": {"riesaminare": {"lemma": "riesaminare", "pos": "V", "is_stop": false, "is_named": false}}}}}]}, "sentences_1": {"itText": "NULL contemporaneamente , \u00e8 stato annunciato che il ministro degli affari esteri britannico , lorde carrington , nonch\u00e9 uno dei principali artefici del piano della cee , incontrer\u00e0 il 17 , a washington , il segretario di stato americano , alexander haig , per discutere sull \u2019 argomento .", "ptText": "ao mesmo tempo , foi anunciado que lorde carrington , o ministro brit\u00e2nico dos neg\u00f3cios estrangeiros e um dos principais arquitectos do plano da cee , se re\u00fane em washington , no dia 17 , com o secret\u00e1rio americano de estado , alexander haig , aparentemente a fim de debater o assunto . \n", "relations": [{"id": "R6", "subj": {"type": "Non-human_Oth_participant", "pt": {"text": "que lorde Carrington , o ministro brit\u00e2nico dos Neg\u00f3cios Estrangeiros e um dos principais arquitectos do plano da CEE , se re\u00fane em Washington , no dia 17 , com o secret\u00e1rio americano de Estado , Alexander Haig , aparentemente a fim de debater o assunto", "linguisticInfo": {"que": {"lemma": "que", "pos": "DET", "is_stop": true, "is_named": false}, "lorde": {"lemma": "lorde", "pos": "NOUN", "is_stop": false, "is_named": false}, "Carrington": {"lemma": "Carrington", "pos": "PROPN", "is_stop": false, "is_named": true}, ",": {"lemma": ",", "pos": "PUNCT", "is_stop": false, "is_named": false}, "o": {"lemma": "o", "pos": "DET", "is_stop": true, "is_named": false}, "ministro": {"lemma": "ministrar", "pos": "NOUN", "is_stop": false, "is_named": false}, "brit\u00e2nico": {"lemma": "brit\u00e2nico", "pos": "ADJ", "is_stop": false, "is_named": false}, "dos": {"lemma": "dos", "pos": "ADP", "is_stop": true, "is_named": false}, "Neg\u00f3cios": {"lemma": "Neg\u00f3cios", "pos": "NOUN", "is_stop": false, "is_named": true}, "Estrangeiros": {"lemma": "Estrangeiros", "pos": "ADJ", "is_stop": false, "is_named": true}, "e": {"lemma": "e", "pos": "CCONJ", "is_stop": true, "is_named": false}, "um": {"lemma": "um", "pos": "NUM", "is_stop": true, "is_named": false}, "principais": {"lemma": "principal", "pos": "ADJ", "is_stop": false, "is_named": false}, "arquitectos": {"lemma": "arquitecto", "pos": "NOUN", "is_stop": false, "is_named": false}, "do": {"lemma": "do", "pos": "ADP", "is_stop": true, "is_named": false}, "plano": {"lemma": "planar", "pos": "NOUN", "is_stop": false, "is_named": false}, "da": {"lemma": "da", "pos": "ADP", "is_stop": true, "is_named": false}, "CEE": {"lemma": "CEE", "pos": "PROPN", "is_stop": false, "is_named": true}, "se": {"lemma": "se", "pos": "PRON", "is_stop": true, "is_named": false}, "re\u00fane": {"lemma": "reunir", "pos": "VERB", "is_stop": false, "is_named": false}, "em": {"lemma": "em", "pos": "ADP", "is_stop": true, "is_named": false}, "Washington": {"lemma": "Washington", "pos": "PROPN", "is_stop": false, "is_named": true}, "no": {"lemma": "o", "pos": "ADP", "is_stop": true, "is_named": false}, "dia": {"lemma": "dia", "pos": "NOUN", "is_stop": false, "is_named": false}, "17": {"lemma": "17", "pos": "NUM", "is_stop": false, "is_named": false}, "com": {"lemma": "com", "pos": "ADP", "is_stop": true, "is_named": false}, "secret\u00e1rio": {"lemma": "secret\u00e1rio", "pos": "NOUN", "is_stop": false, "is_named": false}, "americano": {"lemma": "americano", "pos": "ADJ", "is_stop": false, "is_named": false}, "de": {"lemma": "de", "pos": "ADP", "is_stop": true, "is_named": false}, "Estado": {"lemma": "Estado", "pos": "NOUN", "is_stop": true, "is_named": true}, "Alexander": {"lemma": "Alexander", "pos": "PROPN", "is_stop": false, "is_named": true}, "Haig": {"lemma": "Haig", "pos": "PROPN", "is_stop": false, "is_named": true}, "aparentemente": {"lemma": "aparentemente", "pos": "ADV", "is_stop": false, "is_named": false}, "a": {"lemma": "o", "pos": "ADP", "is_stop": true, "is_named": false}, "fim": {"lemma": "fim", "pos": "NOUN", "is_stop": true, "is_named": false}, "debater": {"lemma": "debater", "pos": "VERB", "is_stop": false, "is_named": false}, "assunto": {"lemma": "assunto", "pos": "NOUN", "is_stop": false, "is_named": false}}}, "it": {"text": "che il ministro lorde carrington , nonch\u00e9 uno il 17 ,", "linguisticInfo": {"che": {"lemma": "che", "pos": "CS", "is_stop": true, "is_named": false}, "il": {"lemma": "il", "pos": "RD", "is_stop": true, "is_named": false}, "ministro": {"lemma": "ministro", "pos": "S", "is_stop": true, "is_named": false}, "lorde": {"lemma": "lordo", "pos": "SP", "is_stop": false, "is_named": false}, "carrington": {"lemma": "carrington", "pos": "SP", "is_stop": false, "is_named": false}, ",": {"lemma": ",", "pos": "FF", "is_stop": false, "is_named": false}, "nonch\u00e9": {"lemma": "nonch\u00e9", "pos": "CC", "is_stop": false, "is_named": false}, "uno": {"lemma": "uno", "pos": "PI", "is_stop": true, "is_named": false}, "17": {"lemma": "17", "pos": "N", "is_stop": false, "is_named": false}}}}, "obj": {"type": "Event", "pt": {"text": "foi anunciado", "linguisticInfo": {"foi": {"lemma": "ser", "pos": "AUX", "is_stop": true, "is_named": false}, "anunciado": {"lemma": "anunciar", "pos": "VERB", "is_stop": false, "is_named": false}}}, "it": {"text": "stato annunciato", "linguisticInfo": {"stato": {"lemma": "stare", "pos": "VA", "is_stop": true, "is_named": false}, "annunciato": {"lemma": "annunciare", "pos": "V", "is_stop": false, "is_named": false}}}}}, {"id": "R7", "subj": {"type": "Time", "pt": {"text": "ao mesmo tempo", "linguisticInfo": {"ao": {"lemma": "ao", "pos": "ADP", "is_stop": true, "is_named": false}, "mesmo": {"lemma": "mesmo", "pos": "ADJ", "is_stop": true, "is_named": false}, "tempo": {"lemma": "tempo", "pos": "NOUN", "is_stop": true, "is_named": false}}}, "it": {"text": "contemporaneamente ,", "linguisticInfo": {"contemporaneamente": {"lemma": "contemporaneamente", "pos": "B", "is_stop": false, "is_named": false}, ",": {"lemma": ",", "pos": "FF", "is_stop": false, "is_named": false}}}}, "obj": {"type": "Event", "pt": {"text": "foi anunciado", "linguisticInfo": {"foi": {"lemma": "ser", "pos": "AUX", "is_stop": true, "is_named": false}, "anunciado": {"lemma": "anunciar", "pos": "VERB", "is_stop": false, "is_named": false}}}, "it": {"text": "stato annunciato", "linguisticInfo": {"stato": {"lemma": "stare", "pos": "VA", "is_stop": true, "is_named": false}, "annunciato": {"lemma": "annunciare", "pos": "V", "is_stop": false, "is_named": false}}}}}, {"id": "R8", "subj": {"type": "Human_Agent", "pt": {"text": "lorde Carrington , o ministro brit\u00e2nico dos Neg\u00f3cios Estrangeiros e um dos principais arquitectos do plano da CEE", "linguisticInfo": {"lorde": {"lemma": "lorde", "pos": "NOUN", "is_stop": false, "is_named": false}, "Carrington": {"lemma": "Carrington", "pos": "PROPN", "is_stop": false, "is_named": true}, ",": {"lemma": ",", "pos": "PUNCT", "is_stop": false, "is_named": false}, "o": {"lemma": "o", "pos": "DET", "is_stop": true, "is_named": false}, "ministro": {"lemma": "ministrar", "pos": "NOUN", "is_stop": false, "is_named": false}, "brit\u00e2nico": {"lemma": "brit\u00e2nico", "pos": "ADJ", "is_stop": false, "is_named": false}, "dos": {"lemma": "dos", "pos": "ADP", "is_stop": true, "is_named": false}, "Neg\u00f3cios": {"lemma": "Neg\u00f3cios", "pos": "NOUN", "is_stop": false, "is_named": true}, "Estrangeiros": {"lemma": "Estrangeiros", "pos": "ADJ", "is_stop": false, "is_named": true}, "e": {"lemma": "e", "pos": "CCONJ", "is_stop": true, "is_named": false}, "um": {"lemma": "um", "pos": "NUM", "is_stop": true, "is_named": false}, "principais": {"lemma": "principal", "pos": "ADJ", "is_stop": false, "is_named": false}, "arquitectos": {"lemma": "arquitecto", "pos": "NOUN", "is_stop": false, "is_named": false}, "do": {"lemma": "do", "pos": "ADP", "is_stop": true, "is_named": false}, "plano": {"lemma": "planar", "pos": "NOUN", "is_stop": false, "is_named": false}, "da": {"lemma": "da", "pos": "ADP", "is_stop": true, "is_named": false}, "CEE": {"lemma": "CEE", "pos": "PROPN", "is_stop": false, "is_named": true}}}, "it": {"text": "lorde carrington , nonch\u00e9 uno il 17 ,", "linguisticInfo": {"lorde": {"lemma": "lorde", "pos": "S", "is_stop": false, "is_named": false}, "carrington": {"lemma": "carrington", "pos": "SP", "is_stop": false, "is_named": false}, ",": {"lemma": ",", "pos": "FF", "is_stop": false, "is_named": false}, "nonch\u00e9": {"lemma": "nonch\u00e9", "pos": "CC", "is_stop": false, "is_named": false}, "uno": {"lemma": "uno", "pos": "PI", "is_stop": true, "is_named": false}, "il": {"lemma": "il", "pos": "RD", "is_stop": true, "is_named": false}, "17": {"lemma": "17", "pos": "N", "is_stop": false, "is_named": false}}}}, "obj": {"type": "Event", "pt": {"text": "se re\u00fane", "linguisticInfo": {"se": {"lemma": "se", "pos": "PRON", "is_stop": true, "is_named": false}, "re\u00fane": {"lemma": "reunir", "pos": "VERB", "is_stop": false, "is_named": false}}}, "it": {"text": "incontrer\u00e0", "linguisticInfo": {"incontrer\u00e0": {"lemma": "incontrare", "pos": "V", "is_stop": false, "is_named": false}}}}}, {"id": "R9", "subj": {"type": "Geo_location", "pt": {"text": "em Washington", "linguisticInfo": {"em": {"lemma": "em", "pos": "ADP", "is_stop": true, "is_named": false}, "Washington": {"lemma": "Washington", "pos": "PROPN", "is_stop": false, "is_named": true}}}, "it": {"text": "a washington", "linguisticInfo": {"a": {"lemma": "a", "pos": "E", "is_stop": true, "is_named": false}, "washington": {"lemma": "washington", "pos": "SP", "is_stop": false, "is_named": false}}}}, "obj": {"type": "Event", "pt": {"text": "se re\u00fane", "linguisticInfo": {"se": {"lemma": "se", "pos": "PRON", "is_stop": true, "is_named": false}, "re\u00fane": {"lemma": "reunir", "pos": "VERB", "is_stop": false, "is_named": false}}}, "it": {"text": "incontrer\u00e0", "linguisticInfo": {"incontrer\u00e0": {"lemma": "incontrare", "pos": "V", "is_stop": false, "is_named": false}}}}}, {"id": "R10", "subj": {"type": "Time", "pt": {"text": "no dia 17", "linguisticInfo": {"no": {"lemma": "o", "pos": "ADP", "is_stop": true, "is_named": false}, "dia": {"lemma": "dia", "pos": "NOUN", "is_stop": false, "is_named": false}, "17": {"lemma": "17", "pos": "NUM", "is_stop": false, "is_named": false}}}, "it": {"text": "contemporaneamente , 17 , a", "linguisticInfo": {"contemporaneamente": {"lemma": "contemporaneamente", "pos": "B", "is_stop": false, "is_named": false}, ",": {"lemma": ",", "pos": "FF", "is_stop": false, "is_named": false}, "17": {"lemma": "17", "pos": "N", "is_stop": false, "is_named": false}, "a": {"lemma": "a", "pos": "E", "is_stop": true, "is_named": false}}}}, "obj": {"type": "Event", "pt": {"text": "se re\u00fane", "linguisticInfo": {"se": {"lemma": "se", "pos": "PRON", "is_stop": true, "is_named": false}, "re\u00fane": {"lemma": "reunir", "pos": "VERB", "is_stop": false, "is_named": false}}}, "it": {"text": "incontrer\u00e0", "linguisticInfo": {"incontrer\u00e0": {"lemma": "incontrare", "pos": "V", "is_stop": false, "is_named": false}}}}}, {"id": "R11", "subj": {"type": "Human_Patient", "pt": {"text": "com o secret\u00e1rio americano de Estado , Alexander Haig", "linguisticInfo": {"com": {"lemma": "com", "pos": "ADP", "is_stop": true, "is_named": false}, "o": {"lemma": "o", "pos": "DET", "is_stop": true, "is_named": false}, "secret\u00e1rio": {"lemma": "secret\u00e1rio", "pos": "NOUN", "is_stop": false, "is_named": false}, "americano": {"lemma": "americano", "pos": "ADJ", "is_stop": false, "is_named": false}, "de": {"lemma": "de", "pos": "ADP", "is_stop": true, "is_named": false}, "Estado": {"lemma": "Estado", "pos": "NOUN", "is_stop": true, "is_named": true}, ",": {"lemma": ",", "pos": "PUNCT", "is_stop": false, "is_named": false}, "Alexander": {"lemma": "Alexander", "pos": "PROPN", "is_stop": false, "is_named": true}, "Haig": {"lemma": "Haig", "pos": "PROPN", "is_stop": false, "is_named": true}}}, "it": {"text": "contemporaneamente , il ministro degli segretario di stato americano , alexander", "linguisticInfo": {"contemporaneamente": {"lemma": "contemporaneamente", "pos": "B", "is_stop": false, "is_named": false}, ",": {"lemma": ",", "pos": "FF", "is_stop": false, "is_named": false}, "il": {"lemma": "il", "pos": "RD", "is_stop": true, "is_named": false}, "ministro": {"lemma": "ministro", "pos": "S", "is_stop": true, "is_named": false}, "degli": {"lemma": "del", "pos": "E_RD", "is_stop": true, "is_named": false}, "segretario": {"lemma": "segretario", "pos": "S", "is_stop": false, "is_named": false}, "di": {"lemma": "di", "pos": "E", "is_stop": true, "is_named": false}, "stato": {"lemma": "stato", "pos": "S", "is_stop": true, "is_named": false}, "americano": {"lemma": "americano", "pos": "A", "is_stop": false, "is_named": false}, "alexander": {"lemma": "alexander", "pos": "B", "is_stop": false, "is_named": false}}}}, "obj": {"type": "Event", "pt": {"text": "se re\u00fane", "linguisticInfo": {"se": {"lemma": "se", "pos": "PRON", "is_stop": true, "is_named": false}, "re\u00fane": {"lemma": "reunir", "pos": "VERB", "is_stop": false, "is_named": false}}}, "it": {"text": "incontrer\u00e0", "linguisticInfo": {"incontrer\u00e0": {"lemma": "incontrare", "pos": "V", "is_stop": false, "is_named": false}}}}}, {"id": "R12", "subj": {"type": "Non-human_Oth_participant", "pt": {"text": "aparentemente a fim de debater o assunto", "linguisticInfo": {"aparentemente": {"lemma": "aparentemente", "pos": "ADV", "is_stop": false, "is_named": false}, "a": {"lemma": "o", "pos": "ADP", "is_stop": true, "is_named": false}, "fim": {"lemma": "fim", "pos": "NOUN", "is_stop": true, "is_named": false}, "de": {"lemma": "de", "pos": "ADP", "is_stop": true, "is_named": false}, "debater": {"lemma": "debater", "pos": "VERB", "is_stop": false, "is_named": false}, "o": {"lemma": "o", "pos": "DET", "is_stop": true, "is_named": false}, "assunto": {"lemma": "assunto", "pos": "NOUN", "is_stop": false, "is_named": false}}}, "it": {"text": "17 , a", "linguisticInfo": {"17": {"lemma": "17", "pos": "N", "is_stop": false, "is_named": false}, ",": {"lemma": ",", "pos": "FF", "is_stop": false, "is_named": false}, "a": {"lemma": "a", "pos": "E", "is_stop": true, "is_named": false}}}}, "obj": {"type": "Event", "pt": {"text": "se re\u00fane", "linguisticInfo": {"se": {"lemma": "se", "pos": "PRON", "is_stop": true, "is_named": false}, "re\u00fane": {"lemma": "reunir", "pos": "VERB", "is_stop": false, "is_named": false}}}, "it": {"text": "incontrer\u00e0", "linguisticInfo": {"incontrer\u00e0": {"lemma": "incontrare", "pos": "V", "is_stop": false, "is_named": false}}}}}, {"id": "R13", "subj": {"type": "Non-human_Patient", "pt": {"text": "o assunto", "linguisticInfo": {"o": {"lemma": "o", "pos": "DET", "is_stop": true, "is_named": false}, "assunto": {"lemma": "assunto", "pos": "NOUN", "is_stop": false, "is_named": false}}}, "it": {"text": "argomento", "linguisticInfo": {"argomento": {"lemma": "argomento", "pos": "S", "is_stop": false, "is_named": false}}}}, "obj": {"type": "Event", "pt": {"text": "debater", "linguisticInfo": {"debater": {"lemma": "debater", "pos": "VERB", "is_stop": false, "is_named": false}}}, "it": {"text": "discutere", "linguisticInfo": {"discutere": {"lemma": "discutere", "pos": "V", "is_stop": false, "is_named": false}}}}}]}, "sentences_3": {"itText": "NULL haig e carrington avranno l \u2019 opportunit\u00e0 di discutere sull \u2019 argomento con il ministro degli affari esteri sovietico , andrei gromyko , in occasione dell \u2019 apertura della sessione autunnale dell \u2019 assemblea generale delle nazioni unite , a new york , a cui saranno presenti tutti e tre .", "ptText": "haig e carrington ter\u00e3o a oportunidade de debater o assunto com o ministro sovi\u00e9tico dos neg\u00f3cios estrangeiros , andrei gromyko , quando os tr\u00eas assistirem \u00e0 abertura da sess\u00e3o de outono da assembleia geral das na\u00e7\u00f5es unidas , em nova iorque . \n", "relations": [{"id": "R13", "subj": {"type": "Non-human_Patient", "pt": {"text": "o assunto", "linguisticInfo": {"o": {"lemma": "o", "pos": "DET", "is_stop": true, "is_named": false}, "assunto": {"lemma": "assunto", "pos": "NOUN", "is_stop": false, "is_named": false}}}, "it": {"text": "argomento", "linguisticInfo": {"argomento": {"lemma": "argomento", "pos": "S", "is_stop": false, "is_named": false}}}}, "obj": {"type": "Event", "pt": {"text": "debater", "linguisticInfo": {"debater": {"lemma": "debater", "pos": "VERB", "is_stop": false, "is_named": false}}}, "it": {"text": "discutere", "linguisticInfo": {"discutere": {"lemma": "discutere", "pos": "V", "is_stop": false, "is_named": false}}}}}, {"id": "R27", "subj": {"type": "Human_Agent", "pt": {"text": "Haig e Carrington", "linguisticInfo": {"Haig": {"lemma": "Haig", "pos": "PROPN", "is_stop": false, "is_named": true}, "e": {"lemma": "e", "pos": "CCONJ", "is_stop": true, "is_named": false}, "Carrington": {"lemma": "Carrington", "pos": "PROPN", "is_stop": false, "is_named": true}}}, "it": {"text": "haig e carrington", "linguisticInfo": {"haig": {"lemma": "haig", "pos": "V", "is_stop": false, "is_named": false}, "e": {"lemma": "e", "pos": "CC", "is_stop": false, "is_named": false}, "carrington": {"lemma": "carrington", "pos": "SP", "is_stop": false, "is_named": false}}}}, "obj": {"type": "Event", "pt": {"text": "ter\u00e3o a oportunidade de debater", "linguisticInfo": {"ter\u00e3o": {"lemma": "ter", "pos": "VERB", "is_stop": false, "is_named": false}, "a": {"lemma": "o", "pos": "DET", "is_stop": true, "is_named": false}, "oportunidade": {"lemma": "oportunidade", "pos": "NOUN", "is_stop": false, "is_named": false}, "de": {"lemma": "de", "pos": "SCONJ", "is_stop": true, "is_named": false}, "debater": {"lemma": "debater", "pos": "VERB", "is_stop": false, "is_named": false}}}, "it": {"text": "avranno l opportunit\u00e0 di discutere", "linguisticInfo": {"avranno": {"lemma": "avere", "pos": "V", "is_stop": true, "is_named": false}, "l": {"lemma": "l", "pos": "RD", "is_stop": false, "is_named": false}, "opportunit\u00e0": {"lemma": "opportunit\u00e0", "pos": "S", "is_stop": false, "is_named": false}, "di": {"lemma": "di", "pos": "E", "is_stop": true, "is_named": false}, "discutere": {"lemma": "discutere", "pos": "V", "is_stop": false, "is_named": false}}}}}, {"id": "R28", "subj": {"type": "Non-human_Oth_participant", "pt": {"text": "o assunto", "linguisticInfo": {"o": {"lemma": "o", "pos": "DET", "is_stop": true, "is_named": false}, "assunto": {"lemma": "assunto", "pos": "NOUN", "is_stop": false, "is_named": false}}}, "it": {"text": "argomento", "linguisticInfo": {"argomento": {"lemma": "argomento", "pos": "S", "is_stop": false, "is_named": false}}}}, "obj": {"type": "Event", "pt": {"text": "ter\u00e3o a oportunidade de debater", "linguisticInfo": {"ter\u00e3o": {"lemma": "ter", "pos": "VERB", "is_stop": false, "is_named": false}, "a": {"lemma": "o", "pos": "DET", "is_stop": true, "is_named": false}, "oportunidade": {"lemma": "oportunidade", "pos": "NOUN", "is_stop": false, "is_named": false}, "de": {"lemma": "de", "pos": "SCONJ", "is_stop": true, "is_named": false}, "debater": {"lemma": "debater", "pos": "VERB", "is_stop": false, "is_named": false}}}, "it": {"text": "avranno l opportunit\u00e0 di discutere", "linguisticInfo": {"avranno": {"lemma": "avere", "pos": "V", "is_stop": true, "is_named": false}, "l": {"lemma": "l", "pos": "RD", "is_stop": false, "is_named": false}, "opportunit\u00e0": {"lemma": "opportunit\u00e0", "pos": "S", "is_stop": false, "is_named": false}, "di": {"lemma": "di", "pos": "E", "is_stop": true, "is_named": false}, "discutere": {"lemma": "discutere", "pos": "V", "is_stop": false, "is_named": false}}}}}, {"id": "R29", "subj": {"type": "Human_Patient", "pt": {"text": "com o ministro sovi\u00e9tico dos Neg\u00f3cios Estrangeiros , Andrei Gromyko", "linguisticInfo": {"com": {"lemma": "com", "pos": "ADP", "is_stop": true, "is_named": false}, "o": {"lemma": "o", "pos": "DET", "is_stop": true, "is_named": false}, "ministro": {"lemma": "ministrar", "pos": "NOUN", "is_stop": false, "is_named": false}, "sovi\u00e9tico": {"lemma": "sovi\u00e9tico", "pos": "ADJ", "is_stop": false, "is_named": false}, "dos": {"lemma": "dos", "pos": "ADP", "is_stop": true, "is_named": false}, "Neg\u00f3cios": {"lemma": "Neg\u00f3cios", "pos": "NOUN", "is_stop": false, "is_named": true}, "Estrangeiros": {"lemma": "Estrangeiros", "pos": "ADJ", "is_stop": false, "is_named": true}, ",": {"lemma": ",", "pos": "PUNCT", "is_stop": false, "is_named": false}, "Andrei": {"lemma": "Andrei", "pos": "PROPN", "is_stop": false, "is_named": true}, "Gromyko": {"lemma": "Gromyko", "pos": "PROPN", "is_stop": false, "is_named": true}}}, "it": {"text": "con il ministro degli affari sovietico , andrei", "linguisticInfo": {"con": {"lemma": "con", "pos": "E", "is_stop": true, "is_named": false}, "il": {"lemma": "il", "pos": "RD", "is_stop": true, "is_named": false}, "ministro": {"lemma": "ministro", "pos": "S", "is_stop": true, "is_named": false}, "degli": {"lemma": "del", "pos": "E_RD", "is_stop": true, "is_named": false}, "affari": {"lemma": "affare", "pos": "S", "is_stop": false, "is_named": false}, "sovietico": {"lemma": "sovietico", "pos": "A", "is_stop": false, "is_named": false}, ",": {"lemma": ",", "pos": "FF", "is_stop": false, "is_named": false}, "andrei": {"lemma": "andare", "pos": "V", "is_stop": false, "is_named": false}}}}, "obj": {"type": "Event", "pt": {"text": "ter\u00e3o a oportunidade de debater", "linguisticInfo": {"ter\u00e3o": {"lemma": "ter", "pos": "VERB", "is_stop": false, "is_named": false}, "a": {"lemma": "o", "pos": "DET", "is_stop": true, "is_named": false}, "oportunidade": {"lemma": "oportunidade", "pos": "NOUN", "is_stop": false, "is_named": false}, "de": {"lemma": "de", "pos": "SCONJ", "is_stop": true, "is_named": false}, "debater": {"lemma": "debater", "pos": "VERB", "is_stop": false, "is_named": false}}}, "it": {"text": "avranno l opportunit\u00e0 di discutere", "linguisticInfo": {"avranno": {"lemma": "avere", "pos": "V", "is_stop": true, "is_named": false}, "l": {"lemma": "l", "pos": "RD", "is_stop": false, "is_named": false}, "opportunit\u00e0": {"lemma": "opportunit\u00e0", "pos": "S", "is_stop": false, "is_named": false}, "di": {"lemma": "di", "pos": "E", "is_stop": true, "is_named": false}, "discutere": {"lemma": "discutere", "pos": "V", "is_stop": false, "is_named": false}}}}}, {"id": "R30", "subj": {"type": "Time", "pt": {"text": "quando os tr\u00eas assistirem \u00e0 abertura da sess\u00e3o de Outono da Assembleia Geral das Na\u00e7\u00f5es Unidas , em Nova Iorque", "linguisticInfo": {"quando": {"lemma": "quando", "pos": "ADV", "is_stop": true, "is_named": false}, "os": {"lemma": "o", "pos": "DET", "is_stop": true, "is_named": false}, "tr\u00eas": {"lemma": "tr\u00eas", "pos": "NUM", "is_stop": true, "is_named": false}, "assistirem": {"lemma": "assistir", "pos": "VERB", "is_stop": false, "is_named": false}, "\u00e0": {"lemma": "\u00e0", "pos": "ADP", "is_stop": true, "is_named": false}, "abertura": {"lemma": "abertura", "pos": "NOUN", "is_stop": false, "is_named": false}, "da": {"lemma": "da", "pos": "ADP", "is_stop": true, "is_named": false}, "sess\u00e3o": {"lemma": "sess\u00e3o", "pos": "NOUN", "is_stop": false, "is_named": false}, "de": {"lemma": "de", "pos": "ADP", "is_stop": true, "is_named": false}, "Outono": {"lemma": "Outono", "pos": "PROPN", "is_stop": false, "is_named": true}, "Assembleia": {"lemma": "Assembleia", "pos": "PROPN", "is_stop": false, "is_named": true}, "Geral": {"lemma": "Geral", "pos": "PROPN", "is_stop": true, "is_named": true}, "das": {"lemma": "das", "pos": "ADP", "is_stop": true, "is_named": false}, "Na\u00e7\u00f5es": {"lemma": "Na\u00e7\u00f5es", "pos": "PROPN", "is_stop": false, "is_named": true}, "Unidas": {"lemma": "Unidas", "pos": "PROPN", "is_stop": false, "is_named": true}, ",": {"lemma": ",", "pos": "PUNCT", "is_stop": false, "is_named": false}, "em": {"lemma": "em", "pos": "ADP", "is_stop": true, "is_named": false}, "Nova": {"lemma": "Nova", "pos": "PROPN", "is_stop": true, "is_named": true}, "Iorque": {"lemma": "Iorque", "pos": "PROPN", "is_stop": false, "is_named": true}}}, "it": {"text": "gromyko , in", "linguisticInfo": {"gromyko": {"lemma": "gromyko", "pos": "S", "is_stop": false, "is_named": false}, ",": {"lemma": ",", "pos": "FF", "is_stop": false, "is_named": false}, "in": {"lemma": "in", "pos": "E", "is_stop": true, "is_named": false}}}}, "obj": {"type": "Event", "pt": {"text": "ter\u00e3o a oportunidade de debater", "linguisticInfo": {"ter\u00e3o": {"lemma": "ter", "pos": "VERB", "is_stop": false, "is_named": false}, "a": {"lemma": "o", "pos": "DET", "is_stop": true, "is_named": false}, "oportunidade": {"lemma": "oportunidade", "pos": "NOUN", "is_stop": false, "is_named": false}, "de": {"lemma": "de", "pos": "SCONJ", "is_stop": true, "is_named": false}, "debater": {"lemma": "debater", "pos": "VERB", "is_stop": false, "is_named": false}}}, "it": {"text": "avranno l opportunit\u00e0 di discutere", "linguisticInfo": {"avranno": {"lemma": "avere", "pos": "V", "is_stop": true, "is_named": false}, "l": {"lemma": "l", "pos": "RD", "is_stop": false, "is_named": false}, "opportunit\u00e0": {"lemma": "opportunit\u00e0", "pos": "S", "is_stop": false, "is_named": false}, "di": {"lemma": "di", "pos": "E", "is_stop": true, "is_named": false}, "discutere": {"lemma": "discutere", "pos": "V", "is_stop": false, "is_named": false}}}}}, {"id": "R31", "subj": {"type": "Human_Agent", "pt": {"text": "os tr\u00eas", "linguisticInfo": {"os": {"lemma": "o", "pos": "DET", "is_stop": true, "is_named": false}, "tr\u00eas": {"lemma": "tr\u00eas", "pos": "NUM", "is_stop": true, "is_named": false}}}, "it": {"text": "gromyko , in", "linguisticInfo": {"gromyko": {"lemma": "gromyko", "pos": "S", "is_stop": false, "is_named": false}, ",": {"lemma": ",", "pos": "FF", "is_stop": false, "is_named": false}, "in": {"lemma": "in", "pos": "E", "is_stop": true, "is_named": false}}}}, "obj": {"type": "Event", "pt": {"text": "assistirem", "linguisticInfo": {"assistirem": {"lemma": "assistir", "pos": "VERB", "is_stop": false, "is_named": false}}}, "it": {"text": "gromyko", "linguisticInfo": {"gromyko": {"lemma": "gromyko", "pos": "S", "is_stop": false, "is_named": false}}}}}, {"id": "R32", "subj": {"type": "Non-human_Patient", "pt": {"text": "\u00e0 abertura da sess\u00e3o de Outono da Assembleia Geral das Na\u00e7\u00f5es Unidas", "linguisticInfo": {"\u00e0": {"lemma": "\u00e0", "pos": "ADP", "is_stop": true, "is_named": false}, "abertura": {"lemma": "abertura", "pos": "NOUN", "is_stop": false, "is_named": false}, "da": {"lemma": "da", "pos": "ADP", "is_stop": true, "is_named": false}, "sess\u00e3o": {"lemma": "sess\u00e3o", "pos": "NOUN", "is_stop": false, "is_named": false}, "de": {"lemma": "de", "pos": "ADP", "is_stop": true, "is_named": false}, "Outono": {"lemma": "Outono", "pos": "PROPN", "is_stop": false, "is_named": true}, "Assembleia": {"lemma": "Assembleia", "pos": "PROPN", "is_stop": false, "is_named": true}, "Geral": {"lemma": "Geral", "pos": "PROPN", "is_stop": true, "is_named": true}, "das": {"lemma": "das", "pos": "ADP", "is_stop": true, "is_named": false}, "Na\u00e7\u00f5es": {"lemma": "Na\u00e7\u00f5es", "pos": "PROPN", "is_stop": false, "is_named": true}, "Unidas": {"lemma": "Unidas", "pos": "PROPN", "is_stop": false, "is_named": true}}}, "it": {"text": "haig e apertura della sessione autunnale dell", "linguisticInfo": {"haig": {"lemma": "haig", "pos": "V", "is_stop": false, "is_named": false}, "e": {"lemma": "e", "pos": "CC", "is_stop": false, "is_named": false}, "apertura": {"lemma": "apertura", "pos": "S", "is_stop": false, "is_named": false}, "della": {"lemma": "della", "pos": "E_RD", "is_stop": true, "is_named": false}, "sessione": {"lemma": "sessione", "pos": "S", "is_stop": false, "is_named": false}, "autunnale": {"lemma": "autunnale", "pos": "A", "is_stop": false, "is_named": false}, "dell": {"lemma": "dell", "pos": "SP", "is_stop": true, "is_named": false}}}}, "obj": {"type": "Event", "pt": {"text": "assistirem", "linguisticInfo": {"assistirem": {"lemma": "assistir", "pos": "VERB", "is_stop": false, "is_named": false}}}, "it": {"text": "gromyko", "linguisticInfo": {"gromyko": {"lemma": "gromyko", "pos": "S", "is_stop": false, "is_named": false}}}}}, {"id": "R33", "subj": {"type": "Geo_location", "pt": {"text": "em Nova Iorque", "linguisticInfo": {"em": {"lemma": "em", "pos": "ADP", "is_stop": true, "is_named": false}, "Nova": {"lemma": "Nova", "pos": "PROPN", "is_stop": true, "is_named": true}, "Iorque": {"lemma": "Iorque", "pos": "PROPN", "is_stop": false, "is_named": true}}}, "it": {"text": "a new york", "linguisticInfo": {"a": {"lemma": "a", "pos": "E", "is_stop": true, "is_named": false}, "new": {"lemma": "new", "pos": "SP", "is_stop": false, "is_named": false}, "york": {"lemma": "york", "pos": "SP", "is_stop": false, "is_named": false}}}}, "obj": {"type": "Event", "pt": {"text": "assistirem", "linguisticInfo": {"assistirem": {"lemma": "assistir", "pos": "VERB", "is_stop": false, "is_named": false}}}, "it": {"text": "gromyko", "linguisticInfo": {"gromyko": {"lemma": "gromyko", "pos": "S", "is_stop": false, "is_named": false}}}}}]}, "sentences_2": {"itText": "NULL \u00ab ci auguriamo che l \u2019 unione sovietica risponda in modo costruttivo ad un&apos; iniziativa che pu\u00f2 dare nuoni risultati e attenuare la tragedia umanitaria dell \u2019 afghanistan \u00bb , ha affermato l \u2019 informatore della segreteria di lorde carrington , che ha presentato luned\u00ec , in nome dei 10 paesi del mercato unico , il piano mosca , giudicato poco realista dal governo sovietico .", "ptText": "\u00ab esperamos que a uni\u00e3o sovi\u00e9tica responda de forma construtiva a uma iniciativa que poderia ir longe , no sentido de aliviar a trag\u00e9dia humana do afeganist\u00e3o \u00bb , disse o informador da secretaria lorde carrington , em nome dos dez pa\u00edses do mercado comum , apresentou na segunda-feira o plano em moscovo , mas o governo sovi\u00e9tico n\u00e3o o considerou realista . \n", "relations": [{"id": "R14", "subj": {"type": "Human_Agent", "pt": {"text": "a Uni\u00e3o Sovi\u00e9tica", "linguisticInfo": {"a": {"lemma": "o", "pos": "DET", "is_stop": true, "is_named": false}, "Uni\u00e3o": {"lemma": "Uni\u00e3o", "pos": "PROPN", "is_stop": false, "is_named": true}, "Sovi\u00e9tica": {"lemma": "Sovi\u00e9tica", "pos": "PROPN", "is_stop": false, "is_named": true}}}, "it": {"text": "l unione sovietica", "linguisticInfo": {"l": {"lemma": "l", "pos": "RD", "is_stop": false, "is_named": false}, "unione": {"lemma": "unione", "pos": "SP", "is_stop": false, "is_named": false}, "sovietica": {"lemma": "sovietico", "pos": "A", "is_stop": false, "is_named": false}}}}, "obj": {"type": "Event", "pt": {"text": "responda", "linguisticInfo": {"responda": {"lemma": "responder", "pos": "VERB", "is_stop": false, "is_named": false}}}, "it": {"text": "risponda", "linguisticInfo": {"risponda": {"lemma": "rispondere", "pos": "V", "is_stop": false, "is_named": false}}}}}, {"id": "R15", "subj": {"type": "Non-human_Oth_participant", "pt": {"text": "de forma construtiva", "linguisticInfo": {"de": {"lemma": "de", "pos": "ADP", "is_stop": true, "is_named": false}, "forma": {"lemma": "formar", "pos": "NOUN", "is_stop": true, "is_named": false}, "construtiva": {"lemma": "construtivo", "pos": "ADJ", "is_stop": false, "is_named": false}}}, "it": {"text": "modo costruttivo", "linguisticInfo": {"modo": {"lemma": "modo", "pos": "S", "is_stop": true, "is_named": false}, "costruttivo": {"lemma": "costruttivo", "pos": "A", "is_stop": false, "is_named": false}}}}, "obj": {"type": "Event", "pt": {"text": "responda", "linguisticInfo": {"responda": {"lemma": "responder", "pos": "VERB", "is_stop": false, "is_named": false}}}, "it": {"text": "risponda", "linguisticInfo": {"risponda": {"lemma": "rispondere", "pos": "V", "is_stop": false, "is_named": false}}}}}, {"id": "R16", "subj": {"type": "Non-human_Patient", "pt": {"text": "a uma iniciativa que poderia ir longe , no sentido de aliviar a trag\u00e9dia humana do Afeganist\u00e3o", "linguisticInfo": {"a": {"lemma": "o", "pos": "DET", "is_stop": true, "is_named": false}, "uma": {"lemma": "umar", "pos": "DET", "is_stop": true, "is_named": false}, "iniciativa": {"lemma": "iniciativo", "pos": "NOUN", "is_stop": false, "is_named": false}, "que": {"lemma": "que", "pos": "PRON", "is_stop": true, "is_named": false}, "poderia": {"lemma": "poder", "pos": "VERB", "is_stop": false, "is_named": false}, "ir": {"lemma": "ir", "pos": "AUX", "is_stop": true, "is_named": false}, "longe": {"lemma": "longe", "pos": "ADV", "is_stop": true, "is_named": false}, ",": {"lemma": ",", "pos": "PUNCT", "is_stop": false, "is_named": false}, "no": {"lemma": "o", "pos": "ADP", "is_stop": true, "is_named": false}, "sentido": {"lemma": "sentir", "pos": "NOUN", "is_stop": false, "is_named": false}, "de": {"lemma": "de", "pos": "SCONJ", "is_stop": true, "is_named": false}, "aliviar": {"lemma": "aliviar", "pos": "VERB", "is_stop": false, "is_named": false}, "trag\u00e9dia": {"lemma": "trag\u00e9dia", "pos": "NOUN", "is_stop": false, "is_named": false}, "humana": {"lemma": "humano", "pos": "ADJ", "is_stop": false, "is_named": false}, "do": {"lemma": "do", "pos": "ADP", "is_stop": true, "is_named": false}, "Afeganist\u00e3o": {"lemma": "Afeganist\u00e3o", "pos": "NOUN", "is_stop": false, "is_named": true}}}, "it": {"text": "ad un&apos; iniziativa che pu\u00f2 dare nuoni risultati e", "linguisticInfo": {"ad": {"lemma": "ad", "pos": "E", "is_stop": true, "is_named": false}, "un&apos": {"lemma": "un&apos", "pos": "S", "is_stop": false, "is_named": false}, ";": {"lemma": ";", "pos": "FC", "is_stop": false, "is_named": false}, "iniziativa": {"lemma": "iniziativa", "pos": "S", "is_stop": false, "is_named": false}, "che": {"lemma": "che", "pos": "PR", "is_stop": true, "is_named": false}, "pu\u00f2": {"lemma": "potere", "pos": "VM", "is_stop": true, "is_named": false}, "dare": {"lemma": "dare", "pos": "V", "is_stop": false, "is_named": false}, "nuoni": {"lemma": "nuoni", "pos": "S", "is_stop": false, "is_named": false}, "risultati": {"lemma": "risultato", "pos": "S", "is_stop": false, "is_named": false}, "e": {"lemma": "e", "pos": "CC", "is_stop": false, "is_named": false}}}}, "obj": {"type": "Event", "pt": {"text": "responda", "linguisticInfo": {"responda": {"lemma": "responder", "pos": "VERB", "is_stop": false, "is_named": false}}}, "it": {"text": "risponda", "linguisticInfo": {"risponda": {"lemma": "rispondere", "pos": "V", "is_stop": false, "is_named": false}}}}}, {"id": "R17", "subj": {"type": "Non-human_Agent", "pt": {"text": "que", "linguisticInfo": {"que": {"lemma": "que", "pos": "SCONJ", "is_stop": true, "is_named": false}}}, "it": {"text": "che", "linguisticInfo": {"che": {"lemma": "che", "pos": "CS", "is_stop": true, "is_named": false}}}}, "obj": {"type": "Event", "pt": {"text": "poderia ir longe", "linguisticInfo": {"poderia": {"lemma": "poder", "pos": "VERB", "is_stop": false, "is_named": false}, "ir": {"lemma": "ir", "pos": "AUX", "is_stop": true, "is_named": false}, "longe": {"lemma": "longe", "pos": "ADV", "is_stop": true, "is_named": false}}}, "it": {"text": "pu\u00f2 dare nuoni risultati e", "linguisticInfo": {"pu\u00f2": {"lemma": "potere", "pos": "VM", "is_stop": true, "is_named": false}, "dare": {"lemma": "dare", "pos": "V", "is_stop": false, "is_named": false}, "nuoni": {"lemma": "nuoni", "pos": "S", "is_stop": false, "is_named": false}, "risultati": {"lemma": "risultato", "pos": "S", "is_stop": false, "is_named": false}, "e": {"lemma": "e", "pos": "CC", "is_stop": false, "is_named": false}}}}}, {"id": "R18", "subj": {"type": "Non-human_Patient", "pt": {"text": "a trag\u00e9dia humana do Afeganist\u00e3o", "linguisticInfo": {"a": {"lemma": "o", "pos": "DET", "is_stop": true, "is_named": false}, "trag\u00e9dia": {"lemma": "trag\u00e9dia", "pos": "NOUN", "is_stop": false, "is_named": false}, "humana": {"lemma": "humano", "pos": "ADJ", "is_stop": false, "is_named": false}, "do": {"lemma": "do", "pos": "ADP", "is_stop": true, "is_named": false}, "Afeganist\u00e3o": {"lemma": "Afeganist\u00e3o", "pos": "NOUN", "is_stop": false, "is_named": true}}}, "it": {"text": "la tragedia umanitaria dell afghanistan", "linguisticInfo": {"la": {"lemma": "il", "pos": "RD", "is_stop": true, "is_named": false}, "tragedia": {"lemma": "tragedia", "pos": "S", "is_stop": false, "is_named": false}, "umanitaria": {"lemma": "umanitario", "pos": "A", "is_stop": false, "is_named": false}, "dell": {"lemma": "dell", "pos": "SP", "is_stop": true, "is_named": false}, "afghanistan": {"lemma": "afghanistan", "pos": "A", "is_stop": false, "is_named": false}}}}, "obj": {"type": "Event", "pt": {"text": "aliviar", "linguisticInfo": {"aliviar": {"lemma": "aliviar", "pos": "VERB", "is_stop": false, "is_named": false}}}, "it": {"text": "attenuare", "linguisticInfo": {"attenuare": {"lemma": "attenuare", "pos": "V", "is_stop": false, "is_named": false}}}}}, {"id": "R19", "subj": {"type": "Human_Agent", "pt": {"text": "o informador da Secretaria", "linguisticInfo": {"o": {"lemma": "o", "pos": "DET", "is_stop": true, "is_named": false}, "informador": {"lemma": "informador", "pos": "NOUN", "is_stop": false, "is_named": false}, "da": {"lemma": "da", "pos": "ADP", "is_stop": true, "is_named": false}, "Secretaria": {"lemma": "Secretaria", "pos": "PROPN", "is_stop": false, "is_named": true}}}, "it": {"text": "l informatore della segreteria", "linguisticInfo": {"l": {"lemma": "l", "pos": "RD", "is_stop": false, "is_named": false}, "informatore": {"lemma": "informatore", "pos": "S", "is_stop": false, "is_named": false}, "della": {"lemma": "della", "pos": "E_RD", "is_stop": true, "is_named": false}, "segreteria": {"lemma": "segreteria", "pos": "S", "is_stop": false, "is_named": false}}}}, "obj": {"type": "Event", "pt": {"text": "disse", "linguisticInfo": {"disse": {"lemma": "dizer", "pos": "VERB", "is_stop": false, "is_named": false}}}, "it": {"text": "affermato", "linguisticInfo": {"affermato": {"lemma": "affermare", "pos": "V", "is_stop": false, "is_named": false}}}}}, {"id": "R20", "subj": {"type": "Non-human_Oth_participant", "pt": {"text": "Esperamos que a Uni\u00e3o Sovi\u00e9tica responda de forma construtiva a uma iniciativa que poderia ir longe , no sentido de aliviar a trag\u00e9dia humana do Afeganist\u00e3o", "linguisticInfo": {"Esperamos": {"lemma": "Esperamos", "pos": "VERB", "is_stop": false, "is_named": true}, "que": {"lemma": "que", "pos": "PRON", "is_stop": true, "is_named": false}, "a": {"lemma": "o", "pos": "DET", "is_stop": true, "is_named": false}, "Uni\u00e3o": {"lemma": "Uni\u00e3o", "pos": "PROPN", "is_stop": false, "is_named": true}, "Sovi\u00e9tica": {"lemma": "Sovi\u00e9tica", "pos": "PROPN", "is_stop": false, "is_named": true}, "responda": {"lemma": "responder", "pos": "VERB", "is_stop": false, "is_named": false}, "de": {"lemma": "de", "pos": "SCONJ", "is_stop": true, "is_named": false}, "forma": {"lemma": "formar", "pos": "NOUN", "is_stop": true, "is_named": false}, "construtiva": {"lemma": "construtivo", "pos": "ADJ", "is_stop": false, "is_named": false}, "uma": {"lemma": "umar", "pos": "DET", "is_stop": true, "is_named": false}, "iniciativa": {"lemma": "iniciativo", "pos": "NOUN", "is_stop": false, "is_named": false}, "poderia": {"lemma": "poder", "pos": "VERB", "is_stop": false, "is_named": false}, "ir": {"lemma": "ir", "pos": "AUX", "is_stop": true, "is_named": false}, "longe": {"lemma": "longe", "pos": "ADV", "is_stop": true, "is_named": false}, ",": {"lemma": ",", "pos": "PUNCT", "is_stop": false, "is_named": false}, "no": {"lemma": "o", "pos": "ADP", "is_stop": true, "is_named": false}, "sentido": {"lemma": "sentir", "pos": "NOUN", "is_stop": false, "is_named": false}, "aliviar": {"lemma": "aliviar", "pos": "VERB", "is_stop": false, "is_named": false}, "trag\u00e9dia": {"lemma": "trag\u00e9dia", "pos": "NOUN", "is_stop": false, "is_named": false}, "humana": {"lemma": "humano", "pos": "ADJ", "is_stop": false, "is_named": false}, "do": {"lemma": "do", "pos": "ADP", "is_stop": true, "is_named": false}, "Afeganist\u00e3o": {"lemma": "Afeganist\u00e3o", "pos": "NOUN", "is_stop": false, "is_named": true}}}, "it": {"text": "auguriamo che l \u2019 unione sovietica risponda in modo", "linguisticInfo": {"auguriamo": {"lemma": "augurare", "pos": "V", "is_stop": false, "is_named": false}, "che": {"lemma": "che", "pos": "CS", "is_stop": true, "is_named": false}, "l": {"lemma": "l", "pos": "PC", "is_stop": false, "is_named": false}, "\u2019": {"lemma": "\u2019", "pos": "V", "is_stop": false, "is_named": false}, "unione": {"lemma": "unione", "pos": "S", "is_stop": false, "is_named": false}, "sovietica": {"lemma": "sovietico", "pos": "A", "is_stop": false, "is_named": false}, "risponda": {"lemma": "risponda", "pos": "A", "is_stop": false, "is_named": false}, "in": {"lemma": "in", "pos": "E", "is_stop": true, "is_named": false}, "modo": {"lemma": "modo", "pos": "S", "is_stop": true, "is_named": false}}}}, "obj": {"type": "Event", "pt": {"text": "disse", "linguisticInfo": {"disse": {"lemma": "dizer", "pos": "VERB", "is_stop": false, "is_named": false}}}, "it": {"text": "affermato", "linguisticInfo": {"affermato": {"lemma": "affermare", "pos": "V", "is_stop": false, "is_named": false}}}}}, {"id": "R21", "subj": {"type": "Human_Agent", "pt": {"text": "Lorde Carrington", "linguisticInfo": {"Lorde": {"lemma": "Lorde", "pos": "PROPN", "is_stop": false, "is_named": true}, "Carrington": {"lemma": "Carrington", "pos": "PROPN", "is_stop": false, "is_named": true}}}, "it": {"text": "lorde carrington", "linguisticInfo": {"lorde": {"lemma": "lorde", "pos": "S", "is_stop": false, "is_named": false}, "carrington": {"lemma": "carrington", "pos": "SP", "is_stop": false, "is_named": false}}}}, "obj": {"type": "Event", "pt": {"text": "apresentou", "linguisticInfo": {"apresentou": {"lemma": "apresentar", "pos": "VERB", "is_stop": false, "is_named": false}}}, "it": {"text": "presentato", "linguisticInfo": {"presentato": {"lemma": "presentare", "pos": "V", "is_stop": false, "is_named": false}}}}}, {"id": "R22", "subj": {"type": "Time", "pt": {"text": "na segunda-feira", "linguisticInfo": {"na": {"lemma": "o", "pos": "ADP", "is_stop": true, "is_named": false}, "segunda-feira": {"lemma": "segunda-feira", "pos": "NOUN", "is_stop": false, "is_named": false}}}, "it": {"text": "nuoni", "linguisticInfo": {"nuoni": {"lemma": "nuoni", "pos": "S", "is_stop": false, "is_named": false}}}}, "obj": {"type": "Event", "pt": {"text": "apresentou", "linguisticInfo": {"apresentou": {"lemma": "apresentar", "pos": "VERB", "is_stop": false, "is_named": false}}}, "it": {"text": "presentato", "linguisticInfo": {"presentato": {"lemma": "presentare", "pos": "V", "is_stop": false, "is_named": false}}}}}, {"id": "R23", "subj": {"type": "Non-human_Patient", "pt": {"text": "o plano", "linguisticInfo": {"o": {"lemma": "o", "pos": "DET", "is_stop": true, "is_named": false}, "plano": {"lemma": "planar", "pos": "NOUN", "is_stop": false, "is_named": false}}}, "it": {"text": "il piano", "linguisticInfo": {"il": {"lemma": "il", "pos": "RD", "is_stop": true, "is_named": false}, "piano": {"lemma": "piano", "pos": "S", "is_stop": false, "is_named": false}}}}, "obj": {"type": "Event", "pt": {"text": "apresentou", "linguisticInfo": {"apresentou": {"lemma": "apresentar", "pos": "VERB", "is_stop": false, "is_named": false}}}, "it": {"text": "presentato", "linguisticInfo": {"presentato": {"lemma": "presentare", "pos": "V", "is_stop": false, "is_named": false}}}}}, {"id": "R24", "subj": {"type": "Geo_location", "pt": {"text": "em Moscovo", "linguisticInfo": {"em": {"lemma": "em", "pos": "ADP", "is_stop": true, "is_named": false}, "Moscovo": {"lemma": "Moscovo", "pos": "PROPN", "is_stop": false, "is_named": true}}}, "it": {"text": "mosca", "linguisticInfo": {"mosca": {"lemma": "mosca", "pos": "S", "is_stop": false, "is_named": false}}}}, "obj": {"type": "Event", "pt": {"text": "apresentou", "linguisticInfo": {"apresentou": {"lemma": "apresentar", "pos": "VERB", "is_stop": false, "is_named": false}}}, "it": {"text": "presentato", "linguisticInfo": {"presentato": {"lemma": "presentare", "pos": "V", "is_stop": false, "is_named": false}}}}}, {"id": "R25", "subj": {"type": "Human_Agent", "pt": {"text": "o Governo sovi\u00e9tico", "linguisticInfo": {"o": {"lemma": "o", "pos": "DET", "is_stop": true, "is_named": false}, "Governo": {"lemma": "Governo", "pos": "PROPN", "is_stop": false, "is_named": true}, "sovi\u00e9tico": {"lemma": "sovi\u00e9tico", "pos": "ADJ", "is_stop": false, "is_named": false}}}, "it": {"text": "governo sovietico", "linguisticInfo": {"governo": {"lemma": "governo", "pos": "S", "is_stop": true, "is_named": false}, "sovietico": {"lemma": "sovietico", "pos": "A", "is_stop": false, "is_named": false}}}}, "obj": {"type": "Event", "pt": {"text": "n\u00e3o o considerou", "linguisticInfo": {"n\u00e3o": {"lemma": "n\u00e3o", "pos": "ADV", "is_stop": true, "is_named": false}, "o": {"lemma": "o", "pos": "PRON", "is_stop": true, "is_named": false}, "considerou": {"lemma": "considerar", "pos": "VERB", "is_stop": false, "is_named": false}}}, "it": {"text": "\u00ab ci", "linguisticInfo": {"\u00ab": {"lemma": "\u00ab", "pos": "FB", "is_stop": false, "is_named": false}, "ci": {"lemma": "ci", "pos": "PC", "is_stop": true, "is_named": false}}}}}, {"id": "R26", "subj": {"type": "Non-human_Oth_participant", "pt": {"text": "realista", "linguisticInfo": {"realista": {"lemma": "realistar", "pos": "VERB", "is_stop": false, "is_named": false}}}, "it": {"text": "realista", "linguisticInfo": {"realista": {"lemma": "realista", "pos": "A", "is_stop": false, "is_named": false}}}}, "obj": {"type": "Event", "pt": {"text": "n\u00e3o o considerou", "linguisticInfo": {"n\u00e3o": {"lemma": "n\u00e3o", "pos": "ADV", "is_stop": true, "is_named": false}, "o": {"lemma": "o", "pos": "PRON", "is_stop": true, "is_named": false}, "considerou": {"lemma": "considerar", "pos": "VERB", "is_stop": false, "is_named": false}}}, "it": {"text": "\u00ab ci", "linguisticInfo": {"\u00ab": {"lemma": "\u00ab", "pos": "FB", "is_stop": false, "is_named": false}, "ci": {"lemma": "ci", "pos": "PC", "is_stop": true, "is_named": false}}}}}]}, "sentences_4": {"itText": "NULL il piano della cee prevede che i cinque membri permanenti del consiglio di sicurezza delle nazioni unite ( gran bretagna , cina , francia , unione sovietica e stati uniti ) si riuniscano con india , il pakistan e iran per valutare le prospettive auspicabili per un afghanistan disallineato e indipendente .", "ptText": "o plano da cee prev\u00ea que os cinco membros permanentes do conselho de seguran\u00e7a das na\u00e7\u00f5es unidas ( gr\u00e3-bretanha , china , fran\u00e7a , uni\u00e3o sovi\u00e9tica e estados unidos ) se reunam com a \u00edndia , o paquist\u00e3o e o ir\u00e3o para estudarem garantias de um afeganist\u00e3o n\u00e3o alinhado e independente . \n", "relations": [{"id": "R34", "subj": {"type": "Human_Agent", "pt": {"text": "os cinco membros permanentes do Conselho de Seguran\u00e7a das Na\u00e7\u00f5es Unidas ( Gr\u00e3-Bretanha , China , Fran\u00e7a , Uni\u00e3o Sovi\u00e9tica e Estados Unidos", "linguisticInfo": {"os": {"lemma": "o", "pos": "DET", "is_stop": true, "is_named": false}, "cinco": {"lemma": "cincar", "pos": "NUM", "is_stop": true, "is_named": false}, "membros": {"lemma": "membro", "pos": "NOUN", "is_stop": false, "is_named": false}, "permanentes": {"lemma": "permanente", "pos": "ADJ", "is_stop": false, "is_named": false}, "do": {"lemma": "do", "pos": "ADP", "is_stop": true, "is_named": false}, "Conselho": {"lemma": "Conselho", "pos": "PROPN", "is_stop": true, "is_named": true}, "de": {"lemma": "de", "pos": "ADP", "is_stop": true, "is_named": false}, "Seguran\u00e7a": {"lemma": "Seguran\u00e7a", "pos": "PROPN", "is_stop": false, "is_named": true}, "das": {"lemma": "das", "pos": "ADP", "is_stop": true, "is_named": false}, "Na\u00e7\u00f5es": {"lemma": "Na\u00e7\u00f5es", "pos": "PROPN", "is_stop": false, "is_named": true}, "Unidas": {"lemma": "Unidas", "pos": "PROPN", "is_stop": false, "is_named": true}, "(": {"lemma": "(", "pos": "PUNCT", "is_stop": false, "is_named": false}, "Gr\u00e3-Bretanha": {"lemma": "Gr\u00e3-Bretanha", "pos": "PROPN", "is_stop": false, "is_named": true}, ",": {"lemma": ",", "pos": "PUNCT", "is_stop": false, "is_named": false}, "China": {"lemma": "China", "pos": "PROPN", "is_stop": false, "is_named": true}, "Fran\u00e7a": {"lemma": "Fran\u00e7a", "pos": "PROPN", "is_stop": false, "is_named": true}, "Uni\u00e3o": {"lemma": "Uni\u00e3o", "pos": "PROPN", "is_stop": false, "is_named": true}, "Sovi\u00e9tica": {"lemma": "Sovi\u00e9tica", "pos": "PROPN", "is_stop": false, "is_named": true}, "e": {"lemma": "e", "pos": "CCONJ", "is_stop": true, "is_named": false}, "Estados": {"lemma": "Estados", "pos": "PROPN", "is_stop": false, "is_named": true}, "Unidos": {"lemma": "Unidos", "pos": "PROPN", "is_stop": false, "is_named": true}}}, "it": {"text": "i cinque membri permanenti del consiglio di sicurezza delle nazioni unite ( bretagna , cina , francia , unione sovietica e stati uniti", "linguisticInfo": {"i": {"lemma": "il", "pos": "RD", "is_stop": false, "is_named": false}, "cinque": {"lemma": "cinque", "pos": "N", "is_stop": false, "is_named": false}, "membri": {"lemma": "membro", "pos": "S", "is_stop": false, "is_named": false}, "permanenti": {"lemma": "permanente", "pos": "A", "is_stop": false, "is_named": false}, "del": {"lemma": "del", "pos": "E_RD", "is_stop": true, "is_named": false}, "consiglio": {"lemma": "consiglio", "pos": "S", "is_stop": true, "is_named": false}, "di": {"lemma": "di", "pos": "E", "is_stop": true, "is_named": false}, "sicurezza": {"lemma": "sicurezza", "pos": "S", "is_stop": false, "is_named": false}, "delle": {"lemma": "della", "pos": "E_RD", "is_stop": true, "is_named": false}, "nazioni": {"lemma": "nazione", "pos": "SP", "is_stop": false, "is_named": false}, "unite": {"lemma": "unito", "pos": "A", "is_stop": false, "is_named": false}, "(": {"lemma": "(", "pos": "FB", "is_stop": false, "is_named": false}, "bretagna": {"lemma": "bretagna", "pos": "V", "is_stop": false, "is_named": false}, ",": {"lemma": ",", "pos": "FF", "is_stop": false, "is_named": false}, "cina": {"lemma": "cina", "pos": "SP", "is_stop": false, "is_named": false}, "francia": {"lemma": "francia", "pos": "SP", "is_stop": false, "is_named": false}, "unione": {"lemma": "unione", "pos": "S", "is_stop": false, "is_named": false}, "sovietica": {"lemma": "sovietico", "pos": "A", "is_stop": false, "is_named": false}, "e": {"lemma": "e", "pos": "CC", "is_stop": false, "is_named": false}, "stati": {"lemma": "stare", "pos": "SP", "is_stop": true, "is_named": false}, "uniti": {"lemma": "unito", "pos": "SP", "is_stop": false, "is_named": false}}}}, "obj": {"type": "Event", "pt": {"text": "se reunam", "linguisticInfo": {"se": {"lemma": "se", "pos": "PRON", "is_stop": true, "is_named": false}, "reunam": {"lemma": "reunam", "pos": "VERB", "is_stop": false, "is_named": false}}}, "it": {"text": "si riuniscano", "linguisticInfo": {"si": {"lemma": "si", "pos": "PC", "is_stop": true, "is_named": false}, "riuniscano": {"lemma": "riunire", "pos": "V", "is_stop": false, "is_named": false}}}}}, {"id": "R35", "subj": {"type": "Human_Patient", "pt": {"text": "com a \u00cdndia , o Paquist\u00e3o e o Ir\u00e3o", "linguisticInfo": {"com": {"lemma": "com", "pos": "ADP", "is_stop": true, "is_named": false}, "a": {"lemma": "o", "pos": "DET", "is_stop": true, "is_named": false}, "\u00cdndia": {"lemma": "\u00cdndia", "pos": "PROPN", "is_stop": false, "is_named": true}, ",": {"lemma": ",", "pos": "PUNCT", "is_stop": false, "is_named": false}, "o": {"lemma": "o", "pos": "DET", "is_stop": true, "is_named": false}, "Paquist\u00e3o": {"lemma": "Paquist\u00e3o", "pos": "PROPN", "is_stop": false, "is_named": true}, "e": {"lemma": "e", "pos": "CCONJ", "is_stop": true, "is_named": false}, "Ir\u00e3o": {"lemma": "Ir\u00e3o", "pos": "PROPN", "is_stop": false, "is_named": true}}}, "it": {"text": "con india ,", "linguisticInfo": {"con": {"lemma": "con", "pos": "E", "is_stop": true, "is_named": false}, "india": {"lemma": "india", "pos": "SP", "is_stop": false, "is_named": false}, ",": {"lemma": ",", "pos": "FF", "is_stop": false, "is_named": false}}}}, "obj": {"type": "Event", "pt": {"text": "se reunam", "linguisticInfo": {"se": {"lemma": "se", "pos": "PRON", "is_stop": true, "is_named": false}, "reunam": {"lemma": "reunam", "pos": "VERB", "is_stop": false, "is_named": false}}}, "it": {"text": "si riuniscano", "linguisticInfo": {"si": {"lemma": "si", "pos": "PC", "is_stop": true, "is_named": false}, "riuniscano": {"lemma": "riunire", "pos": "V", "is_stop": false, "is_named": false}}}}}, {"id": "R38", "subj": {"type": "Non-human_Agent", "pt": {"text": "O plano da CEE", "linguisticInfo": {"O": {"lemma": "O", "pos": "DET", "is_stop": true, "is_named": true}, "plano": {"lemma": "planar", "pos": "NOUN", "is_stop": false, "is_named": false}, "da": {"lemma": "da", "pos": "ADP", "is_stop": true, "is_named": false}, "CEE": {"lemma": "CEE", "pos": "PROPN", "is_stop": false, "is_named": true}}}, "it": {"text": "il piano della cee", "linguisticInfo": {"il": {"lemma": "il", "pos": "RD", "is_stop": true, "is_named": false}, "piano": {"lemma": "piano", "pos": "S", "is_stop": false, "is_named": false}, "della": {"lemma": "della", "pos": "E_RD", "is_stop": true, "is_named": false}, "cee": {"lemma": "cee", "pos": "SP", "is_stop": false, "is_named": false}}}}, "obj": {"type": "Event", "pt": {"text": "prev\u00ea", "linguisticInfo": {"prev\u00ea": {"lemma": "prever", "pos": "VERB", "is_stop": false, "is_named": false}}}, "it": {"text": "prevede", "linguisticInfo": {"prevede": {"lemma": "prevedere", "pos": "V", "is_stop": false, "is_named": false}}}}}]}}