{"sentences_0": {"itText": "NULL \u00ab nuova direzione per il partito socialista ( ps ) \u00bb , titola cos\u00ec la mozione strategica presentata da mario soares al comitato organizzatore del congresso ( coc ) del partito socialista , previsto per maggio . la crisi del ps , i grandi obiettivi del partito , la strategia socialista a medio termine , il ps e il fronte repubblicano socialista ( frs ) e la questione giuridica sono alcuni dei grandi temi che si delineano nel testo della mozione , caratterizzata dalla \u00ab necessit\u00e0 di chiarire la linea politica del ps e la sua ristrutturazione organica \u00bb .", "ptText": "\u00ab novo rumo para o ps \u00bb , \u00e9 o t\u00edtulo gen\u00e9rico da mo\u00e7\u00e3o de estrat\u00e9gia apresentada por m\u00e1rio soares \u00e0 comiss\u00e3o organizadora do congresso ( coc ) do partido socialista , marcado para maio . a crise no ps , os grandes objectivos do partido , a estrat\u00e9gia socialista a m\u00e9dio prazo , o ps e a frs e a quest\u00e3o estatut\u00e1ria s\u00e3o algumas das grandes quest\u00f5es que enformam o texto da mo\u00e7\u00e3o , caracterizada pela \u00ab necessidade de clarificar a linha pol\u00edtica do ps e a sua reestrutura\u00e7\u00e3o org\u00e2nica \u00bb . \n", "relations": [{"id": "R2", "subj": {"type": "Human_Agent", "pt": {"text": "M\u00e1rio Soares", "linguisticInfo": {"M\u00e1rio": {"lemma": "M\u00e1rio", "pos": "PROPN", "is_stop": false, "is_named": true}, "Soares": {"lemma": "Soares", "pos": "PROPN", "is_stop": false, "is_named": true}}}, "it": {"text": "mario soares", "linguisticInfo": {"mario": {"lemma": "mario", "pos": "S", "is_stop": false, "is_named": false}, "soares": {"lemma": "soares", "pos": "A", "is_stop": false, "is_named": false}}}}, "obj": {"type": "Event", "pt": {"text": "apresentada", "linguisticInfo": {"apresentada": {"lemma": "apresentar", "pos": "VERB", "is_stop": false, "is_named": false}}}, "it": {"text": "presentata", "linguisticInfo": {"presentata": {"lemma": "presentare", "pos": "A", "is_stop": false, "is_named": false}}}}}, {"id": "R3", "subj": {"type": "Human_Oth_participant", "pt": {"text": "\u00e0 Comiss\u00e3o Organizadora do Congresso ( COC ) do Partido Socialista", "linguisticInfo": {"\u00e0": {"lemma": "\u00e0", "pos": "ADP", "is_stop": true, "is_named": false}, "Comiss\u00e3o": {"lemma": "Comiss\u00e3o", "pos": "PROPN", "is_stop": false, "is_named": true}, "Organizadora": {"lemma": "Organizadora", "pos": "PROPN", "is_stop": false, "is_named": true}, "do": {"lemma": "do", "pos": "ADP", "is_stop": true, "is_named": false}, "Congresso": {"lemma": "Congresso", "pos": "PROPN", "is_stop": false, "is_named": true}, "(": {"lemma": "(", "pos": "PUNCT", "is_stop": false, "is_named": false}, "COC": {"lemma": "COC", "pos": "PROPN", "is_stop": false, "is_named": true}, ")": {"lemma": ")", "pos": "PUNCT", "is_stop": false, "is_named": false}, "Partido": {"lemma": "Partido", "pos": "PROPN", "is_stop": false, "is_named": true}, "Socialista": {"lemma": "Socialista", "pos": "PROPN", "is_stop": false, "is_named": true}}}, "it": {"text": "comitato organizzatore del congresso ( coc ) del partito socialista", "linguisticInfo": {"comitato": {"lemma": "comitato", "pos": "V", "is_stop": false, "is_named": false}, "organizzatore": {"lemma": "organizzatore", "pos": "S", "is_stop": false, "is_named": false}, "del": {"lemma": "del", "pos": "E_RD", "is_stop": true, "is_named": false}, "congresso": {"lemma": "congresso", "pos": "S", "is_stop": false, "is_named": false}, "(": {"lemma": "(", "pos": "FB", "is_stop": false, "is_named": false}, "coc": {"lemma": "coc", "pos": "S", "is_stop": false, "is_named": false}, ")": {"lemma": ")", "pos": "FB", "is_stop": false, "is_named": false}, "partito": {"lemma": "partito", "pos": "S", "is_stop": false, "is_named": false}, "socialista": {"lemma": "socialista", "pos": "A", "is_stop": false, "is_named": false}}}}, "obj": {"type": "Event", "pt": {"text": "apresentada", "linguisticInfo": {"apresentada": {"lemma": "apresentar", "pos": "VERB", "is_stop": false, "is_named": false}}}, "it": {"text": "presentata", "linguisticInfo": {"presentata": {"lemma": "presentare", "pos": "A", "is_stop": false, "is_named": false}}}}}, {"id": "R4", "subj": {"type": "Non-human_Patient", "pt": {"text": "a linha pol\u00edtica do PS e a sua reestrutura\u00e7\u00e3o org\u00e2nica", "linguisticInfo": {"a": {"lemma": "o", "pos": "DET", "is_stop": true, "is_named": false}, "linha": {"lemma": "linha", "pos": "NOUN", "is_stop": false, "is_named": false}, "pol\u00edtica": {"lemma": "pol\u00edtico", "pos": "ADJ", "is_stop": false, "is_named": false}, "do": {"lemma": "do", "pos": "ADP", "is_stop": true, "is_named": false}, "PS": {"lemma": "PS", "pos": "PROPN", "is_stop": false, "is_named": true}, "e": {"lemma": "e", "pos": "CCONJ", "is_stop": true, "is_named": false}, "sua": {"lemma": "suar", "pos": "DET", "is_stop": true, "is_named": false}, "reestrutura\u00e7\u00e3o": {"lemma": "reestrutura\u00e7\u00e3o", "pos": "NOUN", "is_stop": false, "is_named": false}, "org\u00e2nica": {"lemma": "org\u00e2nico", "pos": "ADJ", "is_stop": false, "is_named": false}}}, "it": {"text": "la linea politica del ps e la sua ristrutturazione organica", "linguisticInfo": {"la": {"lemma": "il", "pos": "RD", "is_stop": true, "is_named": false}, "linea": {"lemma": "linea", "pos": "S", "is_stop": false, "is_named": false}, "politica": {"lemma": "politico", "pos": "A", "is_stop": false, "is_named": false}, "del": {"lemma": "del", "pos": "E_RD", "is_stop": true, "is_named": false}, "ps": {"lemma": "ps", "pos": "SP", "is_stop": false, "is_named": false}, "e": {"lemma": "e", "pos": "CC", "is_stop": false, "is_named": false}, "sua": {"lemma": "suo", "pos": "AP", "is_stop": true, "is_named": false}, "ristrutturazione": {"lemma": "ristrutturazione", "pos": "S", "is_stop": false, "is_named": false}, "organica": {"lemma": "organico", "pos": "A", "is_stop": false, "is_named": false}}}}, "obj": {"type": "Event", "pt": {"text": "clarificar", "linguisticInfo": {"clarificar": {"lemma": "clarificar", "pos": "VERB", "is_stop": false, "is_named": false}}}, "it": {"text": "chiarire", "linguisticInfo": {"chiarire": {"lemma": "chiarire", "pos": "V", "is_stop": false, "is_named": false}}}}}, {"id": "R54", "subj": {"type": "Oth_location", "pt": {"text": "no PS", "linguisticInfo": {"no": {"lemma": "o", "pos": "ADP", "is_stop": true, "is_named": false}, "PS": {"lemma": "PS", "pos": "PROPN", "is_stop": false, "is_named": true}}}, "it": {"text": "ps", "linguisticInfo": {"ps": {"lemma": "ps", "pos": "RD", "is_stop": false, "is_named": false}}}}, "obj": {"type": "Event", "pt": {"text": "A crise", "linguisticInfo": {"A": {"lemma": "A", "pos": "DET", "is_stop": true, "is_named": true}, "crise": {"lemma": "crise", "pos": "NOUN", "is_stop": false, "is_named": false}}}, "it": {"text": "la crisi", "linguisticInfo": {"la": {"lemma": "il", "pos": "RD", "is_stop": true, "is_named": false}, "crisi": {"lemma": "crisi", "pos": "S", "is_stop": false, "is_named": false}}}}}, {"id": "R56", "subj": {"type": "Human_Patient", "pt": {"text": "a sua", "linguisticInfo": {"a": {"lemma": "o", "pos": "DET", "is_stop": true, "is_named": false}, "sua": {"lemma": "suar", "pos": "DET", "is_stop": true, "is_named": false}}}, "it": {"text": "la sua", "linguisticInfo": {"la": {"lemma": "il", "pos": "RD", "is_stop": true, "is_named": false}, "sua": {"lemma": "suo", "pos": "AP", "is_stop": true, "is_named": false}}}}, "obj": {"type": "Event", "pt": {"text": "reestrutura\u00e7\u00e3o org\u00e2nica", "linguisticInfo": {"reestrutura\u00e7\u00e3o": {"lemma": "reestrutura\u00e7\u00e3o", "pos": "NOUN", "is_stop": false, "is_named": false}, "org\u00e2nica": {"lemma": "org\u00e2nico", "pos": "ADJ", "is_stop": false, "is_named": false}}}, "it": {"text": "ristrutturazione organica", "linguisticInfo": {"ristrutturazione": {"lemma": "ristrutturazione", "pos": "S", "is_stop": false, "is_named": false}, "organica": {"lemma": "organico", "pos": "A", "is_stop": false, "is_named": false}}}}}, {"id": "R59", "subj": {"type": "Time", "pt": {"text": "para Maio", "linguisticInfo": {"para": {"lemma": "parir", "pos": "ADP", "is_stop": true, "is_named": false}, "Maio": {"lemma": "Maio", "pos": "NOUN", "is_stop": false, "is_named": true}}}, "it": {"text": "per maggio", "linguisticInfo": {"per": {"lemma": "per", "pos": "E", "is_stop": true, "is_named": false}, "maggio": {"lemma": "maggio", "pos": "S", "is_stop": false, "is_named": false}}}}, "obj": {"type": "Event", "pt": {"text": "marcado", "linguisticInfo": {"marcado": {"lemma": "marcar", "pos": "VERB", "is_stop": false, "is_named": false}}}, "it": {"text": "previsto", "linguisticInfo": {"previsto": {"lemma": "previsto", "pos": "V", "is_stop": false, "is_named": false}}}}}]}, "sentences_1": {"itText": "NULL \u00ab un ps coeso , disciplinato con un \u2019 identit\u00e0 netta e una linea d \u2019 azione chiara sono le condizioni essenziali per la credibilit\u00e0 e il successo \u00bb , sostiene il segretario generale del ps che vede nel iv congresso \u00ab il momento della verit\u00e0 \u00bb , che permetter\u00e0 \u00ab definire chi \u00e8 chi e chi sta con chi , per poter portare avanti progetti che rappresentino opzioni politiche reali e non accordi personali o di solidariet\u00e0 congiunturale \u00bb .", "ptText": "\u00ab um ps coeso , disciplinado e bem identificado com uma linha de ac\u00e7\u00e3o clara \u00e9 condi\u00e7\u00e3o essencial de credibilidade e sucesso \u00bb , refere o secret\u00e1rio-geral do ps , para quem o iv congresso dever\u00e1 representar a \u00ab hora da verdade \u00bb , de modo \u00ab a que se saiba quem \u00e9 quem , quem est\u00e1 com quem , para realizar projectos em termos de op\u00e7\u00e3o pol\u00edtica e n\u00e3o de arranjos pessoais ou de solidariedades de conjuntura \u00bb . \n", "relations": [{"id": "R5", "subj": {"type": "Human_Agent", "pt": {"text": "o secret\u00e1rio-geral do PS", "linguisticInfo": {"o": {"lemma": "o", "pos": "DET", "is_stop": true, "is_named": false}, "secret\u00e1rio-geral": {"lemma": "secret\u00e1rio-geral", "pos": "NOUN", "is_stop": false, "is_named": false}, "do": {"lemma": "do", "pos": "ADP", "is_stop": true, "is_named": false}, "PS": {"lemma": "PS", "pos": "PROPN", "is_stop": false, "is_named": true}}}, "it": {"text": "il successo \u00bb congiunturale \u00bb .", "linguisticInfo": {"il": {"lemma": "il", "pos": "RD", "is_stop": true, "is_named": false}, "successo": {"lemma": "successo", "pos": "S", "is_stop": false, "is_named": false}, "\u00bb": {"lemma": "\u00bb", "pos": "FB", "is_stop": false, "is_named": false}, "congiunturale": {"lemma": "congiunturale", "pos": "A", "is_stop": false, "is_named": false}, ".": {"lemma": ".", "pos": "FS", "is_stop": false, "is_named": false}}}}, "obj": {"type": "Event", "pt": {"text": "refere", "linguisticInfo": {"refere": {"lemma": "referir", "pos": "VERB", "is_stop": false, "is_named": false}}}, "it": {"text": "sostiene", "linguisticInfo": {"sostiene": {"lemma": "sostenere", "pos": "V", "is_stop": false, "is_named": false}}}}}, {"id": "R6", "subj": {"type": "Non-human_Oth_participant", "pt": {"text": "Um PS coeso , disciplinado e bem identificado com uma linha de ac\u00e7\u00e3o clara \u00e9 condi\u00e7\u00e3o essencial de credibilidade e sucesso", "linguisticInfo": {"Um": {"lemma": "Um", "pos": "DET", "is_stop": true, "is_named": true}, "PS": {"lemma": "PS", "pos": "PROPN", "is_stop": false, "is_named": true}, "coeso": {"lemma": "coeso", "pos": "ADJ", "is_stop": false, "is_named": false}, ",": {"lemma": ",", "pos": "PUNCT", "is_stop": false, "is_named": false}, "disciplinado": {"lemma": "disciplinar", "pos": "VERB", "is_stop": false, "is_named": false}, "e": {"lemma": "e", "pos": "CCONJ", "is_stop": true, "is_named": false}, "bem": {"lemma": "bem", "pos": "ADV", "is_stop": true, "is_named": false}, "identificado": {"lemma": "identificar", "pos": "VERB", "is_stop": false, "is_named": false}, "com": {"lemma": "com", "pos": "ADP", "is_stop": true, "is_named": false}, "uma": {"lemma": "umar", "pos": "DET", "is_stop": true, "is_named": false}, "linha": {"lemma": "linha", "pos": "NOUN", "is_stop": false, "is_named": false}, "de": {"lemma": "de", "pos": "ADP", "is_stop": true, "is_named": false}, "ac\u00e7\u00e3o": {"lemma": "ac\u00e7\u00e3o", "pos": "NOUN", "is_stop": false, "is_named": false}, "clara": {"lemma": "claro", "pos": "ADJ", "is_stop": false, "is_named": false}, "\u00e9": {"lemma": "ser", "pos": "AUX", "is_stop": true, "is_named": false}, "condi\u00e7\u00e3o": {"lemma": "condi\u00e7\u00e3o", "pos": "NOUN", "is_stop": false, "is_named": false}, "essencial": {"lemma": "essencial", "pos": "ADJ", "is_stop": false, "is_named": false}, "credibilidade": {"lemma": "credibilidade", "pos": "NOUN", "is_stop": false, "is_named": false}, "sucesso": {"lemma": "sucesso", "pos": "NOUN", "is_stop": false, "is_named": false}}}, "it": {"text": "un ps coeso , disciplinato con un e una linea congiunturale \u00bb .", "linguisticInfo": {"un": {"lemma": "uno", "pos": "N", "is_stop": true, "is_named": false}, "ps": {"lemma": "ps", "pos": "AP", "is_stop": false, "is_named": false}, "coeso": {"lemma": "coeso", "pos": "S", "is_stop": false, "is_named": false}, ",": {"lemma": ",", "pos": "FF", "is_stop": false, "is_named": false}, "disciplinato": {"lemma": "disciplinare", "pos": "V", "is_stop": false, "is_named": false}, "con": {"lemma": "con", "pos": "E", "is_stop": true, "is_named": false}, "e": {"lemma": "e", "pos": "CC", "is_stop": false, "is_named": false}, "una": {"lemma": "uno", "pos": "RI", "is_stop": true, "is_named": false}, "linea": {"lemma": "linea", "pos": "S", "is_stop": false, "is_named": false}, "congiunturale": {"lemma": "congiunturale", "pos": "A", "is_stop": false, "is_named": false}, "\u00bb": {"lemma": "\u00bb", "pos": "FB", "is_stop": false, "is_named": false}, ".": {"lemma": ".", "pos": "FS", "is_stop": false, "is_named": false}}}}, "obj": {"type": "Event", "pt": {"text": "refere", "linguisticInfo": {"refere": {"lemma": "referir", "pos": "VERB", "is_stop": false, "is_named": false}}}, "it": {"text": "sostiene", "linguisticInfo": {"sostiene": {"lemma": "sostenere", "pos": "V", "is_stop": false, "is_named": false}}}}}, {"id": "R7", "subj": {"type": "Non-human_Patient", "pt": {"text": "projectos em termos de op\u00e7\u00e3o pol\u00edtica e n\u00e3o de arranjos pessoais ou de solidariedades de conjuntura", "linguisticInfo": {"projectos": {"lemma": "projecto", "pos": "NOUN", "is_stop": false, "is_named": false}, "em": {"lemma": "em", "pos": "ADP", "is_stop": true, "is_named": false}, "termos": {"lemma": "termo", "pos": "NOUN", "is_stop": false, "is_named": false}, "de": {"lemma": "de", "pos": "ADP", "is_stop": true, "is_named": false}, "op\u00e7\u00e3o": {"lemma": "op\u00e7\u00e3o", "pos": "NOUN", "is_stop": false, "is_named": false}, "pol\u00edtica": {"lemma": "pol\u00edtico", "pos": "ADJ", "is_stop": false, "is_named": false}, "e": {"lemma": "e", "pos": "CCONJ", "is_stop": true, "is_named": false}, "n\u00e3o": {"lemma": "n\u00e3o", "pos": "ADV", "is_stop": true, "is_named": false}, "arranjos": {"lemma": "arranjo", "pos": "NOUN", "is_stop": false, "is_named": false}, "pessoais": {"lemma": "pessoal", "pos": "ADJ", "is_stop": false, "is_named": false}, "ou": {"lemma": "ou", "pos": "CCONJ", "is_stop": true, "is_named": false}, "solidariedades": {"lemma": "solidariedade", "pos": "NOUN", "is_stop": false, "is_named": false}, "conjuntura": {"lemma": "conjuntura", "pos": "NOUN", "is_stop": false, "is_named": false}}}, "it": {"text": "progetti che rappresentino", "linguisticInfo": {"progetti": {"lemma": "progetto", "pos": "S", "is_stop": false, "is_named": false}, "che": {"lemma": "che", "pos": "PR", "is_stop": true, "is_named": false}, "rappresentino": {"lemma": "rappresentare", "pos": "V", "is_stop": false, "is_named": false}}}}, "obj": {"type": "Event", "pt": {"text": "realizar", "linguisticInfo": {"realizar": {"lemma": "realizar", "pos": "VERB", "is_stop": false, "is_named": false}}}, "it": {"text": "poter", "linguisticInfo": {"poter": {"lemma": "potere", "pos": "VM", "is_stop": false, "is_named": false}}}}}]}, "sentences_2": {"itText": "NULL mario soares ribadisce il carattere inevitabile della sua mozione alla luce sia della mozione presentata dalla \u00ab sinistra laburista \u00bb , sia di una seconda mozione \u00ab un partito forte , un progetto chiaro \u00bb , firmata dalla maggioranza dei membri dell \u2019 attuale segretariato nazionale , presentata mantenendolo totalmente al di fuori e all \u2019 oscuro di tutto . di conseguenza , non dovrebbe sembrare strana la volont\u00e0 del segretario generale di presentare una mozione propria , per fare in modo che i delegati del congresso possano essere nominati anche sulla base di quest \u2019 ultima \u00bb .", "ptText": "m\u00e1rio soares refor\u00e7a a inevitabilidade da sua mo\u00e7\u00e3o ao sublinhar que , \u00ab tendo sido anunciadas uma mo\u00e7\u00e3o de \u00ab esquerda laboral \u00bb e outra \u00ab um partido forte , um projecto claro \u00bb , assinada esta pela maioria dos membros do actual secretariado nacional , sem pr\u00e9via informa\u00e7\u00e3o ao secret\u00e1rio-geral e mesmo \u00e0 sua total revelia , parece normal a apresenta\u00e7\u00e3o por este de uma mo\u00e7\u00e3o pr\u00f3pria , para que os delegados ao congresso possam ser igualmente eleitos em fun\u00e7\u00e3o dela \u00bb . \n", "relations": [{"id": "R8", "subj": {"type": "Non-human_Oth_participant", "pt": {"text": "a inevitabilidade da sua mo\u00e7\u00e3o", "linguisticInfo": {"a": {"lemma": "o", "pos": "DET", "is_stop": true, "is_named": false}, "inevitabilidade": {"lemma": "inevitabilidade", "pos": "NOUN", "is_stop": false, "is_named": false}, "da": {"lemma": "da", "pos": "ADP", "is_stop": true, "is_named": false}, "sua": {"lemma": "suar", "pos": "DET", "is_stop": true, "is_named": false}, "mo\u00e7\u00e3o": {"lemma": "mo\u00e7\u00e3o", "pos": "NOUN", "is_stop": false, "is_named": false}}}, "it": {"text": "inevitabile della sua mozione", "linguisticInfo": {"inevitabile": {"lemma": "inevitabile", "pos": "A", "is_stop": false, "is_named": false}, "della": {"lemma": "della", "pos": "E_RD", "is_stop": true, "is_named": false}, "sua": {"lemma": "suo", "pos": "AP", "is_stop": true, "is_named": false}, "mozione": {"lemma": "mozione", "pos": "S", "is_stop": false, "is_named": false}}}}, "obj": {"type": "Event", "pt": {"text": "refor\u00e7a", "linguisticInfo": {"refor\u00e7a": {"lemma": "refor\u00e7ar", "pos": "NOUN", "is_stop": false, "is_named": false}}}, "it": {"text": "ribadisce", "linguisticInfo": {"ribadisce": {"lemma": "ribadire", "pos": "V", "is_stop": false, "is_named": false}}}}}, {"id": "R9", "subj": {"type": "Human_Agent", "pt": {"text": "M\u00e1rio Soares", "linguisticInfo": {"M\u00e1rio": {"lemma": "M\u00e1rio", "pos": "PROPN", "is_stop": false, "is_named": true}, "Soares": {"lemma": "Soares", "pos": "PROPN", "is_stop": false, "is_named": true}}}, "it": {"text": "mario soares", "linguisticInfo": {"mario": {"lemma": "mario", "pos": "S", "is_stop": false, "is_named": false}, "soares": {"lemma": "soares", "pos": "A", "is_stop": false, "is_named": false}}}}, "obj": {"type": "Event", "pt": {"text": "refor\u00e7a", "linguisticInfo": {"refor\u00e7a": {"lemma": "refor\u00e7ar", "pos": "NOUN", "is_stop": false, "is_named": false}}}, "it": {"text": "ribadisce", "linguisticInfo": {"ribadisce": {"lemma": "ribadire", "pos": "V", "is_stop": false, "is_named": false}}}}}, {"id": "R12", "subj": {"type": "Non-human_Patient", "pt": {"text": "esta", "linguisticInfo": {"esta": {"lemma": "este", "pos": "DET", "is_stop": true, "is_named": false}}}, "it": {"text": "quest", "linguisticInfo": {"quest": {"lemma": "quest", "pos": "FC", "is_stop": true, "is_named": false}}}}, "obj": {"type": "Event", "pt": {"text": "assinada", "linguisticInfo": {"assinada": {"lemma": "assinar", "pos": "VERB", "is_stop": false, "is_named": false}}}, "it": {"text": "firmata", "linguisticInfo": {"firmata": {"lemma": "firmare", "pos": "V", "is_stop": false, "is_named": false}}}}}, {"id": "R13", "subj": {"type": "Human_Agent", "pt": {"text": "pela maioria dos membros do actual Secretariado Nacional", "linguisticInfo": {"pela": {"lemma": "pelar", "pos": "ADP", "is_stop": true, "is_named": false}, "maioria": {"lemma": "maioria", "pos": "NOUN", "is_stop": true, "is_named": false}, "dos": {"lemma": "dos", "pos": "ADP", "is_stop": true, "is_named": false}, "membros": {"lemma": "membro", "pos": "NOUN", "is_stop": false, "is_named": false}, "do": {"lemma": "do", "pos": "ADP", "is_stop": true, "is_named": false}, "actual": {"lemma": "actual", "pos": "ADJ", "is_stop": false, "is_named": false}, "Secretariado": {"lemma": "Secretariado", "pos": "PROPN", "is_stop": false, "is_named": true}, "Nacional": {"lemma": "Nacional", "pos": "PROPN", "is_stop": false, "is_named": true}}}, "it": {"text": "dalla maggioranza dei membri dell attuale segretariato nazionale", "linguisticInfo": {"dalla": {"lemma": "dalla", "pos": "E_RD", "is_stop": true, "is_named": false}, "maggioranza": {"lemma": "maggioranza", "pos": "S", "is_stop": false, "is_named": false}, "dei": {"lemma": "del", "pos": "E_RD", "is_stop": true, "is_named": false}, "membri": {"lemma": "membro", "pos": "S", "is_stop": false, "is_named": false}, "dell": {"lemma": "dell", "pos": "S", "is_stop": true, "is_named": false}, "attuale": {"lemma": "attuale", "pos": "A", "is_stop": false, "is_named": false}, "segretariato": {"lemma": "segretariato", "pos": "S", "is_stop": false, "is_named": false}, "nazionale": {"lemma": "nazionale", "pos": "A", "is_stop": true, "is_named": false}}}}, "obj": {"type": "Event", "pt": {"text": "assinada", "linguisticInfo": {"assinada": {"lemma": "assinar", "pos": "VERB", "is_stop": false, "is_named": false}}}, "it": {"text": "firmata", "linguisticInfo": {"firmata": {"lemma": "firmare", "pos": "V", "is_stop": false, "is_named": false}}}}}, {"id": "R14", "subj": {"type": "Non-human_Patient", "pt": {"text": "uma mo\u00e7\u00e3o pr\u00f3pria", "linguisticInfo": {"uma": {"lemma": "umar", "pos": "DET", "is_stop": true, "is_named": false}, "mo\u00e7\u00e3o": {"lemma": "mo\u00e7\u00e3o", "pos": "NOUN", "is_stop": false, "is_named": false}, "pr\u00f3pria": {"lemma": "pr\u00f3prio", "pos": "ADJ", "is_stop": false, "is_named": false}}}, "it": {"text": "una mozione propria", "linguisticInfo": {"una": {"lemma": "uno", "pos": "RI", "is_stop": true, "is_named": false}, "mozione": {"lemma": "mozione", "pos": "S", "is_stop": false, "is_named": false}, "propria": {"lemma": "proprio", "pos": "AP", "is_stop": false, "is_named": false}}}}, "obj": {"type": "Event", "pt": {"text": "a apresenta\u00e7\u00e3o", "linguisticInfo": {"a": {"lemma": "o", "pos": "DET", "is_stop": true, "is_named": false}, "apresenta\u00e7\u00e3o": {"lemma": "apresenta\u00e7\u00e3o", "pos": "NOUN", "is_stop": false, "is_named": false}}}, "it": {"text": "la volont\u00e0 del", "linguisticInfo": {"la": {"lemma": "il", "pos": "RD", "is_stop": true, "is_named": false}, "volont\u00e0": {"lemma": "volont\u00e0", "pos": "S", "is_stop": false, "is_named": false}, "del": {"lemma": "del", "pos": "E_RD", "is_stop": true, "is_named": false}}}}}, {"id": "R15", "subj": {"type": "Human_Agent", "pt": {"text": "este", "linguisticInfo": {"este": {"lemma": "este", "pos": "DET", "is_stop": true, "is_named": false}}}, "it": {"text": "oscuro", "linguisticInfo": {"oscuro": {"lemma": "oscuro", "pos": "A", "is_stop": false, "is_named": false}}}}, "obj": {"type": "Event", "pt": {"text": "a apresenta\u00e7\u00e3o", "linguisticInfo": {"a": {"lemma": "o", "pos": "DET", "is_stop": true, "is_named": false}, "apresenta\u00e7\u00e3o": {"lemma": "apresenta\u00e7\u00e3o", "pos": "NOUN", "is_stop": false, "is_named": false}}}, "it": {"text": "la volont\u00e0 del", "linguisticInfo": {"la": {"lemma": "il", "pos": "RD", "is_stop": true, "is_named": false}, "volont\u00e0": {"lemma": "volont\u00e0", "pos": "S", "is_stop": false, "is_named": false}, "del": {"lemma": "del", "pos": "E_RD", "is_stop": true, "is_named": false}}}}}, {"id": "R16", "subj": {"type": "Human_Patient", "pt": {"text": "os delegados ao congresso", "linguisticInfo": {"os": {"lemma": "o", "pos": "DET", "is_stop": true, "is_named": false}, "delegados": {"lemma": "delegar", "pos": "NOUN", "is_stop": false, "is_named": false}, "ao": {"lemma": "ao", "pos": "ADP", "is_stop": true, "is_named": false}, "congresso": {"lemma": "congresso", "pos": "NOUN", "is_stop": false, "is_named": false}}}, "it": {"text": "i delegati del congresso", "linguisticInfo": {"i": {"lemma": "il", "pos": "RD", "is_stop": false, "is_named": false}, "delegati": {"lemma": "delegato", "pos": "S", "is_stop": false, "is_named": false}, "del": {"lemma": "del", "pos": "E_RD", "is_stop": true, "is_named": false}, "congresso": {"lemma": "congresso", "pos": "S", "is_stop": false, "is_named": false}}}}, "obj": {"type": "Event", "pt": {"text": "possam ser igualmente eleitos", "linguisticInfo": {"possam": {"lemma": "poder", "pos": "VERB", "is_stop": false, "is_named": false}, "ser": {"lemma": "ser", "pos": "AUX", "is_stop": true, "is_named": false}, "igualmente": {"lemma": "igualmente", "pos": "ADV", "is_stop": false, "is_named": false}, "eleitos": {"lemma": "eleito", "pos": "VERB", "is_stop": false, "is_named": false}}}, "it": {"text": "possano essere nominati anche sulla base", "linguisticInfo": {"possano": {"lemma": "potere", "pos": "VM", "is_stop": false, "is_named": false}, "essere": {"lemma": "essere", "pos": "VA", "is_stop": true, "is_named": false}, "nominati": {"lemma": "nominare", "pos": "V", "is_stop": false, "is_named": false}, "anche": {"lemma": "anche", "pos": "B", "is_stop": true, "is_named": false}, "sulla": {"lemma": "sulla", "pos": "E_RD", "is_stop": true, "is_named": false}, "base": {"lemma": "base", "pos": "S", "is_stop": false, "is_named": false}}}}}, {"id": "R17", "subj": {"type": "Non-human_Oth_participant", "pt": {"text": "em fun\u00e7\u00e3o dela", "linguisticInfo": {"em": {"lemma": "em", "pos": "ADP", "is_stop": true, "is_named": false}, "fun\u00e7\u00e3o": {"lemma": "fun\u00e7\u00e3o", "pos": "NOUN", "is_stop": false, "is_named": false}, "dela": {"lemma": "dela", "pos": "PRON", "is_stop": false, "is_named": false}}}, "it": {"text": "in modo ultima", "linguisticInfo": {"in": {"lemma": "in", "pos": "E", "is_stop": true, "is_named": false}, "modo": {"lemma": "modo", "pos": "S", "is_stop": true, "is_named": false}, "ultima": {"lemma": "ultimo", "pos": "A", "is_stop": false, "is_named": false}}}}, "obj": {"type": "Event", "pt": {"text": "possam ser igualmente eleitos", "linguisticInfo": {"possam": {"lemma": "poder", "pos": "VERB", "is_stop": false, "is_named": false}, "ser": {"lemma": "ser", "pos": "AUX", "is_stop": true, "is_named": false}, "igualmente": {"lemma": "igualmente", "pos": "ADV", "is_stop": false, "is_named": false}, "eleitos": {"lemma": "eleito", "pos": "VERB", "is_stop": false, "is_named": false}}}, "it": {"text": "possano essere nominati anche sulla base", "linguisticInfo": {"possano": {"lemma": "potere", "pos": "VM", "is_stop": false, "is_named": false}, "essere": {"lemma": "essere", "pos": "VA", "is_stop": true, "is_named": false}, "nominati": {"lemma": "nominare", "pos": "V", "is_stop": false, "is_named": false}, "anche": {"lemma": "anche", "pos": "B", "is_stop": true, "is_named": false}, "sulla": {"lemma": "sulla", "pos": "E_RD", "is_stop": true, "is_named": false}, "base": {"lemma": "base", "pos": "S", "is_stop": false, "is_named": false}}}}}]}, "sentences_3": {"itText": "NULL subito dopo , il leader socialista ha confermato che \u00ab nel caso in cui la sua mozione non dovesse ottenere la maggioranza \u00bb , non avr\u00e0 a disposizione \u00ab i mezzi necessari per portare avanti un \u2019 azione politica coerente ed efficace \u00bb e che , pertanto , non potr\u00e0 accettare di ricandidarsi sotto tali condizioni .", "ptText": "e , logo a seguir , o l\u00edder socialista sublinha que \u00ab se a sua mo\u00e7\u00e3o n\u00e3o obtiver maioria \u00bb , o secret\u00e1rio-geral n\u00e3o teria \u00ab os meios para desenvolver uma ac\u00e7\u00e3o coerente e eficaz \u00bb , pelo que n\u00e3o aceitar\u00e1 recandidatar -se nessas condi\u00e7\u00f5es . \n", "relations": [{"id": "R19", "subj": {"type": "Human_Agent", "pt": {"text": "o l\u00edder socialista", "linguisticInfo": {"o": {"lemma": "o", "pos": "DET", "is_stop": true, "is_named": false}, "l\u00edder": {"lemma": "l\u00edder", "pos": "NOUN", "is_stop": false, "is_named": false}, "socialista": {"lemma": "socialista", "pos": "ADJ", "is_stop": false, "is_named": false}}}, "it": {"text": "il leader socialista", "linguisticInfo": {"il": {"lemma": "il", "pos": "RD", "is_stop": true, "is_named": false}, "leader": {"lemma": "leader", "pos": "S", "is_stop": false, "is_named": false}, "socialista": {"lemma": "socialista", "pos": "A", "is_stop": false, "is_named": false}}}}, "obj": {"type": "Event", "pt": {"text": "sublinha", "linguisticInfo": {"sublinha": {"lemma": "sublinhar", "pos": "VERB", "is_stop": false, "is_named": false}}}, "it": {"text": "confermato", "linguisticInfo": {"confermato": {"lemma": "confermare", "pos": "V", "is_stop": false, "is_named": false}}}}}, {"id": "R20", "subj": {"type": "Time", "pt": {"text": "logo a seguir", "linguisticInfo": {"logo": {"lemma": "logo", "pos": "ADV", "is_stop": true, "is_named": false}, "a": {"lemma": "o", "pos": "SCONJ", "is_stop": true, "is_named": false}, "seguir": {"lemma": "seguir", "pos": "VERB", "is_stop": false, "is_named": false}}}, "it": {"text": "subito dopo ,", "linguisticInfo": {"subito": {"lemma": "subito", "pos": "B", "is_stop": true, "is_named": false}, "dopo": {"lemma": "dopo", "pos": "B", "is_stop": true, "is_named": false}, ",": {"lemma": ",", "pos": "FF", "is_stop": false, "is_named": false}}}}, "obj": {"type": "Event", "pt": {"text": "sublinha", "linguisticInfo": {"sublinha": {"lemma": "sublinhar", "pos": "VERB", "is_stop": false, "is_named": false}}}, "it": {"text": "confermato", "linguisticInfo": {"confermato": {"lemma": "confermare", "pos": "V", "is_stop": false, "is_named": false}}}}}, {"id": "R21", "subj": {"type": "Non-human_Patient", "pt": {"text": "a sua mo\u00e7\u00e3o", "linguisticInfo": {"a": {"lemma": "o", "pos": "DET", "is_stop": true, "is_named": false}, "sua": {"lemma": "suar", "pos": "DET", "is_stop": true, "is_named": false}, "mo\u00e7\u00e3o": {"lemma": "mo\u00e7\u00e3o", "pos": "NOUN", "is_stop": false, "is_named": false}}}, "it": {"text": "la sua mozione", "linguisticInfo": {"la": {"lemma": "il", "pos": "RD", "is_stop": true, "is_named": false}, "sua": {"lemma": "suo", "pos": "AP", "is_stop": true, "is_named": false}, "mozione": {"lemma": "mozione", "pos": "S", "is_stop": false, "is_named": false}}}}, "obj": {"type": "Event", "pt": {"text": "obtiver maioria", "linguisticInfo": {"obtiver": {"lemma": "obter", "pos": "VERB", "is_stop": false, "is_named": false}, "maioria": {"lemma": "maioria", "pos": "NOUN", "is_stop": true, "is_named": false}}}, "it": {"text": "ottenere maggioranza", "linguisticInfo": {"ottenere": {"lemma": "ottenere", "pos": "V", "is_stop": false, "is_named": false}, "maggioranza": {"lemma": "maggioranza", "pos": "S", "is_stop": false, "is_named": false}}}}}, {"id": "R24", "subj": {"type": "Non-human_Patient", "pt": {"text": "uma ac\u00e7\u00e3o coerente e eficaz", "linguisticInfo": {"uma": {"lemma": "umar", "pos": "DET", "is_stop": true, "is_named": false}, "ac\u00e7\u00e3o": {"lemma": "ac\u00e7\u00e3o", "pos": "NOUN", "is_stop": false, "is_named": false}, "coerente": {"lemma": "coerente", "pos": "ADV", "is_stop": false, "is_named": false}, "e": {"lemma": "e", "pos": "CCONJ", "is_stop": true, "is_named": false}, "eficaz": {"lemma": "eficaz", "pos": "ADJ", "is_stop": false, "is_named": false}}}, "it": {"text": "un azione coerente ed efficace", "linguisticInfo": {"un": {"lemma": "uno", "pos": "RI", "is_stop": true, "is_named": false}, "azione": {"lemma": "azione", "pos": "S", "is_stop": false, "is_named": false}, "coerente": {"lemma": "coerente", "pos": "A", "is_stop": false, "is_named": false}, "ed": {"lemma": "ed", "pos": "CC", "is_stop": true, "is_named": false}, "efficace": {"lemma": "efficace", "pos": "A", "is_stop": false, "is_named": false}}}}, "obj": {"type": "Event", "pt": {"text": "desenvolver", "linguisticInfo": {"desenvolver": {"lemma": "desenvolver", "pos": "VERB", "is_stop": false, "is_named": false}}}, "it": {"text": "avanti", "linguisticInfo": {"avanti": {"lemma": "avanti", "pos": "B", "is_stop": true, "is_named": false}}}}}, {"id": "R22", "subj": {"type": "Human_Agent", "pt": {"text": "o secret\u00e1rio-geral", "linguisticInfo": {"o": {"lemma": "o", "pos": "DET", "is_stop": true, "is_named": false}, "secret\u00e1rio-geral": {"lemma": "secret\u00e1rio-geral", "pos": "NOUN", "is_stop": false, "is_named": false}}}, "it": {"text": "subito dopo", "linguisticInfo": {"subito": {"lemma": "subito", "pos": "B", "is_stop": true, "is_named": false}, "dopo": {"lemma": "dopo", "pos": "E", "is_stop": true, "is_named": false}}}}, "obj": {"type": "Event", "pt": {"text": "n\u00e3o teria", "linguisticInfo": {"n\u00e3o": {"lemma": "n\u00e3o", "pos": "ADV", "is_stop": true, "is_named": false}, "teria": {"lemma": "ter", "pos": "AUX", "is_stop": false, "is_named": false}}}, "it": {"text": "non avr\u00e0", "linguisticInfo": {"non": {"lemma": "non", "pos": "BN", "is_stop": true, "is_named": false}, "avr\u00e0": {"lemma": "avere", "pos": "V", "is_stop": true, "is_named": false}}}}}, {"id": "R57", "subj": {"type": "Non-human_Patient", "pt": {"text": "os meios", "linguisticInfo": {"os": {"lemma": "o", "pos": "DET", "is_stop": true, "is_named": false}, "meios": {"lemma": "meio", "pos": "NOUN", "is_stop": false, "is_named": false}}}, "it": {"text": "i mezzi", "linguisticInfo": {"i": {"lemma": "il", "pos": "RD", "is_stop": false, "is_named": false}, "mezzi": {"lemma": "mezzo", "pos": "S", "is_stop": false, "is_named": false}}}}, "obj": {"type": "Event", "pt": {"text": "n\u00e3o teria", "linguisticInfo": {"n\u00e3o": {"lemma": "n\u00e3o", "pos": "ADV", "is_stop": true, "is_named": false}, "teria": {"lemma": "ter", "pos": "AUX", "is_stop": false, "is_named": false}}}, "it": {"text": "non avr\u00e0", "linguisticInfo": {"non": {"lemma": "non", "pos": "BN", "is_stop": true, "is_named": false}, "avr\u00e0": {"lemma": "avere", "pos": "V", "is_stop": true, "is_named": false}}}}}, {"id": "R58", "subj": {"type": "Non-human_Oth_participant", "pt": {"text": "para desenvolver uma ac\u00e7\u00e3o coerente e eficaz", "linguisticInfo": {"para": {"lemma": "parir", "pos": "SCONJ", "is_stop": true, "is_named": false}, "desenvolver": {"lemma": "desenvolver", "pos": "VERB", "is_stop": false, "is_named": false}, "uma": {"lemma": "umar", "pos": "DET", "is_stop": true, "is_named": false}, "ac\u00e7\u00e3o": {"lemma": "ac\u00e7\u00e3o", "pos": "NOUN", "is_stop": false, "is_named": false}, "coerente": {"lemma": "coerente", "pos": "ADV", "is_stop": false, "is_named": false}, "e": {"lemma": "e", "pos": "CCONJ", "is_stop": true, "is_named": false}, "eficaz": {"lemma": "eficaz", "pos": "ADJ", "is_stop": false, "is_named": false}}}, "it": {"text": "per avanti un azione coerente ed efficace", "linguisticInfo": {"per": {"lemma": "per", "pos": "E", "is_stop": true, "is_named": false}, "avanti": {"lemma": "avanti", "pos": "B", "is_stop": true, "is_named": false}, "un": {"lemma": "uno", "pos": "RI", "is_stop": true, "is_named": false}, "azione": {"lemma": "azione", "pos": "S", "is_stop": false, "is_named": false}, "coerente": {"lemma": "coerente", "pos": "A", "is_stop": false, "is_named": false}, "ed": {"lemma": "ed", "pos": "CC", "is_stop": true, "is_named": false}, "efficace": {"lemma": "efficace", "pos": "A", "is_stop": false, "is_named": false}}}}, "obj": {"type": "Event", "pt": {"text": "n\u00e3o teria", "linguisticInfo": {"n\u00e3o": {"lemma": "n\u00e3o", "pos": "ADV", "is_stop": true, "is_named": false}, "teria": {"lemma": "ter", "pos": "AUX", "is_stop": false, "is_named": false}}}, "it": {"text": "non avr\u00e0", "linguisticInfo": {"non": {"lemma": "non", "pos": "BN", "is_stop": true, "is_named": false}, "avr\u00e0": {"lemma": "avere", "pos": "V", "is_stop": true, "is_named": false}}}}}]}, "sentences_4": {"itText": "NULL per quanto riguarda il ruolo del partito nel consolidamento del regime democratico , uno dei grandi obiettivi dei prossimi due anni , mario soares avvisa che \u00ab chi pensa che sia facile distruggere un partito come il ps , si sbaglia di grosso \u00bb , visto che \u00ab \u00e9 proprio grazie ai partiti forti e coesi che \u00e9 possibile consolidare i regimi democratici \u00bb .", "ptText": "referindo -se ao papel do partido na consolida\u00e7\u00e3o do regime democr\u00e1tico - um dos grandes objectivos dos pr\u00f3ximos dois anos - , m\u00e1rio soares adverte que \u00ab aqueles que pensam que \u00e9 f\u00e1cil destruir um partido como o ps andam enganados \u00bb , pois \u00ab sem partidos fortes e coesos n\u00e3o h\u00e1 nem podem consolidar -se os regimes democr\u00e1ticos \u00bb . \n", "relations": [{"id": "R26", "subj": {"type": "Human_Agent", "pt": {"text": "M\u00e1rio Soares", "linguisticInfo": {"M\u00e1rio": {"lemma": "M\u00e1rio", "pos": "PROPN", "is_stop": false, "is_named": true}, "Soares": {"lemma": "Soares", "pos": "PROPN", "is_stop": false, "is_named": true}}}, "it": {"text": "mario soares", "linguisticInfo": {"mario": {"lemma": "mario", "pos": "S", "is_stop": false, "is_named": false}, "soares": {"lemma": "soares", "pos": "A", "is_stop": false, "is_named": false}}}}, "obj": {"type": "Event", "pt": {"text": "adverte", "linguisticInfo": {"adverte": {"lemma": "advertir", "pos": "VERB", "is_stop": false, "is_named": false}}}, "it": {"text": "avvisa", "linguisticInfo": {"avvisa": {"lemma": "avvisa", "pos": "A", "is_stop": false, "is_named": false}}}}}, {"id": "R29", "subj": {"type": "Human_Patient", "pt": {"text": "um partido como o PS", "linguisticInfo": {"um": {"lemma": "um", "pos": "DET", "is_stop": true, "is_named": false}, "partido": {"lemma": "partir", "pos": "NOUN", "is_stop": false, "is_named": false}, "como": {"lemma": "comer", "pos": "ADP", "is_stop": true, "is_named": false}, "o": {"lemma": "o", "pos": "DET", "is_stop": true, "is_named": false}, "PS": {"lemma": "PS", "pos": "PROPN", "is_stop": false, "is_named": true}}}, "it": {"text": "un partito come il ps", "linguisticInfo": {"un": {"lemma": "uno", "pos": "RI", "is_stop": true, "is_named": false}, "partito": {"lemma": "partito", "pos": "S", "is_stop": false, "is_named": false}, "come": {"lemma": "come", "pos": "E", "is_stop": true, "is_named": false}, "il": {"lemma": "il", "pos": "RD", "is_stop": true, "is_named": false}, "ps": {"lemma": "ps", "pos": "RD", "is_stop": false, "is_named": false}}}}, "obj": {"type": "Event", "pt": {"text": "destruir", "linguisticInfo": {"destruir": {"lemma": "destruir", "pos": "VERB", "is_stop": false, "is_named": false}}}, "it": {"text": "distruggere", "linguisticInfo": {"distruggere": {"lemma": "distruggere", "pos": "V", "is_stop": false, "is_named": false}}}}}]}, "sentences_5": {"itText": "NULL maio soares rivela nella sua mozione che \u00ab il ps non esclude a priori eventuali alleanze politiche , al di fuori di quella con il frs , che permettano di costruire un \u2019 alternativa all \u2019 attuale maggioranza conservatrice di alleanza democratica \u00bb aggiungendo anche che \u00ab proprio per questo motivo , bisogna dare tempo al tempo \u00bb .", "ptText": "\u00ab o ps n\u00e3o pode excluir \u00ab a priori \u00bb eventuais entendimentos pol\u00edticos para al\u00e9m do \u00e2mbito da frs , que visem construir uma alternativa vi\u00e1vel \u00e0 actual maioria conservadora ad \u00bb , sublinha m\u00e1rio soares na sua mo\u00e7\u00e3o , acrescentando que , \u00ab nesse aspecto , importa dar tempo ao tempo \u00bb . \n", "relations": [{"id": "R31", "subj": {"type": "Non-human_Patient", "pt": {"text": "eventuais entendimentos pol\u00edticos para al\u00e9m do \u00e2mbito da FRS , que visem construir uma alternativa vi\u00e1vel \u00e0 actual maioria conservadora AD", "linguisticInfo": {"eventuais": {"lemma": "eventual", "pos": "ADJ", "is_stop": false, "is_named": false}, "entendimentos": {"lemma": "entendimento", "pos": "NOUN", "is_stop": false, "is_named": false}, "pol\u00edticos": {"lemma": "pol\u00edtico", "pos": "ADJ", "is_stop": false, "is_named": false}, "para": {"lemma": "parir", "pos": "ADP", "is_stop": true, "is_named": false}, "al\u00e9m": {"lemma": "al\u00e9m", "pos": "ADV", "is_stop": true, "is_named": false}, "do": {"lemma": "do", "pos": "ADP", "is_stop": true, "is_named": false}, "\u00e2mbito": {"lemma": "\u00e2mbito", "pos": "NOUN", "is_stop": false, "is_named": false}, "da": {"lemma": "da", "pos": "ADP", "is_stop": true, "is_named": false}, "FRS": {"lemma": "FRS", "pos": "PROPN", "is_stop": false, "is_named": true}, ",": {"lemma": ",", "pos": "PUNCT", "is_stop": false, "is_named": false}, "que": {"lemma": "que", "pos": "PRON", "is_stop": true, "is_named": false}, "visem": {"lemma": "visar", "pos": "VERB", "is_stop": false, "is_named": false}, "construir": {"lemma": "construir", "pos": "VERB", "is_stop": false, "is_named": false}, "uma": {"lemma": "umar", "pos": "DET", "is_stop": true, "is_named": false}, "alternativa": {"lemma": "alternativo", "pos": "NOUN", "is_stop": false, "is_named": false}, "vi\u00e1vel": {"lemma": "vi\u00e1vel", "pos": "ADJ", "is_stop": false, "is_named": false}, "\u00e0": {"lemma": "\u00e0", "pos": "ADP", "is_stop": true, "is_named": false}, "actual": {"lemma": "actual", "pos": "ADJ", "is_stop": false, "is_named": false}, "maioria": {"lemma": "maioria", "pos": "NOUN", "is_stop": true, "is_named": false}, "conservadora": {"lemma": "conservador", "pos": "ADJ", "is_stop": false, "is_named": false}, "AD": {"lemma": "AD", "pos": "PROPN", "is_stop": false, "is_named": true}}}, "it": {"text": "eventuali alleanze politiche , al per questo motivo", "linguisticInfo": {"eventuali": {"lemma": "eventuale", "pos": "A", "is_stop": false, "is_named": false}, "alleanze": {"lemma": "alleanza", "pos": "S", "is_stop": false, "is_named": false}, "politiche": {"lemma": "politico", "pos": "A", "is_stop": false, "is_named": false}, ",": {"lemma": ",", "pos": "FF", "is_stop": false, "is_named": false}, "al": {"lemma": "al", "pos": "E_RD", "is_stop": true, "is_named": false}, "per": {"lemma": "per", "pos": "E", "is_stop": true, "is_named": false}, "questo": {"lemma": "questo", "pos": "DD", "is_stop": true, "is_named": false}, "motivo": {"lemma": "motivo", "pos": "S", "is_stop": false, "is_named": false}}}}, "obj": {"type": "Event", "pt": {"text": "n\u00e3o pode excluir", "linguisticInfo": {"n\u00e3o": {"lemma": "n\u00e3o", "pos": "ADV", "is_stop": true, "is_named": false}, "pode": {"lemma": "poder", "pos": "VERB", "is_stop": true, "is_named": false}, "excluir": {"lemma": "excluir", "pos": "VERB", "is_stop": false, "is_named": false}}}, "it": {"text": "non esclude a priori", "linguisticInfo": {"non": {"lemma": "non", "pos": "BN", "is_stop": true, "is_named": false}, "esclude": {"lemma": "escludere", "pos": "V", "is_stop": false, "is_named": false}, "a": {"lemma": "a", "pos": "E", "is_stop": true, "is_named": false}, "priori": {"lemma": "priore", "pos": "S", "is_stop": false, "is_named": false}}}}}, {"id": "R32", "subj": {"type": "Human_Agent", "pt": {"text": "O PS", "linguisticInfo": {"O": {"lemma": "O", "pos": "DET", "is_stop": true, "is_named": true}, "PS": {"lemma": "PS", "pos": "PROPN", "is_stop": false, "is_named": true}}}, "it": {"text": "il ps", "linguisticInfo": {"il": {"lemma": "il", "pos": "RD", "is_stop": true, "is_named": false}, "ps": {"lemma": "ps", "pos": "RD", "is_stop": false, "is_named": false}}}}, "obj": {"type": "Event", "pt": {"text": "n\u00e3o pode excluir", "linguisticInfo": {"n\u00e3o": {"lemma": "n\u00e3o", "pos": "ADV", "is_stop": true, "is_named": false}, "pode": {"lemma": "poder", "pos": "VERB", "is_stop": true, "is_named": false}, "excluir": {"lemma": "excluir", "pos": "VERB", "is_stop": false, "is_named": false}}}, "it": {"text": "non esclude a priori", "linguisticInfo": {"non": {"lemma": "non", "pos": "BN", "is_stop": true, "is_named": false}, "esclude": {"lemma": "escludere", "pos": "V", "is_stop": false, "is_named": false}, "a": {"lemma": "a", "pos": "E", "is_stop": true, "is_named": false}, "priori": {"lemma": "priore", "pos": "S", "is_stop": false, "is_named": false}}}}}, {"id": "R35", "subj": {"type": "Human_Agent", "pt": {"text": "M\u00e1rio Soares", "linguisticInfo": {"M\u00e1rio": {"lemma": "M\u00e1rio", "pos": "PROPN", "is_stop": false, "is_named": true}, "Soares": {"lemma": "Soares", "pos": "PROPN", "is_stop": false, "is_named": true}}}, "it": {"text": "maio soares", "linguisticInfo": {"maio": {"lemma": "maio", "pos": "S", "is_stop": false, "is_named": false}, "soares": {"lemma": "soares", "pos": "A", "is_stop": false, "is_named": false}}}}, "obj": {"type": "Event", "pt": {"text": "sublinha", "linguisticInfo": {"sublinha": {"lemma": "sublinhar", "pos": "VERB", "is_stop": false, "is_named": false}}}, "it": {"text": "maio", "linguisticInfo": {"maio": {"lemma": "maio", "pos": "S", "is_stop": false, "is_named": false}}}}}, {"id": "R36", "subj": {"type": "Oth_location", "pt": {"text": "na sua mo\u00e7\u00e3o", "linguisticInfo": {"na": {"lemma": "o", "pos": "ADP", "is_stop": true, "is_named": false}, "sua": {"lemma": "suar", "pos": "DET", "is_stop": true, "is_named": false}, "mo\u00e7\u00e3o": {"lemma": "mo\u00e7\u00e3o", "pos": "NOUN", "is_stop": false, "is_named": false}}}, "it": {"text": "nella sua mozione", "linguisticInfo": {"nella": {"lemma": "nella", "pos": "E_RD", "is_stop": true, "is_named": false}, "sua": {"lemma": "suo", "pos": "AP", "is_stop": true, "is_named": false}, "mozione": {"lemma": "mozione", "pos": "S", "is_stop": false, "is_named": false}}}}, "obj": {"type": "Event", "pt": {"text": "sublinha", "linguisticInfo": {"sublinha": {"lemma": "sublinhar", "pos": "VERB", "is_stop": false, "is_named": false}}}, "it": {"text": "maio", "linguisticInfo": {"maio": {"lemma": "maio", "pos": "S", "is_stop": false, "is_named": false}}}}}]}, "sentences_6": {"itText": "NULL in sintesi , il segretario generale del ps propone al partito di riprendere in mano l&apos; iniziativa e di approfondirne il progetto di societ\u00e0 , difendendo l&apos; autonomia del progetto per creare un \u2019 alternativa di sinistra democratica .", "ptText": "em resumo , o secret\u00e1rio-geral do ps prop\u00f5e que o partido recupere a iniciativa e aprofunde o seu projecto de sociedade , defendendo a autonomia do seu projecto e criando uma alternativa de esquerda democr\u00e1tica . \n", "relations": [{"id": "R38", "subj": {"type": "Human_Agent", "pt": {"text": "o secret\u00e1rio-geral do PS", "linguisticInfo": {"o": {"lemma": "o", "pos": "DET", "is_stop": true, "is_named": false}, "secret\u00e1rio-geral": {"lemma": "secret\u00e1rio-geral", "pos": "NOUN", "is_stop": false, "is_named": false}, "do": {"lemma": "do", "pos": "ADP", "is_stop": true, "is_named": false}, "PS": {"lemma": "PS", "pos": "PROPN", "is_stop": false, "is_named": true}}}, "it": {"text": "il segretario del ps", "linguisticInfo": {"il": {"lemma": "il", "pos": "RD", "is_stop": true, "is_named": false}, "segretario": {"lemma": "segretario", "pos": "S", "is_stop": false, "is_named": false}, "del": {"lemma": "del", "pos": "E_RD", "is_stop": true, "is_named": false}, "ps": {"lemma": "ps", "pos": "S", "is_stop": false, "is_named": false}}}}, "obj": {"type": "Event", "pt": {"text": "prop\u00f5e", "linguisticInfo": {"prop\u00f5e": {"lemma": "propor", "pos": "VERB", "is_stop": false, "is_named": false}}}, "it": {"text": "propone", "linguisticInfo": {"propone": {"lemma": "proporre", "pos": "V", "is_stop": false, "is_named": false}}}}}, {"id": "R39", "subj": {"type": "Non-human_Oth_participant", "pt": {"text": "que o partido recupere a iniciativa e aprofunde o seu projecto de sociedade", "linguisticInfo": {"que": {"lemma": "que", "pos": "SCONJ", "is_stop": true, "is_named": false}, "o": {"lemma": "o", "pos": "DET", "is_stop": true, "is_named": false}, "partido": {"lemma": "partir", "pos": "NOUN", "is_stop": false, "is_named": false}, "recupere": {"lemma": "recuperar", "pos": "VERB", "is_stop": false, "is_named": false}, "a": {"lemma": "o", "pos": "DET", "is_stop": true, "is_named": false}, "iniciativa": {"lemma": "iniciativo", "pos": "NOUN", "is_stop": false, "is_named": false}, "e": {"lemma": "e", "pos": "CCONJ", "is_stop": true, "is_named": false}, "aprofunde": {"lemma": "aprofundar", "pos": "VERB", "is_stop": false, "is_named": false}, "seu": {"lemma": "seu", "pos": "DET", "is_stop": true, "is_named": false}, "projecto": {"lemma": "projectar", "pos": "NOUN", "is_stop": false, "is_named": false}, "de": {"lemma": "de", "pos": "ADP", "is_stop": true, "is_named": false}, "sociedade": {"lemma": "sociedade", "pos": "NOUN", "is_stop": false, "is_named": false}}}, "it": {"text": "in sintesi", "linguisticInfo": {"in": {"lemma": "in", "pos": "E", "is_stop": true, "is_named": false}, "sintesi": {"lemma": "sintesi", "pos": "S", "is_stop": false, "is_named": false}}}}, "obj": {"type": "Event", "pt": {"text": "prop\u00f5e", "linguisticInfo": {"prop\u00f5e": {"lemma": "propor", "pos": "VERB", "is_stop": false, "is_named": false}}}, "it": {"text": "propone", "linguisticInfo": {"propone": {"lemma": "proporre", "pos": "V", "is_stop": false, "is_named": false}}}}}, {"id": "R40", "subj": {"type": "Non-human_Patient", "pt": {"text": "a iniciativa", "linguisticInfo": {"a": {"lemma": "o", "pos": "DET", "is_stop": true, "is_named": false}, "iniciativa": {"lemma": "iniciativo", "pos": "NOUN", "is_stop": false, "is_named": false}}}, "it": {"text": "iniziativa", "linguisticInfo": {"iniziativa": {"lemma": "iniziativa", "pos": "S", "is_stop": false, "is_named": false}}}}, "obj": {"type": "Event", "pt": {"text": "recupere", "linguisticInfo": {"recupere": {"lemma": "recuperar", "pos": "VERB", "is_stop": false, "is_named": false}}}, "it": {"text": "riprendere", "linguisticInfo": {"riprendere": {"lemma": "riprendere", "pos": "V", "is_stop": false, "is_named": false}}}}}, {"id": "R41", "subj": {"type": "Human_Agent", "pt": {"text": "o partido", "linguisticInfo": {"o": {"lemma": "o", "pos": "DET", "is_stop": true, "is_named": false}, "partido": {"lemma": "partir", "pos": "NOUN", "is_stop": false, "is_named": false}}}, "it": {"text": "partito", "linguisticInfo": {"partito": {"lemma": "partire", "pos": "V", "is_stop": false, "is_named": false}}}}, "obj": {"type": "Event", "pt": {"text": "recupere", "linguisticInfo": {"recupere": {"lemma": "recuperar", "pos": "VERB", "is_stop": false, "is_named": false}}}, "it": {"text": "riprendere", "linguisticInfo": {"riprendere": {"lemma": "riprendere", "pos": "V", "is_stop": false, "is_named": false}}}}}, {"id": "R42", "subj": {"type": "Non-human_Patient", "pt": {"text": "o seu projecto de sociedade", "linguisticInfo": {"o": {"lemma": "o", "pos": "DET", "is_stop": true, "is_named": false}, "seu": {"lemma": "seu", "pos": "DET", "is_stop": true, "is_named": false}, "projecto": {"lemma": "projectar", "pos": "NOUN", "is_stop": false, "is_named": false}, "de": {"lemma": "de", "pos": "ADP", "is_stop": true, "is_named": false}, "sociedade": {"lemma": "sociedade", "pos": "NOUN", "is_stop": false, "is_named": false}}}, "it": {"text": "il progetto di societ\u00e0", "linguisticInfo": {"il": {"lemma": "il", "pos": "RD", "is_stop": true, "is_named": false}, "progetto": {"lemma": "progetto", "pos": "S", "is_stop": false, "is_named": false}, "di": {"lemma": "di", "pos": "E", "is_stop": true, "is_named": false}, "societ\u00e0": {"lemma": "societ\u00e0", "pos": "S", "is_stop": false, "is_named": false}}}}, "obj": {"type": "Event", "pt": {"text": "aprofunde", "linguisticInfo": {"aprofunde": {"lemma": "aprofundar", "pos": "VERB", "is_stop": false, "is_named": false}}}, "it": {"text": "l&apos;", "linguisticInfo": {"l&apos": {"lemma": "l&apos", "pos": "B", "is_stop": false, "is_named": false}, ";": {"lemma": ";", "pos": "FC", "is_stop": false, "is_named": false}}}}}, {"id": "R43", "subj": {"type": "Human_Agent", "pt": {"text": "o partido", "linguisticInfo": {"o": {"lemma": "o", "pos": "DET", "is_stop": true, "is_named": false}, "partido": {"lemma": "partir", "pos": "NOUN", "is_stop": false, "is_named": false}}}, "it": {"text": "partito", "linguisticInfo": {"partito": {"lemma": "partire", "pos": "V", "is_stop": false, "is_named": false}}}}, "obj": {"type": "Event", "pt": {"text": "aprofunde", "linguisticInfo": {"aprofunde": {"lemma": "aprofundar", "pos": "VERB", "is_stop": false, "is_named": false}}}, "it": {"text": "l&apos;", "linguisticInfo": {"l&apos": {"lemma": "l&apos", "pos": "B", "is_stop": false, "is_named": false}, ";": {"lemma": ";", "pos": "FC", "is_stop": false, "is_named": false}}}}}, {"id": "R44", "subj": {"type": "Non-human_Patient", "pt": {"text": "a autonomia do seu projecto", "linguisticInfo": {"a": {"lemma": "o", "pos": "DET", "is_stop": true, "is_named": false}, "autonomia": {"lemma": "autonomia", "pos": "NOUN", "is_stop": false, "is_named": false}, "do": {"lemma": "do", "pos": "ADP", "is_stop": true, "is_named": false}, "seu": {"lemma": "seu", "pos": "DET", "is_stop": true, "is_named": false}, "projecto": {"lemma": "projectar", "pos": "NOUN", "is_stop": false, "is_named": false}}}, "it": {"text": "l&apos; iniziativa e autonomia del progetto per", "linguisticInfo": {"l&apos": {"lemma": "l&apos", "pos": "B", "is_stop": false, "is_named": false}, ";": {"lemma": ";", "pos": "FC", "is_stop": false, "is_named": false}, "iniziativa": {"lemma": "iniziativa", "pos": "S", "is_stop": false, "is_named": false}, "e": {"lemma": "e", "pos": "CC", "is_stop": false, "is_named": false}, "autonomia": {"lemma": "autonomia", "pos": "S", "is_stop": false, "is_named": false}, "del": {"lemma": "del", "pos": "E_RD", "is_stop": true, "is_named": false}, "progetto": {"lemma": "progetto", "pos": "S", "is_stop": false, "is_named": false}, "per": {"lemma": "per", "pos": "E", "is_stop": true, "is_named": false}}}}, "obj": {"type": "Event", "pt": {"text": "defendendo", "linguisticInfo": {"defendendo": {"lemma": "defender", "pos": "VERB", "is_stop": false, "is_named": false}}}, "it": {"text": "difendendo", "linguisticInfo": {"difendendo": {"lemma": "difendere", "pos": "V", "is_stop": false, "is_named": false}}}}}, {"id": "R45", "subj": {"type": "Non-human_Patient", "pt": {"text": "uma alternativa de esquerda democr\u00e1tica", "linguisticInfo": {"uma": {"lemma": "umar", "pos": "DET", "is_stop": true, "is_named": false}, "alternativa": {"lemma": "alternativo", "pos": "NOUN", "is_stop": false, "is_named": false}, "de": {"lemma": "de", "pos": "ADP", "is_stop": true, "is_named": false}, "esquerda": {"lemma": "esquerdo", "pos": "NOUN", "is_stop": false, "is_named": false}, "democr\u00e1tica": {"lemma": "democr\u00e1tico", "pos": "ADJ", "is_stop": false, "is_named": false}}}, "it": {"text": "un alternativa di sinistra democratica", "linguisticInfo": {"un": {"lemma": "uno", "pos": "RI", "is_stop": true, "is_named": false}, "alternativa": {"lemma": "alternativa", "pos": "S", "is_stop": false, "is_named": false}, "di": {"lemma": "di", "pos": "E", "is_stop": true, "is_named": false}, "sinistra": {"lemma": "sinistra", "pos": "S", "is_stop": false, "is_named": false}, "democratica": {"lemma": "democratico", "pos": "A", "is_stop": false, "is_named": false}}}}, "obj": {"type": "Event", "pt": {"text": "criando", "linguisticInfo": {"criando": {"lemma": "criar", "pos": "VERB", "is_stop": false, "is_named": false}}}, "it": {"text": "creare", "linguisticInfo": {"creare": {"lemma": "creare", "pos": "V", "is_stop": false, "is_named": false}}}}}]}, "sentences_8": {"itText": "NULL seconde le fonti socialiste , l&apos; elezione delle commissioni per la sistematizzazione e la revisione costituzionale , sono due dei punti \u00ab pi\u00f9 scottanti del programma \u00bb , sui quali le diverse sensibilit\u00e0 presenti all&apos; interno del partito potrebbero scontrarsi nuovamente .", "ptText": "a elei\u00e7\u00e3o das comiss\u00f5es de sistematiza\u00e7\u00e3o e a revis\u00e3o constitucional , s\u00e3o dois dos pontos agendados , e que ser\u00e3o \u00ab os mais quentes \u00bb , segundo fontes socialistas , para quem as diversas sensibilidades no seio do partido poder\u00e3o de novo confrontar -se . \n", "relations": [{"id": "R53", "subj": {"type": "Non-human_Patient", "pt": {"text": "dois dos pontos", "linguisticInfo": {"dois": {"lemma": "dois", "pos": "NUM", "is_stop": true, "is_named": false}, "dos": {"lemma": "dos", "pos": "ADP", "is_stop": true, "is_named": false}, "pontos": {"lemma": "ponto", "pos": "NOUN", "is_stop": true, "is_named": false}}}, "it": {"text": "due dei punti", "linguisticInfo": {"due": {"lemma": "due", "pos": "N", "is_stop": true, "is_named": false}, "dei": {"lemma": "del", "pos": "E_RD", "is_stop": true, "is_named": false}, "punti": {"lemma": "punto", "pos": "S", "is_stop": false, "is_named": false}}}}, "obj": {"type": "Event", "pt": {"text": "agendados", "linguisticInfo": {"agendados": {"lemma": "agendar", "pos": "VERB", "is_stop": false, "is_named": false}}}, "it": {"text": "scottanti", "linguisticInfo": {"scottanti": {"lemma": "scottanti", "pos": "S", "is_stop": false, "is_named": false}}}}}]}}