{"sentences_0": {"itText": "NULL il primo ministro olandese , van agt , accompagnato dal ministro degli affari esteri , van der klaw , arriver\u00e0 luned\u00ec a lisbona per una visita di 30 ore , su invito del suo omologo , pinto balsem\u00e3o . l \u2019 adesione del portogallo alla cee sar\u00e0 uno dei temi dei colloqui tra i due capi di governo .", "ptText": "o primeiro-ministro holand\u00eas van agt , que \u00e9 acompanhado pelo ministro dos neg\u00f3cios estrangeiros , van der klaw , chega segunda-feira a lisboa para uma visita de 30 horas a convite do seu hom\u00f3logo pinto balsem\u00e3o . a ades\u00e3o de portugal \u00e0 cee ser\u00e1 um dos temas das conversa\u00e7\u00f5es entre os dois chefes de governo . \n", "relations": [{"id": "R1", "subj": {"type": "Human_Agent", "pt": {"text": "O primeiro-ministro holand\u00eas Van Agt", "linguisticInfo": {"O": {"lemma": "O", "pos": "DET", "is_stop": true, "is_named": true}, "primeiro-ministro": {"lemma": "primeiro-ministro", "pos": "NOUN", "is_stop": false, "is_named": false}, "holand\u00eas": {"lemma": "holand\u00eas", "pos": "ADJ", "is_stop": false, "is_named": false}, "Van": {"lemma": "Van", "pos": "PROPN", "is_stop": false, "is_named": true}, "Agt": {"lemma": "Agt", "pos": "PROPN", "is_stop": false, "is_named": true}}}, "it": {"text": "il primo olandese van agt", "linguisticInfo": {"il": {"lemma": "il", "pos": "RD", "is_stop": true, "is_named": false}, "primo": {"lemma": "primo", "pos": "NO", "is_stop": true, "is_named": false}, "olandese": {"lemma": "olandese", "pos": "S", "is_stop": false, "is_named": false}, "van": {"lemma": "van", "pos": "SP", "is_stop": false, "is_named": false}, "agt": {"lemma": "agt", "pos": "E_RD", "is_stop": false, "is_named": false}}}}, "obj": {"type": "Event", "pt": {"text": "chega", "linguisticInfo": {"chega": {"lemma": "chegar", "pos": "VERB", "is_stop": false, "is_named": false}}}, "it": {"text": "arriver\u00e0", "linguisticInfo": {"arriver\u00e0": {"lemma": "arrivare", "pos": "V", "is_stop": false, "is_named": false}}}}}, {"id": "R2", "subj": {"type": "Time", "pt": {"text": "segunda-feira", "linguisticInfo": {"segunda-feira": {"lemma": "segunda-feira", "pos": "NOUN", "is_stop": false, "is_named": false}}}, "it": {"text": "luned\u00ec", "linguisticInfo": {"luned\u00ec": {"lemma": "luned\u00ec", "pos": "S", "is_stop": false, "is_named": false}}}}, "obj": {"type": "Event", "pt": {"text": "chega", "linguisticInfo": {"chega": {"lemma": "chegar", "pos": "VERB", "is_stop": false, "is_named": false}}}, "it": {"text": "arriver\u00e0", "linguisticInfo": {"arriver\u00e0": {"lemma": "arrivare", "pos": "V", "is_stop": false, "is_named": false}}}}}, {"id": "R3", "subj": {"type": "Geo_location", "pt": {"text": "a Lisboa", "linguisticInfo": {"a": {"lemma": "o", "pos": "DET", "is_stop": true, "is_named": false}, "Lisboa": {"lemma": "Lisboa", "pos": "PROPN", "is_stop": false, "is_named": true}}}, "it": {"text": "a lisbona", "linguisticInfo": {"a": {"lemma": "a", "pos": "E", "is_stop": true, "is_named": false}, "lisbona": {"lemma": "lisbona", "pos": "RD", "is_stop": false, "is_named": false}}}}, "obj": {"type": "Event", "pt": {"text": "chega", "linguisticInfo": {"chega": {"lemma": "chegar", "pos": "VERB", "is_stop": false, "is_named": false}}}, "it": {"text": "arriver\u00e0", "linguisticInfo": {"arriver\u00e0": {"lemma": "arrivare", "pos": "V", "is_stop": false, "is_named": false}}}}}, {"id": "R4", "subj": {"type": "Non-human_Oth_participant", "pt": {"text": "para uma visita de 30 horas a convite do seu hom\u00f3logo Pinto Balsem\u00e3o", "linguisticInfo": {"para": {"lemma": "parir", "pos": "ADP", "is_stop": true, "is_named": false}, "uma": {"lemma": "umar", "pos": "DET", "is_stop": true, "is_named": false}, "visita": {"lemma": "visitar", "pos": "NOUN", "is_stop": false, "is_named": false}, "de": {"lemma": "de", "pos": "ADP", "is_stop": true, "is_named": false}, "30": {"lemma": "30", "pos": "NUM", "is_stop": false, "is_named": false}, "horas": {"lemma": "horar", "pos": "NOUN", "is_stop": false, "is_named": false}, "a": {"lemma": "o", "pos": "ADP", "is_stop": true, "is_named": false}, "convite": {"lemma": "convite", "pos": "NOUN", "is_stop": false, "is_named": false}, "do": {"lemma": "do", "pos": "ADP", "is_stop": true, "is_named": false}, "seu": {"lemma": "seu", "pos": "DET", "is_stop": true, "is_named": false}, "hom\u00f3logo": {"lemma": "hom\u00f3logo", "pos": "NOUN", "is_stop": false, "is_named": false}, "Pinto": {"lemma": "Pinto", "pos": "PROPN", "is_stop": false, "is_named": true}, "Balsem\u00e3o": {"lemma": "Balsem\u00e3o", "pos": "PROPN", "is_stop": false, "is_named": true}}}, "it": {"text": "per una visita di 30 ore , su", "linguisticInfo": {"per": {"lemma": "per", "pos": "E", "is_stop": true, "is_named": false}, "una": {"lemma": "uno", "pos": "RI", "is_stop": true, "is_named": false}, "visita": {"lemma": "visita", "pos": "S", "is_stop": false, "is_named": false}, "di": {"lemma": "di", "pos": "E", "is_stop": true, "is_named": false}, "30": {"lemma": "30", "pos": "N", "is_stop": false, "is_named": false}, "ore": {"lemma": "ora", "pos": "S", "is_stop": true, "is_named": false}, ",": {"lemma": ",", "pos": "FF", "is_stop": false, "is_named": false}, "su": {"lemma": "su", "pos": "E", "is_stop": true, "is_named": false}}}}, "obj": {"type": "Event", "pt": {"text": "chega", "linguisticInfo": {"chega": {"lemma": "chegar", "pos": "VERB", "is_stop": false, "is_named": false}}}, "it": {"text": "arriver\u00e0", "linguisticInfo": {"arriver\u00e0": {"lemma": "arrivare", "pos": "V", "is_stop": false, "is_named": false}}}}}, {"id": "R5", "subj": {"type": "Time", "pt": {"text": "30 horas", "linguisticInfo": {"30": {"lemma": "30", "pos": "NUM", "is_stop": false, "is_named": false}, "horas": {"lemma": "horar", "pos": "NOUN", "is_stop": false, "is_named": false}}}, "it": {"text": "30 ore", "linguisticInfo": {"30": {"lemma": "30", "pos": "N", "is_stop": false, "is_named": false}, "ore": {"lemma": "ora", "pos": "S", "is_stop": true, "is_named": false}}}}, "obj": {"type": "Event", "pt": {"text": "uma visita", "linguisticInfo": {"uma": {"lemma": "umar", "pos": "DET", "is_stop": true, "is_named": false}, "visita": {"lemma": "visitar", "pos": "NOUN", "is_stop": false, "is_named": false}}}, "it": {"text": "una visita", "linguisticInfo": {"una": {"lemma": "uno", "pos": "RI", "is_stop": true, "is_named": false}, "visita": {"lemma": "visita", "pos": "S", "is_stop": false, "is_named": false}}}}}, {"id": "R7", "subj": {"type": "Human_Patient", "pt": {"text": "\u00e0 CEE", "linguisticInfo": {"\u00e0": {"lemma": "\u00e0", "pos": "ADP", "is_stop": true, "is_named": false}, "CEE": {"lemma": "CEE", "pos": "PROPN", "is_stop": false, "is_named": true}}}, "it": {"text": "alla cee", "linguisticInfo": {"alla": {"lemma": "alla", "pos": "E_RD", "is_stop": true, "is_named": false}, "cee": {"lemma": "cee", "pos": "SP", "is_stop": false, "is_named": false}}}}, "obj": {"type": "Event", "pt": {"text": "A ades\u00e3o", "linguisticInfo": {"A": {"lemma": "A", "pos": "DET", "is_stop": true, "is_named": true}, "ades\u00e3o": {"lemma": "ades\u00e3o", "pos": "NOUN", "is_stop": false, "is_named": false}}}, "it": {"text": "adesione", "linguisticInfo": {"adesione": {"lemma": "adesione", "pos": "S", "is_stop": false, "is_named": false}}}}}, {"id": "R8", "subj": {"type": "Human_Agent", "pt": {"text": "Portugal", "linguisticInfo": {"Portugal": {"lemma": "Portugal", "pos": "PROPN", "is_stop": false, "is_named": true}}}, "it": {"text": "portogallo", "linguisticInfo": {"portogallo": {"lemma": "portogallo", "pos": "S", "is_stop": false, "is_named": false}}}}, "obj": {"type": "Event", "pt": {"text": "A ades\u00e3o", "linguisticInfo": {"A": {"lemma": "A", "pos": "DET", "is_stop": true, "is_named": true}, "ades\u00e3o": {"lemma": "ades\u00e3o", "pos": "NOUN", "is_stop": false, "is_named": false}}}, "it": {"text": "adesione", "linguisticInfo": {"adesione": {"lemma": "adesione", "pos": "S", "is_stop": false, "is_named": false}}}}}, {"id": "R32", "subj": {"type": "Human_Patient", "pt": {"text": "\u00e0 CEE", "linguisticInfo": {"\u00e0": {"lemma": "\u00e0", "pos": "ADP", "is_stop": true, "is_named": false}, "CEE": {"lemma": "CEE", "pos": "PROPN", "is_stop": false, "is_named": true}}}, "it": {"text": "alla cee", "linguisticInfo": {"alla": {"lemma": "alla", "pos": "E_RD", "is_stop": true, "is_named": false}, "cee": {"lemma": "cee", "pos": "SP", "is_stop": false, "is_named": false}}}}, "obj": {"type": "Event", "pt": {"text": "a ades\u00e3o", "linguisticInfo": {"a": {"lemma": "o", "pos": "DET", "is_stop": true, "is_named": false}, "ades\u00e3o": {"lemma": "ades\u00e3o", "pos": "NOUN", "is_stop": false, "is_named": false}}}, "it": {"text": "adesione", "linguisticInfo": {"adesione": {"lemma": "adesione", "pos": "S", "is_stop": false, "is_named": false}}}}}, {"id": "R33", "subj": {"type": "Human_Agent", "pt": {"text": "Portugal", "linguisticInfo": {"Portugal": {"lemma": "Portugal", "pos": "PROPN", "is_stop": false, "is_named": true}}}, "it": {"text": "portogallo", "linguisticInfo": {"portogallo": {"lemma": "portogallo", "pos": "S", "is_stop": false, "is_named": false}}}}, "obj": {"type": "Event", "pt": {"text": "a ades\u00e3o", "linguisticInfo": {"a": {"lemma": "o", "pos": "DET", "is_stop": true, "is_named": false}, "ades\u00e3o": {"lemma": "ades\u00e3o", "pos": "NOUN", "is_stop": false, "is_named": false}}}, "it": {"text": "adesione", "linguisticInfo": {"adesione": {"lemma": "adesione", "pos": "S", "is_stop": false, "is_named": false}}}}}]}, "sentences_4": {"itText": "NULL i due primi ministri parleranno della situazione internazionale , degli accordi bilaterali e dell \u2019 adesione del portogallo alla cee . si ricorda , che durante il prossimo semestre , la presidenza del consiglio dei ministri della comunit\u00e0 europea competer\u00e0 all \u2019 olanda .", "ptText": "os dois primeiro-ministros conversar\u00e3o sobre a situa\u00e7\u00e3o internacional , as rela\u00e7\u00f5es bilaterais e a ades\u00e3o de portugal \u00e0 cee . refira -se que , neste semestre , compete \u00e0 holanda a presid\u00eancia do conselho de ministros da comunidade europeia . \n", "relations": [{"id": "R7", "subj": {"type": "Human_Patient", "pt": {"text": "\u00e0 CEE", "linguisticInfo": {"\u00e0": {"lemma": "\u00e0", "pos": "ADP", "is_stop": true, "is_named": false}, "CEE": {"lemma": "CEE", "pos": "PROPN", "is_stop": false, "is_named": true}}}, "it": {"text": "alla cee", "linguisticInfo": {"alla": {"lemma": "alla", "pos": "E_RD", "is_stop": true, "is_named": false}, "cee": {"lemma": "cee", "pos": "SP", "is_stop": false, "is_named": false}}}}, "obj": {"type": "Event", "pt": {"text": "A ades\u00e3o", "linguisticInfo": {"A": {"lemma": "A", "pos": "DET", "is_stop": true, "is_named": true}, "ades\u00e3o": {"lemma": "ades\u00e3o", "pos": "NOUN", "is_stop": false, "is_named": false}}}, "it": {"text": "adesione", "linguisticInfo": {"adesione": {"lemma": "adesione", "pos": "S", "is_stop": false, "is_named": false}}}}}, {"id": "R8", "subj": {"type": "Human_Agent", "pt": {"text": "Portugal", "linguisticInfo": {"Portugal": {"lemma": "Portugal", "pos": "PROPN", "is_stop": false, "is_named": true}}}, "it": {"text": "portogallo", "linguisticInfo": {"portogallo": {"lemma": "portogallo", "pos": "S", "is_stop": false, "is_named": false}}}}, "obj": {"type": "Event", "pt": {"text": "A ades\u00e3o", "linguisticInfo": {"A": {"lemma": "A", "pos": "DET", "is_stop": true, "is_named": true}, "ades\u00e3o": {"lemma": "ades\u00e3o", "pos": "NOUN", "is_stop": false, "is_named": false}}}, "it": {"text": "adesione", "linguisticInfo": {"adesione": {"lemma": "adesione", "pos": "S", "is_stop": false, "is_named": false}}}}}, {"id": "R30", "subj": {"type": "Human_Agent", "pt": {"text": "Os dois primeiro-ministros", "linguisticInfo": {"Os": {"lemma": "Os", "pos": "DET", "is_stop": true, "is_named": true}, "dois": {"lemma": "dois", "pos": "NUM", "is_stop": true, "is_named": false}, "primeiro-ministros": {"lemma": "primeiro-ministros", "pos": "NOUN", "is_stop": false, "is_named": false}}}, "it": {"text": "i due competer\u00e0", "linguisticInfo": {"i": {"lemma": "il", "pos": "RD", "is_stop": false, "is_named": false}, "due": {"lemma": "due", "pos": "N", "is_stop": true, "is_named": false}, "competer\u00e0": {"lemma": "competere", "pos": "V", "is_stop": false, "is_named": false}}}}, "obj": {"type": "Event", "pt": {"text": "conversar\u00e3o", "linguisticInfo": {"conversar\u00e3o": {"lemma": "conversar", "pos": "VERB", "is_stop": false, "is_named": false}}}, "it": {"text": "competer\u00e0", "linguisticInfo": {"competer\u00e0": {"lemma": "competere", "pos": "V", "is_stop": false, "is_named": false}}}}}, {"id": "R31", "subj": {"type": "Non-human_Oth_participant", "pt": {"text": "sobre a situa\u00e7\u00e3o internacional , as rela\u00e7\u00f5es bilaterais e a ades\u00e3o de Portugal \u00e0 CEE", "linguisticInfo": {"sobre": {"lemma": "sobrar", "pos": "ADP", "is_stop": true, "is_named": false}, "a": {"lemma": "o", "pos": "DET", "is_stop": true, "is_named": false}, "situa\u00e7\u00e3o": {"lemma": "situa\u00e7\u00e3o", "pos": "NOUN", "is_stop": false, "is_named": false}, "internacional": {"lemma": "internacional", "pos": "ADJ", "is_stop": false, "is_named": false}, ",": {"lemma": ",", "pos": "PUNCT", "is_stop": false, "is_named": false}, "as": {"lemma": "o", "pos": "DET", "is_stop": true, "is_named": false}, "rela\u00e7\u00f5es": {"lemma": "rela\u00e7\u00e3o", "pos": "NOUN", "is_stop": false, "is_named": false}, "bilaterais": {"lemma": "bilateral", "pos": "ADJ", "is_stop": false, "is_named": false}, "e": {"lemma": "e", "pos": "CCONJ", "is_stop": true, "is_named": false}, "ades\u00e3o": {"lemma": "ades\u00e3o", "pos": "NOUN", "is_stop": false, "is_named": false}, "de": {"lemma": "de", "pos": "ADP", "is_stop": true, "is_named": false}, "Portugal": {"lemma": "Portugal", "pos": "PROPN", "is_stop": false, "is_named": true}, "\u00e0": {"lemma": "\u00e0", "pos": "ADP", "is_stop": true, "is_named": false}, "CEE": {"lemma": "CEE", "pos": "PROPN", "is_stop": false, "is_named": true}}}, "it": {"text": "competer\u00e0 all \u2019", "linguisticInfo": {"competer\u00e0": {"lemma": "competere", "pos": "V", "is_stop": false, "is_named": false}, "all": {"lemma": "all", "pos": "S", "is_stop": true, "is_named": false}, "\u2019": {"lemma": "\u2019", "pos": "FB", "is_stop": false, "is_named": false}}}}, "obj": {"type": "Event", "pt": {"text": "conversar\u00e3o", "linguisticInfo": {"conversar\u00e3o": {"lemma": "conversar", "pos": "VERB", "is_stop": false, "is_named": false}}}, "it": {"text": "competer\u00e0", "linguisticInfo": {"competer\u00e0": {"lemma": "competere", "pos": "V", "is_stop": false, "is_named": false}}}}}, {"id": "R32", "subj": {"type": "Human_Patient", "pt": {"text": "\u00e0 CEE", "linguisticInfo": {"\u00e0": {"lemma": "\u00e0", "pos": "ADP", "is_stop": true, "is_named": false}, "CEE": {"lemma": "CEE", "pos": "PROPN", "is_stop": false, "is_named": true}}}, "it": {"text": "alla cee", "linguisticInfo": {"alla": {"lemma": "alla", "pos": "E_RD", "is_stop": true, "is_named": false}, "cee": {"lemma": "cee", "pos": "SP", "is_stop": false, "is_named": false}}}}, "obj": {"type": "Event", "pt": {"text": "a ades\u00e3o", "linguisticInfo": {"a": {"lemma": "o", "pos": "DET", "is_stop": true, "is_named": false}, "ades\u00e3o": {"lemma": "ades\u00e3o", "pos": "NOUN", "is_stop": false, "is_named": false}}}, "it": {"text": "adesione", "linguisticInfo": {"adesione": {"lemma": "adesione", "pos": "S", "is_stop": false, "is_named": false}}}}}, {"id": "R33", "subj": {"type": "Human_Agent", "pt": {"text": "Portugal", "linguisticInfo": {"Portugal": {"lemma": "Portugal", "pos": "PROPN", "is_stop": false, "is_named": true}}}, "it": {"text": "portogallo", "linguisticInfo": {"portogallo": {"lemma": "portogallo", "pos": "S", "is_stop": false, "is_named": false}}}}, "obj": {"type": "Event", "pt": {"text": "a ades\u00e3o", "linguisticInfo": {"a": {"lemma": "o", "pos": "DET", "is_stop": true, "is_named": false}, "ades\u00e3o": {"lemma": "ades\u00e3o", "pos": "NOUN", "is_stop": false, "is_named": false}}}, "it": {"text": "adesione", "linguisticInfo": {"adesione": {"lemma": "adesione", "pos": "S", "is_stop": false, "is_named": false}}}}}]}, "sentences_1": {"itText": "NULL il capo del governo olandese si riunir\u00e0 con pinto balsem\u00e3o e con il ministro degli affari esteri , gon\u00e7alves pereira , e sar\u00e0 ricevuto dal presidente della repubblica .", "ptText": "o chefe do governo holand\u00eas ter\u00e1 reuni\u00f5es com pinto balsem\u00e3o e o ministro dos neg\u00f3cios estrangeiros , gon\u00e7alves pereira , al\u00e9m de ser recebido pelo presidente da rep\u00fablica . \n", "relations": [{"id": "R10", "subj": {"type": "Human_Agent", "pt": {"text": "O chefe do Governo holand\u00eas", "linguisticInfo": {"O": {"lemma": "O", "pos": "DET", "is_stop": true, "is_named": true}, "chefe": {"lemma": "chefe", "pos": "NOUN", "is_stop": false, "is_named": false}, "do": {"lemma": "do", "pos": "ADP", "is_stop": true, "is_named": false}, "Governo": {"lemma": "Governo", "pos": "NOUN", "is_stop": false, "is_named": true}, "holand\u00eas": {"lemma": "holand\u00eas", "pos": "ADJ", "is_stop": false, "is_named": false}}}, "it": {"text": "il capo del governo olandese", "linguisticInfo": {"il": {"lemma": "il", "pos": "RD", "is_stop": true, "is_named": false}, "capo": {"lemma": "capo", "pos": "S", "is_stop": false, "is_named": false}, "del": {"lemma": "del", "pos": "E_RD", "is_stop": true, "is_named": false}, "governo": {"lemma": "governo", "pos": "S", "is_stop": true, "is_named": false}, "olandese": {"lemma": "olandese", "pos": "A", "is_stop": false, "is_named": false}}}}, "obj": {"type": "Event", "pt": {"text": "ter\u00e1 reuni\u00f5es", "linguisticInfo": {"ter\u00e1": {"lemma": "ter", "pos": "VERB", "is_stop": false, "is_named": false}, "reuni\u00f5es": {"lemma": "reuni\u00e3o", "pos": "NOUN", "is_stop": false, "is_named": false}}}, "it": {"text": "riunir\u00e0 con pinto", "linguisticInfo": {"riunir\u00e0": {"lemma": "riunire", "pos": "V", "is_stop": false, "is_named": false}, "con": {"lemma": "con", "pos": "E", "is_stop": true, "is_named": false}, "pinto": {"lemma": "pinto", "pos": "S", "is_stop": false, "is_named": false}}}}}, {"id": "R11", "subj": {"type": "Human_Patient", "pt": {"text": "com Pinto Balsem\u00e3o e o ministro dos Neg\u00f3cios Estrangeiros , Gon\u00e7alves Pereira", "linguisticInfo": {"com": {"lemma": "com", "pos": "ADP", "is_stop": true, "is_named": false}, "Pinto": {"lemma": "Pinto", "pos": "PROPN", "is_stop": false, "is_named": true}, "Balsem\u00e3o": {"lemma": "Balsem\u00e3o", "pos": "PROPN", "is_stop": false, "is_named": true}, "e": {"lemma": "e", "pos": "CCONJ", "is_stop": true, "is_named": false}, "o": {"lemma": "o", "pos": "DET", "is_stop": true, "is_named": false}, "ministro": {"lemma": "ministrar", "pos": "NOUN", "is_stop": false, "is_named": false}, "dos": {"lemma": "dos", "pos": "ADP", "is_stop": true, "is_named": false}, "Neg\u00f3cios": {"lemma": "Neg\u00f3cios", "pos": "NOUN", "is_stop": false, "is_named": true}, "Estrangeiros": {"lemma": "Estrangeiros", "pos": "ADJ", "is_stop": false, "is_named": true}, ",": {"lemma": ",", "pos": "PUNCT", "is_stop": false, "is_named": false}, "Gon\u00e7alves": {"lemma": "Gon\u00e7alves", "pos": "PROPN", "is_stop": false, "is_named": true}, "Pereira": {"lemma": "Pereira", "pos": "PROPN", "is_stop": false, "is_named": true}}}, "it": {"text": "con pinto balsem\u00e3o e il ministro degli affari esteri , gon\u00e7alves pereira", "linguisticInfo": {"con": {"lemma": "con", "pos": "E", "is_stop": true, "is_named": false}, "pinto": {"lemma": "pinto", "pos": "S", "is_stop": false, "is_named": false}, "balsem\u00e3o": {"lemma": "balsem\u00e3o", "pos": "SP", "is_stop": false, "is_named": false}, "e": {"lemma": "e", "pos": "CC", "is_stop": false, "is_named": false}, "il": {"lemma": "il", "pos": "RD", "is_stop": true, "is_named": false}, "ministro": {"lemma": "ministro", "pos": "S", "is_stop": true, "is_named": false}, "degli": {"lemma": "del", "pos": "E_RD", "is_stop": true, "is_named": false}, "affari": {"lemma": "affare", "pos": "S", "is_stop": false, "is_named": false}, "esteri": {"lemma": "estero", "pos": "A", "is_stop": false, "is_named": false}, ",": {"lemma": ",", "pos": "FF", "is_stop": false, "is_named": false}, "gon\u00e7alves": {"lemma": "gon\u00e7alves", "pos": "S", "is_stop": false, "is_named": false}, "pereira": {"lemma": "pereira", "pos": "V", "is_stop": false, "is_named": false}}}}, "obj": {"type": "Event", "pt": {"text": "ter\u00e1 reuni\u00f5es", "linguisticInfo": {"ter\u00e1": {"lemma": "ter", "pos": "VERB", "is_stop": false, "is_named": false}, "reuni\u00f5es": {"lemma": "reuni\u00e3o", "pos": "NOUN", "is_stop": false, "is_named": false}}}, "it": {"text": "riunir\u00e0 con pinto", "linguisticInfo": {"riunir\u00e0": {"lemma": "riunire", "pos": "V", "is_stop": false, "is_named": false}, "con": {"lemma": "con", "pos": "E", "is_stop": true, "is_named": false}, "pinto": {"lemma": "pinto", "pos": "S", "is_stop": false, "is_named": false}}}}}, {"id": "R12", "subj": {"type": "Human_Agent", "pt": {"text": "pelo Presidente da Rep\u00fablica", "linguisticInfo": {"pelo": {"lemma": "pelar", "pos": "ADP", "is_stop": true, "is_named": false}, "Presidente": {"lemma": "Presidente", "pos": "PROPN", "is_stop": false, "is_named": true}, "da": {"lemma": "da", "pos": "ADP", "is_stop": true, "is_named": false}, "Rep\u00fablica": {"lemma": "Rep\u00fablica", "pos": "PROPN", "is_stop": false, "is_named": true}}}, "it": {"text": "dal presidente della repubblica", "linguisticInfo": {"dal": {"lemma": "dal", "pos": "E_RD", "is_stop": true, "is_named": false}, "presidente": {"lemma": "presidente", "pos": "S", "is_stop": false, "is_named": false}, "della": {"lemma": "della", "pos": "E_RD", "is_stop": true, "is_named": false}, "repubblica": {"lemma": "repubblica", "pos": "S", "is_stop": false, "is_named": false}}}}, "obj": {"type": "Event", "pt": {"text": "ser recebido", "linguisticInfo": {"ser": {"lemma": "ser", "pos": "AUX", "is_stop": true, "is_named": false}, "recebido": {"lemma": "receber", "pos": "VERB", "is_stop": false, "is_named": false}}}, "it": {"text": "sar\u00e0 ricevuto", "linguisticInfo": {"sar\u00e0": {"lemma": "essere", "pos": "VA", "is_stop": true, "is_named": false}, "ricevuto": {"lemma": "ricevere", "pos": "V", "is_stop": false, "is_named": false}}}}}]}, "sentences_2": {"itText": "NULL nel primo giorno dal suo arrivo , van agt , ha deposto una corona di fiori sulla tomba di vasco da gama nel monastero di san geronimo , ricevuto il presidente del partito popolare portoghese , freitas do amaral , ed \u00e8 stato omaggiato da pinto balsem\u00e3o con una cena al pal\u00e1cio das necessidades .", "ptText": "no dia da chegada , van agt dep\u00f5e uma coroa de flores no t\u00famulo de vasco da gama , no mosteiro dos jer\u00f3nimos , recebe o presidente do cds , freitas do amaral , e \u00e9 obsequiado por pinto balsem\u00e3o com um jantar , no pal\u00e1cio das necessidades . \n", "relations": [{"id": "R13", "subj": {"type": "Time", "pt": {"text": "no dia da chegada", "linguisticInfo": {"no": {"lemma": "o", "pos": "ADP", "is_stop": true, "is_named": false}, "dia": {"lemma": "dia", "pos": "NOUN", "is_stop": false, "is_named": false}, "da": {"lemma": "da", "pos": "ADP", "is_stop": true, "is_named": false}, "chegada": {"lemma": "chegar", "pos": "NOUN", "is_stop": false, "is_named": false}}}, "it": {"text": "nel primo giorno dal suo", "linguisticInfo": {"nel": {"lemma": "nel", "pos": "E_RD", "is_stop": true, "is_named": false}, "primo": {"lemma": "primo", "pos": "NO", "is_stop": true, "is_named": false}, "giorno": {"lemma": "giorno", "pos": "S", "is_stop": true, "is_named": false}, "dal": {"lemma": "dal", "pos": "E_RD", "is_stop": true, "is_named": false}, "suo": {"lemma": "suo", "pos": "AP", "is_stop": true, "is_named": false}}}}, "obj": {"type": "Event", "pt": {"text": "dep\u00f5e", "linguisticInfo": {"dep\u00f5e": {"lemma": "depor", "pos": "VERB", "is_stop": false, "is_named": false}}}, "it": {"text": "deposto", "linguisticInfo": {"deposto": {"lemma": "deporre", "pos": "V", "is_stop": false, "is_named": false}}}}}, {"id": "R14", "subj": {"type": "Human_Agent", "pt": {"text": "Van Agt", "linguisticInfo": {"Van": {"lemma": "Van", "pos": "PROPN", "is_stop": false, "is_named": true}, "Agt": {"lemma": "Agt", "pos": "PROPN", "is_stop": false, "is_named": true}}}, "it": {"text": "van agt", "linguisticInfo": {"van": {"lemma": "van", "pos": "SP", "is_stop": false, "is_named": false}, "agt": {"lemma": "agt", "pos": "E_RD", "is_stop": false, "is_named": false}}}}, "obj": {"type": "Event", "pt": {"text": "dep\u00f5e", "linguisticInfo": {"dep\u00f5e": {"lemma": "depor", "pos": "VERB", "is_stop": false, "is_named": false}}}, "it": {"text": "deposto", "linguisticInfo": {"deposto": {"lemma": "deporre", "pos": "V", "is_stop": false, "is_named": false}}}}}, {"id": "R15", "subj": {"type": "Non-human_Patient", "pt": {"text": "uma coroa de flores", "linguisticInfo": {"uma": {"lemma": "umar", "pos": "DET", "is_stop": true, "is_named": false}, "coroa": {"lemma": "coroar", "pos": "NOUN", "is_stop": false, "is_named": false}, "de": {"lemma": "de", "pos": "ADP", "is_stop": true, "is_named": false}, "flores": {"lemma": "florir", "pos": "NOUN", "is_stop": false, "is_named": false}}}, "it": {"text": "una corona di fiori", "linguisticInfo": {"una": {"lemma": "uno", "pos": "RI", "is_stop": true, "is_named": false}, "corona": {"lemma": "corona", "pos": "S", "is_stop": false, "is_named": false}, "di": {"lemma": "di", "pos": "E", "is_stop": true, "is_named": false}, "fiori": {"lemma": "fiore", "pos": "S", "is_stop": false, "is_named": false}}}}, "obj": {"type": "Event", "pt": {"text": "dep\u00f5e", "linguisticInfo": {"dep\u00f5e": {"lemma": "depor", "pos": "VERB", "is_stop": false, "is_named": false}}}, "it": {"text": "deposto", "linguisticInfo": {"deposto": {"lemma": "deporre", "pos": "V", "is_stop": false, "is_named": false}}}}}, {"id": "R16", "subj": {"type": "Oth_location", "pt": {"text": "no t\u00famulo de Vasco da Gama , no Mosteiro dos Jer\u00f3nimos", "linguisticInfo": {"no": {"lemma": "o", "pos": "ADP", "is_stop": true, "is_named": false}, "t\u00famulo": {"lemma": "t\u00famulo", "pos": "NOUN", "is_stop": false, "is_named": false}, "de": {"lemma": "de", "pos": "ADP", "is_stop": true, "is_named": false}, "Vasco": {"lemma": "Vasco", "pos": "PROPN", "is_stop": false, "is_named": true}, "da": {"lemma": "da", "pos": "ADP", "is_stop": true, "is_named": false}, "Gama": {"lemma": "Gama", "pos": "PROPN", "is_stop": false, "is_named": true}, ",": {"lemma": ",", "pos": "PUNCT", "is_stop": false, "is_named": false}, "Mosteiro": {"lemma": "Mosteiro", "pos": "PROPN", "is_stop": false, "is_named": true}, "dos": {"lemma": "dos", "pos": "ADP", "is_stop": true, "is_named": false}, "Jer\u00f3nimos": {"lemma": "Jer\u00f3nimos", "pos": "PROPN", "is_stop": false, "is_named": true}}}, "it": {"text": "nel primo tomba di vasco da gama", "linguisticInfo": {"nel": {"lemma": "nel", "pos": "E_RD", "is_stop": true, "is_named": false}, "primo": {"lemma": "primo", "pos": "NO", "is_stop": true, "is_named": false}, "tomba": {"lemma": "tomba", "pos": "S", "is_stop": false, "is_named": false}, "di": {"lemma": "di", "pos": "E", "is_stop": true, "is_named": false}, "vasco": {"lemma": "vasco", "pos": "S", "is_stop": false, "is_named": false}, "da": {"lemma": "da", "pos": "E", "is_stop": true, "is_named": false}, "gama": {"lemma": "gama", "pos": "SP", "is_stop": false, "is_named": false}}}}, "obj": {"type": "Event", "pt": {"text": "dep\u00f5e", "linguisticInfo": {"dep\u00f5e": {"lemma": "depor", "pos": "VERB", "is_stop": false, "is_named": false}}}, "it": {"text": "deposto", "linguisticInfo": {"deposto": {"lemma": "deporre", "pos": "V", "is_stop": false, "is_named": false}}}}}, {"id": "R17", "subj": {"type": "Human_Patient", "pt": {"text": "o presidente do CDS , Freitas do Amaral", "linguisticInfo": {"o": {"lemma": "o", "pos": "DET", "is_stop": true, "is_named": false}, "presidente": {"lemma": "presidente", "pos": "NOUN", "is_stop": false, "is_named": false}, "do": {"lemma": "do", "pos": "ADP", "is_stop": true, "is_named": false}, "CDS": {"lemma": "CDS", "pos": "PROPN", "is_stop": false, "is_named": true}, ",": {"lemma": ",", "pos": "PUNCT", "is_stop": false, "is_named": false}, "Freitas": {"lemma": "Freitas", "pos": "PROPN", "is_stop": false, "is_named": true}, "Amaral": {"lemma": "Amaral", "pos": "PROPN", "is_stop": false, "is_named": true}}}, "it": {"text": "il presidente del partito popolare necessidades .", "linguisticInfo": {"il": {"lemma": "il", "pos": "RD", "is_stop": true, "is_named": false}, "presidente": {"lemma": "presidente", "pos": "S", "is_stop": false, "is_named": false}, "del": {"lemma": "del", "pos": "E_RD", "is_stop": true, "is_named": false}, "partito": {"lemma": "partito", "pos": "S", "is_stop": false, "is_named": false}, "popolare": {"lemma": "popolare", "pos": "A", "is_stop": false, "is_named": false}, "necessidades": {"lemma": "necessidades", "pos": "A", "is_stop": false, "is_named": false}, ".": {"lemma": ".", "pos": "FS", "is_stop": false, "is_named": false}}}}, "obj": {"type": "Event", "pt": {"text": "recebe", "linguisticInfo": {"recebe": {"lemma": "receber", "pos": "VERB", "is_stop": false, "is_named": false}}}, "it": {"text": "ricevuto", "linguisticInfo": {"ricevuto": {"lemma": "ricevere", "pos": "V", "is_stop": false, "is_named": false}}}}}, {"id": "R18", "subj": {"type": "Geo_location", "pt": {"text": "no Pal\u00e1cio das Necessidades", "linguisticInfo": {"no": {"lemma": "o", "pos": "ADP", "is_stop": true, "is_named": false}, "Pal\u00e1cio": {"lemma": "Pal\u00e1cio", "pos": "PROPN", "is_stop": false, "is_named": true}, "das": {"lemma": "das", "pos": "ADP", "is_stop": true, "is_named": false}, "Necessidades": {"lemma": "Necessidades", "pos": "PROPN", "is_stop": false, "is_named": true}}}, "it": {"text": "omaggiato pal\u00e1cio das necessidades", "linguisticInfo": {"omaggiato": {"lemma": "omaggiato", "pos": "V", "is_stop": false, "is_named": false}, "pal\u00e1cio": {"lemma": "pal\u00e1cio", "pos": "S", "is_stop": false, "is_named": false}, "das": {"lemma": "das", "pos": "S", "is_stop": false, "is_named": false}, "necessidades": {"lemma": "necessidades", "pos": "A", "is_stop": false, "is_named": false}}}}, "obj": {"type": "Event", "pt": {"text": "\u00e9 obsequiado", "linguisticInfo": {"\u00e9": {"lemma": "ser", "pos": "AUX", "is_stop": true, "is_named": false}, "obsequiado": {"lemma": "obsequiar", "pos": "VERB", "is_stop": false, "is_named": false}}}, "it": {"text": "\u00e8 necessidades", "linguisticInfo": {"\u00e8": {"lemma": "essere", "pos": "V", "is_stop": false, "is_named": false}, "necessidades": {"lemma": "necessidades", "pos": "A", "is_stop": false, "is_named": false}}}}}, {"id": "R19", "subj": {"type": "Human_Agent", "pt": {"text": "Pinto Balsem\u00e3o", "linguisticInfo": {"Pinto": {"lemma": "Pinto", "pos": "PROPN", "is_stop": false, "is_named": true}, "Balsem\u00e3o": {"lemma": "Balsem\u00e3o", "pos": "PROPN", "is_stop": false, "is_named": true}}}, "it": {"text": "pinto balsem\u00e3o", "linguisticInfo": {"pinto": {"lemma": "pinto", "pos": "S", "is_stop": false, "is_named": false}, "balsem\u00e3o": {"lemma": "balsem\u00e3o", "pos": "SP", "is_stop": false, "is_named": false}}}}, "obj": {"type": "Event", "pt": {"text": "\u00e9 obsequiado", "linguisticInfo": {"\u00e9": {"lemma": "ser", "pos": "AUX", "is_stop": true, "is_named": false}, "obsequiado": {"lemma": "obsequiar", "pos": "VERB", "is_stop": false, "is_named": false}}}, "it": {"text": "\u00e8 necessidades", "linguisticInfo": {"\u00e8": {"lemma": "essere", "pos": "V", "is_stop": false, "is_named": false}, "necessidades": {"lemma": "necessidades", "pos": "A", "is_stop": false, "is_named": false}}}}}, {"id": "R20", "subj": {"type": "Non-human_Oth_participant", "pt": {"text": "com um jantar", "linguisticInfo": {"com": {"lemma": "com", "pos": "ADP", "is_stop": true, "is_named": false}, "um": {"lemma": "um", "pos": "DET", "is_stop": true, "is_named": false}, "jantar": {"lemma": "jantar", "pos": "NOUN", "is_stop": false, "is_named": false}}}, "it": {"text": "con una cena", "linguisticInfo": {"con": {"lemma": "con", "pos": "E", "is_stop": true, "is_named": false}, "una": {"lemma": "uno", "pos": "RI", "is_stop": true, "is_named": false}, "cena": {"lemma": "cena", "pos": "S", "is_stop": false, "is_named": false}}}}, "obj": {"type": "Event", "pt": {"text": "\u00e9 obsequiado", "linguisticInfo": {"\u00e9": {"lemma": "ser", "pos": "AUX", "is_stop": true, "is_named": false}, "obsequiado": {"lemma": "obsequiar", "pos": "VERB", "is_stop": false, "is_named": false}}}, "it": {"text": "\u00e8 necessidades", "linguisticInfo": {"\u00e8": {"lemma": "essere", "pos": "V", "is_stop": false, "is_named": false}, "necessidades": {"lemma": "necessidades", "pos": "A", "is_stop": false, "is_named": false}}}}}]}, "sentences_3": {"itText": "NULL a sua volta , marted\u00ec , il primo ministro olandese offrir\u00e0 un pranzo a pinto balsem\u00e3o e sar\u00e0 ricevuto dal presidente della repubblica . prima della sua ripartenza per l \u2019 aia , van agt , conceder\u00e0 una conferenza stampa .", "ptText": "por seu turno , na ter\u00e7a-feira , o primeiro-ministro holand\u00eas oferece um almo\u00e7o a pinto balsem\u00e3o e \u00e9 recebido pelo presidente da rep\u00fablica . antes da sua partida para haia , van agt concede uma confer\u00eancia de imprensa . \n", "relations": [{"id": "R21", "subj": {"type": "Non-human_Oth_participant", "pt": {"text": "um almo\u00e7o", "linguisticInfo": {"um": {"lemma": "um", "pos": "DET", "is_stop": true, "is_named": false}, "almo\u00e7o": {"lemma": "almo\u00e7ar", "pos": "NOUN", "is_stop": false, "is_named": false}}}, "it": {"text": "un pranzo", "linguisticInfo": {"un": {"lemma": "uno", "pos": "RI", "is_stop": true, "is_named": false}, "pranzo": {"lemma": "pranzo", "pos": "S", "is_stop": false, "is_named": false}}}}, "obj": {"type": "Event", "pt": {"text": "oferece", "linguisticInfo": {"oferece": {"lemma": "oferecer", "pos": "VERB", "is_stop": false, "is_named": false}}}, "it": {"text": "offrir\u00e0", "linguisticInfo": {"offrir\u00e0": {"lemma": "offrire", "pos": "V", "is_stop": false, "is_named": false}}}}}, {"id": "R22", "subj": {"type": "Human_Agent", "pt": {"text": "o primeiro-ministro holand\u00eas", "linguisticInfo": {"o": {"lemma": "o", "pos": "DET", "is_stop": true, "is_named": false}, "primeiro-ministro": {"lemma": "primeiro-ministro", "pos": "NOUN", "is_stop": false, "is_named": false}, "holand\u00eas": {"lemma": "holand\u00eas", "pos": "ADJ", "is_stop": false, "is_named": false}}}, "it": {"text": "il primo olandese", "linguisticInfo": {"il": {"lemma": "il", "pos": "RD", "is_stop": true, "is_named": false}, "primo": {"lemma": "primo", "pos": "NO", "is_stop": true, "is_named": false}, "olandese": {"lemma": "olandese", "pos": "S", "is_stop": false, "is_named": false}}}}, "obj": {"type": "Event", "pt": {"text": "oferece", "linguisticInfo": {"oferece": {"lemma": "oferecer", "pos": "VERB", "is_stop": false, "is_named": false}}}, "it": {"text": "offrir\u00e0", "linguisticInfo": {"offrir\u00e0": {"lemma": "offrire", "pos": "V", "is_stop": false, "is_named": false}}}}}, {"id": "R23", "subj": {"type": "Time", "pt": {"text": "na ter\u00e7a-feira", "linguisticInfo": {"na": {"lemma": "o", "pos": "ADP", "is_stop": true, "is_named": false}, "ter\u00e7a-feira": {"lemma": "ter\u00e7a-feira", "pos": "NOUN", "is_stop": false, "is_named": false}}}, "it": {"text": "marted\u00ec", "linguisticInfo": {"marted\u00ec": {"lemma": "marted\u00ec", "pos": "S", "is_stop": false, "is_named": false}}}}, "obj": {"type": "Event", "pt": {"text": "oferece", "linguisticInfo": {"oferece": {"lemma": "oferecer", "pos": "VERB", "is_stop": false, "is_named": false}}}, "it": {"text": "offrir\u00e0", "linguisticInfo": {"offrir\u00e0": {"lemma": "offrire", "pos": "V", "is_stop": false, "is_named": false}}}}}, {"id": "R24", "subj": {"type": "Human_Patient", "pt": {"text": "a Pinto Balsem\u00e3o", "linguisticInfo": {"a": {"lemma": "o", "pos": "ADP", "is_stop": true, "is_named": false}, "Pinto": {"lemma": "Pinto", "pos": "PROPN", "is_stop": false, "is_named": true}, "Balsem\u00e3o": {"lemma": "Balsem\u00e3o", "pos": "PROPN", "is_stop": false, "is_named": true}}}, "it": {"text": "a pinto balsem\u00e3o", "linguisticInfo": {"a": {"lemma": "a", "pos": "E", "is_stop": true, "is_named": false}, "pinto": {"lemma": "pinto", "pos": "S", "is_stop": false, "is_named": false}, "balsem\u00e3o": {"lemma": "balsem\u00e3o", "pos": "SP", "is_stop": false, "is_named": false}}}}, "obj": {"type": "Event", "pt": {"text": "oferece", "linguisticInfo": {"oferece": {"lemma": "oferecer", "pos": "VERB", "is_stop": false, "is_named": false}}}, "it": {"text": "offrir\u00e0", "linguisticInfo": {"offrir\u00e0": {"lemma": "offrire", "pos": "V", "is_stop": false, "is_named": false}}}}}, {"id": "R25", "subj": {"type": "Human_Agent", "pt": {"text": "pelo Presidente da Rep\u00fablica", "linguisticInfo": {"pelo": {"lemma": "pelar", "pos": "ADP", "is_stop": true, "is_named": false}, "Presidente": {"lemma": "Presidente", "pos": "PROPN", "is_stop": false, "is_named": true}, "da": {"lemma": "da", "pos": "ADP", "is_stop": true, "is_named": false}, "Rep\u00fablica": {"lemma": "Rep\u00fablica", "pos": "PROPN", "is_stop": false, "is_named": true}}}, "it": {"text": "dal presidente della repubblica", "linguisticInfo": {"dal": {"lemma": "dal", "pos": "E_RD", "is_stop": true, "is_named": false}, "presidente": {"lemma": "presidente", "pos": "S", "is_stop": false, "is_named": false}, "della": {"lemma": "della", "pos": "E_RD", "is_stop": true, "is_named": false}, "repubblica": {"lemma": "repubblica", "pos": "S", "is_stop": false, "is_named": false}}}}, "obj": {"type": "Event", "pt": {"text": "\u00e9 recebido", "linguisticInfo": {"\u00e9": {"lemma": "ser", "pos": "AUX", "is_stop": true, "is_named": false}, "recebido": {"lemma": "receber", "pos": "VERB", "is_stop": false, "is_named": false}}}, "it": {"text": "sar\u00e0 ricevuto", "linguisticInfo": {"sar\u00e0": {"lemma": "essere", "pos": "VA", "is_stop": true, "is_named": false}, "ricevuto": {"lemma": "ricevere", "pos": "V", "is_stop": false, "is_named": false}}}}}, {"id": "R26", "subj": {"type": "Non-human_Oth_participant", "pt": {"text": "uma confer\u00eancia de Imprensa", "linguisticInfo": {"uma": {"lemma": "umar", "pos": "DET", "is_stop": true, "is_named": false}, "confer\u00eancia": {"lemma": "confer\u00eancia", "pos": "NOUN", "is_stop": false, "is_named": false}, "de": {"lemma": "de", "pos": "ADP", "is_stop": true, "is_named": false}, "Imprensa": {"lemma": "Imprensa", "pos": "NOUN", "is_stop": false, "is_named": true}}}, "it": {"text": "una conferenza stampa .", "linguisticInfo": {"una": {"lemma": "uno", "pos": "RI", "is_stop": true, "is_named": false}, "conferenza": {"lemma": "conferenza", "pos": "S", "is_stop": false, "is_named": false}, "stampa": {"lemma": "stampa", "pos": "S", "is_stop": false, "is_named": false}, ".": {"lemma": ".", "pos": "FS", "is_stop": false, "is_named": false}}}}, "obj": {"type": "Event", "pt": {"text": "concede", "linguisticInfo": {"concede": {"lemma": "conceder", "pos": "NOUN", "is_stop": false, "is_named": false}}}, "it": {"text": "conceder\u00e0", "linguisticInfo": {"conceder\u00e0": {"lemma": "concedere", "pos": "V", "is_stop": false, "is_named": false}}}}}, {"id": "R27", "subj": {"type": "Human_Agent", "pt": {"text": "Van Agt", "linguisticInfo": {"Van": {"lemma": "Van", "pos": "PROPN", "is_stop": false, "is_named": true}, "Agt": {"lemma": "Agt", "pos": "PROPN", "is_stop": false, "is_named": true}}}, "it": {"text": "van agt", "linguisticInfo": {"van": {"lemma": "van", "pos": "SP", "is_stop": false, "is_named": false}, "agt": {"lemma": "agt", "pos": "E_RD", "is_stop": false, "is_named": false}}}}, "obj": {"type": "Event", "pt": {"text": "concede", "linguisticInfo": {"concede": {"lemma": "conceder", "pos": "NOUN", "is_stop": false, "is_named": false}}}, "it": {"text": "conceder\u00e0", "linguisticInfo": {"conceder\u00e0": {"lemma": "concedere", "pos": "V", "is_stop": false, "is_named": false}}}}}, {"id": "R28", "subj": {"type": "Time", "pt": {"text": "Antes da sua partida para Haia", "linguisticInfo": {"Antes": {"lemma": "Antes", "pos": "ADV", "is_stop": true, "is_named": true}, "da": {"lemma": "da", "pos": "ADP", "is_stop": true, "is_named": false}, "sua": {"lemma": "suar", "pos": "DET", "is_stop": true, "is_named": false}, "partida": {"lemma": "partir", "pos": "NOUN", "is_stop": false, "is_named": false}, "para": {"lemma": "parir", "pos": "ADP", "is_stop": true, "is_named": false}, "Haia": {"lemma": "Haia", "pos": "PROPN", "is_stop": false, "is_named": true}}}, "it": {"text": "prima della sua ripartenza per aia", "linguisticInfo": {"prima": {"lemma": "prima", "pos": "B", "is_stop": true, "is_named": false}, "della": {"lemma": "della", "pos": "E_RD", "is_stop": true, "is_named": false}, "sua": {"lemma": "suo", "pos": "AP", "is_stop": true, "is_named": false}, "ripartenza": {"lemma": "ripartenza", "pos": "S", "is_stop": false, "is_named": false}, "per": {"lemma": "per", "pos": "E", "is_stop": true, "is_named": false}, "aia": {"lemma": "aia", "pos": "S", "is_stop": false, "is_named": false}}}}, "obj": {"type": "Event", "pt": {"text": "concede", "linguisticInfo": {"concede": {"lemma": "conceder", "pos": "NOUN", "is_stop": false, "is_named": false}}}, "it": {"text": "conceder\u00e0", "linguisticInfo": {"conceder\u00e0": {"lemma": "concedere", "pos": "V", "is_stop": false, "is_named": false}}}}}]}}