{"sentences_0": {"itText": "NULL il segretario di stato alla programmazione e allo sviluppo , nascimento regueira , ha dichiarato ieri che se la siccit\u00e0 dovesse aggravarsi ulteriormente sar\u00e0 difficile rispettare il programma stipulato incrementare prodotto interno lordo ( pil ) del 4,8 per cento . regueira \u00e8 intervenuto nella cerimonia di chiusura del convegno \u00ab industria chimica / anni &apos; 80 \u00bb , che ha avuto luogo presso la fondazione gulbenkian .", "ptText": "o secret\u00e1rio de estado do planeamento , nascimento regueira , declarou ontem que se a situa\u00e7\u00e3o de seca se agravar ser\u00e1 dif\u00edcil manter o projectado crescimento do produto interno bruto ( pib ) em 4 , 8 por cento . regueira falava na sess\u00e3o de encerramento do simp\u00f3sio \u00ab ind\u00fastria qu\u00edmica / anos 80 \u00bb , que decorreu na funda\u00e7\u00e3o gulbenkian . \n", "relations": [{"id": "R1", "subj": {"type": "Human_Agent", "pt": {"text": "O secret\u00e1rio de Estado do Planeamento , Nascimento Regueira", "linguisticInfo": {"O": {"lemma": "O", "pos": "DET", "is_stop": true, "is_named": true}, "secret\u00e1rio": {"lemma": "secret\u00e1rio", "pos": "NOUN", "is_stop": false, "is_named": false}, "de": {"lemma": "de", "pos": "ADP", "is_stop": true, "is_named": false}, "Estado": {"lemma": "Estado", "pos": "NOUN", "is_stop": true, "is_named": true}, "do": {"lemma": "do", "pos": "ADP", "is_stop": true, "is_named": false}, "Planeamento": {"lemma": "Planeamento", "pos": "NOUN", "is_stop": false, "is_named": true}, ",": {"lemma": ",", "pos": "PUNCT", "is_stop": false, "is_named": false}, "Nascimento": {"lemma": "Nascimento", "pos": "PROPN", "is_stop": false, "is_named": true}, "Regueira": {"lemma": "Regueira", "pos": "PROPN", "is_stop": false, "is_named": true}}}, "it": {"text": "il segretario di stato alla programmazione", "linguisticInfo": {"il": {"lemma": "il", "pos": "RD", "is_stop": true, "is_named": false}, "segretario": {"lemma": "segretario", "pos": "S", "is_stop": false, "is_named": false}, "di": {"lemma": "di", "pos": "E", "is_stop": true, "is_named": false}, "stato": {"lemma": "stato", "pos": "S", "is_stop": true, "is_named": false}, "alla": {"lemma": "alla", "pos": "E_RD", "is_stop": true, "is_named": false}, "programmazione": {"lemma": "programmazione", "pos": "S", "is_stop": false, "is_named": false}}}}, "obj": {"type": "Event", "pt": {"text": "declarou", "linguisticInfo": {"declarou": {"lemma": "declarar", "pos": "VERB", "is_stop": false, "is_named": false}}}, "it": {"text": "dichiarato", "linguisticInfo": {"dichiarato": {"lemma": "dichiarare", "pos": "V", "is_stop": false, "is_named": false}}}}}, {"id": "R2", "subj": {"type": "Time", "pt": {"text": "ontem", "linguisticInfo": {"ontem": {"lemma": "ontem", "pos": "ADV", "is_stop": true, "is_named": false}}}, "it": {"text": "ieri", "linguisticInfo": {"ieri": {"lemma": "ieri", "pos": "B", "is_stop": true, "is_named": false}}}}, "obj": {"type": "Event", "pt": {"text": "declarou", "linguisticInfo": {"declarou": {"lemma": "declarar", "pos": "VERB", "is_stop": false, "is_named": false}}}, "it": {"text": "dichiarato", "linguisticInfo": {"dichiarato": {"lemma": "dichiarare", "pos": "V", "is_stop": false, "is_named": false}}}}}, {"id": "R3", "subj": {"type": "Non-human_Oth_participant", "pt": {"text": "que se a situa\u00e7\u00e3o de seca se agravar ser\u00e1 dif\u00edcil manter o projectado crescimento do Produto Interno Bruto ( PIB ) em 4 , 8 por cento", "linguisticInfo": {"que": {"lemma": "que", "pos": "SCONJ", "is_stop": true, "is_named": false}, "se": {"lemma": "se", "pos": "PRON", "is_stop": true, "is_named": false}, "a": {"lemma": "o", "pos": "DET", "is_stop": true, "is_named": false}, "situa\u00e7\u00e3o": {"lemma": "situa\u00e7\u00e3o", "pos": "NOUN", "is_stop": false, "is_named": false}, "de": {"lemma": "de", "pos": "ADP", "is_stop": true, "is_named": false}, "seca": {"lemma": "seco", "pos": "NOUN", "is_stop": false, "is_named": false}, "agravar": {"lemma": "agravar", "pos": "VERB", "is_stop": false, "is_named": false}, "ser\u00e1": {"lemma": "ser", "pos": "AUX", "is_stop": false, "is_named": false}, "dif\u00edcil": {"lemma": "dif\u00edcil", "pos": "ADJ", "is_stop": false, "is_named": false}, "manter": {"lemma": "manter", "pos": "VERB", "is_stop": false, "is_named": false}, "o": {"lemma": "o", "pos": "DET", "is_stop": true, "is_named": false}, "projectado": {"lemma": "projectar", "pos": "ADJ", "is_stop": false, "is_named": false}, "crescimento": {"lemma": "crescimento", "pos": "NOUN", "is_stop": false, "is_named": false}, "do": {"lemma": "do", "pos": "ADP", "is_stop": true, "is_named": false}, "Produto": {"lemma": "Produto", "pos": "PROPN", "is_stop": false, "is_named": true}, "Interno": {"lemma": "Interno", "pos": "PROPN", "is_stop": false, "is_named": true}, "Bruto": {"lemma": "Bruto", "pos": "PROPN", "is_stop": false, "is_named": true}, "(": {"lemma": "(", "pos": "PUNCT", "is_stop": false, "is_named": false}, "PIB": {"lemma": "PIB", "pos": "PROPN", "is_stop": false, "is_named": true}, ")": {"lemma": ")", "pos": "PUNCT", "is_stop": false, "is_named": false}, "em": {"lemma": "em", "pos": "ADP", "is_stop": true, "is_named": false}, "4": {"lemma": "4", "pos": "NUM", "is_stop": false, "is_named": false}, ",": {"lemma": ",", "pos": "PUNCT", "is_stop": false, "is_named": false}, "8": {"lemma": "8", "pos": "NUM", "is_stop": false, "is_named": false}, "por": {"lemma": "por", "pos": "ADP", "is_stop": true, "is_named": false}, "cento": {"lemma": "cento", "pos": "NUM", "is_stop": true, "is_named": false}}}, "it": {"text": "che se la siccit\u00e0", "linguisticInfo": {"che": {"lemma": "che", "pos": "CS", "is_stop": true, "is_named": false}, "se": {"lemma": "se", "pos": "CS", "is_stop": true, "is_named": false}, "la": {"lemma": "il", "pos": "RD", "is_stop": true, "is_named": false}, "siccit\u00e0": {"lemma": "siccit\u00e0", "pos": "S", "is_stop": false, "is_named": false}}}}, "obj": {"type": "Event", "pt": {"text": "declarou", "linguisticInfo": {"declarou": {"lemma": "declarar", "pos": "VERB", "is_stop": false, "is_named": false}}}, "it": {"text": "dichiarato", "linguisticInfo": {"dichiarato": {"lemma": "dichiarare", "pos": "V", "is_stop": false, "is_named": false}}}}}, {"id": "R5", "subj": {"type": "Non-human_Patient", "pt": {"text": "crescimento do Produto Interno Bruto", "linguisticInfo": {"crescimento": {"lemma": "crescimento", "pos": "NOUN", "is_stop": false, "is_named": false}, "do": {"lemma": "do", "pos": "ADP", "is_stop": true, "is_named": false}, "Produto": {"lemma": "Produto", "pos": "PROPN", "is_stop": false, "is_named": true}, "Interno": {"lemma": "Interno", "pos": "PROPN", "is_stop": false, "is_named": true}, "Bruto": {"lemma": "Bruto", "pos": "PROPN", "is_stop": false, "is_named": true}}}, "it": {"text": "incrementare prodotto interno del 4,8 per", "linguisticInfo": {"incrementare": {"lemma": "incrementare", "pos": "V", "is_stop": false, "is_named": false}, "prodotto": {"lemma": "prodotto", "pos": "S", "is_stop": false, "is_named": false}, "interno": {"lemma": "interno", "pos": "A", "is_stop": false, "is_named": false}, "del": {"lemma": "del", "pos": "E_RD", "is_stop": true, "is_named": false}, "4,8": {"lemma": "4,8", "pos": "N", "is_stop": false, "is_named": false}, "per": {"lemma": "per", "pos": "E", "is_stop": true, "is_named": false}}}}, "obj": {"type": "Event", "pt": {"text": "o projectado", "linguisticInfo": {"o": {"lemma": "o", "pos": "DET", "is_stop": true, "is_named": false}, "projectado": {"lemma": "projectar", "pos": "ADJ", "is_stop": false, "is_named": false}}}, "it": {"text": "il stipulato", "linguisticInfo": {"il": {"lemma": "il", "pos": "RD", "is_stop": true, "is_named": false}, "stipulato": {"lemma": "stipulato", "pos": "S", "is_stop": false, "is_named": false}}}}}, {"id": "R6", "subj": {"type": "Human_Agent", "pt": {"text": "Regueira", "linguisticInfo": {"Regueira": {"lemma": "Regueira", "pos": "PROPN", "is_stop": false, "is_named": true}}}, "it": {"text": "regueira", "linguisticInfo": {"regueira": {"lemma": "regueira", "pos": "V", "is_stop": false, "is_named": false}}}}, "obj": {"type": "Event", "pt": {"text": "falava", "linguisticInfo": {"falava": {"lemma": "falar", "pos": "VERB", "is_stop": false, "is_named": false}}}, "it": {"text": "intervenuto", "linguisticInfo": {"intervenuto": {"lemma": "intervenire", "pos": "V", "is_stop": false, "is_named": false}}}}}, {"id": "R9", "subj": {"type": "Geo_location", "pt": {"text": "na Funda\u00e7\u00e3o Gulbenkian", "linguisticInfo": {"na": {"lemma": "o", "pos": "ADP", "is_stop": true, "is_named": false}, "Funda\u00e7\u00e3o": {"lemma": "Funda\u00e7\u00e3o", "pos": "PROPN", "is_stop": false, "is_named": true}, "Gulbenkian": {"lemma": "Gulbenkian", "pos": "PROPN", "is_stop": false, "is_named": true}}}, "it": {"text": "fondazione gulbenkian", "linguisticInfo": {"fondazione": {"lemma": "fondazione", "pos": "S", "is_stop": false, "is_named": false}, "gulbenkian": {"lemma": "gulbenkian", "pos": "V", "is_stop": false, "is_named": false}}}}, "obj": {"type": "Event", "pt": {"text": "decorreu", "linguisticInfo": {"decorreu": {"lemma": "decorrer", "pos": "VERB", "is_stop": false, "is_named": false}}}, "it": {"text": "presso", "linguisticInfo": {"presso": {"lemma": "presso", "pos": "E", "is_stop": false, "is_named": false}}}}}, {"id": "R10", "subj": {"type": "Non-human_Agent", "pt": {"text": "que", "linguisticInfo": {"que": {"lemma": "que", "pos": "SCONJ", "is_stop": true, "is_named": false}}}, "it": {"text": "che", "linguisticInfo": {"che": {"lemma": "che", "pos": "CS", "is_stop": true, "is_named": false}}}}, "obj": {"type": "Event", "pt": {"text": "decorreu", "linguisticInfo": {"decorreu": {"lemma": "decorrer", "pos": "VERB", "is_stop": false, "is_named": false}}}, "it": {"text": "presso", "linguisticInfo": {"presso": {"lemma": "presso", "pos": "E", "is_stop": false, "is_named": false}}}}}, {"id": "R30", "subj": {"type": "Human_Agent", "pt": {"text": "Nascimento Regueira", "linguisticInfo": {"Nascimento": {"lemma": "Nascimento", "pos": "PROPN", "is_stop": false, "is_named": true}, "Regueira": {"lemma": "Regueira", "pos": "PROPN", "is_stop": false, "is_named": true}}}, "it": {"text": "nascimento regueira", "linguisticInfo": {"nascimento": {"lemma": "nascimento", "pos": "A", "is_stop": false, "is_named": false}, "regueira": {"lemma": "regueira", "pos": "VM", "is_stop": false, "is_named": false}}}}, "obj": {"type": "Event", "pt": {"text": "declarou", "linguisticInfo": {"declarou": {"lemma": "declarar", "pos": "VERB", "is_stop": false, "is_named": false}}}, "it": {"text": "dichiarato", "linguisticInfo": {"dichiarato": {"lemma": "dichiarare", "pos": "V", "is_stop": false, "is_named": false}}}}}]}, "sentences_1": {"itText": "NULL il segretario di stato , il cui intervento era incentrato sui numerosi aspetti della programmazione e , soprattutto , sul piano annuale per il 1981 e sulle grandi scelte del piano 81 / 84 , ha mosso velate critiche alle proposte alternative presentate dal consiglio nazionale dei lavoratori portoghesi ( cgtp ) , durante il consiglio nazionale sulla programmazione , affermando che \u00e8 assolutamente necessario conciliare la crescita del pil , mantenendo sotto controllo i pagamenti verso l&apos; estero , la crescita dei prezzi e il deficit di bilancio .", "ptText": "o secret\u00e1rio de estado , que centrou a sua interven\u00e7\u00e3o em diversos aspectos do planeamento e designadamente do plano anual para 1981 e das grandes op\u00e7\u00f5es do plano 81 / 84 , teceu as cr\u00edticas veladas ao estudo alternativo \u00e0s grandes op\u00e7\u00f5es apresentadas pela cgtp no conselho nacional do plano , ao afirmar que \u00e9 absolutamente necess\u00e1rio compatibilizar o crescimento do pib mantendo sob controlo os pagamentos externos , a evolu\u00e7\u00e3o dos pre\u00e7os e o d\u00e9fice or\u00e7amental . \n", "relations": [{"id": "R11", "subj": {"type": "Human_Agent", "pt": {"text": "que", "linguisticInfo": {"que": {"lemma": "que", "pos": "SCONJ", "is_stop": true, "is_named": false}}}, "it": {"text": "cui", "linguisticInfo": {"cui": {"lemma": "cui", "pos": "PR", "is_stop": true, "is_named": false}}}}, "obj": {"type": "Event", "pt": {"text": "centrou", "linguisticInfo": {"centrou": {"lemma": "centrar", "pos": "VERB", "is_stop": false, "is_named": false}}}, "it": {"text": "incentrato", "linguisticInfo": {"incentrato": {"lemma": "incentrare", "pos": "V", "is_stop": false, "is_named": false}}}}}, {"id": "R12", "subj": {"type": "Non-human_Patient", "pt": {"text": "a sua interven\u00e7\u00e3o", "linguisticInfo": {"a": {"lemma": "o", "pos": "DET", "is_stop": true, "is_named": false}, "sua": {"lemma": "suar", "pos": "DET", "is_stop": true, "is_named": false}, "interven\u00e7\u00e3o": {"lemma": "interven\u00e7\u00e3o", "pos": "NOUN", "is_stop": false, "is_named": false}}}, "it": {"text": "il segretario incentrato sui numerosi", "linguisticInfo": {"il": {"lemma": "il", "pos": "RD", "is_stop": true, "is_named": false}, "segretario": {"lemma": "segretario", "pos": "S", "is_stop": false, "is_named": false}, "incentrato": {"lemma": "incentrare", "pos": "V", "is_stop": false, "is_named": false}, "sui": {"lemma": "sul", "pos": "E_RD", "is_stop": true, "is_named": false}, "numerosi": {"lemma": "numeroso", "pos": "DI", "is_stop": false, "is_named": false}}}}, "obj": {"type": "Event", "pt": {"text": "centrou", "linguisticInfo": {"centrou": {"lemma": "centrar", "pos": "VERB", "is_stop": false, "is_named": false}}}, "it": {"text": "incentrato", "linguisticInfo": {"incentrato": {"lemma": "incentrare", "pos": "V", "is_stop": false, "is_named": false}}}}}, {"id": "R13", "subj": {"type": "Non-human_Oth_participant", "pt": {"text": "em diversos aspectos do Planeamento e designadamente do Plano Anual para 1981 e das Grandes Op\u00e7\u00f5es do Plano 81 / 84", "linguisticInfo": {"em": {"lemma": "em", "pos": "ADP", "is_stop": true, "is_named": false}, "diversos": {"lemma": "diverso", "pos": "DET", "is_stop": false, "is_named": false}, "aspectos": {"lemma": "aspecto", "pos": "NOUN", "is_stop": false, "is_named": false}, "do": {"lemma": "do", "pos": "ADP", "is_stop": true, "is_named": false}, "Planeamento": {"lemma": "Planeamento", "pos": "NOUN", "is_stop": false, "is_named": true}, "e": {"lemma": "e", "pos": "CCONJ", "is_stop": true, "is_named": false}, "designadamente": {"lemma": "designadamente", "pos": "ADV", "is_stop": false, "is_named": false}, "Plano": {"lemma": "Plano", "pos": "PROPN", "is_stop": false, "is_named": true}, "Anual": {"lemma": "Anual", "pos": "PROPN", "is_stop": false, "is_named": true}, "para": {"lemma": "parir", "pos": "ADP", "is_stop": true, "is_named": false}, "1981": {"lemma": "1981", "pos": "NUM", "is_stop": false, "is_named": false}, "das": {"lemma": "das", "pos": "ADP", "is_stop": true, "is_named": false}, "Grandes": {"lemma": "Grandes", "pos": "PROPN", "is_stop": true, "is_named": true}, "Op\u00e7\u00f5es": {"lemma": "Op\u00e7\u00f5es", "pos": "PROPN", "is_stop": false, "is_named": true}, "81": {"lemma": "81", "pos": "PROPN", "is_stop": false, "is_named": false}, "/": {"lemma": "/", "pos": "NOUN", "is_stop": false, "is_named": false}, "84": {"lemma": "84", "pos": "NUM", "is_stop": false, "is_named": false}}}, "it": {"text": "numerosi aspetti della programmazione e soprattutto sul piano annuale per 1981 e sulle grandi scelte del piano 81 / 84", "linguisticInfo": {"numerosi": {"lemma": "numerosi", "pos": "DI", "is_stop": false, "is_named": false}, "aspetti": {"lemma": "aspetto", "pos": "S", "is_stop": false, "is_named": false}, "della": {"lemma": "della", "pos": "E_RD", "is_stop": true, "is_named": false}, "programmazione": {"lemma": "programmazione", "pos": "S", "is_stop": false, "is_named": false}, "e": {"lemma": "e", "pos": "CC", "is_stop": false, "is_named": false}, "soprattutto": {"lemma": "soprattutto", "pos": "B", "is_stop": false, "is_named": false}, "sul": {"lemma": "sul", "pos": "E_RD", "is_stop": true, "is_named": false}, "piano": {"lemma": "piano", "pos": "S", "is_stop": false, "is_named": false}, "annuale": {"lemma": "annuale", "pos": "A", "is_stop": false, "is_named": false}, "per": {"lemma": "per", "pos": "E", "is_stop": true, "is_named": false}, "1981": {"lemma": "1981", "pos": "N", "is_stop": false, "is_named": false}, "sulle": {"lemma": "sulla", "pos": "E_RD", "is_stop": true, "is_named": false}, "grandi": {"lemma": "grande", "pos": "A", "is_stop": false, "is_named": false}, "scelte": {"lemma": "scelta", "pos": "S", "is_stop": false, "is_named": false}, "del": {"lemma": "del", "pos": "E_RD", "is_stop": true, "is_named": false}, "81": {"lemma": "81", "pos": "N", "is_stop": false, "is_named": false}, "/": {"lemma": "/", "pos": "FF", "is_stop": false, "is_named": false}, "84": {"lemma": "84", "pos": "N", "is_stop": false, "is_named": false}}}}, "obj": {"type": "Event", "pt": {"text": "centrou", "linguisticInfo": {"centrou": {"lemma": "centrar", "pos": "VERB", "is_stop": false, "is_named": false}}}, "it": {"text": "incentrato", "linguisticInfo": {"incentrato": {"lemma": "incentrare", "pos": "V", "is_stop": false, "is_named": false}}}}}, {"id": "R14", "subj": {"type": "Non-human_Oth_participant", "pt": {"text": "as cr\u00edticas veladas ao estudo alternativo", "linguisticInfo": {"as": {"lemma": "o", "pos": "DET", "is_stop": true, "is_named": false}, "cr\u00edticas": {"lemma": "cr\u00edtico", "pos": "NOUN", "is_stop": false, "is_named": false}, "veladas": {"lemma": "velar", "pos": "VERB", "is_stop": false, "is_named": false}, "ao": {"lemma": "ao", "pos": "ADP", "is_stop": true, "is_named": false}, "estudo": {"lemma": "estudar", "pos": "NOUN", "is_stop": false, "is_named": false}, "alternativo": {"lemma": "alternativo", "pos": "ADJ", "is_stop": false, "is_named": false}}}, "it": {"text": "84 , ha critiche alle proposte", "linguisticInfo": {"84": {"lemma": "84", "pos": "N", "is_stop": false, "is_named": false}, ",": {"lemma": ",", "pos": "FF", "is_stop": false, "is_named": false}, "ha": {"lemma": "avere", "pos": "V", "is_stop": true, "is_named": false}, "critiche": {"lemma": "critica", "pos": "S", "is_stop": false, "is_named": false}, "alle": {"lemma": "alla", "pos": "E_RD", "is_stop": true, "is_named": false}, "proposte": {"lemma": "proposta", "pos": "S", "is_stop": false, "is_named": false}}}}, "obj": {"type": "Event", "pt": {"text": "teceu", "linguisticInfo": {"teceu": {"lemma": "tecer", "pos": "VERB", "is_stop": false, "is_named": false}}}, "it": {"text": "84", "linguisticInfo": {"84": {"lemma": "84", "pos": "N", "is_stop": false, "is_named": false}}}}}, {"id": "R15", "subj": {"type": "Human_Agent", "pt": {"text": "O secret\u00e1rio de Estado", "linguisticInfo": {"O": {"lemma": "O", "pos": "DET", "is_stop": true, "is_named": true}, "secret\u00e1rio": {"lemma": "secret\u00e1rio", "pos": "NOUN", "is_stop": false, "is_named": false}, "de": {"lemma": "de", "pos": "ADP", "is_stop": true, "is_named": false}, "Estado": {"lemma": "Estado", "pos": "NOUN", "is_stop": true, "is_named": true}}}, "it": {"text": "il segretario di stato", "linguisticInfo": {"il": {"lemma": "il", "pos": "RD", "is_stop": true, "is_named": false}, "segretario": {"lemma": "segretario", "pos": "S", "is_stop": false, "is_named": false}, "di": {"lemma": "di", "pos": "E", "is_stop": true, "is_named": false}, "stato": {"lemma": "stato", "pos": "S", "is_stop": true, "is_named": false}}}}, "obj": {"type": "Event", "pt": {"text": "teceu", "linguisticInfo": {"teceu": {"lemma": "tecer", "pos": "VERB", "is_stop": false, "is_named": false}}}, "it": {"text": "84", "linguisticInfo": {"84": {"lemma": "84", "pos": "N", "is_stop": false, "is_named": false}}}}}, {"id": "R16", "subj": {"type": "Non-human_Patient", "pt": {"text": "\u00e0s Grandes Op\u00e7\u00f5es apresentadas pela CGTP no Conselho Nacional do Plano", "linguisticInfo": {"\u00e0s": {"lemma": "\u00e0s", "pos": "ADP", "is_stop": true, "is_named": false}, "Grandes": {"lemma": "Grandes", "pos": "PROPN", "is_stop": true, "is_named": true}, "Op\u00e7\u00f5es": {"lemma": "Op\u00e7\u00f5es", "pos": "NOUN", "is_stop": false, "is_named": true}, "apresentadas": {"lemma": "apresentar", "pos": "VERB", "is_stop": false, "is_named": false}, "pela": {"lemma": "pelar", "pos": "ADP", "is_stop": true, "is_named": false}, "CGTP": {"lemma": "CGTP", "pos": "PROPN", "is_stop": false, "is_named": true}, "no": {"lemma": "o", "pos": "ADP", "is_stop": true, "is_named": false}, "Conselho": {"lemma": "Conselho", "pos": "PROPN", "is_stop": true, "is_named": true}, "Nacional": {"lemma": "Nacional", "pos": "PROPN", "is_stop": false, "is_named": true}, "do": {"lemma": "do", "pos": "ADP", "is_stop": true, "is_named": false}, "Plano": {"lemma": "Plano", "pos": "PROPN", "is_stop": false, "is_named": true}}}, "it": {"text": "alle proposte alternative", "linguisticInfo": {"alle": {"lemma": "alla", "pos": "E_RD", "is_stop": true, "is_named": false}, "proposte": {"lemma": "proposta", "pos": "S", "is_stop": false, "is_named": false}, "alternative": {"lemma": "alternativo", "pos": "A", "is_stop": false, "is_named": false}}}}, "obj": {"type": "Event", "pt": {"text": "teceu", "linguisticInfo": {"teceu": {"lemma": "tecer", "pos": "VERB", "is_stop": false, "is_named": false}}}, "it": {"text": "84", "linguisticInfo": {"84": {"lemma": "84", "pos": "N", "is_stop": false, "is_named": false}}}}}, {"id": "R17", "subj": {"type": "Oth_location", "pt": {"text": "no Conselho Nacional do Plano", "linguisticInfo": {"no": {"lemma": "o", "pos": "ADP", "is_stop": true, "is_named": false}, "Conselho": {"lemma": "Conselho", "pos": "PROPN", "is_stop": true, "is_named": true}, "Nacional": {"lemma": "Nacional", "pos": "PROPN", "is_stop": false, "is_named": true}, "do": {"lemma": "do", "pos": "ADP", "is_stop": true, "is_named": false}, "Plano": {"lemma": "Plano", "pos": "PROPN", "is_stop": false, "is_named": true}}}, "it": {"text": "il segretario consiglio nazionale dei lavoratori", "linguisticInfo": {"il": {"lemma": "il", "pos": "RD", "is_stop": true, "is_named": false}, "segretario": {"lemma": "segretario", "pos": "S", "is_stop": false, "is_named": false}, "consiglio": {"lemma": "consiglio", "pos": "S", "is_stop": true, "is_named": false}, "nazionale": {"lemma": "nazionale", "pos": "A", "is_stop": true, "is_named": false}, "dei": {"lemma": "del", "pos": "E_RD", "is_stop": true, "is_named": false}, "lavoratori": {"lemma": "lavoratore", "pos": "S", "is_stop": false, "is_named": false}}}}, "obj": {"type": "Event", "pt": {"text": "apresentadas", "linguisticInfo": {"apresentadas": {"lemma": "apresentar", "pos": "VERB", "is_stop": false, "is_named": false}}}, "it": {"text": "presentate", "linguisticInfo": {"presentate": {"lemma": "presentare", "pos": "V", "is_stop": false, "is_named": false}}}}}, {"id": "R18", "subj": {"type": "Human_Agent", "pt": {"text": "pela CGTP", "linguisticInfo": {"pela": {"lemma": "pelar", "pos": "ADP", "is_stop": true, "is_named": false}, "CGTP": {"lemma": "CGTP", "pos": "PROPN", "is_stop": false, "is_named": true}}}, "it": {"text": "dal cgtp", "linguisticInfo": {"dal": {"lemma": "dal", "pos": "E_RD", "is_stop": true, "is_named": false}, "cgtp": {"lemma": "cgtp", "pos": "S", "is_stop": false, "is_named": false}}}}, "obj": {"type": "Event", "pt": {"text": "apresentadas", "linguisticInfo": {"apresentadas": {"lemma": "apresentar", "pos": "VERB", "is_stop": false, "is_named": false}}}, "it": {"text": "presentate", "linguisticInfo": {"presentate": {"lemma": "presentare", "pos": "V", "is_stop": false, "is_named": false}}}}}, {"id": "R20", "subj": {"type": "Non-human_Oth_participant", "pt": {"text": "que \u00e9 absolutamente necess\u00e1rio compatibilizar o crescimento do PIB mantendo sob controlo os pagamentos externos , a evolu\u00e7\u00e3o dos pre\u00e7os e o d\u00e9fice or\u00e7amental", "linguisticInfo": {"que": {"lemma": "que", "pos": "SCONJ", "is_stop": true, "is_named": false}, "\u00e9": {"lemma": "ser", "pos": "AUX", "is_stop": true, "is_named": false}, "absolutamente": {"lemma": "absolutamente", "pos": "ADV", "is_stop": false, "is_named": false}, "necess\u00e1rio": {"lemma": "necess\u00e1rio", "pos": "ADJ", "is_stop": false, "is_named": false}, "compatibilizar": {"lemma": "compatibilizar", "pos": "VERB", "is_stop": false, "is_named": false}, "o": {"lemma": "o", "pos": "DET", "is_stop": true, "is_named": false}, "crescimento": {"lemma": "crescimento", "pos": "NOUN", "is_stop": false, "is_named": false}, "do": {"lemma": "do", "pos": "ADP", "is_stop": true, "is_named": false}, "PIB": {"lemma": "PIB", "pos": "PROPN", "is_stop": false, "is_named": true}, "mantendo": {"lemma": "manter", "pos": "VERB", "is_stop": false, "is_named": false}, "sob": {"lemma": "sob", "pos": "ADP", "is_stop": true, "is_named": false}, "controlo": {"lemma": "controlar", "pos": "NOUN", "is_stop": false, "is_named": false}, "os": {"lemma": "o", "pos": "DET", "is_stop": true, "is_named": false}, "pagamentos": {"lemma": "pagamento", "pos": "NOUN", "is_stop": false, "is_named": false}, "externos": {"lemma": "externo", "pos": "ADJ", "is_stop": false, "is_named": false}, ",": {"lemma": ",", "pos": "PUNCT", "is_stop": false, "is_named": false}, "a": {"lemma": "o", "pos": "DET", "is_stop": true, "is_named": false}, "evolu\u00e7\u00e3o": {"lemma": "evolu\u00e7\u00e3o", "pos": "NOUN", "is_stop": false, "is_named": false}, "dos": {"lemma": "dos", "pos": "ADP", "is_stop": true, "is_named": false}, "pre\u00e7os": {"lemma": "pre\u00e7o", "pos": "NOUN", "is_stop": false, "is_named": false}, "e": {"lemma": "e", "pos": "CCONJ", "is_stop": true, "is_named": false}, "d\u00e9fice": {"lemma": "d\u00e9fice", "pos": "NOUN", "is_stop": false, "is_named": false}, "or\u00e7amental": {"lemma": "or\u00e7amental", "pos": "ADJ", "is_stop": false, "is_named": false}}}, "it": {"text": "che \u00e8 assolutamente necessario conciliare la crescita il deficit di", "linguisticInfo": {"che": {"lemma": "che", "pos": "PR", "is_stop": true, "is_named": false}, "\u00e8": {"lemma": "essere", "pos": "V", "is_stop": false, "is_named": false}, "assolutamente": {"lemma": "assolutamente", "pos": "B", "is_stop": false, "is_named": false}, "necessario": {"lemma": "necessario", "pos": "A", "is_stop": false, "is_named": false}, "conciliare": {"lemma": "conciliare", "pos": "V", "is_stop": false, "is_named": false}, "la": {"lemma": "il", "pos": "RD", "is_stop": true, "is_named": false}, "crescita": {"lemma": "crescita", "pos": "S", "is_stop": false, "is_named": false}, "il": {"lemma": "il", "pos": "RD", "is_stop": true, "is_named": false}, "deficit": {"lemma": "deficit", "pos": "S", "is_stop": false, "is_named": false}, "di": {"lemma": "di", "pos": "E", "is_stop": true, "is_named": false}}}}, "obj": {"type": "Event", "pt": {"text": "afirmar", "linguisticInfo": {"afirmar": {"lemma": "afirmar", "pos": "VERB", "is_stop": false, "is_named": false}}}, "it": {"text": "84", "linguisticInfo": {"84": {"lemma": "84", "pos": "N", "is_stop": false, "is_named": false}}}}}, {"id": "R21", "subj": {"type": "Non-human_Patient", "pt": {"text": "o crescimento do PIB", "linguisticInfo": {"o": {"lemma": "o", "pos": "DET", "is_stop": true, "is_named": false}, "crescimento": {"lemma": "crescimento", "pos": "NOUN", "is_stop": false, "is_named": false}, "do": {"lemma": "do", "pos": "ADP", "is_stop": true, "is_named": false}, "PIB": {"lemma": "PIB", "pos": "PROPN", "is_stop": false, "is_named": true}}}, "it": {"text": "il crescita del pil", "linguisticInfo": {"il": {"lemma": "il", "pos": "RD", "is_stop": true, "is_named": false}, "crescita": {"lemma": "crescita", "pos": "S", "is_stop": false, "is_named": false}, "del": {"lemma": "del", "pos": "E_RD", "is_stop": true, "is_named": false}, "pil": {"lemma": "pil", "pos": "S", "is_stop": false, "is_named": false}}}}, "obj": {"type": "Event", "pt": {"text": "compatibilizar", "linguisticInfo": {"compatibilizar": {"lemma": "compatibilizar", "pos": "VERB", "is_stop": false, "is_named": false}}}, "it": {"text": "conciliare", "linguisticInfo": {"conciliare": {"lemma": "conciliare", "pos": "V", "is_stop": false, "is_named": false}}}}}, {"id": "R34", "subj": {"type": "Oth_argument", "pt": {"text": "ao afirmar que \u00e9 absolutamente necess\u00e1rio compatibilizar o crescimento do PIB mantendo sob controlo os pagamentos externos , a evolu\u00e7\u00e3o dos pre\u00e7os e o d\u00e9fice or\u00e7amental", "linguisticInfo": {"ao": {"lemma": "ao", "pos": "SCONJ", "is_stop": true, "is_named": false}, "afirmar": {"lemma": "afirmar", "pos": "VERB", "is_stop": false, "is_named": false}, "que": {"lemma": "que", "pos": "SCONJ", "is_stop": true, "is_named": false}, "\u00e9": {"lemma": "ser", "pos": "AUX", "is_stop": true, "is_named": false}, "absolutamente": {"lemma": "absolutamente", "pos": "ADV", "is_stop": false, "is_named": false}, "necess\u00e1rio": {"lemma": "necess\u00e1rio", "pos": "ADJ", "is_stop": false, "is_named": false}, "compatibilizar": {"lemma": "compatibilizar", "pos": "VERB", "is_stop": false, "is_named": false}, "o": {"lemma": "o", "pos": "DET", "is_stop": true, "is_named": false}, "crescimento": {"lemma": "crescimento", "pos": "NOUN", "is_stop": false, "is_named": false}, "do": {"lemma": "do", "pos": "ADP", "is_stop": true, "is_named": false}, "PIB": {"lemma": "PIB", "pos": "PROPN", "is_stop": false, "is_named": true}, "mantendo": {"lemma": "manter", "pos": "VERB", "is_stop": false, "is_named": false}, "sob": {"lemma": "sob", "pos": "ADP", "is_stop": true, "is_named": false}, "controlo": {"lemma": "controlar", "pos": "NOUN", "is_stop": false, "is_named": false}, "os": {"lemma": "o", "pos": "DET", "is_stop": true, "is_named": false}, "pagamentos": {"lemma": "pagamento", "pos": "NOUN", "is_stop": false, "is_named": false}, "externos": {"lemma": "externo", "pos": "ADJ", "is_stop": false, "is_named": false}, ",": {"lemma": ",", "pos": "PUNCT", "is_stop": false, "is_named": false}, "a": {"lemma": "o", "pos": "DET", "is_stop": true, "is_named": false}, "evolu\u00e7\u00e3o": {"lemma": "evolu\u00e7\u00e3o", "pos": "NOUN", "is_stop": false, "is_named": false}, "dos": {"lemma": "dos", "pos": "ADP", "is_stop": true, "is_named": false}, "pre\u00e7os": {"lemma": "pre\u00e7o", "pos": "NOUN", "is_stop": false, "is_named": false}, "e": {"lemma": "e", "pos": "CCONJ", "is_stop": true, "is_named": false}, "d\u00e9fice": {"lemma": "d\u00e9fice", "pos": "NOUN", "is_stop": false, "is_named": false}, "or\u00e7amental": {"lemma": "or\u00e7amental", "pos": "ADJ", "is_stop": false, "is_named": false}}}, "it": {"text": "81 / 84 , ha che \u00e8 assolutamente necessario conciliare la crescita il deficit di", "linguisticInfo": {"81": {"lemma": "81", "pos": "N", "is_stop": false, "is_named": false}, "/": {"lemma": "/", "pos": "FF", "is_stop": false, "is_named": false}, "84": {"lemma": "84", "pos": "N", "is_stop": false, "is_named": false}, ",": {"lemma": ",", "pos": "FF", "is_stop": false, "is_named": false}, "ha": {"lemma": "avere", "pos": "V", "is_stop": true, "is_named": false}, "che": {"lemma": "che", "pos": "CS", "is_stop": true, "is_named": false}, "\u00e8": {"lemma": "essere", "pos": "V", "is_stop": false, "is_named": false}, "assolutamente": {"lemma": "assolutamente", "pos": "B", "is_stop": false, "is_named": false}, "necessario": {"lemma": "necessario", "pos": "A", "is_stop": false, "is_named": false}, "conciliare": {"lemma": "conciliare", "pos": "V", "is_stop": false, "is_named": false}, "la": {"lemma": "il", "pos": "RD", "is_stop": true, "is_named": false}, "crescita": {"lemma": "crescita", "pos": "S", "is_stop": false, "is_named": false}, "il": {"lemma": "il", "pos": "RD", "is_stop": true, "is_named": false}, "deficit": {"lemma": "deficit", "pos": "S", "is_stop": false, "is_named": false}, "di": {"lemma": "di", "pos": "E", "is_stop": true, "is_named": false}}}}, "obj": {"type": "Event", "pt": {"text": "teceu", "linguisticInfo": {"teceu": {"lemma": "tecer", "pos": "VERB", "is_stop": false, "is_named": false}}}, "it": {"text": "84", "linguisticInfo": {"84": {"lemma": "84", "pos": "N", "is_stop": false, "is_named": false}}}}}]}, "sentences_2": {"itText": "NULL il segretario di stato ha avanzato critiche anche verso l \u2019 unione generale dei lavoratori ( ugt ) e la sua strategia volta alla piena occupazione , affermando che la scelta di voler privilegiare l \u2019 occupazione andr\u00e0 a discapito dell \u2019 obiettivo fondamentale di modernizzare le strutture produttive nazionali .", "ptText": "tamb\u00e9m a ugt e a sua estrat\u00e9gia de pleno emprego foram criticadas pelo secret\u00e1rio de estado , ao dizer que se se optar pelo pleno emprego estar-cl-\u00e1 -se a abandonar o objectivo fundamental de modernizar as estruturas produtivas nacionais . \n", "relations": [{"id": "R23", "subj": {"type": "Non-human_Patient", "pt": {"text": "a UGT e a sua estrat\u00e9gia de pleno emprego", "linguisticInfo": {"a": {"lemma": "o", "pos": "DET", "is_stop": true, "is_named": false}, "UGT": {"lemma": "UGT", "pos": "PROPN", "is_stop": false, "is_named": true}, "e": {"lemma": "e", "pos": "CCONJ", "is_stop": true, "is_named": false}, "sua": {"lemma": "suar", "pos": "DET", "is_stop": true, "is_named": false}, "estrat\u00e9gia": {"lemma": "estrat\u00e9gia", "pos": "NOUN", "is_stop": false, "is_named": false}, "de": {"lemma": "de", "pos": "ADP", "is_stop": true, "is_named": false}, "pleno": {"lemma": "pleno", "pos": "ADJ", "is_stop": false, "is_named": false}, "emprego": {"lemma": "empregar", "pos": "NOUN", "is_stop": false, "is_named": false}}}, "it": {"text": "il segretario ugt ) e la sua strategia volta alla", "linguisticInfo": {"il": {"lemma": "il", "pos": "RD", "is_stop": true, "is_named": false}, "segretario": {"lemma": "segretario", "pos": "S", "is_stop": false, "is_named": false}, "ugt": {"lemma": "ugt", "pos": "SP", "is_stop": false, "is_named": false}, ")": {"lemma": ")", "pos": "FB", "is_stop": false, "is_named": false}, "e": {"lemma": "e", "pos": "CC", "is_stop": false, "is_named": false}, "la": {"lemma": "il", "pos": "RD", "is_stop": true, "is_named": false}, "sua": {"lemma": "suo", "pos": "AP", "is_stop": true, "is_named": false}, "strategia": {"lemma": "strategia", "pos": "S", "is_stop": false, "is_named": false}, "volta": {"lemma": "voltare", "pos": "V", "is_stop": true, "is_named": false}, "alla": {"lemma": "alla", "pos": "E_RD", "is_stop": true, "is_named": false}}}}, "obj": {"type": "Event", "pt": {"text": "foram criticadas", "linguisticInfo": {"foram": {"lemma": "ser", "pos": "AUX", "is_stop": true, "is_named": false}, "criticadas": {"lemma": "criticar", "pos": "VERB", "is_stop": false, "is_named": false}}}, "it": {"text": "unione generale dei", "linguisticInfo": {"unione": {"lemma": "unione", "pos": "S", "is_stop": false, "is_named": false}, "generale": {"lemma": "generale", "pos": "A", "is_stop": true, "is_named": false}, "dei": {"lemma": "del", "pos": "E_RD", "is_stop": true, "is_named": false}}}}}, {"id": "R24", "subj": {"type": "Human_Agent", "pt": {"text": "pelo secret\u00e1rio de Estado", "linguisticInfo": {"pelo": {"lemma": "pelar", "pos": "ADP", "is_stop": true, "is_named": false}, "secret\u00e1rio": {"lemma": "secret\u00e1rio", "pos": "NOUN", "is_stop": false, "is_named": false}, "de": {"lemma": "de", "pos": "ADP", "is_stop": true, "is_named": false}, "Estado": {"lemma": "Estado", "pos": "NOUN", "is_stop": true, "is_named": true}}}, "it": {"text": "verso l \u2019", "linguisticInfo": {"verso": {"lemma": "verso", "pos": "E", "is_stop": true, "is_named": false}, "l": {"lemma": "l", "pos": "RD", "is_stop": false, "is_named": false}, "\u2019": {"lemma": "\u2019", "pos": "PC", "is_stop": false, "is_named": false}}}}, "obj": {"type": "Event", "pt": {"text": "foram criticadas", "linguisticInfo": {"foram": {"lemma": "ser", "pos": "AUX", "is_stop": true, "is_named": false}, "criticadas": {"lemma": "criticar", "pos": "VERB", "is_stop": false, "is_named": false}}}, "it": {"text": "unione generale dei", "linguisticInfo": {"unione": {"lemma": "unione", "pos": "S", "is_stop": false, "is_named": false}, "generale": {"lemma": "generale", "pos": "A", "is_stop": true, "is_named": false}, "dei": {"lemma": "del", "pos": "E_RD", "is_stop": true, "is_named": false}}}}}, {"id": "R26", "subj": {"type": "Non-human_Patient", "pt": {"text": "pelo pleno emprego", "linguisticInfo": {"pelo": {"lemma": "pelar", "pos": "ADP", "is_stop": true, "is_named": false}, "pleno": {"lemma": "pleno", "pos": "ADJ", "is_stop": false, "is_named": false}, "emprego": {"lemma": "empregar", "pos": "NOUN", "is_stop": false, "is_named": false}}}, "it": {"text": "il segretario privilegiare l \u2019", "linguisticInfo": {"il": {"lemma": "il", "pos": "RD", "is_stop": true, "is_named": false}, "segretario": {"lemma": "segretario", "pos": "S", "is_stop": false, "is_named": false}, "privilegiare": {"lemma": "privilegiare", "pos": "V", "is_stop": false, "is_named": false}, "l": {"lemma": "l", "pos": "RD", "is_stop": false, "is_named": false}, "\u2019": {"lemma": "\u2019", "pos": "PC", "is_stop": false, "is_named": false}}}}, "obj": {"type": "Event", "pt": {"text": "se optar", "linguisticInfo": {"se": {"lemma": "se", "pos": "PRON", "is_stop": true, "is_named": false}, "optar": {"lemma": "optar", "pos": "VERB", "is_stop": false, "is_named": false}}}, "it": {"text": "privilegiare", "linguisticInfo": {"privilegiare": {"lemma": "privilegiare", "pos": "V", "is_stop": false, "is_named": false}}}}}, {"id": "R27", "subj": {"type": "Non-human_Patient", "pt": {"text": "o objectivo fundamental de modernizar as estruturas produtivas nacionais", "linguisticInfo": {"o": {"lemma": "o", "pos": "DET", "is_stop": true, "is_named": false}, "objectivo": {"lemma": "objectivar", "pos": "NOUN", "is_stop": false, "is_named": false}, "fundamental": {"lemma": "fundamental", "pos": "ADJ", "is_stop": false, "is_named": false}, "de": {"lemma": "de", "pos": "SCONJ", "is_stop": true, "is_named": false}, "modernizar": {"lemma": "modernizar", "pos": "VERB", "is_stop": false, "is_named": false}, "as": {"lemma": "o", "pos": "DET", "is_stop": true, "is_named": false}, "estruturas": {"lemma": "estruturar", "pos": "NOUN", "is_stop": false, "is_named": false}, "produtivas": {"lemma": "produtivo", "pos": "ADJ", "is_stop": false, "is_named": false}, "nacionais": {"lemma": "nacional", "pos": "ADJ", "is_stop": false, "is_named": false}}}, "it": {"text": "l obiettivo fondamentale di modernizzare le strutture produttive nazionali", "linguisticInfo": {"l": {"lemma": "l", "pos": "RD", "is_stop": false, "is_named": false}, "obiettivo": {"lemma": "obiettivo", "pos": "S", "is_stop": false, "is_named": false}, "fondamentale": {"lemma": "fondamentale", "pos": "A", "is_stop": false, "is_named": false}, "di": {"lemma": "di", "pos": "E", "is_stop": true, "is_named": false}, "modernizzare": {"lemma": "modernizzare", "pos": "V", "is_stop": false, "is_named": false}, "le": {"lemma": "il", "pos": "RD", "is_stop": true, "is_named": false}, "strutture": {"lemma": "struttura", "pos": "S", "is_stop": false, "is_named": false}, "produttive": {"lemma": "produttivo", "pos": "A", "is_stop": false, "is_named": false}, "nazionali": {"lemma": "nazionale", "pos": "A", "is_stop": false, "is_named": false}}}}, "obj": {"type": "Event", "pt": {"text": "a abandonar", "linguisticInfo": {"a": {"lemma": "o", "pos": "SCONJ", "is_stop": true, "is_named": false}, "abandonar": {"lemma": "abandonar", "pos": "VERB", "is_stop": false, "is_named": false}}}, "it": {"text": "la scelta", "linguisticInfo": {"la": {"lemma": "il", "pos": "RD", "is_stop": true, "is_named": false}, "scelta": {"lemma": "scelta", "pos": "S", "is_stop": false, "is_named": false}}}}}, {"id": "R28", "subj": {"type": "Non-human_Patient", "pt": {"text": "as estruturas produtivas nacionais", "linguisticInfo": {"as": {"lemma": "o", "pos": "DET", "is_stop": true, "is_named": false}, "estruturas": {"lemma": "estruturar", "pos": "NOUN", "is_stop": false, "is_named": false}, "produtivas": {"lemma": "produtivo", "pos": "ADJ", "is_stop": false, "is_named": false}, "nacionais": {"lemma": "nacional", "pos": "ADJ", "is_stop": false, "is_named": false}}}, "it": {"text": "le strutture produttive nazionali", "linguisticInfo": {"le": {"lemma": "il", "pos": "RD", "is_stop": true, "is_named": false}, "strutture": {"lemma": "struttura", "pos": "S", "is_stop": false, "is_named": false}, "produttive": {"lemma": "produttivo", "pos": "A", "is_stop": false, "is_named": false}, "nazionali": {"lemma": "nazionale", "pos": "A", "is_stop": false, "is_named": false}}}}, "obj": {"type": "Event", "pt": {"text": "modernizar", "linguisticInfo": {"modernizar": {"lemma": "modernizar", "pos": "VERB", "is_stop": false, "is_named": false}}}, "it": {"text": "modernizzare", "linguisticInfo": {"modernizzare": {"lemma": "modernizzare", "pos": "V", "is_stop": false, "is_named": false}}}}}]}, "sentences_3": {"itText": "NULL riferendosi , poi , alle industrie chimiche , nascimento regueira ha dichiarato che nel bilancio di stato \u00e8 previsto un investimento di 24 miliardi di scudi per il settore a beneficio delle imprese statali .", "ptText": "referindo -se \u00e0s ind\u00fastrias qu\u00edmicas , nascimento regueira declarou que est\u00e1 inscrita para o sector , no oge , uma verba de 24 mil milh\u00f5es de escudos a investir pelas empresas do estado . \n", "relations": [{"id": "R30", "subj": {"type": "Human_Agent", "pt": {"text": "Nascimento Regueira", "linguisticInfo": {"Nascimento": {"lemma": "Nascimento", "pos": "PROPN", "is_stop": false, "is_named": true}, "Regueira": {"lemma": "Regueira", "pos": "PROPN", "is_stop": false, "is_named": true}}}, "it": {"text": "nascimento regueira", "linguisticInfo": {"nascimento": {"lemma": "nascimento", "pos": "A", "is_stop": false, "is_named": false}, "regueira": {"lemma": "regueira", "pos": "VM", "is_stop": false, "is_named": false}}}}, "obj": {"type": "Event", "pt": {"text": "declarou", "linguisticInfo": {"declarou": {"lemma": "declarar", "pos": "VERB", "is_stop": false, "is_named": false}}}, "it": {"text": "dichiarato", "linguisticInfo": {"dichiarato": {"lemma": "dichiarare", "pos": "V", "is_stop": false, "is_named": false}}}}}, {"id": "R31", "subj": {"type": "Non-human_Oth_participant", "pt": {"text": "que est\u00e1 inscrita para o sector , no OGE , uma verba de 24 mil milh\u00f5es de escudos a investir pelas empresas do Estado", "linguisticInfo": {"que": {"lemma": "que", "pos": "SCONJ", "is_stop": true, "is_named": false}, "est\u00e1": {"lemma": "estar", "pos": "AUX", "is_stop": true, "is_named": false}, "inscrita": {"lemma": "inscrito", "pos": "ADJ", "is_stop": false, "is_named": false}, "para": {"lemma": "parir", "pos": "ADP", "is_stop": true, "is_named": false}, "o": {"lemma": "o", "pos": "DET", "is_stop": true, "is_named": false}, "sector": {"lemma": "sector", "pos": "NOUN", "is_stop": false, "is_named": false}, ",": {"lemma": ",", "pos": "PUNCT", "is_stop": false, "is_named": false}, "no": {"lemma": "o", "pos": "ADP", "is_stop": true, "is_named": false}, "OGE": {"lemma": "OGE", "pos": "PROPN", "is_stop": false, "is_named": true}, "uma": {"lemma": "umar", "pos": "DET", "is_stop": true, "is_named": false}, "verba": {"lemma": "verba", "pos": "NOUN", "is_stop": false, "is_named": false}, "de": {"lemma": "de", "pos": "ADP", "is_stop": true, "is_named": false}, "24": {"lemma": "24", "pos": "NUM", "is_stop": false, "is_named": false}, "mil": {"lemma": "mil", "pos": "NUM", "is_stop": true, "is_named": false}, "milh\u00f5es": {"lemma": "milh\u00e3o", "pos": "NUM", "is_stop": false, "is_named": false}, "escudos": {"lemma": "escudo", "pos": "NOUN", "is_stop": false, "is_named": false}, "a": {"lemma": "o", "pos": "SCONJ", "is_stop": true, "is_named": false}, "investir": {"lemma": "investir", "pos": "VERB", "is_stop": false, "is_named": false}, "pelas": {"lemma": "pelar", "pos": "ADP", "is_stop": true, "is_named": false}, "empresas": {"lemma": "empresar", "pos": "NOUN", "is_stop": false, "is_named": false}, "do": {"lemma": "do", "pos": "ADP", "is_stop": true, "is_named": false}, "Estado": {"lemma": "Estado", "pos": "NOUN", "is_stop": true, "is_named": true}}}, "it": {"text": "che nel bilancio", "linguisticInfo": {"che": {"lemma": "che", "pos": "CS", "is_stop": true, "is_named": false}, "nel": {"lemma": "nel", "pos": "E_RD", "is_stop": true, "is_named": false}, "bilancio": {"lemma": "bilancio", "pos": "S", "is_stop": false, "is_named": false}}}}, "obj": {"type": "Event", "pt": {"text": "declarou", "linguisticInfo": {"declarou": {"lemma": "declarar", "pos": "VERB", "is_stop": false, "is_named": false}}}, "it": {"text": "dichiarato", "linguisticInfo": {"dichiarato": {"lemma": "dichiarare", "pos": "V", "is_stop": false, "is_named": false}}}}}, {"id": "R32", "subj": {"type": "Non-human_Patient", "pt": {"text": "uma verba de 24 mil milh\u00f5es de escudos", "linguisticInfo": {"uma": {"lemma": "umar", "pos": "DET", "is_stop": true, "is_named": false}, "verba": {"lemma": "verba", "pos": "NOUN", "is_stop": false, "is_named": false}, "de": {"lemma": "de", "pos": "ADP", "is_stop": true, "is_named": false}, "24": {"lemma": "24", "pos": "NUM", "is_stop": false, "is_named": false}, "mil": {"lemma": "mil", "pos": "NUM", "is_stop": true, "is_named": false}, "milh\u00f5es": {"lemma": "milh\u00e3o", "pos": "NUM", "is_stop": false, "is_named": false}, "escudos": {"lemma": "escudo", "pos": "NOUN", "is_stop": false, "is_named": false}}}, "it": {"text": "un investimento di beneficio delle imprese", "linguisticInfo": {"un": {"lemma": "uno", "pos": "RI", "is_stop": true, "is_named": false}, "investimento": {"lemma": "investimento", "pos": "S", "is_stop": false, "is_named": false}, "di": {"lemma": "di", "pos": "E", "is_stop": true, "is_named": false}, "beneficio": {"lemma": "beneficio", "pos": "S", "is_stop": false, "is_named": false}, "delle": {"lemma": "della", "pos": "E_RD", "is_stop": true, "is_named": false}, "imprese": {"lemma": "impresa", "pos": "S", "is_stop": false, "is_named": false}}}}, "obj": {"type": "Event", "pt": {"text": "a investir", "linguisticInfo": {"a": {"lemma": "o", "pos": "SCONJ", "is_stop": true, "is_named": false}, "investir": {"lemma": "investir", "pos": "VERB", "is_stop": false, "is_named": false}}}, "it": {"text": "beneficio", "linguisticInfo": {"beneficio": {"lemma": "beneficio", "pos": "S", "is_stop": false, "is_named": false}}}}}, {"id": "R33", "subj": {"type": "Human_Agent", "pt": {"text": "pelas empresas do Estado", "linguisticInfo": {"pelas": {"lemma": "pelar", "pos": "ADP", "is_stop": true, "is_named": false}, "empresas": {"lemma": "empresar", "pos": "NOUN", "is_stop": false, "is_named": false}, "do": {"lemma": "do", "pos": "ADP", "is_stop": true, "is_named": false}, "Estado": {"lemma": "Estado", "pos": "NOUN", "is_stop": true, "is_named": true}}}, "it": {"text": "delle imprese statali .", "linguisticInfo": {"delle": {"lemma": "della", "pos": "E_RD", "is_stop": true, "is_named": false}, "imprese": {"lemma": "impresa", "pos": "S", "is_stop": false, "is_named": false}, "statali": {"lemma": "statale", "pos": "A", "is_stop": false, "is_named": false}, ".": {"lemma": ".", "pos": "FS", "is_stop": false, "is_named": false}}}}, "obj": {"type": "Event", "pt": {"text": "a investir", "linguisticInfo": {"a": {"lemma": "o", "pos": "SCONJ", "is_stop": true, "is_named": false}, "investir": {"lemma": "investir", "pos": "VERB", "is_stop": false, "is_named": false}}}, "it": {"text": "beneficio", "linguisticInfo": {"beneficio": {"lemma": "beneficio", "pos": "S", "is_stop": false, "is_named": false}}}}}]}}