{"sentences_0": {"itText": "NULL abbiamo , quindi , una definizione giuridica della legge sul lavoro che , nei suoi presupposti , mira a garantire l \u2019 adempimento di un diritto dei comitati dei lavoratori e delle organizzazioni sindacali riconosciuto dalla costituzione ma che , di fatto , nella pratica , non \u00e8 direzionata espressamente all&apos; esercizio di funzione alcuna . appare quindi legittimo chiedersi se la definizione contenuta nella legge n . 16 / 79 possa o debba essere utilizzata per altri fini , oltre alla demarcazione del processo di discussione pubblica , ove i comitati dei lavoratori e le associazioni sindacali sono gli", "ptText": "temos portanto uma defini\u00e7\u00e3o legal de legisla\u00e7\u00e3o do trabalho , que , pelo seu esp\u00edrito , se destina a assegurar a efectiva\u00e7\u00e3o de um direito reconhecido pela constitui\u00e7\u00e3o \u00e0s comiss\u00f5es de trabalhadores e \u00e0s associa\u00e7\u00f5es sindicais , mas que , pela sua letra , n\u00e3o est\u00e1 expressamente afecta ao exerc\u00edcio de qualquer fun\u00e7\u00e3o . da\u00ed que pare\u00e7a leg\u00edtimo perguntar se a defini\u00e7\u00e3o contida na lei n . 16 / 79 pode ou deve ser utilizada para outros efeitos , al\u00e9m da delimita\u00e7\u00e3o do processo de discuss\u00e3o p\u00fablica em que s\u00e3o interlocutores privilegiados as comiss\u00f5es de trabalhadores e as associa\u00e7\u00f5es sindicais \n", "relations": [{"id": "R30", "subj": {"type": "Non-human_Agent", "pt": {"text": "que", "linguisticInfo": {"que": {"lemma": "que", "pos": "SCONJ", "is_stop": true, "is_named": false}}}, "it": {"text": "che", "linguisticInfo": {"che": {"lemma": "che", "pos": "CS", "is_stop": true, "is_named": false}}}}, "obj": {"type": "Event", "pt": {"text": "se destina", "linguisticInfo": {"se": {"lemma": "se", "pos": "PRON", "is_stop": true, "is_named": false}, "destina": {"lemma": "destinar", "pos": "VERB", "is_stop": false, "is_named": false}}}, "it": {"text": "direzionata", "linguisticInfo": {"direzionata": {"lemma": "direzionata", "pos": "S", "is_stop": false, "is_named": false}}}}}, {"id": "R31", "subj": {"type": "Oth_argument", "pt": {"text": "pelo seu esp\u00edrito", "linguisticInfo": {"pelo": {"lemma": "pelar", "pos": "ADP", "is_stop": true, "is_named": false}, "seu": {"lemma": "seu", "pos": "DET", "is_stop": true, "is_named": false}, "esp\u00edrito": {"lemma": "esp\u00edrito", "pos": "NOUN", "is_stop": false, "is_named": false}}}, "it": {"text": "direzionata espressamente all&apos;", "linguisticInfo": {"direzionata": {"lemma": "direzionato", "pos": "V", "is_stop": false, "is_named": false}, "espressamente": {"lemma": "espressamente", "pos": "B", "is_stop": false, "is_named": false}, "all&apos": {"lemma": "all&apos", "pos": "A", "is_stop": false, "is_named": false}, ";": {"lemma": ";", "pos": "FC", "is_stop": false, "is_named": false}}}}, "obj": {"type": "Event", "pt": {"text": "se destina", "linguisticInfo": {"se": {"lemma": "se", "pos": "PRON", "is_stop": true, "is_named": false}, "destina": {"lemma": "destinar", "pos": "VERB", "is_stop": false, "is_named": false}}}, "it": {"text": "direzionata", "linguisticInfo": {"direzionata": {"lemma": "direzionata", "pos": "S", "is_stop": false, "is_named": false}}}}}, {"id": "R34", "subj": {"type": "Non-human_Patient", "pt": {"text": "um direito reconhecido pela Constitui\u00e7\u00e3o \u00e0s comiss\u00f5es de trabalhadores e \u00e0s associa\u00e7\u00f5es sindicais", "linguisticInfo": {"um": {"lemma": "um", "pos": "DET", "is_stop": true, "is_named": false}, "direito": {"lemma": "direito", "pos": "NOUN", "is_stop": false, "is_named": false}, "reconhecido": {"lemma": "reconhecer", "pos": "VERB", "is_stop": false, "is_named": false}, "pela": {"lemma": "pelar", "pos": "ADP", "is_stop": true, "is_named": false}, "Constitui\u00e7\u00e3o": {"lemma": "Constitui\u00e7\u00e3o", "pos": "NOUN", "is_stop": false, "is_named": true}, "\u00e0s": {"lemma": "\u00e0s", "pos": "ADP", "is_stop": true, "is_named": false}, "comiss\u00f5es": {"lemma": "comiss\u00e3o", "pos": "NOUN", "is_stop": false, "is_named": false}, "de": {"lemma": "de", "pos": "ADP", "is_stop": true, "is_named": false}, "trabalhadores": {"lemma": "trabalhador", "pos": "NOUN", "is_stop": false, "is_named": false}, "e": {"lemma": "e", "pos": "CCONJ", "is_stop": true, "is_named": false}, "associa\u00e7\u00f5es": {"lemma": "associa\u00e7\u00e3o", "pos": "NOUN", "is_stop": false, "is_named": false}, "sindicais": {"lemma": "sindicar", "pos": "ADJ", "is_stop": false, "is_named": false}}}, "it": {"text": "un diritto dei comitati riconosciuto dalla costituzione ma che direzionata espressamente all&apos; comitati dei lavoratori", "linguisticInfo": {"un": {"lemma": "uno", "pos": "RI", "is_stop": true, "is_named": false}, "diritto": {"lemma": "diritto", "pos": "S", "is_stop": false, "is_named": false}, "dei": {"lemma": "del", "pos": "E_RD", "is_stop": true, "is_named": false}, "comitati": {"lemma": "comitato", "pos": "S", "is_stop": false, "is_named": false}, "riconosciuto": {"lemma": "riconoscere", "pos": "V", "is_stop": false, "is_named": false}, "dalla": {"lemma": "dalla", "pos": "E_RD", "is_stop": true, "is_named": false}, "costituzione": {"lemma": "costituzione", "pos": "S", "is_stop": false, "is_named": false}, "ma": {"lemma": "ma", "pos": "CC", "is_stop": true, "is_named": false}, "che": {"lemma": "che", "pos": "PR", "is_stop": true, "is_named": false}, "direzionata": {"lemma": "direzionato", "pos": "V", "is_stop": false, "is_named": false}, "espressamente": {"lemma": "espressamente", "pos": "B", "is_stop": false, "is_named": false}, "all&apos": {"lemma": "all&apos", "pos": "E", "is_stop": false, "is_named": false}, ";": {"lemma": ";", "pos": "FC", "is_stop": false, "is_named": false}, "lavoratori": {"lemma": "lavoratore", "pos": "S", "is_stop": false, "is_named": false}}}}, "obj": {"type": "Event", "pt": {"text": "a efectiva\u00e7\u00e3o", "linguisticInfo": {"a": {"lemma": "o", "pos": "DET", "is_stop": true, "is_named": false}, "efectiva\u00e7\u00e3o": {"lemma": "efectiva\u00e7\u00e3o", "pos": "NOUN", "is_stop": false, "is_named": false}}}, "it": {"text": "l adempimento", "linguisticInfo": {"l": {"lemma": "l", "pos": "RD", "is_stop": false, "is_named": false}, "adempimento": {"lemma": "adempimento", "pos": "S", "is_stop": false, "is_named": false}}}}}, {"id": "R35", "subj": {"type": "Human_Agent", "pt": {"text": "pela Constitui\u00e7\u00e3o", "linguisticInfo": {"pela": {"lemma": "pelar", "pos": "ADP", "is_stop": true, "is_named": false}, "Constitui\u00e7\u00e3o": {"lemma": "Constitui\u00e7\u00e3o", "pos": "NOUN", "is_stop": false, "is_named": true}}}, "it": {"text": "dalla costituzione", "linguisticInfo": {"dalla": {"lemma": "dalla", "pos": "E_RD", "is_stop": true, "is_named": false}, "costituzione": {"lemma": "costituzione", "pos": "S", "is_stop": false, "is_named": false}}}}, "obj": {"type": "Event", "pt": {"text": "reconhecido", "linguisticInfo": {"reconhecido": {"lemma": "reconhecer", "pos": "VERB", "is_stop": false, "is_named": false}}}, "it": {"text": "riconosciuto", "linguisticInfo": {"riconosciuto": {"lemma": "riconoscere", "pos": "V", "is_stop": false, "is_named": false}}}}}, {"id": "R36", "subj": {"type": "Non-human_Patient", "pt": {"text": "um direito", "linguisticInfo": {"um": {"lemma": "um", "pos": "DET", "is_stop": true, "is_named": false}, "direito": {"lemma": "direito", "pos": "NOUN", "is_stop": false, "is_named": false}}}, "it": {"text": "un diritto", "linguisticInfo": {"un": {"lemma": "uno", "pos": "RI", "is_stop": true, "is_named": false}, "diritto": {"lemma": "diritto", "pos": "S", "is_stop": false, "is_named": false}}}}, "obj": {"type": "Event", "pt": {"text": "reconhecido", "linguisticInfo": {"reconhecido": {"lemma": "reconhecer", "pos": "VERB", "is_stop": false, "is_named": false}}}, "it": {"text": "riconosciuto", "linguisticInfo": {"riconosciuto": {"lemma": "riconoscere", "pos": "V", "is_stop": false, "is_named": false}}}}}, {"id": "R37", "subj": {"type": "Human_Patient", "pt": {"text": "\u00e0s comiss\u00f5es de trabalhadores e \u00e0s associa\u00e7\u00f5es sindicais", "linguisticInfo": {"\u00e0s": {"lemma": "\u00e0s", "pos": "ADP", "is_stop": true, "is_named": false}, "comiss\u00f5es": {"lemma": "comiss\u00e3o", "pos": "NOUN", "is_stop": false, "is_named": false}, "de": {"lemma": "de", "pos": "ADP", "is_stop": true, "is_named": false}, "trabalhadores": {"lemma": "trabalhador", "pos": "NOUN", "is_stop": false, "is_named": false}, "e": {"lemma": "e", "pos": "CCONJ", "is_stop": true, "is_named": false}, "associa\u00e7\u00f5es": {"lemma": "associa\u00e7\u00e3o", "pos": "NOUN", "is_stop": false, "is_named": false}, "sindicais": {"lemma": "sindicar", "pos": "ADJ", "is_stop": false, "is_named": false}}}, "it": {"text": "direzionata espressamente all&apos; comitati dei lavoratori", "linguisticInfo": {"direzionata": {"lemma": "direzionato", "pos": "V", "is_stop": false, "is_named": false}, "espressamente": {"lemma": "espressamente", "pos": "B", "is_stop": false, "is_named": false}, "all&apos": {"lemma": "all&apos", "pos": "E", "is_stop": false, "is_named": false}, ";": {"lemma": ";", "pos": "FC", "is_stop": false, "is_named": false}, "comitati": {"lemma": "comitato", "pos": "S", "is_stop": false, "is_named": false}, "dei": {"lemma": "del", "pos": "E_RD", "is_stop": true, "is_named": false}, "lavoratori": {"lemma": "lavoratore", "pos": "S", "is_stop": false, "is_named": false}}}}, "obj": {"type": "Event", "pt": {"text": "reconhecido", "linguisticInfo": {"reconhecido": {"lemma": "reconhecer", "pos": "VERB", "is_stop": false, "is_named": false}}}, "it": {"text": "riconosciuto", "linguisticInfo": {"riconosciuto": {"lemma": "riconoscere", "pos": "V", "is_stop": false, "is_named": false}}}}}, {"id": "R25", "subj": {"type": "Non-human_Agent", "pt": {"text": "que", "linguisticInfo": {"que": {"lemma": "que", "pos": "SCONJ", "is_stop": true, "is_named": false}}}, "it": {"text": "che", "linguisticInfo": {"che": {"lemma": "che", "pos": "CS", "is_stop": true, "is_named": false}}}}, "obj": {"type": "Event", "pt": {"text": "a assegurar", "linguisticInfo": {"a": {"lemma": "o", "pos": "SCONJ", "is_stop": true, "is_named": false}, "assegurar": {"lemma": "assegurar", "pos": "VERB", "is_stop": false, "is_named": false}}}, "it": {"text": "a garantire", "linguisticInfo": {"a": {"lemma": "a", "pos": "E", "is_stop": true, "is_named": false}, "garantire": {"lemma": "garantire", "pos": "V", "is_stop": false, "is_named": false}}}}}]}, "sentences_1": {"itText": "NULL la definizione di legge sul lavoro adottata dalla legge n.16 / 79 include la distinzione tra questi tre strati legislativi . la legge sul lavoro ha come obiettivo quello di regolare le relazioni di lavoro individuali e collettive , ma anche i diritti dei lavoratori in quanto tali , e delle rispettive organizzazioni . la definizione giuridica \u00e8 complementata da un \u2019 affermazione fatta a titolo d \u2019 esempio , ma che nel suo insieme include i punti fondamentali riconosciuti legalmente come a norma di legge .", "ptText": "a defini\u00e7\u00e3o de legisla\u00e7\u00e3o do trabalho adoptada pela lei n . 16 / 79 acolhe a distin\u00e7\u00e3o entre estas tr\u00eas camadas de legisla\u00e7\u00e3o . a legisla\u00e7\u00e3o do trabalho \u00e9 definida como a que visa regular as rela\u00e7\u00f5es individuais e colectivas de trabalho , bem como os direitos dos trabalhadores , enquanto tais , e das suas organiza\u00e7\u00f5es . a defini\u00e7\u00e3o legal \u00e9 completada por uma enuncia\u00e7\u00e3o feita a t\u00edtulo exemplificativo , mas que \u00e9 suficientemente ampla para abranger os n\u00facleos essenciais do que a lei define como legisla\u00e7\u00e3o do trabalho . \n", "relations": [{"id": "R108", "subj": {"type": "Non-human_Patient", "pt": {"text": "A defini\u00e7\u00e3o de legisla\u00e7\u00e3o do trabalho", "linguisticInfo": {"A": {"lemma": "A", "pos": "DET", "is_stop": true, "is_named": true}, "defini\u00e7\u00e3o": {"lemma": "defini\u00e7\u00e3o", "pos": "NOUN", "is_stop": false, "is_named": false}, "de": {"lemma": "de", "pos": "ADP", "is_stop": true, "is_named": false}, "legisla\u00e7\u00e3o": {"lemma": "legisla\u00e7\u00e3o", "pos": "NOUN", "is_stop": false, "is_named": false}, "do": {"lemma": "do", "pos": "ADP", "is_stop": true, "is_named": false}, "trabalho": {"lemma": "trabalhar", "pos": "NOUN", "is_stop": false, "is_named": false}}}, "it": {"text": "la definizione di legge sul lavoro", "linguisticInfo": {"la": {"lemma": "il", "pos": "RD", "is_stop": true, "is_named": false}, "definizione": {"lemma": "definizione", "pos": "S", "is_stop": false, "is_named": false}, "di": {"lemma": "di", "pos": "E", "is_stop": true, "is_named": false}, "legge": {"lemma": "legge", "pos": "S", "is_stop": false, "is_named": false}, "sul": {"lemma": "sul", "pos": "E_RD", "is_stop": true, "is_named": false}, "lavoro": {"lemma": "lavoro", "pos": "S", "is_stop": true, "is_named": false}}}}, "obj": {"type": "Event", "pt": {"text": "adoptada", "linguisticInfo": {"adoptada": {"lemma": "adoptar", "pos": "VERB", "is_stop": false, "is_named": false}}}, "it": {"text": "adottata", "linguisticInfo": {"adottata": {"lemma": "adottare", "pos": "A", "is_stop": false, "is_named": false}}}}}, {"id": "R112", "subj": {"type": "Non-human_Patient", "pt": {"text": "as rela\u00e7\u00f5es individuais e colectivas de trabalho , bem como os direitos dos trabalhadores , enquanto tais , e das suas organiza\u00e7\u00f5es", "linguisticInfo": {"as": {"lemma": "o", "pos": "DET", "is_stop": true, "is_named": false}, "rela\u00e7\u00f5es": {"lemma": "rela\u00e7\u00e3o", "pos": "NOUN", "is_stop": false, "is_named": false}, "individuais": {"lemma": "individuar", "pos": "ADJ", "is_stop": false, "is_named": false}, "e": {"lemma": "e", "pos": "CCONJ", "is_stop": true, "is_named": false}, "colectivas": {"lemma": "colectivo", "pos": "ADJ", "is_stop": false, "is_named": false}, "de": {"lemma": "de", "pos": "ADP", "is_stop": true, "is_named": false}, "trabalho": {"lemma": "trabalhar", "pos": "NOUN", "is_stop": false, "is_named": false}, ",": {"lemma": ",", "pos": "PUNCT", "is_stop": false, "is_named": false}, "bem": {"lemma": "bem", "pos": "ADP", "is_stop": true, "is_named": false}, "como": {"lemma": "comer", "pos": "ADV", "is_stop": true, "is_named": false}, "os": {"lemma": "o", "pos": "DET", "is_stop": true, "is_named": false}, "direitos": {"lemma": "direito", "pos": "NOUN", "is_stop": false, "is_named": false}, "dos": {"lemma": "dos", "pos": "ADP", "is_stop": true, "is_named": false}, "trabalhadores": {"lemma": "trabalhador", "pos": "NOUN", "is_stop": false, "is_named": false}, "enquanto": {"lemma": "enquanto", "pos": "ADV", "is_stop": true, "is_named": false}, "tais": {"lemma": "tal", "pos": "DET", "is_stop": true, "is_named": false}, "das": {"lemma": "das", "pos": "ADP", "is_stop": true, "is_named": false}, "suas": {"lemma": "suar", "pos": "DET", "is_stop": true, "is_named": false}, "organiza\u00e7\u00f5es": {"lemma": "organiza\u00e7\u00e3o", "pos": "NOUN", "is_stop": false, "is_named": false}}}, "it": {"text": "le relazioni di lavoro individuali e collettive , ma di legge .", "linguisticInfo": {"le": {"lemma": "il", "pos": "RD", "is_stop": true, "is_named": false}, "relazioni": {"lemma": "relazione", "pos": "S", "is_stop": false, "is_named": false}, "di": {"lemma": "di", "pos": "E", "is_stop": true, "is_named": false}, "lavoro": {"lemma": "lavoro", "pos": "S", "is_stop": true, "is_named": false}, "individuali": {"lemma": "individuale", "pos": "A", "is_stop": false, "is_named": false}, "e": {"lemma": "e", "pos": "CC", "is_stop": false, "is_named": false}, "collettive": {"lemma": "collettivo", "pos": "A", "is_stop": false, "is_named": false}, ",": {"lemma": ",", "pos": "FF", "is_stop": false, "is_named": false}, "ma": {"lemma": "ma", "pos": "CC", "is_stop": true, "is_named": false}, "legge": {"lemma": "legge", "pos": "S", "is_stop": false, "is_named": false}, ".": {"lemma": ".", "pos": "FS", "is_stop": false, "is_named": false}}}}, "obj": {"type": "Event", "pt": {"text": "regular", "linguisticInfo": {"regular": {"lemma": "regular", "pos": "ADJ", "is_stop": false, "is_named": false}}}, "it": {"text": "regolare", "linguisticInfo": {"regolare": {"lemma": "regolare", "pos": "V", "is_stop": false, "is_named": false}}}}}, {"id": "R113", "subj": {"type": "Non-human_Agent", "pt": {"text": "por uma enuncia\u00e7\u00e3o feita a t\u00edtulo exemplificativo , mas que \u00e9 suficientemente ampla para abranger os n\u00facleos essenciais do que a lei define como legisla\u00e7\u00e3o do trabalho", "linguisticInfo": {"por": {"lemma": "por", "pos": "ADP", "is_stop": true, "is_named": false}, "uma": {"lemma": "umar", "pos": "DET", "is_stop": true, "is_named": false}, "enuncia\u00e7\u00e3o": {"lemma": "enuncia\u00e7\u00e3o", "pos": "NOUN", "is_stop": false, "is_named": false}, "feita": {"lemma": "feito", "pos": "VERB", "is_stop": false, "is_named": false}, "a": {"lemma": "o", "pos": "DET", "is_stop": true, "is_named": false}, "t\u00edtulo": {"lemma": "t\u00edtulo", "pos": "NOUN", "is_stop": false, "is_named": false}, "exemplificativo": {"lemma": "exemplificativo", "pos": "ADJ", "is_stop": false, "is_named": false}, ",": {"lemma": ",", "pos": "PUNCT", "is_stop": false, "is_named": false}, "mas": {"lemma": "mas", "pos": "CCONJ", "is_stop": true, "is_named": false}, "que": {"lemma": "que", "pos": "PRON", "is_stop": true, "is_named": false}, "\u00e9": {"lemma": "ser", "pos": "AUX", "is_stop": true, "is_named": false}, "suficientemente": {"lemma": "suficientemente", "pos": "ADV", "is_stop": false, "is_named": false}, "ampla": {"lemma": "amplo", "pos": "VERB", "is_stop": false, "is_named": false}, "para": {"lemma": "parir", "pos": "SCONJ", "is_stop": true, "is_named": false}, "abranger": {"lemma": "abranger", "pos": "VERB", "is_stop": false, "is_named": false}, "os": {"lemma": "o", "pos": "DET", "is_stop": true, "is_named": false}, "n\u00facleos": {"lemma": "n\u00facleo", "pos": "NOUN", "is_stop": false, "is_named": false}, "essenciais": {"lemma": "essencial", "pos": "ADJ", "is_stop": false, "is_named": false}, "do": {"lemma": "do", "pos": "ADP", "is_stop": true, "is_named": false}, "lei": {"lemma": "lei", "pos": "NOUN", "is_stop": false, "is_named": false}, "define": {"lemma": "definir", "pos": "VERB", "is_stop": false, "is_named": false}, "como": {"lemma": "comer", "pos": "ADP", "is_stop": true, "is_named": false}, "legisla\u00e7\u00e3o": {"lemma": "legisla\u00e7\u00e3o", "pos": "NOUN", "is_stop": false, "is_named": false}, "trabalho": {"lemma": "trabalhar", "pos": "NOUN", "is_stop": false, "is_named": false}}}, "it": {"text": "da un \u2019 affermazione fatta a titolo d \u2019 esempio , ma che nel suo", "linguisticInfo": {"da": {"lemma": "da", "pos": "E", "is_stop": true, "is_named": false}, "un": {"lemma": "uno", "pos": "RI", "is_stop": true, "is_named": false}, "\u2019": {"lemma": "\u2019", "pos": "V", "is_stop": false, "is_named": false}, "affermazione": {"lemma": "affermazione", "pos": "S", "is_stop": false, "is_named": false}, "fatta": {"lemma": "fare", "pos": "V", "is_stop": false, "is_named": false}, "a": {"lemma": "a", "pos": "E", "is_stop": true, "is_named": false}, "titolo": {"lemma": "titolo", "pos": "S", "is_stop": true, "is_named": false}, "d": {"lemma": "d", "pos": "SP", "is_stop": false, "is_named": false}, "esempio": {"lemma": "esempio", "pos": "S", "is_stop": true, "is_named": false}, ",": {"lemma": ",", "pos": "FF", "is_stop": false, "is_named": false}, "ma": {"lemma": "ma", "pos": "CC", "is_stop": true, "is_named": false}, "che": {"lemma": "che", "pos": "PR", "is_stop": true, "is_named": false}, "nel": {"lemma": "nel", "pos": "E_RD", "is_stop": true, "is_named": false}, "suo": {"lemma": "suo", "pos": "AP", "is_stop": true, "is_named": false}}}}, "obj": {"type": "Event", "pt": {"text": "\u00e9 completada", "linguisticInfo": {"\u00e9": {"lemma": "ser", "pos": "AUX", "is_stop": true, "is_named": false}, "completada": {"lemma": "completar", "pos": "VERB", "is_stop": false, "is_named": false}}}, "it": {"text": "\u00e8 complementata", "linguisticInfo": {"\u00e8": {"lemma": "essere", "pos": "VA", "is_stop": false, "is_named": false}, "complementata": {"lemma": "complementare", "pos": "V", "is_stop": false, "is_named": false}}}}}, {"id": "R114", "subj": {"type": "Non-human_Patient", "pt": {"text": "A defini\u00e7\u00e3o legal", "linguisticInfo": {"A": {"lemma": "A", "pos": "DET", "is_stop": true, "is_named": true}, "defini\u00e7\u00e3o": {"lemma": "defini\u00e7\u00e3o", "pos": "NOUN", "is_stop": false, "is_named": false}, "legal": {"lemma": "legal", "pos": "ADJ", "is_stop": false, "is_named": false}}}, "it": {"text": "la definizione giuridica", "linguisticInfo": {"la": {"lemma": "il", "pos": "RD", "is_stop": true, "is_named": false}, "definizione": {"lemma": "definizione", "pos": "S", "is_stop": false, "is_named": false}, "giuridica": {"lemma": "giuridico", "pos": "A", "is_stop": false, "is_named": false}}}}, "obj": {"type": "Event", "pt": {"text": "\u00e9 completada", "linguisticInfo": {"\u00e9": {"lemma": "ser", "pos": "AUX", "is_stop": true, "is_named": false}, "completada": {"lemma": "completar", "pos": "VERB", "is_stop": false, "is_named": false}}}, "it": {"text": "\u00e8 complementata", "linguisticInfo": {"\u00e8": {"lemma": "essere", "pos": "VA", "is_stop": false, "is_named": false}, "complementata": {"lemma": "complementare", "pos": "V", "is_stop": false, "is_named": false}}}}}, {"id": "R115", "subj": {"type": "Non-human_Patient", "pt": {"text": "uma enuncia\u00e7\u00e3o", "linguisticInfo": {"uma": {"lemma": "umar", "pos": "DET", "is_stop": true, "is_named": false}, "enuncia\u00e7\u00e3o": {"lemma": "enuncia\u00e7\u00e3o", "pos": "NOUN", "is_stop": false, "is_named": false}}}, "it": {"text": "un affermazione", "linguisticInfo": {"un": {"lemma": "uno", "pos": "RI", "is_stop": true, "is_named": false}, "affermazione": {"lemma": "affermazione", "pos": "S", "is_stop": false, "is_named": false}}}}, "obj": {"type": "Event", "pt": {"text": "feita", "linguisticInfo": {"feita": {"lemma": "feito", "pos": "VERB", "is_stop": false, "is_named": false}}}, "it": {"text": "fatta", "linguisticInfo": {"fatta": {"lemma": "fare", "pos": "V", "is_stop": false, "is_named": false}}}}}, {"id": "R117", "subj": {"type": "Non-human_Patient", "pt": {"text": "os n\u00facleos essenciais do que a lei define como legisla\u00e7\u00e3o do trabalho", "linguisticInfo": {"os": {"lemma": "o", "pos": "DET", "is_stop": true, "is_named": false}, "n\u00facleos": {"lemma": "n\u00facleo", "pos": "NOUN", "is_stop": false, "is_named": false}, "essenciais": {"lemma": "essencial", "pos": "ADJ", "is_stop": false, "is_named": false}, "do": {"lemma": "do", "pos": "ADP", "is_stop": true, "is_named": false}, "que": {"lemma": "que", "pos": "PRON", "is_stop": true, "is_named": false}, "a": {"lemma": "o", "pos": "DET", "is_stop": true, "is_named": false}, "lei": {"lemma": "lei", "pos": "NOUN", "is_stop": false, "is_named": false}, "define": {"lemma": "definir", "pos": "VERB", "is_stop": false, "is_named": false}, "como": {"lemma": "comer", "pos": "ADP", "is_stop": true, "is_named": false}, "legisla\u00e7\u00e3o": {"lemma": "legisla\u00e7\u00e3o", "pos": "NOUN", "is_stop": false, "is_named": false}, "trabalho": {"lemma": "trabalhar", "pos": "NOUN", "is_stop": false, "is_named": false}}}, "it": {"text": "i diritti dei complementata da un", "linguisticInfo": {"i": {"lemma": "il", "pos": "RD", "is_stop": false, "is_named": false}, "diritti": {"lemma": "diritto", "pos": "S", "is_stop": false, "is_named": false}, "dei": {"lemma": "del", "pos": "E_RD", "is_stop": true, "is_named": false}, "complementata": {"lemma": "complementare", "pos": "V", "is_stop": false, "is_named": false}, "da": {"lemma": "da", "pos": "E", "is_stop": true, "is_named": false}, "un": {"lemma": "uno", "pos": "RI", "is_stop": true, "is_named": false}}}}, "obj": {"type": "Event", "pt": {"text": "abranger", "linguisticInfo": {"abranger": {"lemma": "abranger", "pos": "VERB", "is_stop": false, "is_named": false}}}, "it": {"text": "complementata", "linguisticInfo": {"complementata": {"lemma": "complementare", "pos": "V", "is_stop": false, "is_named": false}}}}}, {"id": "R118", "subj": {"type": "Non-human_Oth_participant", "pt": {"text": "como legisla\u00e7\u00e3o do trabalho", "linguisticInfo": {"como": {"lemma": "comer", "pos": "ADP", "is_stop": true, "is_named": false}, "legisla\u00e7\u00e3o": {"lemma": "legisla\u00e7\u00e3o", "pos": "NOUN", "is_stop": false, "is_named": false}, "do": {"lemma": "do", "pos": "ADP", "is_stop": true, "is_named": false}, "trabalho": {"lemma": "trabalhar", "pos": "NOUN", "is_stop": false, "is_named": false}}}, "it": {"text": "legalmente come a", "linguisticInfo": {"legalmente": {"lemma": "legalmente", "pos": "B", "is_stop": false, "is_named": false}, "come": {"lemma": "come", "pos": "E", "is_stop": true, "is_named": false}, "a": {"lemma": "a", "pos": "E", "is_stop": true, "is_named": false}}}}, "obj": {"type": "Event", "pt": {"text": "define", "linguisticInfo": {"define": {"lemma": "definir", "pos": "VERB", "is_stop": false, "is_named": false}}}, "it": {"text": "n.16", "linguisticInfo": {"n.16": {"lemma": "n.16", "pos": "RD", "is_stop": false, "is_named": false}}}}}, {"id": "R120", "subj": {"type": "Non-human_Agent", "pt": {"text": "a lei", "linguisticInfo": {"a": {"lemma": "o", "pos": "DET", "is_stop": true, "is_named": false}, "lei": {"lemma": "lei", "pos": "NOUN", "is_stop": false, "is_named": false}}}, "it": {"text": "legge", "linguisticInfo": {"legge": {"lemma": "legge", "pos": "S", "is_stop": false, "is_named": false}}}}, "obj": {"type": "Event", "pt": {"text": "define", "linguisticInfo": {"define": {"lemma": "definir", "pos": "VERB", "is_stop": false, "is_named": false}}}, "it": {"text": "n.16", "linguisticInfo": {"n.16": {"lemma": "n.16", "pos": "RD", "is_stop": false, "is_named": false}}}}}]}}