{"sentences_0": {"itText": "NULL nel corso della conferenza annuale della commissione internazionale sulla caccia alle balene , iniziata ieri a brighton , in inghilterra , la corrente di pensiero che invoca misure di protezione a difesa delle balene ne \u00e8 uscita rafforzata vedendo , ora pi\u00f9 che mai , accettata l \u2019 idea che \u00e8 possibile raggiungere il consenso necessario per l \u2019 approvazione di una moratoria in merito alle operazioni di caccia commerciale alla balena .", "ptText": "a posi\u00e7\u00e3o dos que defendem medidas tendentes a proteger a baleia refor\u00e7ou -se ultimamente , admitindo -se agora que seja poss\u00edvel conseguir -se o consenso necess\u00e1rio \u00e0 instaura\u00e7\u00e3o de uma morat\u00f3ria para opera\u00e7\u00f5es de ca\u00e7a \u00e0 baleia para fins comerciais , no decurso da confer\u00eancia anual da comiss\u00e3o internacional da ca\u00e7a \u00e0 baleia , iniciada ontem em brighton , inglaterra . \n", "relations": [{"id": "R2", "subj": {"type": "Geo_location", "pt": {"text": "em Brighton , Inglaterra", "linguisticInfo": {"em": {"lemma": "em", "pos": "ADP", "is_stop": true, "is_named": false}, "Brighton": {"lemma": "Brighton", "pos": "PROPN", "is_stop": false, "is_named": true}, ",": {"lemma": ",", "pos": "PUNCT", "is_stop": false, "is_named": false}, "Inglaterra": {"lemma": "Inglaterra", "pos": "PROPN", "is_stop": false, "is_named": true}}}, "it": {"text": "a brighton , inghilterra", "linguisticInfo": {"a": {"lemma": "a", "pos": "E", "is_stop": true, "is_named": false}, "brighton": {"lemma": "brighton", "pos": "SP", "is_stop": false, "is_named": false}, ",": {"lemma": ",", "pos": "FF", "is_stop": false, "is_named": false}, "inghilterra": {"lemma": "inghilterra", "pos": "SP", "is_stop": false, "is_named": false}}}}, "obj": {"type": "Event", "pt": {"text": "iniciada", "linguisticInfo": {"iniciada": {"lemma": "iniciar", "pos": "VERB", "is_stop": false, "is_named": false}}}, "it": {"text": "iniziata", "linguisticInfo": {"iniziata": {"lemma": "iniziare", "pos": "V", "is_stop": false, "is_named": false}}}}}, {"id": "R3", "subj": {"type": "Time", "pt": {"text": "ontem", "linguisticInfo": {"ontem": {"lemma": "ontem", "pos": "ADV", "is_stop": true, "is_named": false}}}, "it": {"text": "ieri", "linguisticInfo": {"ieri": {"lemma": "ieri", "pos": "B", "is_stop": true, "is_named": false}}}}, "obj": {"type": "Event", "pt": {"text": "iniciada", "linguisticInfo": {"iniciada": {"lemma": "iniciar", "pos": "VERB", "is_stop": false, "is_named": false}}}, "it": {"text": "iniziata", "linguisticInfo": {"iniziata": {"lemma": "iniziare", "pos": "V", "is_stop": false, "is_named": false}}}}}, {"id": "R29", "subj": {"type": "Non-human_Oth_participant", "pt": {"text": "para fins comerciais", "linguisticInfo": {"para": {"lemma": "parir", "pos": "ADP", "is_stop": true, "is_named": false}, "fins": {"lemma": "fim", "pos": "NOUN", "is_stop": false, "is_named": false}, "comerciais": {"lemma": "comerciar", "pos": "ADJ", "is_stop": false, "is_named": false}}}, "it": {"text": "per fini commerciali", "linguisticInfo": {"per": {"lemma": "per", "pos": "E", "is_stop": true, "is_named": false}, "fini": {"lemma": "fine", "pos": "S", "is_stop": false, "is_named": false}, "commerciali": {"lemma": "commerciale", "pos": "A", "is_stop": false, "is_named": false}}}}, "obj": {"type": "Event", "pt": {"text": "opera\u00e7\u00f5es de ca\u00e7a", "linguisticInfo": {"opera\u00e7\u00f5es": {"lemma": "opera\u00e7\u00e3o", "pos": "NOUN", "is_stop": false, "is_named": false}, "de": {"lemma": "de", "pos": "ADP", "is_stop": true, "is_named": false}, "ca\u00e7a": {"lemma": "ca\u00e7ar", "pos": "NOUN", "is_stop": false, "is_named": false}}}, "it": {"text": "operazioni di caccia", "linguisticInfo": {"operazioni": {"lemma": "operazione", "pos": "S", "is_stop": false, "is_named": false}, "di": {"lemma": "di", "pos": "E", "is_stop": true, "is_named": false}, "caccia": {"lemma": "caccia", "pos": "S", "is_stop": false, "is_named": false}}}}}, {"id": "R30", "subj": {"type": "Non-human_Patient", "pt": {"text": "\u00e0 baleia", "linguisticInfo": {"\u00e0": {"lemma": "\u00e0", "pos": "ADP", "is_stop": true, "is_named": false}, "baleia": {"lemma": "balear", "pos": "NOUN", "is_stop": false, "is_named": false}}}, "it": {"text": "alle balene", "linguisticInfo": {"alle": {"lemma": "alla", "pos": "E_RD", "is_stop": true, "is_named": false}, "balene": {"lemma": "balena", "pos": "S", "is_stop": false, "is_named": false}}}}, "obj": {"type": "Event", "pt": {"text": "opera\u00e7\u00f5es de ca\u00e7a", "linguisticInfo": {"opera\u00e7\u00f5es": {"lemma": "opera\u00e7\u00e3o", "pos": "NOUN", "is_stop": false, "is_named": false}, "de": {"lemma": "de", "pos": "ADP", "is_stop": true, "is_named": false}, "ca\u00e7a": {"lemma": "ca\u00e7ar", "pos": "NOUN", "is_stop": false, "is_named": false}}}, "it": {"text": "operazioni di caccia", "linguisticInfo": {"operazioni": {"lemma": "operazione", "pos": "S", "is_stop": false, "is_named": false}, "di": {"lemma": "di", "pos": "E", "is_stop": true, "is_named": false}, "caccia": {"lemma": "caccia", "pos": "S", "is_stop": false, "is_named": false}}}}}]}, "sentences_1": {"itText": "NULL la scenario di una possibile risoluzione che preservi le balene dall \u2019 estinzione causata dalle operazioni di caccia \u00e8 diventato sempre pi\u00f9 concreto dopo l \u2019 adesione di nuovi paesi al gruppo di nazioni che , fino ad oggi , si sono schierati a difesa della conservazione dei cetacei ; attualmente restano solo sette paesi che continuano a sfruttare la caccia alle balene per fini commerciali - l \u2019 unione sovietica , il giappone , la norvegia , l \u2019 islanda , la spagna e il per\u00f9 .", "ptText": "a perspectiva de uma resolu\u00e7\u00e3o que defenda as baleias de potencial extin\u00e7\u00e3o atrav\u00e9s de opera\u00e7\u00f5es de ca\u00e7a , aumentou com a ades\u00e3o de novos pa\u00edses ao grupo de na\u00e7\u00f5es que at\u00e9 agora t\u00eam mantido posi\u00e7\u00f5es em defesa da conserva\u00e7\u00e3o destes cet\u00e1ceos , restando , presentemente , apenas sete pa\u00edses que continuam a explorar a ca\u00e7a \u00e0 baleia para fins comerciais - uni\u00e3o sovitica , jap\u00e3o , noruega , isl\u00e2ndia , dinamarca , espanha e peru . \n", "relations": [{"id": "R7", "subj": {"type": "Non-human_Oth_participant", "pt": {"text": "com a ades\u00e3o de novos pa\u00edses ao grupo de na\u00e7\u00f5es que at\u00e9 agora t\u00eam mantido posi\u00e7\u00f5es em defesa da conserva\u00e7\u00e3o destes cet\u00e1ceos", "linguisticInfo": {"com": {"lemma": "com", "pos": "ADP", "is_stop": true, "is_named": false}, "a": {"lemma": "o", "pos": "DET", "is_stop": true, "is_named": false}, "ades\u00e3o": {"lemma": "ades\u00e3o", "pos": "NOUN", "is_stop": false, "is_named": false}, "de": {"lemma": "de", "pos": "ADP", "is_stop": true, "is_named": false}, "novos": {"lemma": "novo", "pos": "ADJ", "is_stop": true, "is_named": false}, "pa\u00edses": {"lemma": "pa\u00eds", "pos": "NOUN", "is_stop": false, "is_named": false}, "ao": {"lemma": "ao", "pos": "ADP", "is_stop": true, "is_named": false}, "grupo": {"lemma": "grupar", "pos": "NOUN", "is_stop": true, "is_named": false}, "na\u00e7\u00f5es": {"lemma": "na\u00e7\u00e3o", "pos": "NOUN", "is_stop": false, "is_named": false}, "que": {"lemma": "que", "pos": "PRON", "is_stop": true, "is_named": false}, "at\u00e9": {"lemma": "at\u00e9", "pos": "ADP", "is_stop": true, "is_named": false}, "agora": {"lemma": "agora", "pos": "ADV", "is_stop": true, "is_named": false}, "t\u00eam": {"lemma": "ter", "pos": "AUX", "is_stop": true, "is_named": false}, "mantido": {"lemma": "manter", "pos": "VERB", "is_stop": false, "is_named": false}, "posi\u00e7\u00f5es": {"lemma": "posi\u00e7\u00e3o", "pos": "NOUN", "is_stop": false, "is_named": false}, "em": {"lemma": "em", "pos": "ADP", "is_stop": true, "is_named": false}, "defesa": {"lemma": "defeso", "pos": "NOUN", "is_stop": false, "is_named": false}, "da": {"lemma": "da", "pos": "ADP", "is_stop": true, "is_named": false}, "conserva\u00e7\u00e3o": {"lemma": "conserva\u00e7\u00e3o", "pos": "NOUN", "is_stop": false, "is_named": false}, "destes": {"lemma": "dar", "pos": "ADP", "is_stop": false, "is_named": false}, "cet\u00e1ceos": {"lemma": "cet\u00e1ceo", "pos": "NOUN", "is_stop": false, "is_named": false}}}, "it": {"text": "preservi le balene l \u2019 adesione di nuovi paesi al gruppo di nazioni che , fino ad oggi", "linguisticInfo": {"preservi": {"lemma": "preservare", "pos": "V", "is_stop": false, "is_named": false}, "le": {"lemma": "il", "pos": "RD", "is_stop": true, "is_named": false}, "balene": {"lemma": "balena", "pos": "S", "is_stop": false, "is_named": false}, "l": {"lemma": "l", "pos": "RD", "is_stop": false, "is_named": false}, "\u2019": {"lemma": "\u2019", "pos": "NO", "is_stop": false, "is_named": false}, "adesione": {"lemma": "adesione", "pos": "S", "is_stop": false, "is_named": false}, "di": {"lemma": "di", "pos": "E", "is_stop": true, "is_named": false}, "nuovi": {"lemma": "nuovo", "pos": "A", "is_stop": false, "is_named": false}, "paesi": {"lemma": "paese", "pos": "S", "is_stop": false, "is_named": false}, "al": {"lemma": "al", "pos": "E_RD", "is_stop": true, "is_named": false}, "gruppo": {"lemma": "gruppo", "pos": "S", "is_stop": true, "is_named": false}, "nazioni": {"lemma": "nazione", "pos": "S", "is_stop": false, "is_named": false}, "che": {"lemma": "che", "pos": "PR", "is_stop": true, "is_named": false}, ",": {"lemma": ",", "pos": "FF", "is_stop": false, "is_named": false}, "fino": {"lemma": "fino", "pos": "B", "is_stop": true, "is_named": false}, "ad": {"lemma": "ad", "pos": "E", "is_stop": true, "is_named": false}, "oggi": {"lemma": "oggi", "pos": "B", "is_stop": true, "is_named": false}}}}, "obj": {"type": "Event", "pt": {"text": "aumentou", "linguisticInfo": {"aumentou": {"lemma": "aumentar", "pos": "VERB", "is_stop": false, "is_named": false}}}, "it": {"text": "preservi", "linguisticInfo": {"preservi": {"lemma": "preservare", "pos": "V_B", "is_stop": false, "is_named": false}}}}}, {"id": "R8", "subj": {"type": "Human_Agent", "pt": {"text": "novos pa\u00edses", "linguisticInfo": {"novos": {"lemma": "novo", "pos": "ADJ", "is_stop": true, "is_named": false}, "pa\u00edses": {"lemma": "pa\u00eds", "pos": "NOUN", "is_stop": false, "is_named": false}}}, "it": {"text": "nuovi paesi", "linguisticInfo": {"nuovi": {"lemma": "nuovo", "pos": "A", "is_stop": false, "is_named": false}, "paesi": {"lemma": "paese", "pos": "S", "is_stop": false, "is_named": false}}}}, "obj": {"type": "Event", "pt": {"text": "a ades\u00e3o", "linguisticInfo": {"a": {"lemma": "o", "pos": "DET", "is_stop": true, "is_named": false}, "ades\u00e3o": {"lemma": "ades\u00e3o", "pos": "NOUN", "is_stop": false, "is_named": false}}}, "it": {"text": "l adesione", "linguisticInfo": {"l": {"lemma": "l", "pos": "RD", "is_stop": false, "is_named": false}, "adesione": {"lemma": "adesione", "pos": "S", "is_stop": false, "is_named": false}}}}}, {"id": "R9", "subj": {"type": "Human_Oth_participant", "pt": {"text": "ao grupo de na\u00e7\u00f5es que at\u00e9 agora t\u00eam mantido posi\u00e7\u00f5es em defesa da conserva\u00e7\u00e3o destes cet\u00e1ceos", "linguisticInfo": {"ao": {"lemma": "ao", "pos": "ADP", "is_stop": true, "is_named": false}, "grupo": {"lemma": "grupar", "pos": "NOUN", "is_stop": true, "is_named": false}, "de": {"lemma": "de", "pos": "ADP", "is_stop": true, "is_named": false}, "na\u00e7\u00f5es": {"lemma": "na\u00e7\u00e3o", "pos": "NOUN", "is_stop": false, "is_named": false}, "que": {"lemma": "que", "pos": "PRON", "is_stop": true, "is_named": false}, "at\u00e9": {"lemma": "at\u00e9", "pos": "ADP", "is_stop": true, "is_named": false}, "agora": {"lemma": "agora", "pos": "ADV", "is_stop": true, "is_named": false}, "t\u00eam": {"lemma": "ter", "pos": "AUX", "is_stop": true, "is_named": false}, "mantido": {"lemma": "manter", "pos": "VERB", "is_stop": false, "is_named": false}, "posi\u00e7\u00f5es": {"lemma": "posi\u00e7\u00e3o", "pos": "NOUN", "is_stop": false, "is_named": false}, "em": {"lemma": "em", "pos": "ADP", "is_stop": true, "is_named": false}, "defesa": {"lemma": "defeso", "pos": "NOUN", "is_stop": false, "is_named": false}, "da": {"lemma": "da", "pos": "ADP", "is_stop": true, "is_named": false}, "conserva\u00e7\u00e3o": {"lemma": "conserva\u00e7\u00e3o", "pos": "NOUN", "is_stop": false, "is_named": false}, "destes": {"lemma": "dar", "pos": "ADP", "is_stop": false, "is_named": false}, "cet\u00e1ceos": {"lemma": "cet\u00e1ceo", "pos": "NOUN", "is_stop": false, "is_named": false}}}, "it": {"text": "al gruppo di nazioni che , fino ad oggi", "linguisticInfo": {"al": {"lemma": "al", "pos": "E_RD", "is_stop": true, "is_named": false}, "gruppo": {"lemma": "gruppo", "pos": "S", "is_stop": true, "is_named": false}, "di": {"lemma": "di", "pos": "E", "is_stop": true, "is_named": false}, "nazioni": {"lemma": "nazione", "pos": "S", "is_stop": false, "is_named": false}, "che": {"lemma": "che", "pos": "PR", "is_stop": true, "is_named": false}, ",": {"lemma": ",", "pos": "FF", "is_stop": false, "is_named": false}, "fino": {"lemma": "fino", "pos": "B", "is_stop": true, "is_named": false}, "ad": {"lemma": "ad", "pos": "E", "is_stop": true, "is_named": false}, "oggi": {"lemma": "oggi", "pos": "B", "is_stop": true, "is_named": false}}}}, "obj": {"type": "Event", "pt": {"text": "a ades\u00e3o", "linguisticInfo": {"a": {"lemma": "o", "pos": "DET", "is_stop": true, "is_named": false}, "ades\u00e3o": {"lemma": "ades\u00e3o", "pos": "NOUN", "is_stop": false, "is_named": false}}}, "it": {"text": "l adesione", "linguisticInfo": {"l": {"lemma": "l", "pos": "RD", "is_stop": false, "is_named": false}, "adesione": {"lemma": "adesione", "pos": "S", "is_stop": false, "is_named": false}}}}}, {"id": "R10", "subj": {"type": "Non-human_Patient", "pt": {"text": "\u00e0 baleia", "linguisticInfo": {"\u00e0": {"lemma": "\u00e0", "pos": "ADP", "is_stop": true, "is_named": false}, "baleia": {"lemma": "balear", "pos": "NOUN", "is_stop": false, "is_named": false}}}, "it": {"text": "alle balene", "linguisticInfo": {"alle": {"lemma": "alla", "pos": "E_RD", "is_stop": true, "is_named": false}, "balene": {"lemma": "balena", "pos": "S", "is_stop": false, "is_named": false}}}}, "obj": {"type": "Event", "pt": {"text": "a ca\u00e7a", "linguisticInfo": {"a": {"lemma": "o", "pos": "DET", "is_stop": true, "is_named": false}, "ca\u00e7a": {"lemma": "ca\u00e7ar", "pos": "NOUN", "is_stop": false, "is_named": false}}}, "it": {"text": "la caccia", "linguisticInfo": {"la": {"lemma": "il", "pos": "RD", "is_stop": true, "is_named": false}, "caccia": {"lemma": "caccia", "pos": "S", "is_stop": false, "is_named": false}}}}}, {"id": "R11", "subj": {"type": "Oth_argument", "pt": {"text": "para fins comerciais", "linguisticInfo": {"para": {"lemma": "parir", "pos": "ADP", "is_stop": true, "is_named": false}, "fins": {"lemma": "fim", "pos": "NOUN", "is_stop": false, "is_named": false}, "comerciais": {"lemma": "comerciar", "pos": "ADJ", "is_stop": false, "is_named": false}}}, "it": {"text": "per fini commerciali", "linguisticInfo": {"per": {"lemma": "per", "pos": "E", "is_stop": true, "is_named": false}, "fini": {"lemma": "fine", "pos": "S", "is_stop": false, "is_named": false}, "commerciali": {"lemma": "commerciale", "pos": "A", "is_stop": false, "is_named": false}}}}, "obj": {"type": "Event", "pt": {"text": "a explorar", "linguisticInfo": {"a": {"lemma": "o", "pos": "SCONJ", "is_stop": true, "is_named": false}, "explorar": {"lemma": "explorar", "pos": "VERB", "is_stop": false, "is_named": false}}}, "it": {"text": "a sfruttare", "linguisticInfo": {"a": {"lemma": "a", "pos": "E", "is_stop": true, "is_named": false}, "sfruttare": {"lemma": "sfruttare", "pos": "V", "is_stop": false, "is_named": false}}}}}, {"id": "R29", "subj": {"type": "Non-human_Oth_participant", "pt": {"text": "para fins comerciais", "linguisticInfo": {"para": {"lemma": "parir", "pos": "ADP", "is_stop": true, "is_named": false}, "fins": {"lemma": "fim", "pos": "NOUN", "is_stop": false, "is_named": false}, "comerciais": {"lemma": "comerciar", "pos": "ADJ", "is_stop": false, "is_named": false}}}, "it": {"text": "per fini commerciali", "linguisticInfo": {"per": {"lemma": "per", "pos": "E", "is_stop": true, "is_named": false}, "fini": {"lemma": "fine", "pos": "S", "is_stop": false, "is_named": false}, "commerciali": {"lemma": "commerciale", "pos": "A", "is_stop": false, "is_named": false}}}}, "obj": {"type": "Event", "pt": {"text": "opera\u00e7\u00f5es de ca\u00e7a", "linguisticInfo": {"opera\u00e7\u00f5es": {"lemma": "opera\u00e7\u00e3o", "pos": "NOUN", "is_stop": false, "is_named": false}, "de": {"lemma": "de", "pos": "ADP", "is_stop": true, "is_named": false}, "ca\u00e7a": {"lemma": "ca\u00e7ar", "pos": "NOUN", "is_stop": false, "is_named": false}}}, "it": {"text": "operazioni di caccia", "linguisticInfo": {"operazioni": {"lemma": "operazione", "pos": "S", "is_stop": false, "is_named": false}, "di": {"lemma": "di", "pos": "E", "is_stop": true, "is_named": false}, "caccia": {"lemma": "caccia", "pos": "S", "is_stop": false, "is_named": false}}}}}, {"id": "R30", "subj": {"type": "Non-human_Patient", "pt": {"text": "\u00e0 baleia", "linguisticInfo": {"\u00e0": {"lemma": "\u00e0", "pos": "ADP", "is_stop": true, "is_named": false}, "baleia": {"lemma": "balear", "pos": "NOUN", "is_stop": false, "is_named": false}}}, "it": {"text": "alle balene", "linguisticInfo": {"alle": {"lemma": "alla", "pos": "E_RD", "is_stop": true, "is_named": false}, "balene": {"lemma": "balena", "pos": "S", "is_stop": false, "is_named": false}}}}, "obj": {"type": "Event", "pt": {"text": "opera\u00e7\u00f5es de ca\u00e7a", "linguisticInfo": {"opera\u00e7\u00f5es": {"lemma": "opera\u00e7\u00e3o", "pos": "NOUN", "is_stop": false, "is_named": false}, "de": {"lemma": "de", "pos": "ADP", "is_stop": true, "is_named": false}, "ca\u00e7a": {"lemma": "ca\u00e7ar", "pos": "NOUN", "is_stop": false, "is_named": false}}}, "it": {"text": "operazioni di caccia", "linguisticInfo": {"operazioni": {"lemma": "operazione", "pos": "S", "is_stop": false, "is_named": false}, "di": {"lemma": "di", "pos": "E", "is_stop": true, "is_named": false}, "caccia": {"lemma": "caccia", "pos": "S", "is_stop": false, "is_named": false}}}}}, {"id": "R5", "subj": {"type": "Non-human_Patient", "pt": {"text": "a ca\u00e7a \u00e0 baleia", "linguisticInfo": {"a": {"lemma": "o", "pos": "DET", "is_stop": true, "is_named": false}, "ca\u00e7a": {"lemma": "ca\u00e7ar", "pos": "NOUN", "is_stop": false, "is_named": false}, "\u00e0": {"lemma": "\u00e0", "pos": "ADP", "is_stop": true, "is_named": false}, "baleia": {"lemma": "balear", "pos": "NOUN", "is_stop": false, "is_named": false}}}, "it": {"text": "la caccia alle balene", "linguisticInfo": {"la": {"lemma": "il", "pos": "RD", "is_stop": true, "is_named": false}, "caccia": {"lemma": "caccia", "pos": "S", "is_stop": false, "is_named": false}, "alle": {"lemma": "alla", "pos": "E_RD", "is_stop": true, "is_named": false}, "balene": {"lemma": "balena", "pos": "S", "is_stop": false, "is_named": false}}}}, "obj": {"type": "Event", "pt": {"text": "a explorar", "linguisticInfo": {"a": {"lemma": "o", "pos": "SCONJ", "is_stop": true, "is_named": false}, "explorar": {"lemma": "explorar", "pos": "VERB", "is_stop": false, "is_named": false}}}, "it": {"text": "a sfruttare", "linguisticInfo": {"a": {"lemma": "a", "pos": "E", "is_stop": true, "is_named": false}, "sfruttare": {"lemma": "sfruttare", "pos": "V", "is_stop": false, "is_named": false}}}}}]}, "sentences_2": {"itText": "NULL nonostante la fazione che si oppone alla persecuzione dei cetacei per fini commerciali sia in crescita , l \u2019 esito a favore di quest \u2019 ultimi restava , fino a ieri , piuttosto in bilico , nella misura in cui continuava a dipendere dalla possibile astensione al voto di trentotto dei partecipanti , in una votazione per cui \u00e8 necessario per lo meno tre quarti dei voti a favore delle risoluzioni a difesa delle balena .", "ptText": "todavia , e n\u00e3o obstante o fortalecimento do campo dos que se op\u00f5em \u00e0 persegui\u00e7\u00e3o dos cet\u00e1ceos para efeitos meramente comerciais , o resultado a favor destes \u00faltimos apresentava -se , ainda ontem , um tanto problem\u00e1tico , dependendo o resultado da posi\u00e7\u00e3o abstencionista dos trinta e oito participantes numa vota\u00e7\u00e3o em que ser\u00e1 preciso que tr\u00eas quartos se mostrem favor\u00e1veis a resolu\u00e7\u00f5es em defesa da baleia . \n", "relations": [{"id": "R17", "subj": {"type": "Non-human_Oth_participant", "pt": {"text": "que tr\u00eas quartos se mostrem favor\u00e1veis a resolu\u00e7\u00f5es em defesa da baleia", "linguisticInfo": {"que": {"lemma": "que", "pos": "SCONJ", "is_stop": true, "is_named": false}, "tr\u00eas": {"lemma": "tr\u00eas", "pos": "NUM", "is_stop": true, "is_named": false}, "quartos": {"lemma": "quarto", "pos": "NOUN", "is_stop": false, "is_named": false}, "se": {"lemma": "se", "pos": "PRON", "is_stop": true, "is_named": false}, "mostrem": {"lemma": "mostrar", "pos": "VERB", "is_stop": false, "is_named": false}, "favor\u00e1veis": {"lemma": "favor\u00e1vel", "pos": "ADJ", "is_stop": false, "is_named": false}, "a": {"lemma": "o", "pos": "ADP", "is_stop": true, "is_named": false}, "resolu\u00e7\u00f5es": {"lemma": "resolu\u00e7\u00e3o", "pos": "NOUN", "is_stop": false, "is_named": false}, "em": {"lemma": "em", "pos": "ADP", "is_stop": true, "is_named": false}, "defesa": {"lemma": "defeso", "pos": "NOUN", "is_stop": false, "is_named": false}, "da": {"lemma": "da", "pos": "ADP", "is_stop": true, "is_named": false}, "baleia": {"lemma": "balear", "pos": "NOUN", "is_stop": false, "is_named": false}}}, "it": {"text": "nonostante la tre quarti dei voti", "linguisticInfo": {"nonostante": {"lemma": "nonostante", "pos": "E", "is_stop": true, "is_named": false}, "la": {"lemma": "il", "pos": "RD", "is_stop": true, "is_named": false}, "tre": {"lemma": "tre", "pos": "N", "is_stop": true, "is_named": false}, "quarti": {"lemma": "quarto", "pos": "NO", "is_stop": false, "is_named": false}, "dei": {"lemma": "del", "pos": "E_RD", "is_stop": true, "is_named": false}, "voti": {"lemma": "voto", "pos": "S", "is_stop": false, "is_named": false}}}}, "obj": {"type": "Event", "pt": {"text": "ser\u00e1 preciso", "linguisticInfo": {"ser\u00e1": {"lemma": "ser", "pos": "AUX", "is_stop": false, "is_named": false}, "preciso": {"lemma": "precisar", "pos": "ADJ", "is_stop": false, "is_named": false}}}, "it": {"text": "\u00e8 necessario", "linguisticInfo": {"\u00e8": {"lemma": "essere", "pos": "V", "is_stop": false, "is_named": false}, "necessario": {"lemma": "necessario", "pos": "A", "is_stop": false, "is_named": false}}}}}, {"id": "R18", "subj": {"type": "Oth_location", "pt": {"text": "em que", "linguisticInfo": {"em": {"lemma": "em", "pos": "ADP", "is_stop": true, "is_named": false}, "que": {"lemma": "que", "pos": "PRON", "is_stop": true, "is_named": false}}}, "it": {"text": "cui", "linguisticInfo": {"cui": {"lemma": "cui", "pos": "PR", "is_stop": true, "is_named": false}}}}, "obj": {"type": "Event", "pt": {"text": "ser\u00e1 preciso", "linguisticInfo": {"ser\u00e1": {"lemma": "ser", "pos": "AUX", "is_stop": false, "is_named": false}, "preciso": {"lemma": "precisar", "pos": "ADJ", "is_stop": false, "is_named": false}}}, "it": {"text": "\u00e8 necessario", "linguisticInfo": {"\u00e8": {"lemma": "essere", "pos": "V", "is_stop": false, "is_named": false}, "necessario": {"lemma": "necessario", "pos": "A", "is_stop": false, "is_named": false}}}}}, {"id": "R19", "subj": {"type": "Non-human_Oth_participant", "pt": {"text": "favor\u00e1veis a resolu\u00e7\u00f5es em defesa da baleia", "linguisticInfo": {"favor\u00e1veis": {"lemma": "favor\u00e1vel", "pos": "ADJ", "is_stop": false, "is_named": false}, "a": {"lemma": "o", "pos": "ADP", "is_stop": true, "is_named": false}, "resolu\u00e7\u00f5es": {"lemma": "resolu\u00e7\u00e3o", "pos": "NOUN", "is_stop": false, "is_named": false}, "em": {"lemma": "em", "pos": "ADP", "is_stop": true, "is_named": false}, "defesa": {"lemma": "defeso", "pos": "NOUN", "is_stop": false, "is_named": false}, "da": {"lemma": "da", "pos": "ADP", "is_stop": true, "is_named": false}, "baleia": {"lemma": "balear", "pos": "NOUN", "is_stop": false, "is_named": false}}}, "it": {"text": "astensione al voto", "linguisticInfo": {"astensione": {"lemma": "astensione", "pos": "S", "is_stop": false, "is_named": false}, "al": {"lemma": "al", "pos": "E_RD", "is_stop": true, "is_named": false}, "voto": {"lemma": "voto", "pos": "S", "is_stop": false, "is_named": false}}}}, "obj": {"type": "Event", "pt": {"text": "se mostrem", "linguisticInfo": {"se": {"lemma": "se", "pos": "PRON", "is_stop": true, "is_named": false}, "mostrem": {"lemma": "mostrar", "pos": "VERB", "is_stop": false, "is_named": false}}}, "it": {"text": "astensione", "linguisticInfo": {"astensione": {"lemma": "astensione", "pos": "S", "is_stop": false, "is_named": false}}}}}, {"id": "R20", "subj": {"type": "Human_Agent", "pt": {"text": "tr\u00eas quartos", "linguisticInfo": {"tr\u00eas": {"lemma": "tr\u00eas", "pos": "NUM", "is_stop": true, "is_named": false}, "quartos": {"lemma": "quarto", "pos": "NOUN", "is_stop": false, "is_named": false}}}, "it": {"text": "tre quarti", "linguisticInfo": {"tre": {"lemma": "tre", "pos": "N", "is_stop": true, "is_named": false}, "quarti": {"lemma": "quarto", "pos": "NO", "is_stop": false, "is_named": false}}}}, "obj": {"type": "Event", "pt": {"text": "se mostrem", "linguisticInfo": {"se": {"lemma": "se", "pos": "PRON", "is_stop": true, "is_named": false}, "mostrem": {"lemma": "mostrar", "pos": "VERB", "is_stop": false, "is_named": false}}}, "it": {"text": "astensione", "linguisticInfo": {"astensione": {"lemma": "astensione", "pos": "S", "is_stop": false, "is_named": false}}}}}]}, "sentences_3": {"itText": "NULL la posizione del giappone , ovvero il paese pi\u00f9 influente della zona economica in causa , sar\u00e0 fondamentale , avendo questi a disposizione diverse alternative nel caso in cui venga approvata la proibizione di caccia , tra cui accettare la decisione della maggioranza ; esercire il diritto di obiezione ; continuare imperterrito con le operazioni di caccia e / o molto semplicemente abbandonare la commissione , vanificando i tentativi di stabilire una normativa che regoli le operazioni di caccia alle balene , ipotesi questa che preoccupa seriamente i suoi oppositori .", "ptText": "a posi\u00e7\u00e3o do jap\u00e3o , o mais importante pa\u00eds nesta zona econ\u00f3mica , ser\u00e1 fundamental , visto dispor de v\u00e1rias alternativas para o caso de ser votada a proibi\u00e7\u00e3o , podendo optar pela aceita\u00e7\u00e3o da posi\u00e7\u00e3o maiorit\u00e1ria ; exercer os seus direitos de objec\u00e7\u00e3o ; continuar as opera\u00e7\u00f5es e / ou muito simplesmente decidir -se pelo abandono da comiss\u00e3o , fazendo gorar todas as tentativas para a cria\u00e7\u00e3o de uma regulamenta\u00e7\u00e3o que regularize as opera\u00e7\u00f5es de ca\u00e7a \u00e0 baleia , com esta hip\u00f3tese preocupando seriamente os seus opositores . \n", "relations": [{"id": "R21", "subj": {"type": "Non-human_Patient", "pt": {"text": "os seus direitos de objec\u00e7\u00e3o", "linguisticInfo": {"os": {"lemma": "o", "pos": "DET", "is_stop": true, "is_named": false}, "seus": {"lemma": "seu", "pos": "DET", "is_stop": true, "is_named": false}, "direitos": {"lemma": "direito", "pos": "NOUN", "is_stop": false, "is_named": false}, "de": {"lemma": "de", "pos": "ADP", "is_stop": true, "is_named": false}, "objec\u00e7\u00e3o": {"lemma": "objec\u00e7\u00e3o", "pos": "NOUN", "is_stop": false, "is_named": false}}}, "it": {"text": "i tentativi di i suoi oppositori", "linguisticInfo": {"i": {"lemma": "il", "pos": "RD", "is_stop": false, "is_named": false}, "tentativi": {"lemma": "tentativo", "pos": "S", "is_stop": false, "is_named": false}, "di": {"lemma": "di", "pos": "E", "is_stop": true, "is_named": false}, "suoi": {"lemma": "suo", "pos": "AP", "is_stop": true, "is_named": false}, "oppositori": {"lemma": "oppositore", "pos": "S", "is_stop": false, "is_named": false}}}}, "obj": {"type": "Event", "pt": {"text": "exercer", "linguisticInfo": {"exercer": {"lemma": "exercer", "pos": "VERB", "is_stop": false, "is_named": false}}}, "it": {"text": "esercire", "linguisticInfo": {"esercire": {"lemma": "esercire", "pos": "V", "is_stop": false, "is_named": false}}}}}, {"id": "R24", "subj": {"type": "Non-human_Patient", "pt": {"text": "uma regulamenta\u00e7\u00e3o que regularize as opera\u00e7\u00f5es de ca\u00e7a \u00e0 baleia", "linguisticInfo": {"uma": {"lemma": "umar", "pos": "DET", "is_stop": true, "is_named": false}, "regulamenta\u00e7\u00e3o": {"lemma": "regulamenta\u00e7\u00e3o", "pos": "NOUN", "is_stop": false, "is_named": false}, "que": {"lemma": "que", "pos": "PRON", "is_stop": true, "is_named": false}, "regularize": {"lemma": "regularizar", "pos": "VERB", "is_stop": false, "is_named": false}, "as": {"lemma": "o", "pos": "DET", "is_stop": true, "is_named": false}, "opera\u00e7\u00f5es": {"lemma": "opera\u00e7\u00e3o", "pos": "NOUN", "is_stop": false, "is_named": false}, "de": {"lemma": "de", "pos": "ADP", "is_stop": true, "is_named": false}, "ca\u00e7a": {"lemma": "ca\u00e7ar", "pos": "NOUN", "is_stop": false, "is_named": false}, "\u00e0": {"lemma": "\u00e0", "pos": "ADP", "is_stop": true, "is_named": false}, "baleia": {"lemma": "balear", "pos": "NOUN", "is_stop": false, "is_named": false}}}, "it": {"text": "una normativa che regoli le operazioni di caccia alle balene", "linguisticInfo": {"una": {"lemma": "uno", "pos": "RI", "is_stop": true, "is_named": false}, "normativa": {"lemma": "normativa", "pos": "S", "is_stop": false, "is_named": false}, "che": {"lemma": "che", "pos": "PR", "is_stop": true, "is_named": false}, "regoli": {"lemma": "regolare", "pos": "V", "is_stop": false, "is_named": false}, "le": {"lemma": "il", "pos": "RD", "is_stop": true, "is_named": false}, "operazioni": {"lemma": "operazione", "pos": "S", "is_stop": false, "is_named": false}, "di": {"lemma": "di", "pos": "E", "is_stop": true, "is_named": false}, "caccia": {"lemma": "caccia", "pos": "S", "is_stop": false, "is_named": false}, "alle": {"lemma": "alla", "pos": "E_RD", "is_stop": true, "is_named": false}, "balene": {"lemma": "balena", "pos": "S", "is_stop": false, "is_named": false}}}}, "obj": {"type": "Event", "pt": {"text": "a cria\u00e7\u00e3o", "linguisticInfo": {"a": {"lemma": "o", "pos": "DET", "is_stop": true, "is_named": false}, "cria\u00e7\u00e3o": {"lemma": "cria\u00e7\u00e3o", "pos": "NOUN", "is_stop": false, "is_named": false}}}, "it": {"text": "stabilire", "linguisticInfo": {"stabilire": {"lemma": "stabilire", "pos": "V", "is_stop": false, "is_named": false}}}}}, {"id": "R25", "subj": {"type": "Non-human_Agent", "pt": {"text": "que", "linguisticInfo": {"que": {"lemma": "que", "pos": "SCONJ", "is_stop": true, "is_named": false}}}, "it": {"text": "che", "linguisticInfo": {"che": {"lemma": "che", "pos": "CS", "is_stop": true, "is_named": false}}}}, "obj": {"type": "Event", "pt": {"text": "regularize", "linguisticInfo": {"regularize": {"lemma": "regularizar", "pos": "VERB", "is_stop": false, "is_named": false}}}, "it": {"text": "regoli", "linguisticInfo": {"regoli": {"lemma": "regoli", "pos": "A", "is_stop": false, "is_named": false}}}}}, {"id": "R26", "subj": {"type": "Non-human_Patient", "pt": {"text": "as opera\u00e7\u00f5es de ca\u00e7a \u00e0 baleia", "linguisticInfo": {"as": {"lemma": "o", "pos": "DET", "is_stop": true, "is_named": false}, "opera\u00e7\u00f5es": {"lemma": "opera\u00e7\u00e3o", "pos": "NOUN", "is_stop": false, "is_named": false}, "de": {"lemma": "de", "pos": "ADP", "is_stop": true, "is_named": false}, "ca\u00e7a": {"lemma": "ca\u00e7ar", "pos": "NOUN", "is_stop": false, "is_named": false}, "\u00e0": {"lemma": "\u00e0", "pos": "ADP", "is_stop": true, "is_named": false}, "baleia": {"lemma": "balear", "pos": "NOUN", "is_stop": false, "is_named": false}}}, "it": {"text": "le operazioni di caccia alle balene", "linguisticInfo": {"le": {"lemma": "il", "pos": "RD", "is_stop": true, "is_named": false}, "operazioni": {"lemma": "operazione", "pos": "S", "is_stop": false, "is_named": false}, "di": {"lemma": "di", "pos": "E", "is_stop": true, "is_named": false}, "caccia": {"lemma": "caccia", "pos": "S", "is_stop": false, "is_named": false}, "alle": {"lemma": "alla", "pos": "E_RD", "is_stop": true, "is_named": false}, "balene": {"lemma": "balena", "pos": "S", "is_stop": false, "is_named": false}}}}, "obj": {"type": "Event", "pt": {"text": "regularize", "linguisticInfo": {"regularize": {"lemma": "regularizar", "pos": "VERB", "is_stop": false, "is_named": false}}}, "it": {"text": "regoli", "linguisticInfo": {"regoli": {"lemma": "regoli", "pos": "A", "is_stop": false, "is_named": false}}}}}, {"id": "R30", "subj": {"type": "Non-human_Patient", "pt": {"text": "\u00e0 baleia", "linguisticInfo": {"\u00e0": {"lemma": "\u00e0", "pos": "ADP", "is_stop": true, "is_named": false}, "baleia": {"lemma": "balear", "pos": "NOUN", "is_stop": false, "is_named": false}}}, "it": {"text": "alle balene", "linguisticInfo": {"alle": {"lemma": "alla", "pos": "E_RD", "is_stop": true, "is_named": false}, "balene": {"lemma": "balena", "pos": "S", "is_stop": false, "is_named": false}}}}, "obj": {"type": "Event", "pt": {"text": "opera\u00e7\u00f5es de ca\u00e7a", "linguisticInfo": {"opera\u00e7\u00f5es": {"lemma": "opera\u00e7\u00e3o", "pos": "NOUN", "is_stop": false, "is_named": false}, "de": {"lemma": "de", "pos": "ADP", "is_stop": true, "is_named": false}, "ca\u00e7a": {"lemma": "ca\u00e7ar", "pos": "NOUN", "is_stop": false, "is_named": false}}}, "it": {"text": "operazioni di caccia", "linguisticInfo": {"operazioni": {"lemma": "operazione", "pos": "S", "is_stop": false, "is_named": false}, "di": {"lemma": "di", "pos": "E", "is_stop": true, "is_named": false}, "caccia": {"lemma": "caccia", "pos": "S", "is_stop": false, "is_named": false}}}}}, {"id": "R14", "subj": {"type": "Non-human_Patient", "pt": {"text": "\u00e0 baleia", "linguisticInfo": {"\u00e0": {"lemma": "\u00e0", "pos": "ADP", "is_stop": true, "is_named": false}, "baleia": {"lemma": "balear", "pos": "NOUN", "is_stop": false, "is_named": false}}}, "it": {"text": "alle balene", "linguisticInfo": {"alle": {"lemma": "alla", "pos": "E_RD", "is_stop": true, "is_named": false}, "balene": {"lemma": "balena", "pos": "S", "is_stop": false, "is_named": false}}}}, "obj": {"type": "Event", "pt": {"text": "as opera\u00e7\u00f5es de ca\u00e7a", "linguisticInfo": {"as": {"lemma": "o", "pos": "DET", "is_stop": true, "is_named": false}, "opera\u00e7\u00f5es": {"lemma": "opera\u00e7\u00e3o", "pos": "NOUN", "is_stop": false, "is_named": false}, "de": {"lemma": "de", "pos": "ADP", "is_stop": true, "is_named": false}, "ca\u00e7a": {"lemma": "ca\u00e7ar", "pos": "NOUN", "is_stop": false, "is_named": false}}}, "it": {"text": "le operazioni di caccia", "linguisticInfo": {"le": {"lemma": "il", "pos": "RD", "is_stop": true, "is_named": false}, "operazioni": {"lemma": "operazione", "pos": "S", "is_stop": false, "is_named": false}, "di": {"lemma": "di", "pos": "E", "is_stop": true, "is_named": false}, "caccia": {"lemma": "caccia", "pos": "S", "is_stop": false, "is_named": false}}}}}]}}