{"sentences_0": {"itText": "NULL numerosi membri del governo - tra cui , in particolare , i tre leader di alleanza democratica - hanno partecipato ieri alle commemorazioni per le vittime della tragedia di camarate . il giorno precedente , i socialdemocratici helena roseta e ant\u00f3nio capucho hanno diretto una seduta pubblica in memoria della figura di s\u00e1 carneiro , la cui morte , secondo quanto riferito dal fumettista augusto cid durante un comizio elettorale , fu causata dall \u2019 esplosione di una bomba .", "ptText": "diversos membros do governo - com destaque para os tr\u00eas l\u00edderes da ad - participaram ontem nos actos evocativos das v\u00edtimas do desastre de camarate . na v\u00e9spera , os sociais-democratas helena roseta e ant\u00f3nio capucho orientaram uma sess\u00e3o p\u00fablica onde recordaram a figura de s\u00e1 carneiro , cuja morte , segundo disse o cartoonista augusto cid , numa outra sess\u00e3o eleitoral , teria sido provocada por uma bomba . \n", "relations": [{"id": "R2", "subj": {"type": "Human_Agent", "pt": {"text": "Diversos membros do Governo", "linguisticInfo": {"Diversos": {"lemma": "Diversos", "pos": "ADJ", "is_stop": false, "is_named": true}, "membros": {"lemma": "membro", "pos": "NOUN", "is_stop": false, "is_named": false}, "do": {"lemma": "do", "pos": "ADP", "is_stop": true, "is_named": false}, "Governo": {"lemma": "Governo", "pos": "PROPN", "is_stop": false, "is_named": true}}}, "it": {"text": "numerosi membri del governo", "linguisticInfo": {"numerosi": {"lemma": "numerosi", "pos": "DI", "is_stop": false, "is_named": false}, "membri": {"lemma": "membro", "pos": "S", "is_stop": false, "is_named": false}, "del": {"lemma": "del", "pos": "E_RD", "is_stop": true, "is_named": false}, "governo": {"lemma": "governo", "pos": "S", "is_stop": true, "is_named": false}}}}, "obj": {"type": "Event", "pt": {"text": "participaram", "linguisticInfo": {"participaram": {"lemma": "participar", "pos": "VERB", "is_stop": false, "is_named": false}}}, "it": {"text": "partecipato", "linguisticInfo": {"partecipato": {"lemma": "partecipare", "pos": "V", "is_stop": false, "is_named": false}}}}}, {"id": "R4", "subj": {"type": "Time", "pt": {"text": "na v\u00e9spera", "linguisticInfo": {"na": {"lemma": "o", "pos": "ADP", "is_stop": true, "is_named": false}, "v\u00e9spera": {"lemma": "v\u00e9spera", "pos": "NOUN", "is_stop": false, "is_named": false}}}, "it": {"text": "precedente , i", "linguisticInfo": {"precedente": {"lemma": "precedente", "pos": "A", "is_stop": false, "is_named": false}, ",": {"lemma": ",", "pos": "FF", "is_stop": false, "is_named": false}, "i": {"lemma": "il", "pos": "RD", "is_stop": false, "is_named": false}}}}, "obj": {"type": "Event", "pt": {"text": "orientaram", "linguisticInfo": {"orientaram": {"lemma": "orientar", "pos": "VERB", "is_stop": false, "is_named": false}}}, "it": {"text": "diretto", "linguisticInfo": {"diretto": {"lemma": "dirigere", "pos": "V", "is_stop": false, "is_named": false}}}}}, {"id": "R5", "subj": {"type": "Human_Agent", "pt": {"text": "os sociais-democratas Helena Roseta e Ant\u00f3nio Capucho", "linguisticInfo": {"os": {"lemma": "o", "pos": "DET", "is_stop": true, "is_named": false}, "sociais-democratas": {"lemma": "sociais-democratas", "pos": "NOUN", "is_stop": false, "is_named": false}, "Helena": {"lemma": "Helena", "pos": "PROPN", "is_stop": false, "is_named": true}, "Roseta": {"lemma": "Roseta", "pos": "PROPN", "is_stop": false, "is_named": true}, "e": {"lemma": "e", "pos": "CCONJ", "is_stop": true, "is_named": false}, "Ant\u00f3nio": {"lemma": "Ant\u00f3nio", "pos": "PROPN", "is_stop": false, "is_named": true}, "Capucho": {"lemma": "Capucho", "pos": "PROPN", "is_stop": false, "is_named": true}}}, "it": {"text": "i socialdemocratici helena roseta e ant\u00f3nio capucho", "linguisticInfo": {"i": {"lemma": "il", "pos": "RD", "is_stop": false, "is_named": false}, "socialdemocratici": {"lemma": "socialdemocratico", "pos": "S", "is_stop": false, "is_named": false}, "helena": {"lemma": "helena", "pos": "S", "is_stop": false, "is_named": false}, "roseta": {"lemma": "roseta", "pos": "A", "is_stop": false, "is_named": false}, "e": {"lemma": "e", "pos": "CC", "is_stop": false, "is_named": false}, "ant\u00f3nio": {"lemma": "ant\u00f3nio", "pos": "S", "is_stop": false, "is_named": false}, "capucho": {"lemma": "capucho", "pos": "A", "is_stop": false, "is_named": false}}}}, "obj": {"type": "Event", "pt": {"text": "orientaram", "linguisticInfo": {"orientaram": {"lemma": "orientar", "pos": "VERB", "is_stop": false, "is_named": false}}}, "it": {"text": "diretto", "linguisticInfo": {"diretto": {"lemma": "dirigere", "pos": "V", "is_stop": false, "is_named": false}}}}}, {"id": "R6", "subj": {"type": "Non-human_Patient", "pt": {"text": "uma sess\u00e3o p\u00fablica", "linguisticInfo": {"uma": {"lemma": "umar", "pos": "DET", "is_stop": true, "is_named": false}, "sess\u00e3o": {"lemma": "sess\u00e3o", "pos": "NOUN", "is_stop": false, "is_named": false}, "p\u00fablica": {"lemma": "p\u00fablico", "pos": "ADJ", "is_stop": false, "is_named": false}}}, "it": {"text": "una seduta pubblica", "linguisticInfo": {"una": {"lemma": "uno", "pos": "RI", "is_stop": true, "is_named": false}, "seduta": {"lemma": "seduta", "pos": "S", "is_stop": false, "is_named": false}, "pubblica": {"lemma": "pubblico", "pos": "A", "is_stop": false, "is_named": false}}}}, "obj": {"type": "Event", "pt": {"text": "orientaram", "linguisticInfo": {"orientaram": {"lemma": "orientar", "pos": "VERB", "is_stop": false, "is_named": false}}}, "it": {"text": "diretto", "linguisticInfo": {"diretto": {"lemma": "dirigere", "pos": "V", "is_stop": false, "is_named": false}}}}}, {"id": "R7", "subj": {"type": "Human_Oth_participant", "pt": {"text": "a figura de S\u00e1 Carneiro", "linguisticInfo": {"a": {"lemma": "o", "pos": "DET", "is_stop": true, "is_named": false}, "figura": {"lemma": "figurar", "pos": "NOUN", "is_stop": false, "is_named": false}, "de": {"lemma": "de", "pos": "ADP", "is_stop": true, "is_named": false}, "S\u00e1": {"lemma": "S\u00e1", "pos": "PROPN", "is_stop": false, "is_named": true}, "Carneiro": {"lemma": "Carneiro", "pos": "PROPN", "is_stop": false, "is_named": true}}}, "it": {"text": "figura di s\u00e1 carneiro", "linguisticInfo": {"figura": {"lemma": "figura", "pos": "S", "is_stop": false, "is_named": false}, "di": {"lemma": "di", "pos": "E", "is_stop": true, "is_named": false}, "s\u00e1": {"lemma": "s\u00e1", "pos": "SP", "is_stop": false, "is_named": false}, "carneiro": {"lemma": "carneiro", "pos": "SP", "is_stop": false, "is_named": false}}}}, "obj": {"type": "Event", "pt": {"text": "recordaram", "linguisticInfo": {"recordaram": {"lemma": "recordar", "pos": "VERB", "is_stop": false, "is_named": false}}}, "it": {"text": "memoria", "linguisticInfo": {"memoria": {"lemma": "memoria", "pos": "S", "is_stop": false, "is_named": false}}}}}, {"id": "R8", "subj": {"type": "Oth_location", "pt": {"text": "onde", "linguisticInfo": {"onde": {"lemma": "onde", "pos": "PRON", "is_stop": true, "is_named": false}}}, "it": {"text": "cui", "linguisticInfo": {"cui": {"lemma": "cui", "pos": "PR", "is_stop": true, "is_named": false}}}}, "obj": {"type": "Event", "pt": {"text": "recordaram", "linguisticInfo": {"recordaram": {"lemma": "recordar", "pos": "VERB", "is_stop": false, "is_named": false}}}, "it": {"text": "memoria", "linguisticInfo": {"memoria": {"lemma": "memoria", "pos": "S", "is_stop": false, "is_named": false}}}}}, {"id": "R9", "subj": {"type": "Human_Agent", "pt": {"text": "os sociais-democratas Helena Roseta e Ant\u00f3nio Capucho", "linguisticInfo": {"os": {"lemma": "o", "pos": "DET", "is_stop": true, "is_named": false}, "sociais-democratas": {"lemma": "sociais-democratas", "pos": "NOUN", "is_stop": false, "is_named": false}, "Helena": {"lemma": "Helena", "pos": "PROPN", "is_stop": false, "is_named": true}, "Roseta": {"lemma": "Roseta", "pos": "PROPN", "is_stop": false, "is_named": true}, "e": {"lemma": "e", "pos": "CCONJ", "is_stop": true, "is_named": false}, "Ant\u00f3nio": {"lemma": "Ant\u00f3nio", "pos": "PROPN", "is_stop": false, "is_named": true}, "Capucho": {"lemma": "Capucho", "pos": "PROPN", "is_stop": false, "is_named": true}}}, "it": {"text": "i socialdemocratici helena roseta e ant\u00f3nio capucho", "linguisticInfo": {"i": {"lemma": "il", "pos": "RD", "is_stop": false, "is_named": false}, "socialdemocratici": {"lemma": "socialdemocratico", "pos": "S", "is_stop": false, "is_named": false}, "helena": {"lemma": "helena", "pos": "S", "is_stop": false, "is_named": false}, "roseta": {"lemma": "roseta", "pos": "A", "is_stop": false, "is_named": false}, "e": {"lemma": "e", "pos": "CC", "is_stop": false, "is_named": false}, "ant\u00f3nio": {"lemma": "ant\u00f3nio", "pos": "S", "is_stop": false, "is_named": false}, "capucho": {"lemma": "capucho", "pos": "A", "is_stop": false, "is_named": false}}}}, "obj": {"type": "Event", "pt": {"text": "recordaram", "linguisticInfo": {"recordaram": {"lemma": "recordar", "pos": "VERB", "is_stop": false, "is_named": false}}}, "it": {"text": "memoria", "linguisticInfo": {"memoria": {"lemma": "memoria", "pos": "S", "is_stop": false, "is_named": false}}}}}, {"id": "R10", "subj": {"type": "Human_Patient", "pt": {"text": "cuja", "linguisticInfo": {"cuja": {"lemma": "cujo", "pos": "DET", "is_stop": true, "is_named": false}}}, "it": {"text": "cui", "linguisticInfo": {"cui": {"lemma": "cui", "pos": "PR", "is_stop": true, "is_named": false}}}}, "obj": {"type": "Event", "pt": {"text": "morte", "linguisticInfo": {"morte": {"lemma": "morte", "pos": "NOUN", "is_stop": false, "is_named": false}}}, "it": {"text": "morte", "linguisticInfo": {"morte": {"lemma": "morte", "pos": "S", "is_stop": false, "is_named": false}}}}}, {"id": "R11", "subj": {"type": "Non-human_Agent", "pt": {"text": "por uma bomba", "linguisticInfo": {"por": {"lemma": "por", "pos": "ADP", "is_stop": true, "is_named": false}, "uma": {"lemma": "umar", "pos": "DET", "is_stop": true, "is_named": false}, "bomba": {"lemma": "bomba", "pos": "NOUN", "is_stop": false, "is_named": false}}}, "it": {"text": "dall una bomba", "linguisticInfo": {"dall": {"lemma": "dall", "pos": "V", "is_stop": true, "is_named": false}, "una": {"lemma": "uno", "pos": "RI", "is_stop": true, "is_named": false}, "bomba": {"lemma": "bomba", "pos": "S", "is_stop": false, "is_named": false}}}}, "obj": {"type": "Event", "pt": {"text": "teria sido provocada", "linguisticInfo": {"teria": {"lemma": "ter", "pos": "AUX", "is_stop": false, "is_named": false}, "sido": {"lemma": "ser", "pos": "AUX", "is_stop": false, "is_named": false}, "provocada": {"lemma": "provocar", "pos": "VERB", "is_stop": false, "is_named": false}}}, "it": {"text": "fu causata dall", "linguisticInfo": {"fu": {"lemma": "essere", "pos": "VA", "is_stop": true, "is_named": false}, "causata": {"lemma": "causare", "pos": "V", "is_stop": false, "is_named": false}, "dall": {"lemma": "dall", "pos": "S", "is_stop": true, "is_named": false}}}}}, {"id": "R12", "subj": {"type": "Non-human_Patient", "pt": {"text": "morte", "linguisticInfo": {"morte": {"lemma": "morte", "pos": "NOUN", "is_stop": false, "is_named": false}}}, "it": {"text": "morte", "linguisticInfo": {"morte": {"lemma": "morte", "pos": "S", "is_stop": false, "is_named": false}}}}, "obj": {"type": "Event", "pt": {"text": "teria sido provocada", "linguisticInfo": {"teria": {"lemma": "ter", "pos": "AUX", "is_stop": false, "is_named": false}, "sido": {"lemma": "ser", "pos": "AUX", "is_stop": false, "is_named": false}, "provocada": {"lemma": "provocar", "pos": "VERB", "is_stop": false, "is_named": false}}}, "it": {"text": "fu causata dall", "linguisticInfo": {"fu": {"lemma": "essere", "pos": "VA", "is_stop": true, "is_named": false}, "causata": {"lemma": "causare", "pos": "V", "is_stop": false, "is_named": false}, "dall": {"lemma": "dall", "pos": "S", "is_stop": true, "is_named": false}}}}}, {"id": "R13", "subj": {"type": "Human_Agent", "pt": {"text": "o cartoonista Augusto Cid", "linguisticInfo": {"o": {"lemma": "o", "pos": "DET", "is_stop": true, "is_named": false}, "cartoonista": {"lemma": "cartoonista", "pos": "NOUN", "is_stop": false, "is_named": false}, "Augusto": {"lemma": "Augusto", "pos": "PROPN", "is_stop": false, "is_named": true}, "Cid": {"lemma": "Cid", "pos": "PROPN", "is_stop": false, "is_named": true}}}, "it": {"text": "dal fumettista augusto cid", "linguisticInfo": {"dal": {"lemma": "dal", "pos": "E_RD", "is_stop": true, "is_named": false}, "fumettista": {"lemma": "fumettista", "pos": "S", "is_stop": false, "is_named": false}, "augusto": {"lemma": "augusto", "pos": "A", "is_stop": false, "is_named": false}, "cid": {"lemma": "cid", "pos": "SP", "is_stop": false, "is_named": false}}}}, "obj": {"type": "Event", "pt": {"text": "disse", "linguisticInfo": {"disse": {"lemma": "dizer", "pos": "VERB", "is_stop": false, "is_named": false}}}, "it": {"text": "riferito", "linguisticInfo": {"riferito": {"lemma": "riferire", "pos": "V", "is_stop": false, "is_named": false}}}}}, {"id": "R14", "subj": {"type": "Time", "pt": {"text": "numa outra sess\u00e3o eleitoral", "linguisticInfo": {"numa": {"lemma": "numa", "pos": "ADP", "is_stop": true, "is_named": false}, "outra": {"lemma": "outro", "pos": "DET", "is_stop": true, "is_named": false}, "sess\u00e3o": {"lemma": "sess\u00e3o", "pos": "NOUN", "is_stop": false, "is_named": false}, "eleitoral": {"lemma": "eleitoral", "pos": "ADJ", "is_stop": false, "is_named": false}}}, "it": {"text": "comizio elettorale ,", "linguisticInfo": {"comizio": {"lemma": "comizio", "pos": "S", "is_stop": false, "is_named": false}, "elettorale": {"lemma": "elettorale", "pos": "A", "is_stop": false, "is_named": false}, ",": {"lemma": ",", "pos": "FF", "is_stop": false, "is_named": false}}}}, "obj": {"type": "Event", "pt": {"text": "disse", "linguisticInfo": {"disse": {"lemma": "dizer", "pos": "VERB", "is_stop": false, "is_named": false}}}, "it": {"text": "riferito", "linguisticInfo": {"riferito": {"lemma": "riferire", "pos": "V", "is_stop": false, "is_named": false}}}}}, {"id": "R52", "subj": {"type": "Human_Agent", "pt": {"text": "Cid", "linguisticInfo": {"Cid": {"lemma": "Cid", "pos": "NOUN", "is_stop": false, "is_named": true}}}, "it": {"text": "cid", "linguisticInfo": {"cid": {"lemma": "cid", "pos": "S", "is_stop": false, "is_named": false}}}}, "obj": {"type": "Event", "pt": {"text": "disse", "linguisticInfo": {"disse": {"lemma": "dizer", "pos": "VERB", "is_stop": false, "is_named": false}}}, "it": {"text": "affermato", "linguisticInfo": {"affermato": {"lemma": "affermare", "pos": "V", "is_stop": false, "is_named": false}}}}}, {"id": "R1", "subj": {"type": "Non-human_Oth_participant", "pt": {"text": "nos actos evocativos das v\u00edtimas do desastre de Camarate", "linguisticInfo": {"nos": {"lemma": "o", "pos": "ADP", "is_stop": true, "is_named": false}, "actos": {"lemma": "acto", "pos": "NOUN", "is_stop": false, "is_named": false}, "evocativos": {"lemma": "evocativo", "pos": "ADJ", "is_stop": false, "is_named": false}, "das": {"lemma": "das", "pos": "ADP", "is_stop": true, "is_named": false}, "v\u00edtimas": {"lemma": "v\u00edtima", "pos": "NOUN", "is_stop": false, "is_named": false}, "do": {"lemma": "do", "pos": "ADP", "is_stop": true, "is_named": false}, "desastre": {"lemma": "desastre", "pos": "NOUN", "is_stop": false, "is_named": false}, "de": {"lemma": "de", "pos": "ADP", "is_stop": true, "is_named": false}, "Camarate": {"lemma": "Camarate", "pos": "PROPN", "is_stop": false, "is_named": true}}}, "it": {"text": "camarate . il", "linguisticInfo": {"camarate": {"lemma": "camarate", "pos": "V", "is_stop": false, "is_named": false}, ".": {"lemma": ".", "pos": "FS", "is_stop": false, "is_named": false}, "il": {"lemma": "il", "pos": "RD", "is_stop": true, "is_named": false}}}}, "obj": {"type": "Event", "pt": {"text": "participaram", "linguisticInfo": {"participaram": {"lemma": "participar", "pos": "VERB", "is_stop": false, "is_named": false}}}, "it": {"text": "partecipato", "linguisticInfo": {"partecipato": {"lemma": "partecipare", "pos": "V", "is_stop": false, "is_named": false}}}}}, {"id": "R55", "subj": {"type": "Time", "pt": {"text": "ontem", "linguisticInfo": {"ontem": {"lemma": "ontem", "pos": "ADV", "is_stop": true, "is_named": false}}}, "it": {"text": "ieri", "linguisticInfo": {"ieri": {"lemma": "ieri", "pos": "B", "is_stop": true, "is_named": false}}}}, "obj": {"type": "Event", "pt": {"text": "participaram", "linguisticInfo": {"participaram": {"lemma": "participar", "pos": "VERB", "is_stop": false, "is_named": false}}}, "it": {"text": "partecipato", "linguisticInfo": {"partecipato": {"lemma": "partecipare", "pos": "V", "is_stop": false, "is_named": false}}}}}]}, "sentences_1": {"itText": "NULL augusto cid , rispolverando le teorie presentate sul settimanale \u00ab o diabo \u00bb , ha avanzato l \u2019 ipotesi che la bomba possa essere stata posta sull&apos; aereo \u00ab in modo tale da provocarne la caduta proprio in prossimit\u00e0 della fine della pista per far si che i documenti segreti che - secondo fonti apparentemente a sua disposizione - s\u00e1 carneiro stava trasportando potessero essere recuperati dalle macerie , se risparmiati dalle fiamme \u00bb .", "ptText": "augusto cid , retomando teses que defendeu no seman\u00e1rio \u00ab o diabo \u00bb , admitiu a hip\u00f3tese da a bomba ter sido colocada no avi\u00e3o \u00ab de tal modo que ele ca\u00edsse perto do fim da pista e os documentos secretos que - segundo algumas fontes de que diz dispor - s\u00e1 carneiro transportaria pudessem ser retirados dos destro\u00e7os , no caso de n\u00e3o serem consumidos pelas chamas \u00bb . \n", "relations": [{"id": "R16", "subj": {"type": "Non-human_Patient", "pt": {"text": "a bomba", "linguisticInfo": {"a": {"lemma": "o", "pos": "DET", "is_stop": true, "is_named": false}, "bomba": {"lemma": "bomba", "pos": "NOUN", "is_stop": false, "is_named": false}}}, "it": {"text": "la bomba", "linguisticInfo": {"la": {"lemma": "il", "pos": "RD", "is_stop": true, "is_named": false}, "bomba": {"lemma": "bomba", "pos": "S", "is_stop": false, "is_named": false}}}}, "obj": {"type": "Event", "pt": {"text": "ter sido colocada", "linguisticInfo": {"ter": {"lemma": "ter", "pos": "AUX", "is_stop": true, "is_named": false}, "sido": {"lemma": "ser", "pos": "AUX", "is_stop": false, "is_named": false}, "colocada": {"lemma": "colocar", "pos": "VERB", "is_stop": false, "is_named": false}}}, "it": {"text": "essere stata posta", "linguisticInfo": {"essere": {"lemma": "essere", "pos": "VA", "is_stop": true, "is_named": false}, "stata": {"lemma": "stare", "pos": "VA", "is_stop": true, "is_named": false}, "posta": {"lemma": "postare", "pos": "V", "is_stop": false, "is_named": false}}}}}, {"id": "R17", "subj": {"type": "Oth_location", "pt": {"text": "no avi\u00e3o", "linguisticInfo": {"no": {"lemma": "o", "pos": "ADP", "is_stop": true, "is_named": false}, "avi\u00e3o": {"lemma": "avi\u00e3o", "pos": "NOUN", "is_stop": false, "is_named": false}}}, "it": {"text": "sull&apos; aereo", "linguisticInfo": {"sull&apos": {"lemma": "sull&apos", "pos": "B", "is_stop": false, "is_named": false}, ";": {"lemma": ";", "pos": "FC", "is_stop": false, "is_named": false}, "aereo": {"lemma": "aereo", "pos": "S", "is_stop": false, "is_named": false}}}}, "obj": {"type": "Event", "pt": {"text": "ter sido colocada", "linguisticInfo": {"ter": {"lemma": "ter", "pos": "AUX", "is_stop": true, "is_named": false}, "sido": {"lemma": "ser", "pos": "AUX", "is_stop": false, "is_named": false}, "colocada": {"lemma": "colocar", "pos": "VERB", "is_stop": false, "is_named": false}}}, "it": {"text": "essere stata posta", "linguisticInfo": {"essere": {"lemma": "essere", "pos": "VA", "is_stop": true, "is_named": false}, "stata": {"lemma": "stare", "pos": "VA", "is_stop": true, "is_named": false}, "posta": {"lemma": "postare", "pos": "V", "is_stop": false, "is_named": false}}}}}, {"id": "R18", "subj": {"type": "Non-human_Patient", "pt": {"text": "ele", "linguisticInfo": {"ele": {"lemma": "ele", "pos": "PRON", "is_stop": true, "is_named": false}}}, "it": {"text": "apparentemente", "linguisticInfo": {"apparentemente": {"lemma": "apparentemente", "pos": "B", "is_stop": false, "is_named": false}}}}, "obj": {"type": "Event", "pt": {"text": "ca\u00edsse", "linguisticInfo": {"ca\u00edsse": {"lemma": "cair", "pos": "VERB", "is_stop": false, "is_named": false}}}, "it": {"text": "provocarne", "linguisticInfo": {"provocarne": {"lemma": "provocare", "pos": "V_PC", "is_stop": false, "is_named": false}}}}}, {"id": "R19", "subj": {"type": "Geo_location", "pt": {"text": "perto do fim da pista", "linguisticInfo": {"perto": {"lemma": "perto", "pos": "ADV", "is_stop": true, "is_named": false}, "do": {"lemma": "do", "pos": "ADP", "is_stop": true, "is_named": false}, "fim": {"lemma": "fim", "pos": "NOUN", "is_stop": true, "is_named": false}, "da": {"lemma": "da", "pos": "ADP", "is_stop": true, "is_named": false}, "pista": {"lemma": "pistar", "pos": "NOUN", "is_stop": false, "is_named": false}}}, "it": {"text": "prossimit\u00e0 della fine della pista", "linguisticInfo": {"prossimit\u00e0": {"lemma": "prossimit\u00e0", "pos": "S", "is_stop": false, "is_named": false}, "della": {"lemma": "della", "pos": "E_RD", "is_stop": true, "is_named": false}, "fine": {"lemma": "fine", "pos": "S", "is_stop": true, "is_named": false}, "pista": {"lemma": "pista", "pos": "S", "is_stop": false, "is_named": false}}}}, "obj": {"type": "Event", "pt": {"text": "ca\u00edsse", "linguisticInfo": {"ca\u00edsse": {"lemma": "cair", "pos": "VERB", "is_stop": false, "is_named": false}}}, "it": {"text": "provocarne", "linguisticInfo": {"provocarne": {"lemma": "provocare", "pos": "V_PC", "is_stop": false, "is_named": false}}}}}, {"id": "R20", "subj": {"type": "Oth_location", "pt": {"text": "dos destro\u00e7os", "linguisticInfo": {"dos": {"lemma": "dos", "pos": "ADP", "is_stop": true, "is_named": false}, "destro\u00e7os": {"lemma": "destro\u00e7o", "pos": "NOUN", "is_stop": false, "is_named": false}}}, "it": {"text": "risparmiati dalle fiamme", "linguisticInfo": {"risparmiati": {"lemma": "risparmiare", "pos": "V", "is_stop": false, "is_named": false}, "dalle": {"lemma": "dalla", "pos": "E_RD", "is_stop": true, "is_named": false}, "fiamme": {"lemma": "fiamma", "pos": "S", "is_stop": false, "is_named": false}}}}, "obj": {"type": "Event", "pt": {"text": "pudessem ser retirados", "linguisticInfo": {"pudessem": {"lemma": "poder", "pos": "VERB", "is_stop": false, "is_named": false}, "ser": {"lemma": "ser", "pos": "AUX", "is_stop": true, "is_named": false}, "retirados": {"lemma": "retirar", "pos": "VERB", "is_stop": false, "is_named": false}}}, "it": {"text": "potessero essere recuperati", "linguisticInfo": {"potessero": {"lemma": "potere", "pos": "VM", "is_stop": false, "is_named": false}, "essere": {"lemma": "essere", "pos": "VA", "is_stop": true, "is_named": false}, "recuperati": {"lemma": "recuperare", "pos": "V", "is_stop": false, "is_named": false}}}}}, {"id": "R23", "subj": {"type": "Non-human_Patient", "pt": {"text": "os documentos secretos", "linguisticInfo": {"os": {"lemma": "o", "pos": "DET", "is_stop": true, "is_named": false}, "documentos": {"lemma": "documento", "pos": "NOUN", "is_stop": false, "is_named": false}, "secretos": {"lemma": "secreto", "pos": "ADJ", "is_stop": false, "is_named": false}}}, "it": {"text": "i documenti segreti", "linguisticInfo": {"i": {"lemma": "il", "pos": "RD", "is_stop": false, "is_named": false}, "documenti": {"lemma": "documento", "pos": "S", "is_stop": false, "is_named": false}, "segreti": {"lemma": "segreto", "pos": "A", "is_stop": false, "is_named": false}}}}, "obj": {"type": "Event", "pt": {"text": "n\u00e3o serem consumidos", "linguisticInfo": {"n\u00e3o": {"lemma": "n\u00e3o", "pos": "ADV", "is_stop": true, "is_named": false}, "serem": {"lemma": "ser", "pos": "AUX", "is_stop": false, "is_named": false}, "consumidos": {"lemma": "consumir", "pos": "VERB", "is_stop": false, "is_named": false}}}, "it": {"text": "se risparmiati dalle fiamme", "linguisticInfo": {"se": {"lemma": "se", "pos": "CS", "is_stop": true, "is_named": false}, "risparmiati": {"lemma": "risparmiare", "pos": "V", "is_stop": false, "is_named": false}, "dalle": {"lemma": "dalla", "pos": "E_RD", "is_stop": true, "is_named": false}, "fiamme": {"lemma": "fiamma", "pos": "S", "is_stop": false, "is_named": false}}}}}, {"id": "R24", "subj": {"type": "Non-human_Patient", "pt": {"text": "os documentos secretos", "linguisticInfo": {"os": {"lemma": "o", "pos": "DET", "is_stop": true, "is_named": false}, "documentos": {"lemma": "documento", "pos": "NOUN", "is_stop": false, "is_named": false}, "secretos": {"lemma": "secreto", "pos": "ADJ", "is_stop": false, "is_named": false}}}, "it": {"text": "i documenti segreti", "linguisticInfo": {"i": {"lemma": "il", "pos": "RD", "is_stop": false, "is_named": false}, "documenti": {"lemma": "documento", "pos": "S", "is_stop": false, "is_named": false}, "segreti": {"lemma": "segreto", "pos": "A", "is_stop": false, "is_named": false}}}}, "obj": {"type": "Event", "pt": {"text": "transportaria", "linguisticInfo": {"transportaria": {"lemma": "transportar", "pos": "AUX", "is_stop": false, "is_named": false}}}, "it": {"text": "trasportando", "linguisticInfo": {"trasportando": {"lemma": "trasportare", "pos": "V", "is_stop": false, "is_named": false}}}}}, {"id": "R25", "subj": {"type": "Human_Agent", "pt": {"text": "S\u00e1 Carneiro", "linguisticInfo": {"S\u00e1": {"lemma": "S\u00e1", "pos": "PROPN", "is_stop": false, "is_named": true}, "Carneiro": {"lemma": "Carneiro", "pos": "PROPN", "is_stop": false, "is_named": true}}}, "it": {"text": "s\u00e1 carneiro", "linguisticInfo": {"s\u00e1": {"lemma": "s\u00e1", "pos": "SP", "is_stop": false, "is_named": false}, "carneiro": {"lemma": "carneiro", "pos": "SP", "is_stop": false, "is_named": false}}}}, "obj": {"type": "Event", "pt": {"text": "transportaria", "linguisticInfo": {"transportaria": {"lemma": "transportar", "pos": "AUX", "is_stop": false, "is_named": false}}}, "it": {"text": "trasportando", "linguisticInfo": {"trasportando": {"lemma": "trasportare", "pos": "V", "is_stop": false, "is_named": false}}}}}, {"id": "R50", "subj": {"type": "Human_Agent", "pt": {"text": "Augusto Cid", "linguisticInfo": {"Augusto": {"lemma": "Augusto", "pos": "PROPN", "is_stop": false, "is_named": true}, "Cid": {"lemma": "Cid", "pos": "PROPN", "is_stop": false, "is_named": true}}}, "it": {"text": "augusto cid", "linguisticInfo": {"augusto": {"lemma": "augusto", "pos": "V", "is_stop": false, "is_named": false}, "cid": {"lemma": "cid", "pos": "SP", "is_stop": false, "is_named": false}}}}, "obj": {"type": "Event", "pt": {"text": "admitiu", "linguisticInfo": {"admitiu": {"lemma": "admitir", "pos": "VERB", "is_stop": false, "is_named": false}}}, "it": {"text": "avanzato", "linguisticInfo": {"avanzato": {"lemma": "avanzare", "pos": "V", "is_stop": false, "is_named": false}}}}}, {"id": "R57", "subj": {"type": "Non-human_Patient", "pt": {"text": "que", "linguisticInfo": {"que": {"lemma": "que", "pos": "SCONJ", "is_stop": true, "is_named": false}}}, "it": {"text": "", "linguisticInfo": {}}}, "obj": {"type": "Event", "pt": {"text": "defendeu", "linguisticInfo": {"defendeu": {"lemma": "defender", "pos": "VERB", "is_stop": false, "is_named": false}}}, "it": {"text": "rispolverando", "linguisticInfo": {"rispolverando": {"lemma": "rispolverare", "pos": "V", "is_stop": false, "is_named": false}}}}}]}, "sentences_2": {"itText": "NULL il fumettista e militante del partito socialdemocratico ( psd ) ha dichiarato di essere stato autorizzato ad entrare in contatto con l \u2019 ispettore della polizia giudiziaria che trov\u00f2 i resti dell \u2019 aereo danneggiato sul ciglio della pista . \u00ab vista la scia lasciata dall \u2019 aereo nei 550 m tra la fine della pista e il locale della caduta , significa che qualcosa \u00e8 successo a bordo \u00bb , ha affermato cid . \u00ab il tentativo di strumentalizzazione politica dei funerali fu profondamente ingiusto e fece si che l \u2019 autopsia venisse fatta in fretta e furia .", "ptText": "o cartoonista e militante do psd informou ter sido autorizado a contactar com o inspector da pj que encontrara vest\u00edgios do avi\u00e3o sinistrado no fim da pista . \u00ab se o avi\u00e3o largou um rasto dele pr\u00f3prio nos 550 metros entre o fim da pista e o local da queda , \u00e9 porque alguma coisa aconteceu a bordo \u00bb , disse cid . \u00ab tentou -se um aproveitamento pol\u00edtico dos funerais , o que foi profundamente errado e implicou que as aut\u00f3psias fossem feitas apressadamente . \u00bb \n", "relations": [{"id": "R26", "subj": {"type": "Human_Agent", "pt": {"text": "O cartoonista e militante do PSD", "linguisticInfo": {"O": {"lemma": "O", "pos": "DET", "is_stop": true, "is_named": true}, "cartoonista": {"lemma": "cartoonista", "pos": "ADJ", "is_stop": false, "is_named": false}, "e": {"lemma": "e", "pos": "CCONJ", "is_stop": true, "is_named": false}, "militante": {"lemma": "militante", "pos": "ADJ", "is_stop": false, "is_named": false}, "do": {"lemma": "do", "pos": "ADP", "is_stop": true, "is_named": false}, "PSD": {"lemma": "PSD", "pos": "PROPN", "is_stop": false, "is_named": true}}}, "it": {"text": "il fumettista e militante del partito", "linguisticInfo": {"il": {"lemma": "il", "pos": "RD", "is_stop": true, "is_named": false}, "fumettista": {"lemma": "fumettista", "pos": "S", "is_stop": false, "is_named": false}, "e": {"lemma": "e", "pos": "CC", "is_stop": false, "is_named": false}, "militante": {"lemma": "militare", "pos": "B", "is_stop": false, "is_named": false}, "del": {"lemma": "del", "pos": "E_RD", "is_stop": true, "is_named": false}, "partito": {"lemma": "partito", "pos": "S", "is_stop": false, "is_named": false}}}}, "obj": {"type": "Event", "pt": {"text": "informou", "linguisticInfo": {"informou": {"lemma": "informar", "pos": "VERB", "is_stop": false, "is_named": false}}}, "it": {"text": "dichiarato", "linguisticInfo": {"dichiarato": {"lemma": "dichiarare", "pos": "V", "is_stop": false, "is_named": false}}}}}, {"id": "R27", "subj": {"type": "Non-human_Oth_participant", "pt": {"text": "ter sido autorizado a contactar com o inspector da PJ que encontrara vest\u00edgios do avi\u00e3o sinistrado no fim da pista", "linguisticInfo": {"ter": {"lemma": "ter", "pos": "AUX", "is_stop": true, "is_named": false}, "sido": {"lemma": "ser", "pos": "AUX", "is_stop": false, "is_named": false}, "autorizado": {"lemma": "autorizar", "pos": "VERB", "is_stop": false, "is_named": false}, "a": {"lemma": "o", "pos": "SCONJ", "is_stop": true, "is_named": false}, "contactar": {"lemma": "contactar", "pos": "VERB", "is_stop": false, "is_named": false}, "com": {"lemma": "com", "pos": "ADP", "is_stop": true, "is_named": false}, "o": {"lemma": "o", "pos": "DET", "is_stop": true, "is_named": false}, "inspector": {"lemma": "inspector", "pos": "NOUN", "is_stop": false, "is_named": false}, "da": {"lemma": "da", "pos": "ADP", "is_stop": true, "is_named": false}, "PJ": {"lemma": "PJ", "pos": "PROPN", "is_stop": false, "is_named": true}, "que": {"lemma": "que", "pos": "PRON", "is_stop": true, "is_named": false}, "encontrara": {"lemma": "encontrar", "pos": "VERB", "is_stop": false, "is_named": false}, "vest\u00edgios": {"lemma": "vest\u00edgio", "pos": "NOUN", "is_stop": false, "is_named": false}, "do": {"lemma": "do", "pos": "ADP", "is_stop": true, "is_named": false}, "avi\u00e3o": {"lemma": "avi\u00e3o", "pos": "NOUN", "is_stop": false, "is_named": false}, "sinistrado": {"lemma": "sinistrar", "pos": "VERB", "is_stop": false, "is_named": false}, "no": {"lemma": "o", "pos": "ADP", "is_stop": true, "is_named": false}, "fim": {"lemma": "fim", "pos": "NOUN", "is_stop": true, "is_named": false}, "pista": {"lemma": "pistar", "pos": "NOUN", "is_stop": false, "is_named": false}}}, "it": {"text": "essere stato autorizzato ad entrare in contatto con l \u2019 ispettore della polizia giudiziaria che trov\u00f2 i resti dell \u2019 aereo danneggiato sul 550 m tra", "linguisticInfo": {"essere": {"lemma": "essere", "pos": "VA", "is_stop": true, "is_named": false}, "stato": {"lemma": "stare", "pos": "VA", "is_stop": true, "is_named": false}, "autorizzato": {"lemma": "autorizzare", "pos": "V", "is_stop": false, "is_named": false}, "ad": {"lemma": "ad", "pos": "E", "is_stop": true, "is_named": false}, "entrare": {"lemma": "entrare", "pos": "V", "is_stop": false, "is_named": false}, "in": {"lemma": "in", "pos": "E", "is_stop": true, "is_named": false}, "contatto": {"lemma": "contatto", "pos": "S", "is_stop": false, "is_named": false}, "con": {"lemma": "con", "pos": "E", "is_stop": true, "is_named": false}, "l": {"lemma": "l", "pos": "RD", "is_stop": false, "is_named": false}, "\u2019": {"lemma": "\u2019", "pos": "FB", "is_stop": false, "is_named": false}, "ispettore": {"lemma": "ispettore", "pos": "S", "is_stop": false, "is_named": false}, "della": {"lemma": "della", "pos": "E_RD", "is_stop": true, "is_named": false}, "polizia": {"lemma": "polizia", "pos": "S", "is_stop": false, "is_named": false}, "giudiziaria": {"lemma": "giudiziario", "pos": "A", "is_stop": false, "is_named": false}, "che": {"lemma": "che", "pos": "PR", "is_stop": true, "is_named": false}, "trov\u00f2": {"lemma": "trovare", "pos": "V", "is_stop": false, "is_named": false}, "i": {"lemma": "il", "pos": "RD", "is_stop": false, "is_named": false}, "resti": {"lemma": "resto", "pos": "S", "is_stop": false, "is_named": false}, "dell": {"lemma": "dell", "pos": "SP", "is_stop": true, "is_named": false}, "aereo": {"lemma": "aereo", "pos": "S", "is_stop": false, "is_named": false}, "danneggiato": {"lemma": "danneggiare", "pos": "V", "is_stop": false, "is_named": false}, "sul": {"lemma": "sul", "pos": "E_RD", "is_stop": true, "is_named": false}, "550": {"lemma": "550", "pos": "N", "is_stop": false, "is_named": false}, "m": {"lemma": "m", "pos": "S", "is_stop": false, "is_named": false}, "tra": {"lemma": "tra", "pos": "E", "is_stop": true, "is_named": false}}}}, "obj": {"type": "Event", "pt": {"text": "informou", "linguisticInfo": {"informou": {"lemma": "informar", "pos": "VERB", "is_stop": false, "is_named": false}}}, "it": {"text": "dichiarato", "linguisticInfo": {"dichiarato": {"lemma": "dichiarare", "pos": "V", "is_stop": false, "is_named": false}}}}}, {"id": "R28", "subj": {"type": "Non-human_Oth_participant", "pt": {"text": "a contactar com o inspector da PJ que encontrara vest\u00edgios do avi\u00e3o sinistrado no fim da pista", "linguisticInfo": {"a": {"lemma": "o", "pos": "SCONJ", "is_stop": true, "is_named": false}, "contactar": {"lemma": "contactar", "pos": "VERB", "is_stop": false, "is_named": false}, "com": {"lemma": "com", "pos": "ADP", "is_stop": true, "is_named": false}, "o": {"lemma": "o", "pos": "DET", "is_stop": true, "is_named": false}, "inspector": {"lemma": "inspector", "pos": "NOUN", "is_stop": false, "is_named": false}, "da": {"lemma": "da", "pos": "ADP", "is_stop": true, "is_named": false}, "PJ": {"lemma": "PJ", "pos": "PROPN", "is_stop": false, "is_named": true}, "que": {"lemma": "que", "pos": "PRON", "is_stop": true, "is_named": false}, "encontrara": {"lemma": "encontrar", "pos": "VERB", "is_stop": false, "is_named": false}, "vest\u00edgios": {"lemma": "vest\u00edgio", "pos": "NOUN", "is_stop": false, "is_named": false}, "do": {"lemma": "do", "pos": "ADP", "is_stop": true, "is_named": false}, "avi\u00e3o": {"lemma": "avi\u00e3o", "pos": "NOUN", "is_stop": false, "is_named": false}, "sinistrado": {"lemma": "sinistrar", "pos": "VERB", "is_stop": false, "is_named": false}, "no": {"lemma": "o", "pos": "ADP", "is_stop": true, "is_named": false}, "fim": {"lemma": "fim", "pos": "NOUN", "is_stop": true, "is_named": false}, "pista": {"lemma": "pistar", "pos": "NOUN", "is_stop": false, "is_named": false}}}, "it": {"text": "ad entrare in contatto con l \u2019 ispettore della polizia giudiziaria che trov\u00f2 i resti dell \u2019 aereo danneggiato sul 550 m tra", "linguisticInfo": {"ad": {"lemma": "ad", "pos": "E", "is_stop": true, "is_named": false}, "entrare": {"lemma": "entrare", "pos": "V", "is_stop": false, "is_named": false}, "in": {"lemma": "in", "pos": "E", "is_stop": true, "is_named": false}, "contatto": {"lemma": "contatto", "pos": "S", "is_stop": false, "is_named": false}, "con": {"lemma": "con", "pos": "E", "is_stop": true, "is_named": false}, "l": {"lemma": "l", "pos": "RD", "is_stop": false, "is_named": false}, "\u2019": {"lemma": "\u2019", "pos": "FB", "is_stop": false, "is_named": false}, "ispettore": {"lemma": "ispettore", "pos": "S", "is_stop": false, "is_named": false}, "della": {"lemma": "della", "pos": "E_RD", "is_stop": true, "is_named": false}, "polizia": {"lemma": "polizia", "pos": "S", "is_stop": false, "is_named": false}, "giudiziaria": {"lemma": "giudiziario", "pos": "A", "is_stop": false, "is_named": false}, "che": {"lemma": "che", "pos": "PR", "is_stop": true, "is_named": false}, "trov\u00f2": {"lemma": "trovare", "pos": "V", "is_stop": false, "is_named": false}, "i": {"lemma": "il", "pos": "RD", "is_stop": false, "is_named": false}, "resti": {"lemma": "resto", "pos": "S", "is_stop": false, "is_named": false}, "dell": {"lemma": "dell", "pos": "SP", "is_stop": true, "is_named": false}, "aereo": {"lemma": "aereo", "pos": "S", "is_stop": false, "is_named": false}, "danneggiato": {"lemma": "danneggiare", "pos": "V", "is_stop": false, "is_named": false}, "sul": {"lemma": "sul", "pos": "E_RD", "is_stop": true, "is_named": false}, "550": {"lemma": "550", "pos": "N", "is_stop": false, "is_named": false}, "m": {"lemma": "m", "pos": "S", "is_stop": false, "is_named": false}, "tra": {"lemma": "tra", "pos": "E", "is_stop": true, "is_named": false}}}}, "obj": {"type": "Event", "pt": {"text": "ter sido autorizado", "linguisticInfo": {"ter": {"lemma": "ter", "pos": "AUX", "is_stop": true, "is_named": false}, "sido": {"lemma": "ser", "pos": "AUX", "is_stop": false, "is_named": false}, "autorizado": {"lemma": "autorizar", "pos": "VERB", "is_stop": false, "is_named": false}}}, "it": {"text": "essere stato autorizzato", "linguisticInfo": {"essere": {"lemma": "essere", "pos": "VA", "is_stop": true, "is_named": false}, "stato": {"lemma": "stare", "pos": "VA", "is_stop": true, "is_named": false}, "autorizzato": {"lemma": "autorizzare", "pos": "V", "is_stop": false, "is_named": false}}}}}, {"id": "R29", "subj": {"type": "Human_Agent", "pt": {"text": "que", "linguisticInfo": {"que": {"lemma": "que", "pos": "SCONJ", "is_stop": true, "is_named": false}}}, "it": {"text": "che", "linguisticInfo": {"che": {"lemma": "che", "pos": "CS", "is_stop": true, "is_named": false}}}}, "obj": {"type": "Event", "pt": {"text": "encontrara", "linguisticInfo": {"encontrara": {"lemma": "encontrar", "pos": "VERB", "is_stop": false, "is_named": false}}}, "it": {"text": "trov\u00f2", "linguisticInfo": {"trov\u00f2": {"lemma": "trovare", "pos": "V", "is_stop": false, "is_named": false}}}}}, {"id": "R30", "subj": {"type": "Non-human_Patient", "pt": {"text": "vest\u00edgios do avi\u00e3o sinistrado", "linguisticInfo": {"vest\u00edgios": {"lemma": "vest\u00edgio", "pos": "NOUN", "is_stop": false, "is_named": false}, "do": {"lemma": "do", "pos": "ADP", "is_stop": true, "is_named": false}, "avi\u00e3o": {"lemma": "avi\u00e3o", "pos": "NOUN", "is_stop": false, "is_named": false}, "sinistrado": {"lemma": "sinistrar", "pos": "VERB", "is_stop": false, "is_named": false}}}, "it": {"text": "resti dell aereo 550", "linguisticInfo": {"resti": {"lemma": "resto", "pos": "S", "is_stop": false, "is_named": false}, "dell": {"lemma": "dell", "pos": "A", "is_stop": true, "is_named": false}, "aereo": {"lemma": "aereo", "pos": "A", "is_stop": false, "is_named": false}, "550": {"lemma": "550", "pos": "N", "is_stop": false, "is_named": false}}}}, "obj": {"type": "Event", "pt": {"text": "encontrara", "linguisticInfo": {"encontrara": {"lemma": "encontrar", "pos": "VERB", "is_stop": false, "is_named": false}}}, "it": {"text": "trov\u00f2", "linguisticInfo": {"trov\u00f2": {"lemma": "trovare", "pos": "V", "is_stop": false, "is_named": false}}}}}, {"id": "R31", "subj": {"type": "Geo_location", "pt": {"text": "no fim da pista", "linguisticInfo": {"no": {"lemma": "o", "pos": "ADP", "is_stop": true, "is_named": false}, "fim": {"lemma": "fim", "pos": "NOUN", "is_stop": true, "is_named": false}, "da": {"lemma": "da", "pos": "ADP", "is_stop": true, "is_named": false}, "pista": {"lemma": "pistar", "pos": "NOUN", "is_stop": false, "is_named": false}}}, "it": {"text": "sul ciglio della pista", "linguisticInfo": {"sul": {"lemma": "sul", "pos": "E_RD", "is_stop": true, "is_named": false}, "ciglio": {"lemma": "ciglio", "pos": "S", "is_stop": false, "is_named": false}, "della": {"lemma": "della", "pos": "E_RD", "is_stop": true, "is_named": false}, "pista": {"lemma": "pista", "pos": "S", "is_stop": false, "is_named": false}}}}, "obj": {"type": "Event", "pt": {"text": "encontrara", "linguisticInfo": {"encontrara": {"lemma": "encontrar", "pos": "VERB", "is_stop": false, "is_named": false}}}, "it": {"text": "trov\u00f2", "linguisticInfo": {"trov\u00f2": {"lemma": "trovare", "pos": "V", "is_stop": false, "is_named": false}}}}}, {"id": "R32", "subj": {"type": "Non-human_Agent", "pt": {"text": "o avi\u00e3o", "linguisticInfo": {"o": {"lemma": "o", "pos": "DET", "is_stop": true, "is_named": false}, "avi\u00e3o": {"lemma": "avi\u00e3o", "pos": "NOUN", "is_stop": false, "is_named": false}}}, "it": {"text": "aereo", "linguisticInfo": {"aereo": {"lemma": "aereo", "pos": "A", "is_stop": false, "is_named": false}}}}, "obj": {"type": "Event", "pt": {"text": "largou", "linguisticInfo": {"largou": {"lemma": "largar", "pos": "VERB", "is_stop": false, "is_named": false}}}, "it": {"text": "danneggiato", "linguisticInfo": {"danneggiato": {"lemma": "danneggiare", "pos": "V", "is_stop": false, "is_named": false}}}}}, {"id": "R34", "subj": {"type": "Geo_location", "pt": {"text": "nos 550 metros entre o fim da pista e o local da queda", "linguisticInfo": {"nos": {"lemma": "o", "pos": "ADP", "is_stop": true, "is_named": false}, "550": {"lemma": "550", "pos": "NUM", "is_stop": false, "is_named": false}, "metros": {"lemma": "metro", "pos": "NOUN", "is_stop": false, "is_named": false}, "entre": {"lemma": "entrar", "pos": "ADP", "is_stop": true, "is_named": false}, "o": {"lemma": "o", "pos": "DET", "is_stop": true, "is_named": false}, "fim": {"lemma": "fim", "pos": "NOUN", "is_stop": true, "is_named": false}, "da": {"lemma": "da", "pos": "ADP", "is_stop": true, "is_named": false}, "pista": {"lemma": "pistar", "pos": "NOUN", "is_stop": false, "is_named": false}, "e": {"lemma": "e", "pos": "CCONJ", "is_stop": true, "is_named": false}, "local": {"lemma": "local", "pos": "NOUN", "is_stop": true, "is_named": false}, "queda": {"lemma": "quedo", "pos": "NOUN", "is_stop": false, "is_named": false}}}, "it": {"text": "nei 550 m tra la fine", "linguisticInfo": {"nei": {"lemma": "nel", "pos": "E_RD", "is_stop": true, "is_named": false}, "550": {"lemma": "550", "pos": "N", "is_stop": false, "is_named": false}, "m": {"lemma": "m", "pos": "S", "is_stop": false, "is_named": false}, "tra": {"lemma": "tra", "pos": "E", "is_stop": true, "is_named": false}, "la": {"lemma": "il", "pos": "RD", "is_stop": true, "is_named": false}, "fine": {"lemma": "fine", "pos": "S", "is_stop": true, "is_named": false}}}}, "obj": {"type": "Event", "pt": {"text": "largou", "linguisticInfo": {"largou": {"lemma": "largar", "pos": "VERB", "is_stop": false, "is_named": false}}}, "it": {"text": "danneggiato", "linguisticInfo": {"danneggiato": {"lemma": "danneggiare", "pos": "V", "is_stop": false, "is_named": false}}}}}, {"id": "R35", "subj": {"type": "Non-human_Agent", "pt": {"text": "alguma coisa", "linguisticInfo": {"alguma": {"lemma": "algum", "pos": "DET", "is_stop": false, "is_named": false}, "coisa": {"lemma": "coisa", "pos": "NOUN", "is_stop": true, "is_named": false}}}, "it": {"text": "qualcosa \u00e8 successo", "linguisticInfo": {"qualcosa": {"lemma": "qualcosa", "pos": "PI", "is_stop": true, "is_named": false}, "\u00e8": {"lemma": "essere", "pos": "VA", "is_stop": false, "is_named": false}, "successo": {"lemma": "succedere", "pos": "V", "is_stop": false, "is_named": false}}}}, "obj": {"type": "Event", "pt": {"text": "aconteceu", "linguisticInfo": {"aconteceu": {"lemma": "acontecer", "pos": "VERB", "is_stop": false, "is_named": false}}}, "it": {"text": "successo", "linguisticInfo": {"successo": {"lemma": "successo", "pos": "S", "is_stop": false, "is_named": false}}}}}, {"id": "R36", "subj": {"type": "Oth_location", "pt": {"text": "a bordo", "linguisticInfo": {"a": {"lemma": "o", "pos": "ADP", "is_stop": true, "is_named": false}, "bordo": {"lemma": "bordar", "pos": "ADP", "is_stop": false, "is_named": false}}}, "it": {"text": "a bordo", "linguisticInfo": {"a": {"lemma": "a", "pos": "E", "is_stop": true, "is_named": false}, "bordo": {"lemma": "bordo", "pos": "S", "is_stop": false, "is_named": false}}}}, "obj": {"type": "Event", "pt": {"text": "aconteceu", "linguisticInfo": {"aconteceu": {"lemma": "acontecer", "pos": "VERB", "is_stop": false, "is_named": false}}}, "it": {"text": "successo", "linguisticInfo": {"successo": {"lemma": "successo", "pos": "S", "is_stop": false, "is_named": false}}}}}, {"id": "R51", "subj": {"type": "Non-human_Patient", "pt": {"text": "o avi\u00e3o", "linguisticInfo": {"o": {"lemma": "o", "pos": "DET", "is_stop": true, "is_named": false}, "avi\u00e3o": {"lemma": "avi\u00e3o", "pos": "NOUN", "is_stop": false, "is_named": false}}}, "it": {"text": "aereo", "linguisticInfo": {"aereo": {"lemma": "aereo", "pos": "A", "is_stop": false, "is_named": false}}}}, "obj": {"type": "Event", "pt": {"text": "sinistrado", "linguisticInfo": {"sinistrado": {"lemma": "sinistrar", "pos": "VERB", "is_stop": false, "is_named": false}}}, "it": {"text": "550", "linguisticInfo": {"550": {"lemma": "550", "pos": "N", "is_stop": false, "is_named": false}}}}}, {"id": "R52", "subj": {"type": "Human_Agent", "pt": {"text": "Cid", "linguisticInfo": {"Cid": {"lemma": "Cid", "pos": "NOUN", "is_stop": false, "is_named": true}}}, "it": {"text": "cid", "linguisticInfo": {"cid": {"lemma": "cid", "pos": "S", "is_stop": false, "is_named": false}}}}, "obj": {"type": "Event", "pt": {"text": "disse", "linguisticInfo": {"disse": {"lemma": "dizer", "pos": "VERB", "is_stop": false, "is_named": false}}}, "it": {"text": "affermato", "linguisticInfo": {"affermato": {"lemma": "affermare", "pos": "V", "is_stop": false, "is_named": false}}}}}, {"id": "R59", "subj": {"type": "Human_Patient", "pt": {"text": "com o inspector da PJ", "linguisticInfo": {"com": {"lemma": "com", "pos": "ADP", "is_stop": true, "is_named": false}, "o": {"lemma": "o", "pos": "DET", "is_stop": true, "is_named": false}, "inspector": {"lemma": "inspector", "pos": "NOUN", "is_stop": false, "is_named": false}, "da": {"lemma": "da", "pos": "ADP", "is_stop": true, "is_named": false}, "PJ": {"lemma": "PJ", "pos": "PROPN", "is_stop": false, "is_named": true}}}, "it": {"text": "con l ispettore della giudiziaria", "linguisticInfo": {"con": {"lemma": "con", "pos": "E", "is_stop": true, "is_named": false}, "l": {"lemma": "l", "pos": "RD", "is_stop": false, "is_named": false}, "ispettore": {"lemma": "ispettore", "pos": "S", "is_stop": false, "is_named": false}, "della": {"lemma": "della", "pos": "E_RD", "is_stop": true, "is_named": false}, "giudiziaria": {"lemma": "giudiziaria", "pos": "S", "is_stop": false, "is_named": false}}}}, "obj": {"type": "Event", "pt": {"text": "a contactar", "linguisticInfo": {"a": {"lemma": "o", "pos": "SCONJ", "is_stop": true, "is_named": false}, "contactar": {"lemma": "contactar", "pos": "VERB", "is_stop": false, "is_named": false}}}, "it": {"text": "ad contatto", "linguisticInfo": {"ad": {"lemma": "ad", "pos": "E", "is_stop": true, "is_named": false}, "contatto": {"lemma": "contatto", "pos": "S", "is_stop": false, "is_named": false}}}}}]}}