{"sentences_0": {"itText": "NULL la recente ripresa delle quotazioni dell&apos; oro sui principali mercati internazionali , dopo un periodo in cui le previsioni indicavano con frequenza la caduta dei valori di mercato intorno ai 250 dollari per oncia \u00ab troy \u00bb , ha diviso gli analisti in merito alle previsioni sull \u2019 evoluzione dei prezzi a breve termine .", "ptText": "a recente recupera\u00e7\u00e3o dos pre\u00e7os do ouro nos principais mercados internacionais , ap\u00f3s um per\u00edodo em que foram frequentes as previs\u00f5es apontando para a degrada\u00e7\u00e3o dos valores de mercado para um n\u00edvel em torno dos $ 250 a on\u00e7a \u00ab troy \u00bb , dividiu os analistas no que respeita \u00e0 perspectiva\u00e7\u00e3o da direc\u00e7\u00e3o dos pre\u00e7os numa \u00f3ptica a curto prazo . \n", "relations": [{"id": "R3", "subj": {"type": "Oth_location", "pt": {"text": "nos principais mercados internacionais", "linguisticInfo": {"nos": {"lemma": "o", "pos": "ADP", "is_stop": true, "is_named": false}, "principais": {"lemma": "principal", "pos": "ADJ", "is_stop": false, "is_named": false}, "mercados": {"lemma": "mercar", "pos": "NOUN", "is_stop": false, "is_named": false}, "internacionais": {"lemma": "internacional", "pos": "ADJ", "is_stop": false, "is_named": false}}}, "it": {"text": "sui principali mercati internazionali", "linguisticInfo": {"sui": {"lemma": "sul", "pos": "E_RD", "is_stop": true, "is_named": false}, "principali": {"lemma": "principale", "pos": "A", "is_stop": false, "is_named": false}, "mercati": {"lemma": "mercato", "pos": "S", "is_stop": false, "is_named": false}, "internazionali": {"lemma": "internazionale", "pos": "A", "is_stop": false, "is_named": false}}}}, "obj": {"type": "Event", "pt": {"text": "A recente recupera\u00e7\u00e3o", "linguisticInfo": {"A": {"lemma": "A", "pos": "DET", "is_stop": true, "is_named": true}, "recente": {"lemma": "recente", "pos": "ADJ", "is_stop": false, "is_named": false}, "recupera\u00e7\u00e3o": {"lemma": "recupera\u00e7\u00e3o", "pos": "NOUN", "is_stop": false, "is_named": false}}}, "it": {"text": "la recente ripresa", "linguisticInfo": {"la": {"lemma": "il", "pos": "RD", "is_stop": true, "is_named": false}, "recente": {"lemma": "recente", "pos": "A", "is_stop": true, "is_named": false}, "ripresa": {"lemma": "ripresa", "pos": "S", "is_stop": false, "is_named": false}}}}}, {"id": "R4", "subj": {"type": "Human_Patient", "pt": {"text": "os analistas", "linguisticInfo": {"os": {"lemma": "o", "pos": "DET", "is_stop": true, "is_named": false}, "analistas": {"lemma": "analista", "pos": "NOUN", "is_stop": false, "is_named": false}}}, "it": {"text": "gli analisti", "linguisticInfo": {"gli": {"lemma": "il", "pos": "RD", "is_stop": true, "is_named": false}, "analisti": {"lemma": "analista", "pos": "S", "is_stop": false, "is_named": false}}}}, "obj": {"type": "Event", "pt": {"text": "dividiu", "linguisticInfo": {"dividiu": {"lemma": "dividir", "pos": "VERB", "is_stop": false, "is_named": false}}}, "it": {"text": "diviso", "linguisticInfo": {"diviso": {"lemma": "divisare", "pos": "V", "is_stop": false, "is_named": false}}}}}, {"id": "R6", "subj": {"type": "Oth_argument", "pt": {"text": "no que respeita \u00e0 perspectiva\u00e7\u00e3o da direc\u00e7\u00e3o dos pre\u00e7os numa \u00f3ptica a curto prazo", "linguisticInfo": {"no": {"lemma": "o", "pos": "PRON", "is_stop": true, "is_named": false}, "que": {"lemma": "que", "pos": "PRON", "is_stop": true, "is_named": false}, "respeita": {"lemma": "respeitar", "pos": "VERB", "is_stop": false, "is_named": false}, "\u00e0": {"lemma": "\u00e0", "pos": "ADP", "is_stop": true, "is_named": false}, "perspectiva\u00e7\u00e3o": {"lemma": "perspectiva\u00e7\u00e3o", "pos": "NOUN", "is_stop": false, "is_named": false}, "da": {"lemma": "da", "pos": "ADP", "is_stop": true, "is_named": false}, "direc\u00e7\u00e3o": {"lemma": "direc\u00e7\u00e3o", "pos": "NOUN", "is_stop": false, "is_named": false}, "dos": {"lemma": "dos", "pos": "ADP", "is_stop": true, "is_named": false}, "pre\u00e7os": {"lemma": "pre\u00e7o", "pos": "NOUN", "is_stop": false, "is_named": false}, "numa": {"lemma": "numa", "pos": "ADP", "is_stop": true, "is_named": false}, "\u00f3ptica": {"lemma": "\u00f3ptico", "pos": "NOUN", "is_stop": false, "is_named": false}, "a": {"lemma": "o", "pos": "ADP", "is_stop": true, "is_named": false}, "curto": {"lemma": "curtir", "pos": "ADJ", "is_stop": false, "is_named": false}, "prazo": {"lemma": "prazo", "pos": "NOUN", "is_stop": false, "is_named": false}}}, "it": {"text": "in cui le", "linguisticInfo": {"in": {"lemma": "in", "pos": "E", "is_stop": true, "is_named": false}, "cui": {"lemma": "cui", "pos": "PR", "is_stop": true, "is_named": false}, "le": {"lemma": "il", "pos": "RD", "is_stop": true, "is_named": false}}}}, "obj": {"type": "Event", "pt": {"text": "dividiu", "linguisticInfo": {"dividiu": {"lemma": "dividir", "pos": "VERB", "is_stop": false, "is_named": false}}}, "it": {"text": "diviso", "linguisticInfo": {"diviso": {"lemma": "divisare", "pos": "V", "is_stop": false, "is_named": false}}}}}, {"id": "R50", "subj": {"type": "Non-human_Patient", "pt": {"text": "dos valores de mercado", "linguisticInfo": {"dos": {"lemma": "dos", "pos": "ADP", "is_stop": true, "is_named": false}, "valores": {"lemma": "valorar", "pos": "NOUN", "is_stop": false, "is_named": false}, "de": {"lemma": "de", "pos": "ADP", "is_stop": true, "is_named": false}, "mercado": {"lemma": "mercar", "pos": "NOUN", "is_stop": false, "is_named": false}}}, "it": {"text": "dei valori di mercato", "linguisticInfo": {"dei": {"lemma": "del", "pos": "E_RD", "is_stop": true, "is_named": false}, "valori": {"lemma": "valore", "pos": "S", "is_stop": false, "is_named": false}, "di": {"lemma": "di", "pos": "E", "is_stop": true, "is_named": false}, "mercato": {"lemma": "mercato", "pos": "S", "is_stop": false, "is_named": false}}}}, "obj": {"type": "Event", "pt": {"text": "a degrada\u00e7\u00e3o", "linguisticInfo": {"a": {"lemma": "o", "pos": "DET", "is_stop": true, "is_named": false}, "degrada\u00e7\u00e3o": {"lemma": "degrada\u00e7\u00e3o", "pos": "NOUN", "is_stop": false, "is_named": false}}}, "it": {"text": "la caduta", "linguisticInfo": {"la": {"lemma": "il", "pos": "RD", "is_stop": true, "is_named": false}, "caduta": {"lemma": "caduta", "pos": "S", "is_stop": false, "is_named": false}}}}}]}, "sentences_1": {"itText": "NULL secondo alcuni analisti e commercianti , la risalita delle quotazioni intorno ai 360 dollari che ha caratterizzato l \u2019 andamento di mercato dell \u2019 oro della scorsa settimana dai livelli pi\u00f9 bassi toccati a maggio dell \u2019 anno scorso che si aggiravano intorno ai 296,75 , non rappresenta un indice stabile che dichiari definitivamente conclusa la lunga tendenza decrescente .", "ptText": "do ponto de vista de alguns analistas e de negociantes , a subida para um n\u00edvel em torno de $ 360 , que caracterizou o comportamento do mercado aur\u00edfero no decurso da semana passada , de um n\u00edvel baixo de cerca de $ 296 , 75 , em maio passado , n\u00e3o poderia ser tomado como uma indica\u00e7\u00e3o segura de que a longa tend\u00eancia descendente teria terminado definitivamente . \n", "relations": [{"id": "R7", "subj": {"type": "Non-human_Oth_participant", "pt": {"text": "para um n\u00edvel em torno de $ 360", "linguisticInfo": {"para": {"lemma": "parir", "pos": "ADP", "is_stop": true, "is_named": false}, "um": {"lemma": "um", "pos": "DET", "is_stop": true, "is_named": false}, "n\u00edvel": {"lemma": "n\u00edvel", "pos": "NOUN", "is_stop": true, "is_named": false}, "em": {"lemma": "em", "pos": "ADP", "is_stop": true, "is_named": false}, "torno": {"lemma": "tornar", "pos": "NOUN", "is_stop": false, "is_named": false}, "de": {"lemma": "de", "pos": "ADP", "is_stop": true, "is_named": false}, "$": {"lemma": "$", "pos": "SYM", "is_stop": false, "is_named": false}, "360": {"lemma": "360", "pos": "NUM", "is_stop": false, "is_named": false}}}, "it": {"text": "secondo alcuni un indice stabile che dichiari", "linguisticInfo": {"secondo": {"lemma": "secondo", "pos": "E", "is_stop": true, "is_named": false}, "alcuni": {"lemma": "alcuni", "pos": "PI", "is_stop": true, "is_named": false}, "un": {"lemma": "uno", "pos": "RI", "is_stop": true, "is_named": false}, "indice": {"lemma": "indice", "pos": "S", "is_stop": false, "is_named": false}, "stabile": {"lemma": "stabile", "pos": "A", "is_stop": false, "is_named": false}, "che": {"lemma": "che", "pos": "PR", "is_stop": true, "is_named": false}, "dichiari": {"lemma": "dichiarare", "pos": "V", "is_stop": false, "is_named": false}}}}, "obj": {"type": "Event", "pt": {"text": "a subida", "linguisticInfo": {"a": {"lemma": "o", "pos": "DET", "is_stop": true, "is_named": false}, "subida": {"lemma": "subir", "pos": "NOUN", "is_stop": false, "is_named": false}}}, "it": {"text": "la risalita", "linguisticInfo": {"la": {"lemma": "il", "pos": "RD", "is_stop": true, "is_named": false}, "risalita": {"lemma": "risalita", "pos": "S", "is_stop": false, "is_named": false}}}}}, {"id": "R8", "subj": {"type": "Time", "pt": {"text": "no decurso da semana passada", "linguisticInfo": {"no": {"lemma": "o", "pos": "ADP", "is_stop": true, "is_named": false}, "decurso": {"lemma": "decurso", "pos": "NOUN", "is_stop": false, "is_named": false}, "da": {"lemma": "da", "pos": "ADP", "is_stop": true, "is_named": false}, "semana": {"lemma": "semana", "pos": "NOUN", "is_stop": false, "is_named": false}, "passada": {"lemma": "passar", "pos": "ADJ", "is_stop": false, "is_named": false}}}, "it": {"text": "bassi toccati a", "linguisticInfo": {"bassi": {"lemma": "basso", "pos": "A", "is_stop": false, "is_named": false}, "toccati": {"lemma": "toccare", "pos": "V", "is_stop": false, "is_named": false}, "a": {"lemma": "a", "pos": "E", "is_stop": true, "is_named": false}}}}, "obj": {"type": "Event", "pt": {"text": "caracterizou", "linguisticInfo": {"caracterizou": {"lemma": "caracterizar", "pos": "VERB", "is_stop": false, "is_named": false}}}, "it": {"text": "caratterizzato", "linguisticInfo": {"caratterizzato": {"lemma": "caratterizzare", "pos": "V", "is_stop": false, "is_named": false}}}}}, {"id": "R9", "subj": {"type": "Non-human_Patient", "pt": {"text": "o comportamento do mercado aur\u00edfero", "linguisticInfo": {"o": {"lemma": "o", "pos": "DET", "is_stop": true, "is_named": false}, "comportamento": {"lemma": "comportamento", "pos": "NOUN", "is_stop": false, "is_named": false}, "do": {"lemma": "do", "pos": "ADP", "is_stop": true, "is_named": false}, "mercado": {"lemma": "mercar", "pos": "NOUN", "is_stop": false, "is_named": false}, "aur\u00edfero": {"lemma": "aur\u00edfero", "pos": "ADJ", "is_stop": false, "is_named": false}}}, "it": {"text": "l \u2019 andamento di mercato dell \u2019 oro", "linguisticInfo": {"l": {"lemma": "l", "pos": "RD", "is_stop": false, "is_named": false}, "\u2019": {"lemma": "\u2019", "pos": "SP", "is_stop": false, "is_named": false}, "andamento": {"lemma": "andamento", "pos": "S", "is_stop": false, "is_named": false}, "di": {"lemma": "di", "pos": "E", "is_stop": true, "is_named": false}, "mercato": {"lemma": "mercato", "pos": "S", "is_stop": false, "is_named": false}, "dell": {"lemma": "dell", "pos": "SP", "is_stop": true, "is_named": false}, "oro": {"lemma": "oro", "pos": "S", "is_stop": false, "is_named": false}}}}, "obj": {"type": "Event", "pt": {"text": "caracterizou", "linguisticInfo": {"caracterizou": {"lemma": "caracterizar", "pos": "VERB", "is_stop": false, "is_named": false}}}, "it": {"text": "caratterizzato", "linguisticInfo": {"caratterizzato": {"lemma": "caratterizzare", "pos": "V", "is_stop": false, "is_named": false}}}}}, {"id": "R10", "subj": {"type": "Non-human_Agent", "pt": {"text": "que", "linguisticInfo": {"que": {"lemma": "que", "pos": "SCONJ", "is_stop": true, "is_named": false}}}, "it": {"text": "che", "linguisticInfo": {"che": {"lemma": "che", "pos": "CS", "is_stop": true, "is_named": false}}}}, "obj": {"type": "Event", "pt": {"text": "caracterizou", "linguisticInfo": {"caracterizou": {"lemma": "caracterizar", "pos": "VERB", "is_stop": false, "is_named": false}}}, "it": {"text": "caratterizzato", "linguisticInfo": {"caratterizzato": {"lemma": "caratterizzare", "pos": "V", "is_stop": false, "is_named": false}}}}}, {"id": "R11", "subj": {"type": "Non-human_Oth_participant", "pt": {"text": "como uma indica\u00e7\u00e3o segura de que a longa tend\u00eancia descendente teria terminado definitivamente", "linguisticInfo": {"como": {"lemma": "comer", "pos": "ADP", "is_stop": true, "is_named": false}, "uma": {"lemma": "umar", "pos": "DET", "is_stop": true, "is_named": false}, "indica\u00e7\u00e3o": {"lemma": "indica\u00e7\u00e3o", "pos": "NOUN", "is_stop": false, "is_named": false}, "segura": {"lemma": "seguro", "pos": "ADJ", "is_stop": false, "is_named": false}, "de": {"lemma": "de", "pos": "SCONJ", "is_stop": true, "is_named": false}, "que": {"lemma": "que", "pos": "SCONJ", "is_stop": true, "is_named": false}, "a": {"lemma": "o", "pos": "DET", "is_stop": true, "is_named": false}, "longa": {"lemma": "longo", "pos": "ADJ", "is_stop": false, "is_named": false}, "tend\u00eancia": {"lemma": "tend\u00eancia", "pos": "NOUN", "is_stop": false, "is_named": false}, "descendente": {"lemma": "descendente", "pos": "ADJ", "is_stop": false, "is_named": false}, "teria": {"lemma": "ter", "pos": "AUX", "is_stop": false, "is_named": false}, "terminado": {"lemma": "terminar", "pos": "VERB", "is_stop": false, "is_named": false}, "definitivamente": {"lemma": "definitivamente", "pos": "ADV", "is_stop": false, "is_named": false}}}, "it": {"text": "secondo alcuni un indice stabile che dichiari", "linguisticInfo": {"secondo": {"lemma": "secondo", "pos": "E", "is_stop": true, "is_named": false}, "alcuni": {"lemma": "alcuni", "pos": "PI", "is_stop": true, "is_named": false}, "un": {"lemma": "uno", "pos": "RI", "is_stop": true, "is_named": false}, "indice": {"lemma": "indice", "pos": "S", "is_stop": false, "is_named": false}, "stabile": {"lemma": "stabile", "pos": "A", "is_stop": false, "is_named": false}, "che": {"lemma": "che", "pos": "PR", "is_stop": true, "is_named": false}, "dichiari": {"lemma": "dichiarare", "pos": "V", "is_stop": false, "is_named": false}}}}, "obj": {"type": "Event", "pt": {"text": "n\u00e3o poderia ser tomado", "linguisticInfo": {"n\u00e3o": {"lemma": "n\u00e3o", "pos": "ADV", "is_stop": true, "is_named": false}, "poderia": {"lemma": "poder", "pos": "VERB", "is_stop": false, "is_named": false}, "ser": {"lemma": "ser", "pos": "AUX", "is_stop": true, "is_named": false}, "tomado": {"lemma": "tomar", "pos": "VERB", "is_stop": false, "is_named": false}}}, "it": {"text": "non rappresenta un", "linguisticInfo": {"non": {"lemma": "non", "pos": "BN", "is_stop": true, "is_named": false}, "rappresenta": {"lemma": "rappresentare", "pos": "V", "is_stop": false, "is_named": false}, "un": {"lemma": "uno", "pos": "RI", "is_stop": true, "is_named": false}}}}}]}, "sentences_2": {"itText": "NULL sebbene le opinioni dei ribassisti possano essere state sopravvalutate , l &apos; influenza dei tassi di interesse \u00e8 stata determinata dalla tendenza della valuta in circolazione , il cui aumento previsto la scorsa settimana \u00e8 stato visto come un incentivo ad aumentare i tassi di interesse , gi\u00e0 abbastanza alti , pi\u00f9 che un incentivo a farli abbassare .", "ptText": "conquanto os factores baixistas possam ter sido considerados de modo exagerado , a influ\u00eancia das taxas de juros tem estado a ser determinada pela orienta\u00e7\u00e3o na circula\u00e7\u00e3o monet\u00e1ria , com a prevista subida desta \u00faltima , na semana passada , sendo encarada , ent\u00e3o como mais capaz de estimular do que deprimir taxas de juros a n\u00edveis bastante elevados . \n", "relations": [{"id": "R27", "subj": {"type": "Oth_argument", "pt": {"text": "de modo exagerado", "linguisticInfo": {"de": {"lemma": "de", "pos": "ADP", "is_stop": true, "is_named": false}, "modo": {"lemma": "modo", "pos": "NOUN", "is_stop": false, "is_named": false}, "exagerado": {"lemma": "exagerar", "pos": "VERB", "is_stop": false, "is_named": false}}}, "it": {"text": "sebbene le sopravvalutate , l", "linguisticInfo": {"sebbene": {"lemma": "sebbene", "pos": "CS", "is_stop": false, "is_named": false}, "le": {"lemma": "il", "pos": "RD", "is_stop": true, "is_named": false}, "sopravvalutate": {"lemma": "sopravvalutate", "pos": "S", "is_stop": false, "is_named": false}, ",": {"lemma": ",", "pos": "FF", "is_stop": false, "is_named": false}, "l": {"lemma": "l", "pos": "PC", "is_stop": false, "is_named": false}}}}, "obj": {"type": "Event", "pt": {"text": "possam ter sido considerados", "linguisticInfo": {"possam": {"lemma": "poder", "pos": "VERB", "is_stop": false, "is_named": false}, "ter": {"lemma": "ter", "pos": "AUX", "is_stop": true, "is_named": false}, "sido": {"lemma": "ser", "pos": "AUX", "is_stop": false, "is_named": false}, "considerados": {"lemma": "considerar", "pos": "VERB", "is_stop": false, "is_named": false}}}, "it": {"text": "possano essere state sopravvalutate", "linguisticInfo": {"possano": {"lemma": "potere", "pos": "VM", "is_stop": false, "is_named": false}, "essere": {"lemma": "essere", "pos": "VA", "is_stop": true, "is_named": false}, "state": {"lemma": "stare", "pos": "VA", "is_stop": true, "is_named": false}, "sopravvalutate": {"lemma": "sopravvalutare", "pos": "V", "is_stop": false, "is_named": false}}}}}, {"id": "R28", "subj": {"type": "Non-human_Patient", "pt": {"text": "os factores baixistas", "linguisticInfo": {"os": {"lemma": "o", "pos": "DET", "is_stop": true, "is_named": false}, "factores": {"lemma": "factor", "pos": "NOUN", "is_stop": false, "is_named": false}, "baixistas": {"lemma": "baixista", "pos": "ADJ", "is_stop": false, "is_named": false}}}, "it": {"text": "sebbene le ribassisti possano essere", "linguisticInfo": {"sebbene": {"lemma": "sebbene", "pos": "CS", "is_stop": false, "is_named": false}, "le": {"lemma": "il", "pos": "RD", "is_stop": true, "is_named": false}, "ribassisti": {"lemma": "ribassista", "pos": "S", "is_stop": false, "is_named": false}, "possano": {"lemma": "potere", "pos": "VM", "is_stop": false, "is_named": false}, "essere": {"lemma": "essere", "pos": "V", "is_stop": true, "is_named": false}}}}, "obj": {"type": "Event", "pt": {"text": "possam ter sido considerados", "linguisticInfo": {"possam": {"lemma": "poder", "pos": "VERB", "is_stop": false, "is_named": false}, "ter": {"lemma": "ter", "pos": "AUX", "is_stop": true, "is_named": false}, "sido": {"lemma": "ser", "pos": "AUX", "is_stop": false, "is_named": false}, "considerados": {"lemma": "considerar", "pos": "VERB", "is_stop": false, "is_named": false}}}, "it": {"text": "possano essere state sopravvalutate", "linguisticInfo": {"possano": {"lemma": "potere", "pos": "VM", "is_stop": false, "is_named": false}, "essere": {"lemma": "essere", "pos": "VA", "is_stop": true, "is_named": false}, "state": {"lemma": "stare", "pos": "VA", "is_stop": true, "is_named": false}, "sopravvalutate": {"lemma": "sopravvalutare", "pos": "V", "is_stop": false, "is_named": false}}}}}, {"id": "R29", "subj": {"type": "Time", "pt": {"text": "na semana passada", "linguisticInfo": {"na": {"lemma": "o", "pos": "ADP", "is_stop": true, "is_named": false}, "semana": {"lemma": "semana", "pos": "NOUN", "is_stop": false, "is_named": false}, "passada": {"lemma": "passar", "pos": "ADJ", "is_stop": false, "is_named": false}}}, "it": {"text": "&apos; influenza dei settimana \u00e8 stato", "linguisticInfo": {"&": {"lemma": "&", "pos": "SYM", "is_stop": false, "is_named": false}, "apos": {"lemma": "apos", "pos": "A", "is_stop": false, "is_named": false}, ";": {"lemma": ";", "pos": "FC", "is_stop": false, "is_named": false}, "influenza": {"lemma": "influenza", "pos": "S", "is_stop": false, "is_named": false}, "dei": {"lemma": "del", "pos": "E_RD", "is_stop": true, "is_named": false}, "settimana": {"lemma": "settimana", "pos": "S", "is_stop": false, "is_named": false}, "\u00e8": {"lemma": "essere", "pos": "VA", "is_stop": false, "is_named": false}, "stato": {"lemma": "stare", "pos": "V", "is_stop": true, "is_named": false}}}}, "obj": {"type": "Event", "pt": {"text": "a prevista subida", "linguisticInfo": {"a": {"lemma": "o", "pos": "DET", "is_stop": true, "is_named": false}, "prevista": {"lemma": "previsto", "pos": "NOUN", "is_stop": false, "is_named": false}, "subida": {"lemma": "subir", "pos": "ADJ", "is_stop": false, "is_named": false}}}, "it": {"text": "sebbene le sopravvalutate , l", "linguisticInfo": {"sebbene": {"lemma": "sebbene", "pos": "CS", "is_stop": false, "is_named": false}, "le": {"lemma": "il", "pos": "RD", "is_stop": true, "is_named": false}, "sopravvalutate": {"lemma": "sopravvalutate", "pos": "S", "is_stop": false, "is_named": false}, ",": {"lemma": ",", "pos": "FF", "is_stop": false, "is_named": false}, "l": {"lemma": "l", "pos": "PC", "is_stop": false, "is_named": false}}}}}, {"id": "R24", "subj": {"type": "Non-human_Patient", "pt": {"text": "taxas de juros a n\u00edveis bastante elevados", "linguisticInfo": {"taxas": {"lemma": "taxar", "pos": "NOUN", "is_stop": false, "is_named": false}, "de": {"lemma": "de", "pos": "ADP", "is_stop": true, "is_named": false}, "juros": {"lemma": "juro", "pos": "NOUN", "is_stop": false, "is_named": false}, "a": {"lemma": "o", "pos": "ADP", "is_stop": true, "is_named": false}, "n\u00edveis": {"lemma": "n\u00edvel", "pos": "NOUN", "is_stop": false, "is_named": false}, "bastante": {"lemma": "bastante", "pos": "ADV", "is_stop": true, "is_named": false}, "elevados": {"lemma": "elevar", "pos": "VERB", "is_stop": false, "is_named": false}}}, "it": {"text": "tassi di interesse \u00e8 incentivo ad aumentare a farli abbassare .", "linguisticInfo": {"tassi": {"lemma": "tasso", "pos": "S", "is_stop": false, "is_named": false}, "di": {"lemma": "di", "pos": "E", "is_stop": true, "is_named": false}, "interesse": {"lemma": "interesse", "pos": "S", "is_stop": false, "is_named": false}, "\u00e8": {"lemma": "essere", "pos": "V", "is_stop": false, "is_named": false}, "incentivo": {"lemma": "incentivo", "pos": "A", "is_stop": false, "is_named": false}, "ad": {"lemma": "ad", "pos": "E", "is_stop": true, "is_named": false}, "aumentare": {"lemma": "aumentare", "pos": "V", "is_stop": false, "is_named": false}, "a": {"lemma": "a", "pos": "E", "is_stop": true, "is_named": false}, "farli": {"lemma": "fare", "pos": "V_PC", "is_stop": false, "is_named": false}, "abbassare": {"lemma": "abbassare", "pos": "V", "is_stop": false, "is_named": false}, ".": {"lemma": ".", "pos": "FS", "is_stop": false, "is_named": false}}}}, "obj": {"type": "Event", "pt": {"text": "estimular", "linguisticInfo": {"estimular": {"lemma": "estimular", "pos": "VERB", "is_stop": false, "is_named": false}}}, "it": {"text": "abbassare", "linguisticInfo": {"abbassare": {"lemma": "abbassare", "pos": "V", "is_stop": false, "is_named": false}}}}}, {"id": "R51", "subj": {"type": "Non-human_Patient", "pt": {"text": "taxas de juros a n\u00edveis bastante elevados", "linguisticInfo": {"taxas": {"lemma": "taxar", "pos": "NOUN", "is_stop": false, "is_named": false}, "de": {"lemma": "de", "pos": "ADP", "is_stop": true, "is_named": false}, "juros": {"lemma": "juro", "pos": "NOUN", "is_stop": false, "is_named": false}, "a": {"lemma": "o", "pos": "ADP", "is_stop": true, "is_named": false}, "n\u00edveis": {"lemma": "n\u00edvel", "pos": "NOUN", "is_stop": false, "is_named": false}, "bastante": {"lemma": "bastante", "pos": "ADV", "is_stop": true, "is_named": false}, "elevados": {"lemma": "elevar", "pos": "VERB", "is_stop": false, "is_named": false}}}, "it": {"text": "tassi di interesse \u00e8 incentivo ad aumentare a farli abbassare .", "linguisticInfo": {"tassi": {"lemma": "tasso", "pos": "S", "is_stop": false, "is_named": false}, "di": {"lemma": "di", "pos": "E", "is_stop": true, "is_named": false}, "interesse": {"lemma": "interesse", "pos": "S", "is_stop": false, "is_named": false}, "\u00e8": {"lemma": "essere", "pos": "V", "is_stop": false, "is_named": false}, "incentivo": {"lemma": "incentivo", "pos": "A", "is_stop": false, "is_named": false}, "ad": {"lemma": "ad", "pos": "E", "is_stop": true, "is_named": false}, "aumentare": {"lemma": "aumentare", "pos": "V", "is_stop": false, "is_named": false}, "a": {"lemma": "a", "pos": "E", "is_stop": true, "is_named": false}, "farli": {"lemma": "fare", "pos": "V_PC", "is_stop": false, "is_named": false}, "abbassare": {"lemma": "abbassare", "pos": "V", "is_stop": false, "is_named": false}, ".": {"lemma": ".", "pos": "FS", "is_stop": false, "is_named": false}}}}, "obj": {"type": "Event", "pt": {"text": "deprimir", "linguisticInfo": {"deprimir": {"lemma": "deprimir", "pos": "VERB", "is_stop": false, "is_named": false}}}, "it": {"text": "&apos;", "linguisticInfo": {"&": {"lemma": "&", "pos": "SYM", "is_stop": false, "is_named": false}, "apos": {"lemma": "apos", "pos": "A", "is_stop": false, "is_named": false}, ";": {"lemma": ";", "pos": "FC", "is_stop": false, "is_named": false}}}}}]}, "sentences_4": {"itText": "NULL se da una parte l \u2019 inasprimento delle ostilit\u00e0 tra iraq e iran ha avuto un ruolo relativamente importante nella risalita dei prezzi dell \u2019 oro , non si pu\u00f2 dire lo stesso del conflitto anglo-argentino in merito alle isole falkland e del recente aggravamento della situazione in libano . tuttavia , i timori dell \u2019 estensione di una radicalizzazione della rivoluzione islamica ad altri paesi arabi generano grande preoccupazione , soprattutto perch\u00e9 si immagina che potrebbe raggiungere i paesi del golfo produttori di petrolio , nonch\u00e9 i maggiori compratori di oro sui mercati internazionali .", "ptText": "se o recrudescer das hostilidades iraco-iranianas tiverem um papel relativamente importante na reanima\u00e7\u00e3o do pre\u00e7o do ouro , j\u00e1 o mesmo se n\u00e3o pode dizer do conflito anglo-argentino por causa das falkland e do recente agravamento no l\u00edbano . todavia , receios de uma radicaliza\u00e7\u00e3o da revolu\u00e7\u00e3o isl\u00e2mica estendendo -se a outros estados ar\u00e1bes \u00e9 motivo de maior preocupa\u00e7\u00e3o , porquanto poder\u00e1 atingir pa\u00edses do golfo produtores de petr\u00f3leo , importantes compradores de ouro nos mercados internacionais . \n", "relations": [{"id": "R35", "subj": {"type": "Non-human_Oth_participant", "pt": {"text": "do conflito anglo-argentino", "linguisticInfo": {"do": {"lemma": "do", "pos": "ADP", "is_stop": true, "is_named": false}, "conflito": {"lemma": "conflito", "pos": "NOUN", "is_stop": false, "is_named": false}, "anglo-argentino": {"lemma": "anglo-argentino", "pos": "ADJ", "is_stop": false, "is_named": false}}}, "it": {"text": "del conflitto anglo-argentino", "linguisticInfo": {"del": {"lemma": "del", "pos": "E_RD", "is_stop": true, "is_named": false}, "conflitto": {"lemma": "conflitto", "pos": "S", "is_stop": false, "is_named": false}, "anglo": {"lemma": "anglo", "pos": "V", "is_stop": false, "is_named": false}, "-": {"lemma": "-", "pos": "FF", "is_stop": false, "is_named": false}, "argentino": {"lemma": "argentino", "pos": "A", "is_stop": false, "is_named": false}}}}, "obj": {"type": "Event", "pt": {"text": "se n\u00e3o pode dizer", "linguisticInfo": {"se": {"lemma": "se", "pos": "SCONJ", "is_stop": true, "is_named": false}, "n\u00e3o": {"lemma": "n\u00e3o", "pos": "ADV", "is_stop": true, "is_named": false}, "pode": {"lemma": "poder", "pos": "VERB", "is_stop": true, "is_named": false}, "dizer": {"lemma": "dizer", "pos": "VERB", "is_stop": true, "is_named": false}}}, "it": {"text": "non pu\u00f2 dire", "linguisticInfo": {"non": {"lemma": "non", "pos": "BN", "is_stop": true, "is_named": false}, "pu\u00f2": {"lemma": "potere", "pos": "VM", "is_stop": true, "is_named": false}, "dire": {"lemma": "dire", "pos": "V", "is_stop": true, "is_named": false}}}}}, {"id": "R37", "subj": {"type": "Human_Patient", "pt": {"text": "pa\u00edses do Golfo produtores de petr\u00f3leo , importantes compradores de ouro nos mercados internacionais", "linguisticInfo": {"pa\u00edses": {"lemma": "pa\u00eds", "pos": "NOUN", "is_stop": false, "is_named": false}, "do": {"lemma": "do", "pos": "ADP", "is_stop": true, "is_named": false}, "Golfo": {"lemma": "Golfo", "pos": "PROPN", "is_stop": false, "is_named": true}, "produtores": {"lemma": "produtor", "pos": "NOUN", "is_stop": false, "is_named": false}, "de": {"lemma": "de", "pos": "ADP", "is_stop": true, "is_named": false}, "petr\u00f3leo": {"lemma": "petr\u00f3leo", "pos": "NOUN", "is_stop": false, "is_named": false}, ",": {"lemma": ",", "pos": "PUNCT", "is_stop": false, "is_named": false}, "importantes": {"lemma": "importante", "pos": "ADJ", "is_stop": false, "is_named": false}, "compradores": {"lemma": "comprador", "pos": "NOUN", "is_stop": false, "is_named": false}, "ouro": {"lemma": "ourar", "pos": "NOUN", "is_stop": false, "is_named": false}, "nos": {"lemma": "o", "pos": "ADP", "is_stop": true, "is_named": false}, "mercados": {"lemma": "mercar", "pos": "NOUN", "is_stop": false, "is_named": false}, "internacionais": {"lemma": "internacional", "pos": "ADJ", "is_stop": false, "is_named": false}}}, "it": {"text": "paesi arabi generano del golfo produttori di petrolio , nonch\u00e9", "linguisticInfo": {"paesi": {"lemma": "paese", "pos": "S", "is_stop": false, "is_named": false}, "arabi": {"lemma": "arabo", "pos": "A", "is_stop": false, "is_named": false}, "generano": {"lemma": "generare", "pos": "V", "is_stop": false, "is_named": false}, "del": {"lemma": "del", "pos": "E_RD", "is_stop": true, "is_named": false}, "golfo": {"lemma": "golfo", "pos": "S", "is_stop": false, "is_named": false}, "produttori": {"lemma": "produttore", "pos": "S", "is_stop": false, "is_named": false}, "di": {"lemma": "di", "pos": "E", "is_stop": true, "is_named": false}, "petrolio": {"lemma": "petrolio", "pos": "S", "is_stop": false, "is_named": false}, ",": {"lemma": ",", "pos": "FF", "is_stop": false, "is_named": false}, "nonch\u00e9": {"lemma": "nonch\u00e9", "pos": "CC", "is_stop": false, "is_named": false}}}}, "obj": {"type": "Event", "pt": {"text": "poder\u00e1 atingir", "linguisticInfo": {"poder\u00e1": {"lemma": "poder", "pos": "VERB", "is_stop": true, "is_named": false}, "atingir": {"lemma": "atingir", "pos": "VERB", "is_stop": false, "is_named": false}}}, "it": {"text": "potrebbe raggiungere", "linguisticInfo": {"potrebbe": {"lemma": "potere", "pos": "VM", "is_stop": true, "is_named": false}, "raggiungere": {"lemma": "raggiungere", "pos": "V", "is_stop": false, "is_named": false}}}}}]}, "sentences_5": {"itText": "NULL nel caso in cui khomeiny si limiti ai soli attacchi verbali , il mercato dell \u2019 oro perder\u00e0 uno dei fattori principali che , sommato alla previsione di non allentamento dei tassi di interesse da parte della federal reserve , finir\u00e0 per dare ragione a coloro che prevedevano una nuova caduta del prezzo del metallo al di sotto dei 300 dollari .", "ptText": "no caso de khomeiny se ficar por ataques verbais , o mercado do ouro perder\u00e1 um dos seus factores mais importantes , o que , conjuntamnte com a hip\u00f3tese do federal reserve n\u00e3o enveredar por uma pol\u00edtica de afrouxamento das taxas de juros , dar\u00e1 raz\u00e3o aos que perspectivam uma nova queda do metal para menos de $ 300 . \n", "relations": [{"id": "R40", "subj": {"type": "Non-human_Patient", "pt": {"text": "o mercado do ouro", "linguisticInfo": {"o": {"lemma": "o", "pos": "DET", "is_stop": true, "is_named": false}, "mercado": {"lemma": "mercar", "pos": "NOUN", "is_stop": false, "is_named": false}, "do": {"lemma": "do", "pos": "ADP", "is_stop": true, "is_named": false}, "ouro": {"lemma": "ourar", "pos": "NOUN", "is_stop": false, "is_named": false}}}, "it": {"text": "il mercato dell oro", "linguisticInfo": {"il": {"lemma": "il", "pos": "RD", "is_stop": true, "is_named": false}, "mercato": {"lemma": "mercato", "pos": "S", "is_stop": false, "is_named": false}, "dell": {"lemma": "dell", "pos": "SP", "is_stop": true, "is_named": false}, "oro": {"lemma": "oro", "pos": "S", "is_stop": false, "is_named": false}}}}, "obj": {"type": "Event", "pt": {"text": "perder\u00e1", "linguisticInfo": {"perder\u00e1": {"lemma": "perder", "pos": "VERB", "is_stop": false, "is_named": false}}}, "it": {"text": "perder\u00e0", "linguisticInfo": {"perder\u00e0": {"lemma": "perdere", "pos": "V", "is_stop": false, "is_named": false}}}}}, {"id": "R41", "subj": {"type": "Non-human_Oth_participant", "pt": {"text": "um dos seus factores mais importantes", "linguisticInfo": {"um": {"lemma": "um", "pos": "NUM", "is_stop": true, "is_named": false}, "dos": {"lemma": "dos", "pos": "ADP", "is_stop": true, "is_named": false}, "seus": {"lemma": "seu", "pos": "DET", "is_stop": true, "is_named": false}, "factores": {"lemma": "factor", "pos": "NOUN", "is_stop": false, "is_named": false}, "mais": {"lemma": "mais", "pos": "ADV", "is_stop": true, "is_named": false}, "importantes": {"lemma": "importante", "pos": "ADJ", "is_stop": false, "is_named": false}}}, "it": {"text": "uno dei fattori principali sommato alla previsione", "linguisticInfo": {"uno": {"lemma": "uno", "pos": "PI", "is_stop": true, "is_named": false}, "dei": {"lemma": "del", "pos": "E_RD", "is_stop": true, "is_named": false}, "fattori": {"lemma": "fattore", "pos": "S", "is_stop": false, "is_named": false}, "principali": {"lemma": "principale", "pos": "A", "is_stop": false, "is_named": false}, "sommato": {"lemma": "sommare", "pos": "V", "is_stop": false, "is_named": false}, "alla": {"lemma": "alla", "pos": "E_RD", "is_stop": true, "is_named": false}, "previsione": {"lemma": "previsione", "pos": "S", "is_stop": false, "is_named": false}}}}, "obj": {"type": "Event", "pt": {"text": "perder\u00e1", "linguisticInfo": {"perder\u00e1": {"lemma": "perder", "pos": "VERB", "is_stop": false, "is_named": false}}}, "it": {"text": "perder\u00e0", "linguisticInfo": {"perder\u00e0": {"lemma": "perdere", "pos": "V", "is_stop": false, "is_named": false}}}}}, {"id": "R43", "subj": {"type": "Oth_argument", "pt": {"text": "menos de $ 300", "linguisticInfo": {"menos": {"lemma": "menos", "pos": "ADV", "is_stop": true, "is_named": false}, "de": {"lemma": "de", "pos": "ADP", "is_stop": true, "is_named": false}, "$": {"lemma": "$", "pos": "SYM", "is_stop": false, "is_named": false}, "300": {"lemma": "300", "pos": "NUM", "is_stop": false, "is_named": false}}}, "it": {"text": "300 dollari .", "linguisticInfo": {"300": {"lemma": "300", "pos": "N", "is_stop": false, "is_named": false}, "dollari": {"lemma": "dollaro", "pos": "S", "is_stop": false, "is_named": false}, ".": {"lemma": ".", "pos": "FS", "is_stop": false, "is_named": false}}}}, "obj": {"type": "Event", "pt": {"text": "queda", "linguisticInfo": {"queda": {"lemma": "quedo", "pos": "NOUN", "is_stop": false, "is_named": false}}}, "it": {"text": "caduta", "linguisticInfo": {"caduta": {"lemma": "cadere", "pos": "S", "is_stop": false, "is_named": false}}}}}, {"id": "R55", "subj": {"type": "Non-human_Oth_participant", "pt": {"text": "uma pol\u00edtica de afrouxamento das taxas de juros", "linguisticInfo": {"uma": {"lemma": "umar", "pos": "DET", "is_stop": true, "is_named": false}, "pol\u00edtica": {"lemma": "pol\u00edtico", "pos": "NOUN", "is_stop": false, "is_named": false}, "de": {"lemma": "de", "pos": "ADP", "is_stop": true, "is_named": false}, "afrouxamento": {"lemma": "afrouxamento", "pos": "NOUN", "is_stop": false, "is_named": false}, "das": {"lemma": "das", "pos": "ADP", "is_stop": true, "is_named": false}, "taxas": {"lemma": "taxar", "pos": "NOUN", "is_stop": false, "is_named": false}, "juros": {"lemma": "juro", "pos": "NOUN", "is_stop": false, "is_named": false}}}, "it": {"text": "una nuova caduta", "linguisticInfo": {"una": {"lemma": "uno", "pos": "RI", "is_stop": true, "is_named": false}, "nuova": {"lemma": "nuovo", "pos": "A", "is_stop": false, "is_named": false}, "caduta": {"lemma": "caduta", "pos": "S", "is_stop": false, "is_named": false}}}}, "obj": {"type": "Event", "pt": {"text": "n\u00e3o enveredar", "linguisticInfo": {"n\u00e3o": {"lemma": "n\u00e3o", "pos": "ADV", "is_stop": true, "is_named": false}, "enveredar": {"lemma": "enveredar", "pos": "VERB", "is_stop": false, "is_named": false}}}, "it": {"text": "coloro prevedevano", "linguisticInfo": {"coloro": {"lemma": "coloro", "pos": "PD", "is_stop": true, "is_named": false}, "prevedevano": {"lemma": "prevedere", "pos": "V", "is_stop": false, "is_named": false}}}}}]}, "sentences_6": {"itText": "NULL mentre alcuni settori del mercato internazionale dell \u2019 oro si preparano a prendere posizioni caute in merito alle previsioni sulle tendenze di mercato , gli analisti affermano che il tetto dei 350 dollari si \u00e8 rivelato un benchmark importante e psicologicamente attraente in quanto segnale di resistenza alla tendenza al ribasso , mentre l&apos; area reale di resistenza al rialzo \u00e8 stata fissata intorno ai 365,50 dollari .", "ptText": "enquanto em alguns sectores do mercado internacional do ouro se preconizam tomadas de posi\u00e7\u00e3o cautelosas quanto \u00e0 formula\u00e7\u00e3o de previs\u00f5es orientativas , analistas afirmam que o n\u00edvel de $ 350 revelou -se um ponto de refer\u00eancia psicologicamente atractivo como indicativo de resist\u00eancia a uma orienta\u00e7\u00e3o descendente , enquanto a verdadeira \u00e1rea de resist\u00eancia a subida foi fixada em torno de $ 365 , 50 . \n", "relations": [{"id": "R45", "subj": {"type": "Human_Agent", "pt": {"text": "analistas", "linguisticInfo": {"analistas": {"lemma": "analista", "pos": "NOUN", "is_stop": false, "is_named": false}}}, "it": {"text": "analisti", "linguisticInfo": {"analisti": {"lemma": "analista", "pos": "S", "is_stop": false, "is_named": false}}}}, "obj": {"type": "Event", "pt": {"text": "afirmam", "linguisticInfo": {"afirmam": {"lemma": "afirmar", "pos": "VERB", "is_stop": false, "is_named": false}}}, "it": {"text": "affermano", "linguisticInfo": {"affermano": {"lemma": "affermare", "pos": "V", "is_stop": false, "is_named": false}}}}}, {"id": "R46", "subj": {"type": "Non-human_Oth_participant", "pt": {"text": "em torno de $ 365 , 50", "linguisticInfo": {"em": {"lemma": "em", "pos": "ADP", "is_stop": true, "is_named": false}, "torno": {"lemma": "tornar", "pos": "NOUN", "is_stop": false, "is_named": false}, "de": {"lemma": "de", "pos": "ADP", "is_stop": true, "is_named": false}, "$": {"lemma": "$", "pos": "SYM", "is_stop": false, "is_named": false}, "365": {"lemma": "365", "pos": "NUM", "is_stop": false, "is_named": false}, ",": {"lemma": ",", "pos": "PUNCT", "is_stop": false, "is_named": false}, "50": {"lemma": "50", "pos": "NUM", "is_stop": false, "is_named": false}}}, "it": {"text": "mentre alcuni intorno ai 365,50", "linguisticInfo": {"mentre": {"lemma": "mentre", "pos": "CS", "is_stop": true, "is_named": false}, "alcuni": {"lemma": "alcun", "pos": "DI", "is_stop": true, "is_named": false}, "intorno": {"lemma": "intorno", "pos": "B", "is_stop": true, "is_named": false}, "ai": {"lemma": "al", "pos": "E_RD", "is_stop": true, "is_named": false}, "365,50": {"lemma": "365,50", "pos": "N", "is_stop": false, "is_named": false}}}}, "obj": {"type": "Event", "pt": {"text": "foi fixada", "linguisticInfo": {"foi": {"lemma": "ser", "pos": "AUX", "is_stop": true, "is_named": false}, "fixada": {"lemma": "fixar", "pos": "VERB", "is_stop": false, "is_named": false}}}, "it": {"text": "stata fissata", "linguisticInfo": {"stata": {"lemma": "stare", "pos": "VA", "is_stop": true, "is_named": false}, "fissata": {"lemma": "fissare", "pos": "V", "is_stop": false, "is_named": false}}}}}, {"id": "R47", "subj": {"type": "Non-human_Patient", "pt": {"text": "a verdadeira \u00e1rea de resist\u00eancia a subida", "linguisticInfo": {"a": {"lemma": "o", "pos": "DET", "is_stop": true, "is_named": false}, "verdadeira": {"lemma": "verdadeiro", "pos": "ADJ", "is_stop": false, "is_named": false}, "\u00e1rea": {"lemma": "\u00e1rea", "pos": "NOUN", "is_stop": true, "is_named": false}, "de": {"lemma": "de", "pos": "ADP", "is_stop": true, "is_named": false}, "resist\u00eancia": {"lemma": "resist\u00eancia", "pos": "NOUN", "is_stop": false, "is_named": false}, "subida": {"lemma": "subir", "pos": "NOUN", "is_stop": false, "is_named": false}}}, "it": {"text": "l&apos; area reale di resistenza", "linguisticInfo": {"l&apos": {"lemma": "l&apos", "pos": "B", "is_stop": false, "is_named": false}, ";": {"lemma": ";", "pos": "FC", "is_stop": false, "is_named": false}, "area": {"lemma": "area", "pos": "S", "is_stop": false, "is_named": false}, "reale": {"lemma": "reale", "pos": "A", "is_stop": false, "is_named": false}, "di": {"lemma": "di", "pos": "E", "is_stop": true, "is_named": false}, "resistenza": {"lemma": "resistenza", "pos": "S", "is_stop": false, "is_named": false}}}}, "obj": {"type": "Event", "pt": {"text": "foi fixada", "linguisticInfo": {"foi": {"lemma": "ser", "pos": "AUX", "is_stop": true, "is_named": false}, "fixada": {"lemma": "fixar", "pos": "VERB", "is_stop": false, "is_named": false}}}, "it": {"text": "stata fissata", "linguisticInfo": {"stata": {"lemma": "stare", "pos": "VA", "is_stop": true, "is_named": false}, "fissata": {"lemma": "fissare", "pos": "V", "is_stop": false, "is_named": false}}}}}]}, "sentences_7": {"itText": "NULL secondo osservatori esperti , solo una crescita convincente che si avvicini a valori intorno ai 400 dollari indicherebbe realmente la fine di un trend negativo che dura da due anni e mezzo .", "ptText": "do ponto de vista de observadores experimentados , s\u00f3 uma convincente subida para um n\u00edvel muito pr\u00f3ximo de $ 400 indicaria o fim duma tend\u00eancia negativa que dura h\u00e1 dois anos e meio . \n", "relations": [{"id": "R48", "subj": {"type": "Non-human_Oth_participant", "pt": {"text": "para um n\u00edvel muito pr\u00f3ximo de $ 400", "linguisticInfo": {"para": {"lemma": "parir", "pos": "ADP", "is_stop": true, "is_named": false}, "um": {"lemma": "um", "pos": "DET", "is_stop": true, "is_named": false}, "n\u00edvel": {"lemma": "n\u00edvel", "pos": "NOUN", "is_stop": true, "is_named": false}, "muito": {"lemma": "muito", "pos": "ADV", "is_stop": true, "is_named": false}, "pr\u00f3ximo": {"lemma": "pr\u00f3ximo", "pos": "ADV", "is_stop": true, "is_named": false}, "de": {"lemma": "de", "pos": "ADP", "is_stop": true, "is_named": false}, "$": {"lemma": "$", "pos": "SYM", "is_stop": false, "is_named": false}, "400": {"lemma": "400", "pos": "NUM", "is_stop": false, "is_named": false}}}, "it": {"text": "realmente la fine", "linguisticInfo": {"realmente": {"lemma": "realmente", "pos": "B", "is_stop": true, "is_named": false}, "la": {"lemma": "il", "pos": "RD", "is_stop": true, "is_named": false}, "fine": {"lemma": "fine", "pos": "S", "is_stop": true, "is_named": false}}}}, "obj": {"type": "Event", "pt": {"text": "uma convincente subida", "linguisticInfo": {"uma": {"lemma": "umar", "pos": "DET", "is_stop": true, "is_named": false}, "convincente": {"lemma": "convincente", "pos": "NOUN", "is_stop": false, "is_named": false}, "subida": {"lemma": "subir", "pos": "VERB", "is_stop": false, "is_named": false}}}, "it": {"text": "una convincente 400", "linguisticInfo": {"una": {"lemma": "uno", "pos": "RI", "is_stop": true, "is_named": false}, "convincente": {"lemma": "convincente", "pos": "A", "is_stop": false, "is_named": false}, "400": {"lemma": "400", "pos": "N", "is_stop": false, "is_named": false}}}}}]}}