{"sentences_1": {"itText": "NULL secondo quanto dichiarato da uno dei responsabili dei vigili del fuoco municipali di coimbra al \u00ab di\u00e1rio das noit\u00edcias \u00bb , le fiamme , fronteggiate con tutti i mezzi aerei disponibili dal centro di rilevamento e lotta agli incendi forestali di lous\u00e3 e da squadre dei vigili del fuoco , minacciavano di avvicinarsi all \u2019 abitato di s. frutuoso ,", "ptText": "as chamas , que eram combatidas , naquela altura , por todos os meios a\u00e9reos dispon\u00edveis no centro de detec\u00e7\u00e3o e combate a fogos florestais da lous\u00e3 e por diversas corpora\u00e7\u00f5es de bombeiros , amea\u00e7avam aproximar -se de algumas habita\u00e7\u00f5es de s. frutuoso , segundo disse ao \u00ab dn \u00bb um respons\u00e1vel da corpora\u00e7\u00e3o de bombeiros municipais de coimbra . \n", "relations": [{"id": "R4", "subj": {"type": "Human_Agent", "pt": {"text": "todos os meios a\u00e9reos dispon\u00edveis no Centro de Detec\u00e7\u00e3o e Combate a Fogos Florestais da Lous\u00e3 e por diversas corpora\u00e7\u00f5es de bombeiros", "linguisticInfo": {"todos": {"lemma": "todo", "pos": "DET", "is_stop": true, "is_named": false}, "os": {"lemma": "o", "pos": "DET", "is_stop": true, "is_named": false}, "meios": {"lemma": "meio", "pos": "NOUN", "is_stop": false, "is_named": false}, "a\u00e9reos": {"lemma": "a\u00e9reo", "pos": "ADJ", "is_stop": false, "is_named": false}, "dispon\u00edveis": {"lemma": "dispon\u00edvel", "pos": "ADJ", "is_stop": false, "is_named": false}, "no": {"lemma": "o", "pos": "ADP", "is_stop": true, "is_named": false}, "Centro": {"lemma": "Centro", "pos": "PROPN", "is_stop": false, "is_named": true}, "de": {"lemma": "de", "pos": "ADP", "is_stop": true, "is_named": false}, "Detec\u00e7\u00e3o": {"lemma": "Detec\u00e7\u00e3o", "pos": "PROPN", "is_stop": false, "is_named": true}, "e": {"lemma": "e", "pos": "CCONJ", "is_stop": true, "is_named": false}, "Combate": {"lemma": "Combate", "pos": "PROPN", "is_stop": false, "is_named": true}, "a": {"lemma": "o", "pos": "ADP", "is_stop": true, "is_named": false}, "Fogos": {"lemma": "Fogos", "pos": "PROPN", "is_stop": false, "is_named": true}, "Florestais": {"lemma": "Florestais", "pos": "PROPN", "is_stop": false, "is_named": true}, "da": {"lemma": "da", "pos": "ADP", "is_stop": true, "is_named": false}, "Lous\u00e3": {"lemma": "Lous\u00e3", "pos": "PROPN", "is_stop": false, "is_named": true}, "por": {"lemma": "por", "pos": "ADP", "is_stop": true, "is_named": false}, "diversas": {"lemma": "diverso", "pos": "DET", "is_stop": false, "is_named": false}, "corpora\u00e7\u00f5es": {"lemma": "corpora\u00e7\u00e3o", "pos": "NOUN", "is_stop": false, "is_named": false}, "bombeiros": {"lemma": "bombeiro", "pos": "NOUN", "is_stop": false, "is_named": false}}}, "it": {"text": "tutti i mezzi aerei disponibili dal centro di rilevamento e lotta agli incendi", "linguisticInfo": {"tutti": {"lemma": "tutto", "pos": "T", "is_stop": true, "is_named": false}, "i": {"lemma": "il", "pos": "RD", "is_stop": false, "is_named": false}, "mezzi": {"lemma": "mezzo", "pos": "S", "is_stop": false, "is_named": false}, "aerei": {"lemma": "aereo", "pos": "A", "is_stop": false, "is_named": false}, "disponibili": {"lemma": "disponibile", "pos": "A", "is_stop": false, "is_named": false}, "dal": {"lemma": "dal", "pos": "E_RD", "is_stop": true, "is_named": false}, "centro": {"lemma": "centro", "pos": "S", "is_stop": false, "is_named": false}, "di": {"lemma": "di", "pos": "E", "is_stop": true, "is_named": false}, "rilevamento": {"lemma": "rilevamento", "pos": "S", "is_stop": false, "is_named": false}, "e": {"lemma": "e", "pos": "CC", "is_stop": false, "is_named": false}, "lotta": {"lemma": "lotta", "pos": "S", "is_stop": false, "is_named": false}, "agli": {"lemma": "al", "pos": "E_RD", "is_stop": true, "is_named": false}, "incendi": {"lemma": "incendio", "pos": "S", "is_stop": false, "is_named": false}}}}, "obj": {"type": "Event", "pt": {"text": "eram combatidas", "linguisticInfo": {"eram": {"lemma": "ser", "pos": "AUX", "is_stop": false, "is_named": false}, "combatidas": {"lemma": "combatido", "pos": "ADJ", "is_stop": false, "is_named": false}}}, "it": {"text": "fronteggiate con tutti", "linguisticInfo": {"fronteggiate": {"lemma": "fronteggiare", "pos": "V", "is_stop": false, "is_named": false}, "con": {"lemma": "con", "pos": "E", "is_stop": true, "is_named": false}, "tutti": {"lemma": "tutti", "pos": "PI", "is_stop": true, "is_named": false}}}}}, {"id": "R5", "subj": {"type": "Non-human_Patient", "pt": {"text": "que", "linguisticInfo": {"que": {"lemma": "que", "pos": "SCONJ", "is_stop": true, "is_named": false}}}, "it": {"text": "", "linguisticInfo": {}}}, "obj": {"type": "Event", "pt": {"text": "eram combatidas", "linguisticInfo": {"eram": {"lemma": "ser", "pos": "AUX", "is_stop": false, "is_named": false}, "combatidas": {"lemma": "combatido", "pos": "ADJ", "is_stop": false, "is_named": false}}}, "it": {"text": "fronteggiate con tutti", "linguisticInfo": {"fronteggiate": {"lemma": "fronteggiare", "pos": "V", "is_stop": false, "is_named": false}, "con": {"lemma": "con", "pos": "E", "is_stop": true, "is_named": false}, "tutti": {"lemma": "tutti", "pos": "PI", "is_stop": true, "is_named": false}}}}}, {"id": "R9", "subj": {"type": "Human_Agent", "pt": {"text": "um respons\u00e1vel da corpora\u00e7\u00e3o de Bombeiros Municipais de Coimbra", "linguisticInfo": {"um": {"lemma": "um", "pos": "DET", "is_stop": true, "is_named": false}, "respons\u00e1vel": {"lemma": "respons\u00e1vel", "pos": "NOUN", "is_stop": false, "is_named": false}, "da": {"lemma": "da", "pos": "ADP", "is_stop": true, "is_named": false}, "corpora\u00e7\u00e3o": {"lemma": "corpora\u00e7\u00e3o", "pos": "NOUN", "is_stop": false, "is_named": false}, "de": {"lemma": "de", "pos": "ADP", "is_stop": true, "is_named": false}, "Bombeiros": {"lemma": "Bombeiros", "pos": "NOUN", "is_stop": false, "is_named": true}, "Municipais": {"lemma": "Municipais", "pos": "ADJ", "is_stop": false, "is_named": true}, "Coimbra": {"lemma": "Coimbra", "pos": "PROPN", "is_stop": false, "is_named": true}}}, "it": {"text": "noit\u00edcias \u00bb ,", "linguisticInfo": {"noit\u00edcias": {"lemma": "noit\u00edcias", "pos": "S", "is_stop": false, "is_named": false}, "\u00bb": {"lemma": "\u00bb", "pos": "FB", "is_stop": false, "is_named": false}, ",": {"lemma": ",", "pos": "FF", "is_stop": false, "is_named": false}}}}, "obj": {"type": "Event", "pt": {"text": "disse", "linguisticInfo": {"disse": {"lemma": "dizer", "pos": "VERB", "is_stop": false, "is_named": false}}}, "it": {"text": "noit\u00edcias", "linguisticInfo": {"noit\u00edcias": {"lemma": "noit\u00edcias", "pos": "S", "is_stop": false, "is_named": false}}}}}]}, "sentences_2": {"itText": "NULL l&apos; incendio , iniziato nel pomeriggio di mercoled\u00ec , era attivo su vari fronti , quelli di maggiori dimensioni avanzavano in direzione a s. frutuoso e pego negro . il fronte ha raggiunto dimensioni allarmanti durante la notte , dopo essersi propagato sul lato opposto della strada nazionale 17 ( estrada da beira ) e divorando numerosi ettari di vegetazione dell \u2019 estesa macchia mediterranea , costituita principalmente da pinete , eucalipti e bosco , tra le valli del mondego e del ceira .", "ptText": "o inc\u00eandio , que teve in\u00edcio na tarde de quarta-feira , manifestava -se em v\u00e1rias frentes , sendo as de maiores dimens\u00f5es as que avan\u00e7avam no sentido de s. frutuoso e pego negro . esta frente atingiu propor\u00e7\u00f5es alarmantes durante a noite , tendo , ent\u00e3o , avan\u00e7ado para o outro lado da estrada nacional 17 ( estrada da beira ) e devorando muitos hectares de vegeta\u00e7\u00e3o daquela extensa mancha verde , fundamentalmente constitu\u00edda por pinheiros , eucaliptos e mato , entre os vales dos rios mondego e ceira . \n", "relations": [{"id": "R10", "subj": {"type": "Time", "pt": {"text": "na tarde de quarta-feira", "linguisticInfo": {"na": {"lemma": "o", "pos": "ADP", "is_stop": true, "is_named": false}, "tarde": {"lemma": "tardar", "pos": "NOUN", "is_stop": true, "is_named": false}, "de": {"lemma": "de", "pos": "ADP", "is_stop": true, "is_named": false}, "quarta-feira": {"lemma": "quarta-feira", "pos": "NOUN", "is_stop": false, "is_named": false}}}, "it": {"text": "attivo su vari ceira .", "linguisticInfo": {"attivo": {"lemma": "attivo", "pos": "A", "is_stop": false, "is_named": false}, "su": {"lemma": "su", "pos": "E", "is_stop": true, "is_named": false}, "vari": {"lemma": "vari", "pos": "DI", "is_stop": true, "is_named": false}, "ceira": {"lemma": "ceira", "pos": "S", "is_stop": false, "is_named": false}, ".": {"lemma": ".", "pos": "FS", "is_stop": false, "is_named": false}}}}, "obj": {"type": "Event", "pt": {"text": "teve in\u00edcio", "linguisticInfo": {"teve": {"lemma": "ter", "pos": "VERB", "is_stop": true, "is_named": false}, "in\u00edcio": {"lemma": "in\u00edcio", "pos": "NOUN", "is_stop": false, "is_named": false}}}, "it": {"text": "ceira .", "linguisticInfo": {"ceira": {"lemma": "ceira", "pos": "A", "is_stop": false, "is_named": false}, ".": {"lemma": ".", "pos": "FS", "is_stop": false, "is_named": false}}}}}, {"id": "R11", "subj": {"type": "Non-human_Agent", "pt": {"text": "que", "linguisticInfo": {"que": {"lemma": "que", "pos": "SCONJ", "is_stop": true, "is_named": false}}}, "it": {"text": "", "linguisticInfo": {}}}, "obj": {"type": "Event", "pt": {"text": "teve in\u00edcio", "linguisticInfo": {"teve": {"lemma": "ter", "pos": "VERB", "is_stop": true, "is_named": false}, "in\u00edcio": {"lemma": "in\u00edcio", "pos": "NOUN", "is_stop": false, "is_named": false}}}, "it": {"text": "ceira .", "linguisticInfo": {"ceira": {"lemma": "ceira", "pos": "A", "is_stop": false, "is_named": false}, ".": {"lemma": ".", "pos": "FS", "is_stop": false, "is_named": false}}}}}, {"id": "R12", "subj": {"type": "Non-human_Agent", "pt": {"text": "Esta frente", "linguisticInfo": {"Esta": {"lemma": "Esta", "pos": "DET", "is_stop": true, "is_named": true}, "frente": {"lemma": "frente", "pos": "NOUN", "is_stop": false, "is_named": false}}}, "it": {"text": "frutuoso fronte", "linguisticInfo": {"frutuoso": {"lemma": "frutuoso", "pos": "A", "is_stop": false, "is_named": false}, "fronte": {"lemma": "fronte", "pos": "S", "is_stop": false, "is_named": false}}}}, "obj": {"type": "Event", "pt": {"text": "atingiu", "linguisticInfo": {"atingiu": {"lemma": "atingir", "pos": "VERB", "is_stop": false, "is_named": false}}}, "it": {"text": "raggiunto", "linguisticInfo": {"raggiunto": {"lemma": "raggiungere", "pos": "V", "is_stop": false, "is_named": false}}}}}, {"id": "R13", "subj": {"type": "Non-human_Patient", "pt": {"text": "propor\u00e7\u00f5es alarmantes", "linguisticInfo": {"propor\u00e7\u00f5es": {"lemma": "propor\u00e7\u00e3o", "pos": "NOUN", "is_stop": false, "is_named": false}, "alarmantes": {"lemma": "alarmante", "pos": "ADJ", "is_stop": false, "is_named": false}}}, "it": {"text": "dimensioni allarmanti", "linguisticInfo": {"dimensioni": {"lemma": "dimensione", "pos": "S", "is_stop": false, "is_named": false}, "allarmanti": {"lemma": "allarmante", "pos": "A", "is_stop": false, "is_named": false}}}}, "obj": {"type": "Event", "pt": {"text": "atingiu", "linguisticInfo": {"atingiu": {"lemma": "atingir", "pos": "VERB", "is_stop": false, "is_named": false}}}, "it": {"text": "raggiunto", "linguisticInfo": {"raggiunto": {"lemma": "raggiungere", "pos": "V", "is_stop": false, "is_named": false}}}}}, {"id": "R14", "subj": {"type": "Time", "pt": {"text": "durante a noite", "linguisticInfo": {"durante": {"lemma": "durante", "pos": "ADP", "is_stop": false, "is_named": false}, "a": {"lemma": "o", "pos": "DET", "is_stop": true, "is_named": false}, "noite": {"lemma": "noite", "pos": "NOUN", "is_stop": false, "is_named": false}}}, "it": {"text": "durante la notte", "linguisticInfo": {"durante": {"lemma": "durante", "pos": "E", "is_stop": true, "is_named": false}, "la": {"lemma": "il", "pos": "RD", "is_stop": true, "is_named": false}, "notte": {"lemma": "notte", "pos": "S", "is_stop": false, "is_named": false}}}}, "obj": {"type": "Event", "pt": {"text": "atingiu", "linguisticInfo": {"atingiu": {"lemma": "atingir", "pos": "VERB", "is_stop": false, "is_named": false}}}, "it": {"text": "raggiunto", "linguisticInfo": {"raggiunto": {"lemma": "raggiungere", "pos": "V", "is_stop": false, "is_named": false}}}}}, {"id": "R17", "subj": {"type": "Non-human_Agent", "pt": {"text": "Esta frente", "linguisticInfo": {"Esta": {"lemma": "Esta", "pos": "DET", "is_stop": true, "is_named": true}, "frente": {"lemma": "frente", "pos": "NOUN", "is_stop": false, "is_named": false}}}, "it": {"text": "frutuoso fronte", "linguisticInfo": {"frutuoso": {"lemma": "frutuoso", "pos": "A", "is_stop": false, "is_named": false}, "fronte": {"lemma": "fronte", "pos": "S", "is_stop": false, "is_named": false}}}}, "obj": {"type": "Event", "pt": {"text": "devorando", "linguisticInfo": {"devorando": {"lemma": "devorar", "pos": "VERB", "is_stop": false, "is_named": false}}}, "it": {"text": "divorando", "linguisticInfo": {"divorando": {"lemma": "divorare", "pos": "V", "is_stop": false, "is_named": false}}}}}, {"id": "R53", "subj": {"type": "Geo_location", "pt": {"text": "entre os vales dos rios Mondego e Ceira", "linguisticInfo": {"entre": {"lemma": "entrar", "pos": "ADP", "is_stop": true, "is_named": false}, "os": {"lemma": "o", "pos": "DET", "is_stop": true, "is_named": false}, "vales": {"lemma": "valer", "pos": "NOUN", "is_stop": false, "is_named": false}, "dos": {"lemma": "dos", "pos": "ADP", "is_stop": true, "is_named": false}, "rios": {"lemma": "rio", "pos": "NOUN", "is_stop": false, "is_named": false}, "Mondego": {"lemma": "Mondego", "pos": "PROPN", "is_stop": false, "is_named": true}, "e": {"lemma": "e", "pos": "CCONJ", "is_stop": true, "is_named": false}, "Ceira": {"lemma": "Ceira", "pos": "PROPN", "is_stop": false, "is_named": true}}}, "it": {"text": "tra le valli", "linguisticInfo": {"tra": {"lemma": "tra", "pos": "E", "is_stop": true, "is_named": false}, "le": {"lemma": "il", "pos": "RD", "is_stop": true, "is_named": false}, "valli": {"lemma": "vallo", "pos": "S", "is_stop": false, "is_named": false}}}}, "obj": {"type": "Event", "pt": {"text": "devorando", "linguisticInfo": {"devorando": {"lemma": "devorar", "pos": "VERB", "is_stop": false, "is_named": false}}}, "it": {"text": "divorando", "linguisticInfo": {"divorando": {"lemma": "divorare", "pos": "V", "is_stop": false, "is_named": false}}}}}]}, "sentences_3": {"itText": "NULL fino alla fine della giornata di oggi la pioggia non \u00e8 arrivata neanche nella regione di t\u00e1bua , dove numerose squadre dei vigili del fuoco continuavano a fronteggiare gli incendi che , per la terza volta in due giorni , si sono riaccesi durante la mattinata di oggi nella zona di mouronho e espariz . come nel caso della serra del carvalho , anche qui \u00e8 stato difficile calcolare l \u2019 ampiezza della zona distrutta dalle fiamme , visto che si tratta di zone gi\u00e0 gravemente danneggiate in precedenza .", "ptText": "a chuva tamb\u00e9m n\u00e3o havia chegado , at\u00e9 ao fim do dia , \u00e1 regi\u00e3o de t\u00e1bua , onde , diversas corpora\u00e7\u00f5es de bombeiros continuavam a combater o fogo que , na zona de mouronho e espariz , se reacendeu , pela terceira vez em dois dias , durante a manh\u00e3 . como na serra do carvalho , tamb\u00e9m aqui era dif\u00edcil calcular a \u00e1rea que j\u00e1 havia sido devastada pelas chamas , at\u00e9 porque se trata de zonas muito acidentadas . \n", "relations": [{"id": "R23", "subj": {"type": "Time", "pt": {"text": "at\u00e9 ao fim do dia", "linguisticInfo": {"at\u00e9": {"lemma": "at\u00e9", "pos": "ADP", "is_stop": true, "is_named": false}, "ao": {"lemma": "ao", "pos": "ADP", "is_stop": true, "is_named": false}, "fim": {"lemma": "fim", "pos": "NOUN", "is_stop": true, "is_named": false}, "do": {"lemma": "do", "pos": "ADP", "is_stop": true, "is_named": false}, "dia": {"lemma": "dia", "pos": "NOUN", "is_stop": false, "is_named": false}}}, "it": {"text": "fino alla fine della giornata", "linguisticInfo": {"fino": {"lemma": "fino", "pos": "B", "is_stop": true, "is_named": false}, "alla": {"lemma": "alla", "pos": "E_RD", "is_stop": true, "is_named": false}, "fine": {"lemma": "fine", "pos": "S", "is_stop": true, "is_named": false}, "della": {"lemma": "della", "pos": "E_RD", "is_stop": true, "is_named": false}, "giornata": {"lemma": "giornata", "pos": "S", "is_stop": false, "is_named": false}}}}, "obj": {"type": "Event", "pt": {"text": "A chuva tamb\u00e9m n\u00e3o havia chegado", "linguisticInfo": {"A": {"lemma": "A", "pos": "DET", "is_stop": true, "is_named": true}, "chuva": {"lemma": "chuva", "pos": "NOUN", "is_stop": false, "is_named": false}, "tamb\u00e9m": {"lemma": "tamb\u00e9m", "pos": "ADV", "is_stop": true, "is_named": false}, "n\u00e3o": {"lemma": "n\u00e3o", "pos": "ADV", "is_stop": true, "is_named": false}, "havia": {"lemma": "haver", "pos": "AUX", "is_stop": false, "is_named": false}, "chegado": {"lemma": "chegar", "pos": "VERB", "is_stop": false, "is_named": false}}}, "it": {"text": "la pioggia non \u00e8 anche qui \u00e8", "linguisticInfo": {"la": {"lemma": "il", "pos": "RD", "is_stop": true, "is_named": false}, "pioggia": {"lemma": "pioggia", "pos": "S", "is_stop": false, "is_named": false}, "non": {"lemma": "non", "pos": "BN", "is_stop": true, "is_named": false}, "\u00e8": {"lemma": "essere", "pos": "V", "is_stop": false, "is_named": false}, "anche": {"lemma": "anche", "pos": "B", "is_stop": true, "is_named": false}, "qui": {"lemma": "qui", "pos": "B", "is_stop": true, "is_named": false}}}}}, {"id": "R24", "subj": {"type": "Geo_location", "pt": {"text": "\u00e1 regi\u00e3o de T\u00e1bua", "linguisticInfo": {"\u00e1": {"lemma": "\u00e1", "pos": "DET", "is_stop": false, "is_named": false}, "regi\u00e3o": {"lemma": "regi\u00e3o", "pos": "NOUN", "is_stop": false, "is_named": false}, "de": {"lemma": "de", "pos": "ADP", "is_stop": true, "is_named": false}, "T\u00e1bua": {"lemma": "T\u00e1bua", "pos": "PROPN", "is_stop": false, "is_named": true}}}, "it": {"text": "t\u00e1bua , dove", "linguisticInfo": {"t\u00e1bua": {"lemma": "t\u00e1bua", "pos": "S", "is_stop": false, "is_named": false}, ",": {"lemma": ",", "pos": "FF", "is_stop": false, "is_named": false}, "dove": {"lemma": "dove", "pos": "B", "is_stop": true, "is_named": false}}}}, "obj": {"type": "Event", "pt": {"text": "A chuva tamb\u00e9m n\u00e3o havia chegado", "linguisticInfo": {"A": {"lemma": "A", "pos": "DET", "is_stop": true, "is_named": true}, "chuva": {"lemma": "chuva", "pos": "NOUN", "is_stop": false, "is_named": false}, "tamb\u00e9m": {"lemma": "tamb\u00e9m", "pos": "ADV", "is_stop": true, "is_named": false}, "n\u00e3o": {"lemma": "n\u00e3o", "pos": "ADV", "is_stop": true, "is_named": false}, "havia": {"lemma": "haver", "pos": "AUX", "is_stop": false, "is_named": false}, "chegado": {"lemma": "chegar", "pos": "VERB", "is_stop": false, "is_named": false}}}, "it": {"text": "la pioggia non \u00e8 anche qui \u00e8", "linguisticInfo": {"la": {"lemma": "il", "pos": "RD", "is_stop": true, "is_named": false}, "pioggia": {"lemma": "pioggia", "pos": "S", "is_stop": false, "is_named": false}, "non": {"lemma": "non", "pos": "BN", "is_stop": true, "is_named": false}, "\u00e8": {"lemma": "essere", "pos": "V", "is_stop": false, "is_named": false}, "anche": {"lemma": "anche", "pos": "B", "is_stop": true, "is_named": false}, "qui": {"lemma": "qui", "pos": "B", "is_stop": true, "is_named": false}}}}}, {"id": "R25", "subj": {"type": "Human_Agent", "pt": {"text": "diversas corpora\u00e7\u00f5es de bombeiros", "linguisticInfo": {"diversas": {"lemma": "diverso", "pos": "DET", "is_stop": false, "is_named": false}, "corpora\u00e7\u00f5es": {"lemma": "corpora\u00e7\u00e3o", "pos": "NOUN", "is_stop": false, "is_named": false}, "de": {"lemma": "de", "pos": "ADP", "is_stop": true, "is_named": false}, "bombeiros": {"lemma": "bombeiro", "pos": "NOUN", "is_stop": false, "is_named": false}}}, "it": {"text": "numerose squadre dei vigili", "linguisticInfo": {"numerose": {"lemma": "numeroso", "pos": "DI", "is_stop": false, "is_named": false}, "squadre": {"lemma": "squadra", "pos": "S", "is_stop": false, "is_named": false}, "dei": {"lemma": "del", "pos": "E_RD", "is_stop": true, "is_named": false}, "vigili": {"lemma": "vigile", "pos": "S", "is_stop": false, "is_named": false}}}}, "obj": {"type": "Event", "pt": {"text": "continuavam a combater", "linguisticInfo": {"continuavam": {"lemma": "continuar", "pos": "VERB", "is_stop": false, "is_named": false}, "a": {"lemma": "o", "pos": "SCONJ", "is_stop": true, "is_named": false}, "combater": {"lemma": "combater", "pos": "VERB", "is_stop": false, "is_named": false}}}, "it": {"text": "continuavano a fronteggiare", "linguisticInfo": {"continuavano": {"lemma": "continuare", "pos": "V", "is_stop": false, "is_named": false}, "a": {"lemma": "a", "pos": "E", "is_stop": true, "is_named": false}, "fronteggiare": {"lemma": "fronteggiare", "pos": "V", "is_stop": false, "is_named": false}}}}}, {"id": "R26", "subj": {"type": "Non-human_Patient", "pt": {"text": "o fogo", "linguisticInfo": {"o": {"lemma": "o", "pos": "DET", "is_stop": true, "is_named": false}, "fogo": {"lemma": "fogo", "pos": "NOUN", "is_stop": false, "is_named": false}}}, "it": {"text": "fuoco", "linguisticInfo": {"fuoco": {"lemma": "fuoco", "pos": "S", "is_stop": false, "is_named": false}}}}, "obj": {"type": "Event", "pt": {"text": "continuavam a combater", "linguisticInfo": {"continuavam": {"lemma": "continuar", "pos": "VERB", "is_stop": false, "is_named": false}, "a": {"lemma": "o", "pos": "SCONJ", "is_stop": true, "is_named": false}, "combater": {"lemma": "combater", "pos": "VERB", "is_stop": false, "is_named": false}}}, "it": {"text": "continuavano a fronteggiare", "linguisticInfo": {"continuavano": {"lemma": "continuare", "pos": "V", "is_stop": false, "is_named": false}, "a": {"lemma": "a", "pos": "E", "is_stop": true, "is_named": false}, "fronteggiare": {"lemma": "fronteggiare", "pos": "V", "is_stop": false, "is_named": false}}}}}, {"id": "R30", "subj": {"type": "Non-human_Patient", "pt": {"text": "a \u00e1rea que j\u00e1 havia sido devastada pelas chamas", "linguisticInfo": {"a": {"lemma": "o", "pos": "DET", "is_stop": true, "is_named": false}, "\u00e1rea": {"lemma": "\u00e1rea", "pos": "NOUN", "is_stop": true, "is_named": false}, "que": {"lemma": "que", "pos": "PRON", "is_stop": true, "is_named": false}, "j\u00e1": {"lemma": "j\u00e1", "pos": "ADV", "is_stop": true, "is_named": false}, "havia": {"lemma": "haver", "pos": "AUX", "is_stop": false, "is_named": false}, "sido": {"lemma": "ser", "pos": "AUX", "is_stop": false, "is_named": false}, "devastada": {"lemma": "devastar", "pos": "VERB", "is_stop": false, "is_named": false}, "pelas": {"lemma": "pelar", "pos": "ADP", "is_stop": true, "is_named": false}, "chamas": {"lemma": "chamar", "pos": "NOUN", "is_stop": false, "is_named": false}}}, "it": {"text": "l \u2019 ampiezza zone gi\u00e0 gravemente", "linguisticInfo": {"l": {"lemma": "l", "pos": "PC", "is_stop": false, "is_named": false}, "\u2019": {"lemma": "\u2019", "pos": "NO", "is_stop": false, "is_named": false}, "ampiezza": {"lemma": "ampiezza", "pos": "E_RD", "is_stop": false, "is_named": false}, "zone": {"lemma": "zona", "pos": "S", "is_stop": false, "is_named": false}, "gi\u00e0": {"lemma": "gi\u00e0", "pos": "B", "is_stop": true, "is_named": false}, "gravemente": {"lemma": "gravemente", "pos": "B", "is_stop": false, "is_named": false}}}}, "obj": {"type": "Event", "pt": {"text": "calcular", "linguisticInfo": {"calcular": {"lemma": "calcular", "pos": "VERB", "is_stop": false, "is_named": false}}}, "it": {"text": "calcolare", "linguisticInfo": {"calcolare": {"lemma": "calcolare", "pos": "V", "is_stop": false, "is_named": false}}}}}, {"id": "R32", "subj": {"type": "Non-human_Patient", "pt": {"text": "que", "linguisticInfo": {"que": {"lemma": "que", "pos": "SCONJ", "is_stop": true, "is_named": false}}}, "it": {"text": "che", "linguisticInfo": {"che": {"lemma": "che", "pos": "CS", "is_stop": true, "is_named": false}}}}, "obj": {"type": "Event", "pt": {"text": "j\u00e1 havia sido devastada", "linguisticInfo": {"j\u00e1": {"lemma": "j\u00e1", "pos": "ADV", "is_stop": true, "is_named": false}, "havia": {"lemma": "haver", "pos": "AUX", "is_stop": false, "is_named": false}, "sido": {"lemma": "ser", "pos": "AUX", "is_stop": false, "is_named": false}, "devastada": {"lemma": "devastar", "pos": "VERB", "is_stop": false, "is_named": false}}}, "it": {"text": "gi\u00e0 gravemente danneggiate precedenza .", "linguisticInfo": {"gi\u00e0": {"lemma": "gi\u00e0", "pos": "B", "is_stop": true, "is_named": false}, "gravemente": {"lemma": "gravemente", "pos": "B", "is_stop": false, "is_named": false}, "danneggiate": {"lemma": "danneggiare", "pos": "V", "is_stop": false, "is_named": false}, "precedenza": {"lemma": "precedenza", "pos": "S", "is_stop": false, "is_named": false}, ".": {"lemma": ".", "pos": "FS", "is_stop": false, "is_named": false}}}}}, {"id": "R54", "subj": {"type": "Geo_location", "pt": {"text": "onde", "linguisticInfo": {"onde": {"lemma": "onde", "pos": "PRON", "is_stop": true, "is_named": false}}}, "it": {"text": "dove", "linguisticInfo": {"dove": {"lemma": "dove", "pos": "B", "is_stop": true, "is_named": false}}}}, "obj": {"type": "Event", "pt": {"text": "continuavam a combater", "linguisticInfo": {"continuavam": {"lemma": "continuar", "pos": "VERB", "is_stop": false, "is_named": false}, "a": {"lemma": "o", "pos": "SCONJ", "is_stop": true, "is_named": false}, "combater": {"lemma": "combater", "pos": "VERB", "is_stop": false, "is_named": false}}}, "it": {"text": "continuavano a fronteggiare", "linguisticInfo": {"continuavano": {"lemma": "continuare", "pos": "V", "is_stop": false, "is_named": false}, "a": {"lemma": "a", "pos": "E", "is_stop": true, "is_named": false}, "fronteggiare": {"lemma": "fronteggiare", "pos": "V", "is_stop": false, "is_named": false}}}}}]}, "sentences_4": {"itText": "NULL nel primo pomeriggio di ieri , anche nella regioni di vilar e louredo , nelle prossimit\u00e0 di vila nova de poiares , si \u00e8 riattizzato l \u2019 incendio scoppiato l \u2019 altro ieri . a fine giornata , per\u00f2 , i vigili del fuoco che avevano fronteggiato le fiamme , le hanno date per domate .", "ptText": "tamb\u00e9m na regi\u00e3o de vilar e louredo , pr\u00f3ximo de vila nova de poiares , se reacendeu , ontem , ao princ\u00edpio da tarde , o inc\u00eandio que ali havia deflagrado anteontem . ao fim do dia o sinistro j\u00e1 era , contudo , dado como quase extinto , pelos bombeiros que o combatiam . \n", "relations": [{"id": "R40", "subj": {"type": "Human_Agent", "pt": {"text": "que", "linguisticInfo": {"que": {"lemma": "que", "pos": "SCONJ", "is_stop": true, "is_named": false}}}, "it": {"text": "", "linguisticInfo": {}}}, "obj": {"type": "Event", "pt": {"text": "o combatiam", "linguisticInfo": {"o": {"lemma": "o", "pos": "PRON", "is_stop": true, "is_named": false}, "combatiam": {"lemma": "combater", "pos": "VERB", "is_stop": false, "is_named": false}}}, "it": {"text": "fronteggiato domate", "linguisticInfo": {"fronteggiato": {"lemma": "fronteggiare", "pos": "V", "is_stop": false, "is_named": false}, "domate": {"lemma": "domare", "pos": "V", "is_stop": false, "is_named": false}}}}}]}, "sentences_5": {"itText": "NULL dall \u2019 altra parte , secondo quanto appurato dal centro dei servizi forestali di viseu , l \u2019 incendio che divampava da marted\u00ec nella regione di moimenta di beira , \u00e8 stato domato durante il pomeriggio di ieri . la pioggia che in questa zona , invece , si \u00e8 fatta sentire , anche se non \u00e8 durata a lungo ed \u00e8 caduta in quantit\u00e0 modeste , \u00e8 stata un contributo importante nella lotta alle fiamme .", "ptText": "por outro lado , o inc\u00eandio que desde ter\u00e7a-feira lavrava na regi\u00e3o de moimenta da beira foi extinto durante a tarde de ontem segundo apur\u00e1mos junto do centro dos servi\u00e7os florestais de viseu . embora durante pouco tempo e em quantidade reduzida , a chuva que ali se fez sentir contribuiu para que as chamas fossem debeladas com menos dificuldade . \n", "relations": [{"id": "R44", "subj": {"type": "Non-human_Oth_participant", "pt": {"text": "o inc\u00eandio que desde ter\u00e7a-feira lavrava na regi\u00e3o de Moimenta da Beira foi extinto durante a tarde de ontem", "linguisticInfo": {"o": {"lemma": "o", "pos": "DET", "is_stop": true, "is_named": false}, "inc\u00eandio": {"lemma": "inc\u00eandio", "pos": "NOUN", "is_stop": false, "is_named": false}, "que": {"lemma": "que", "pos": "PRON", "is_stop": true, "is_named": false}, "desde": {"lemma": "desde", "pos": "ADP", "is_stop": true, "is_named": false}, "ter\u00e7a-feira": {"lemma": "ter\u00e7a-feira", "pos": "NOUN", "is_stop": false, "is_named": false}, "lavrava": {"lemma": "lavrar", "pos": "VERB", "is_stop": false, "is_named": false}, "na": {"lemma": "o", "pos": "ADP", "is_stop": true, "is_named": false}, "regi\u00e3o": {"lemma": "regi\u00e3o", "pos": "NOUN", "is_stop": false, "is_named": false}, "de": {"lemma": "de", "pos": "ADP", "is_stop": true, "is_named": false}, "Moimenta": {"lemma": "Moimenta", "pos": "PROPN", "is_stop": false, "is_named": true}, "da": {"lemma": "da", "pos": "ADP", "is_stop": true, "is_named": false}, "Beira": {"lemma": "Beira", "pos": "PROPN", "is_stop": false, "is_named": true}, "foi": {"lemma": "ser", "pos": "AUX", "is_stop": true, "is_named": false}, "extinto": {"lemma": "extinguir", "pos": "VERB", "is_stop": false, "is_named": false}, "durante": {"lemma": "durante", "pos": "ADP", "is_stop": false, "is_named": false}, "a": {"lemma": "o", "pos": "DET", "is_stop": true, "is_named": false}, "tarde": {"lemma": "tardar", "pos": "NOUN", "is_stop": true, "is_named": false}, "ontem": {"lemma": "ontem", "pos": "ADV", "is_stop": true, "is_named": false}}}, "it": {"text": "l \u2019 incendio che divampava da marted\u00ec", "linguisticInfo": {"l": {"lemma": "l", "pos": "RD", "is_stop": false, "is_named": false}, "\u2019": {"lemma": "\u2019", "pos": "NO", "is_stop": false, "is_named": false}, "incendio": {"lemma": "incendio", "pos": "S", "is_stop": false, "is_named": false}, "che": {"lemma": "che", "pos": "PR", "is_stop": true, "is_named": false}, "divampava": {"lemma": "divampare", "pos": "V", "is_stop": false, "is_named": false}, "da": {"lemma": "da", "pos": "E", "is_stop": true, "is_named": false}, "marted\u00ec": {"lemma": "marted\u00ec", "pos": "S", "is_stop": false, "is_named": false}}}}, "obj": {"type": "Event", "pt": {"text": "apur\u00e1mos", "linguisticInfo": {"apur\u00e1mos": {"lemma": "apurar", "pos": "VERB", "is_stop": false, "is_named": false}}}, "it": {"text": "divampava", "linguisticInfo": {"divampava": {"lemma": "divampare", "pos": "V", "is_stop": false, "is_named": false}}}}}, {"id": "R45", "subj": {"type": "Geo_location", "pt": {"text": "junto do Centro dos Servi\u00e7os Florestais de Viseu", "linguisticInfo": {"junto": {"lemma": "juntar", "pos": "ADV", "is_stop": false, "is_named": false}, "do": {"lemma": "do", "pos": "ADP", "is_stop": true, "is_named": false}, "Centro": {"lemma": "Centro", "pos": "PROPN", "is_stop": false, "is_named": true}, "dos": {"lemma": "dos", "pos": "ADP", "is_stop": true, "is_named": false}, "Servi\u00e7os": {"lemma": "Servi\u00e7os", "pos": "PROPN", "is_stop": false, "is_named": true}, "Florestais": {"lemma": "Florestais", "pos": "PROPN", "is_stop": false, "is_named": true}, "de": {"lemma": "de", "pos": "ADP", "is_stop": true, "is_named": false}, "Viseu": {"lemma": "Viseu", "pos": "PROPN", "is_stop": false, "is_named": true}}}, "it": {"text": "divampava da marted\u00ec", "linguisticInfo": {"divampava": {"lemma": "divampare", "pos": "V", "is_stop": false, "is_named": false}, "da": {"lemma": "da", "pos": "E", "is_stop": true, "is_named": false}, "marted\u00ec": {"lemma": "marted\u00ec", "pos": "S", "is_stop": false, "is_named": false}}}}, "obj": {"type": "Event", "pt": {"text": "apur\u00e1mos", "linguisticInfo": {"apur\u00e1mos": {"lemma": "apurar", "pos": "VERB", "is_stop": false, "is_named": false}}}, "it": {"text": "divampava", "linguisticInfo": {"divampava": {"lemma": "divampare", "pos": "V", "is_stop": false, "is_named": false}}}}}, {"id": "R48", "subj": {"type": "Oth_argument", "pt": {"text": "com menos dificuldade", "linguisticInfo": {"com": {"lemma": "com", "pos": "ADP", "is_stop": true, "is_named": false}, "menos": {"lemma": "menos", "pos": "DET", "is_stop": true, "is_named": false}, "dificuldade": {"lemma": "dificuldade", "pos": "NOUN", "is_stop": false, "is_named": false}}}, "it": {"text": "dall \u2019 modeste , \u00e8", "linguisticInfo": {"dall": {"lemma": "dall", "pos": "V", "is_stop": true, "is_named": false}, "\u2019": {"lemma": "\u2019", "pos": "B", "is_stop": false, "is_named": false}, "modeste": {"lemma": "modesto", "pos": "A", "is_stop": false, "is_named": false}, ",": {"lemma": ",", "pos": "FF", "is_stop": false, "is_named": false}, "\u00e8": {"lemma": "essere", "pos": "V", "is_stop": false, "is_named": false}}}}, "obj": {"type": "Event", "pt": {"text": "fossem debeladas", "linguisticInfo": {"fossem": {"lemma": "ser", "pos": "AUX", "is_stop": false, "is_named": false}, "debeladas": {"lemma": "debelar", "pos": "VERB", "is_stop": false, "is_named": false}}}, "it": {"text": "appurato moimenta", "linguisticInfo": {"appurato": {"lemma": "appurare", "pos": "V", "is_stop": false, "is_named": false}, "moimenta": {"lemma": "moimenta", "pos": "B", "is_stop": false, "is_named": false}}}}}, {"id": "R49", "subj": {"type": "Non-human_Patient", "pt": {"text": "as chamas", "linguisticInfo": {"as": {"lemma": "o", "pos": "DET", "is_stop": true, "is_named": false}, "chamas": {"lemma": "chamar", "pos": "NOUN", "is_stop": false, "is_named": false}}}, "it": {"text": "alle fiamme", "linguisticInfo": {"alle": {"lemma": "alla", "pos": "E_RD", "is_stop": true, "is_named": false}, "fiamme": {"lemma": "fiamma", "pos": "S", "is_stop": false, "is_named": false}}}}, "obj": {"type": "Event", "pt": {"text": "fossem debeladas", "linguisticInfo": {"fossem": {"lemma": "ser", "pos": "AUX", "is_stop": false, "is_named": false}, "debeladas": {"lemma": "debelar", "pos": "VERB", "is_stop": false, "is_named": false}}}, "it": {"text": "appurato moimenta", "linguisticInfo": {"appurato": {"lemma": "appurare", "pos": "V", "is_stop": false, "is_named": false}, "moimenta": {"lemma": "moimenta", "pos": "B", "is_stop": false, "is_named": false}}}}}, {"id": "R31", "subj": {"type": "Non-human_Agent", "pt": {"text": "a chuva que ali se fez sentir", "linguisticInfo": {"a": {"lemma": "o", "pos": "DET", "is_stop": true, "is_named": false}, "chuva": {"lemma": "chuva", "pos": "NOUN", "is_stop": false, "is_named": false}, "que": {"lemma": "que", "pos": "PRON", "is_stop": true, "is_named": false}, "ali": {"lemma": "ali", "pos": "ADV", "is_stop": true, "is_named": false}, "se": {"lemma": "se", "pos": "PRON", "is_stop": true, "is_named": false}, "fez": {"lemma": "fazer", "pos": "VERB", "is_stop": true, "is_named": false}, "sentir": {"lemma": "sentir", "pos": "VERB", "is_stop": false, "is_named": false}}}, "it": {"text": "la pioggia che in questa", "linguisticInfo": {"la": {"lemma": "il", "pos": "RD", "is_stop": true, "is_named": false}, "pioggia": {"lemma": "pioggia", "pos": "S", "is_stop": false, "is_named": false}, "che": {"lemma": "che", "pos": "PR", "is_stop": true, "is_named": false}, "in": {"lemma": "in", "pos": "E", "is_stop": true, "is_named": false}, "questa": {"lemma": "questo", "pos": "DD", "is_stop": true, "is_named": false}}}}, "obj": {"type": "Event", "pt": {"text": "contribuiu", "linguisticInfo": {"contribuiu": {"lemma": "contribuir", "pos": "VERB", "is_stop": false, "is_named": false}}}, "it": {"text": "moimenta", "linguisticInfo": {"moimenta": {"lemma": "moimenta", "pos": "B", "is_stop": false, "is_named": false}}}}}, {"id": "R43", "subj": {"type": "Non-human_Patient", "pt": {"text": "para que as chamas fossem debeladas com menos dificuldade", "linguisticInfo": {"para": {"lemma": "parir", "pos": "SCONJ", "is_stop": true, "is_named": false}, "que": {"lemma": "que", "pos": "SCONJ", "is_stop": true, "is_named": false}, "as": {"lemma": "o", "pos": "DET", "is_stop": true, "is_named": false}, "chamas": {"lemma": "chamar", "pos": "NOUN", "is_stop": false, "is_named": false}, "fossem": {"lemma": "ser", "pos": "AUX", "is_stop": false, "is_named": false}, "debeladas": {"lemma": "debelar", "pos": "VERB", "is_stop": false, "is_named": false}, "com": {"lemma": "com", "pos": "ADP", "is_stop": true, "is_named": false}, "menos": {"lemma": "menos", "pos": "DET", "is_stop": true, "is_named": false}, "dificuldade": {"lemma": "dificuldade", "pos": "NOUN", "is_stop": false, "is_named": false}}}, "it": {"text": "dall \u2019", "linguisticInfo": {"dall": {"lemma": "dall", "pos": "V", "is_stop": true, "is_named": false}, "\u2019": {"lemma": "\u2019", "pos": "SP", "is_stop": false, "is_named": false}}}}, "obj": {"type": "Event", "pt": {"text": "contribuiu", "linguisticInfo": {"contribuiu": {"lemma": "contribuir", "pos": "VERB", "is_stop": false, "is_named": false}}}, "it": {"text": "moimenta", "linguisticInfo": {"moimenta": {"lemma": "moimenta", "pos": "B", "is_stop": false, "is_named": false}}}}}]}}