{"sentences_0": {"itText": "NULL maria betariz espone dei disegni alla societ\u00e0 nazionale delle belle arti- una tra le tanti esposizioni ? con diversi titoli , no !", "ptText": "maria betariz exp\u00f5e objectos de desenhos na snba - uma entre muitas exposi\u00e7\u00f5es ? a v\u00e1rios t\u00edtulos , n\u00e3o ! \n", "relations": [{"id": "R1", "subj": {"type": "Human_Agent", "pt": {"text": "Maria Betariz", "linguisticInfo": {"Maria": {"lemma": "Maria", "pos": "PROPN", "is_stop": false, "is_named": true}, "Betariz": {"lemma": "Betariz", "pos": "PROPN", "is_stop": false, "is_named": true}}}, "it": {"text": "maria betariz", "linguisticInfo": {"maria": {"lemma": "maria", "pos": "SP", "is_stop": false, "is_named": false}, "betariz": {"lemma": "betariz", "pos": "SP", "is_stop": false, "is_named": false}}}}, "obj": {"type": "Event", "pt": {"text": "exp\u00f5e", "linguisticInfo": {"exp\u00f5e": {"lemma": "expor", "pos": "VERB", "is_stop": false, "is_named": false}}}, "it": {"text": "espone", "linguisticInfo": {"espone": {"lemma": "espone", "pos": "S", "is_stop": false, "is_named": false}}}}}, {"id": "R2", "subj": {"type": "Non-human_Patient", "pt": {"text": "objectos de desenhos", "linguisticInfo": {"objectos": {"lemma": "objecto", "pos": "NOUN", "is_stop": false, "is_named": false}, "de": {"lemma": "de", "pos": "ADP", "is_stop": true, "is_named": false}, "desenhos": {"lemma": "desenho", "pos": "NOUN", "is_stop": false, "is_named": false}}}, "it": {"text": "betariz espone dei", "linguisticInfo": {"betariz": {"lemma": "betariz", "pos": "V", "is_stop": false, "is_named": false}, "espone": {"lemma": "espone", "pos": "S", "is_stop": false, "is_named": false}, "dei": {"lemma": "del", "pos": "E_RD", "is_stop": true, "is_named": false}}}}, "obj": {"type": "Event", "pt": {"text": "exp\u00f5e", "linguisticInfo": {"exp\u00f5e": {"lemma": "expor", "pos": "VERB", "is_stop": false, "is_named": false}}}, "it": {"text": "espone", "linguisticInfo": {"espone": {"lemma": "espone", "pos": "S", "is_stop": false, "is_named": false}}}}}, {"id": "R3", "subj": {"type": "Oth_location", "pt": {"text": "na SNBA", "linguisticInfo": {"na": {"lemma": "o", "pos": "ADP", "is_stop": true, "is_named": false}, "SNBA": {"lemma": "SNBA", "pos": "PROPN", "is_stop": false, "is_named": true}}}, "it": {"text": "alla belle", "linguisticInfo": {"alla": {"lemma": "alla", "pos": "E_RD", "is_stop": true, "is_named": false}, "belle": {"lemma": "bello", "pos": "A", "is_stop": false, "is_named": false}}}}, "obj": {"type": "Event", "pt": {"text": "exp\u00f5e", "linguisticInfo": {"exp\u00f5e": {"lemma": "expor", "pos": "VERB", "is_stop": false, "is_named": false}}}, "it": {"text": "espone", "linguisticInfo": {"espone": {"lemma": "espone", "pos": "S", "is_stop": false, "is_named": false}}}}}]}, "sentences_1": {"itText": "NULL chi frequenta gli ambienti delle arti plastiche , si ricorder\u00e0 che maria beatriz aveva presentato un \u2019 esposizione individuale di stampe , nella sua stessa cooperativa , nel 1969 . dopo se ne sono perse le tracce , fino al suo ritorno , 13 anni dopo ...", "ptText": "quem frequenta um pouco estas coisas das artes pl\u00e1sticas , poder\u00e1 lembrar -se de que maria beatriz apresentou uma exposi\u00e7\u00e3o individual de gravura , na cooperativa da dita , em 1969 . depois perdeu -se -lhe o rasto , at\u00e9 este regresso , 13 anos depois ... \n", "relations": [{"id": "R4", "subj": {"type": "Human_Agent", "pt": {"text": "Maria Beatriz", "linguisticInfo": {"Maria": {"lemma": "Maria", "pos": "PROPN", "is_stop": false, "is_named": true}, "Beatriz": {"lemma": "Beatriz", "pos": "PROPN", "is_stop": false, "is_named": true}}}, "it": {"text": "maria beatriz", "linguisticInfo": {"maria": {"lemma": "maria", "pos": "SP", "is_stop": false, "is_named": false}, "beatriz": {"lemma": "beatriz", "pos": "V", "is_stop": false, "is_named": false}}}}, "obj": {"type": "Event", "pt": {"text": "apresentou", "linguisticInfo": {"apresentou": {"lemma": "apresentar", "pos": "VERB", "is_stop": false, "is_named": false}}}, "it": {"text": "presentato", "linguisticInfo": {"presentato": {"lemma": "presentare", "pos": "V", "is_stop": false, "is_named": false}}}}}, {"id": "R5", "subj": {"type": "Oth_location", "pt": {"text": "na cooperativa da dita", "linguisticInfo": {"na": {"lemma": "o", "pos": "ADP", "is_stop": true, "is_named": false}, "cooperativa": {"lemma": "cooperativo", "pos": "NOUN", "is_stop": false, "is_named": false}, "da": {"lemma": "da", "pos": "ADP", "is_stop": true, "is_named": false}, "dita": {"lemma": "dizer", "pos": "NOUN", "is_stop": false, "is_named": false}}}, "it": {"text": "nella sua stessa cooperativa , nel", "linguisticInfo": {"nella": {"lemma": "nella", "pos": "E_RD", "is_stop": true, "is_named": false}, "sua": {"lemma": "suo", "pos": "AP", "is_stop": true, "is_named": false}, "stessa": {"lemma": "stesso", "pos": "A", "is_stop": true, "is_named": false}, "cooperativa": {"lemma": "cooperativa", "pos": "S", "is_stop": false, "is_named": false}, ",": {"lemma": ",", "pos": "FF", "is_stop": false, "is_named": false}, "nel": {"lemma": "nel", "pos": "E_RD", "is_stop": true, "is_named": false}}}}, "obj": {"type": "Event", "pt": {"text": "apresentou", "linguisticInfo": {"apresentou": {"lemma": "apresentar", "pos": "VERB", "is_stop": false, "is_named": false}}}, "it": {"text": "presentato", "linguisticInfo": {"presentato": {"lemma": "presentare", "pos": "V", "is_stop": false, "is_named": false}}}}}, {"id": "R6", "subj": {"type": "Time", "pt": {"text": "em 1969", "linguisticInfo": {"em": {"lemma": "em", "pos": "ADP", "is_stop": true, "is_named": false}, "1969": {"lemma": "1969", "pos": "NUM", "is_stop": false, "is_named": false}}}, "it": {"text": "nel 1969", "linguisticInfo": {"nel": {"lemma": "nel", "pos": "E_RD", "is_stop": true, "is_named": false}, "1969": {"lemma": "1969", "pos": "N", "is_stop": false, "is_named": false}}}}, "obj": {"type": "Event", "pt": {"text": "apresentou", "linguisticInfo": {"apresentou": {"lemma": "apresentar", "pos": "VERB", "is_stop": false, "is_named": false}}}, "it": {"text": "presentato", "linguisticInfo": {"presentato": {"lemma": "presentare", "pos": "V", "is_stop": false, "is_named": false}}}}}, {"id": "R10", "subj": {"type": "Time", "pt": {"text": "13 anos depois", "linguisticInfo": {"13": {"lemma": "13", "pos": "NUM", "is_stop": false, "is_named": false}, "anos": {"lemma": "ano", "pos": "NOUN", "is_stop": false, "is_named": false}, "depois": {"lemma": "depois", "pos": "ADV", "is_stop": true, "is_named": false}}}, "it": {"text": "13 anni dopo", "linguisticInfo": {"13": {"lemma": "13", "pos": "N", "is_stop": false, "is_named": false}, "anni": {"lemma": "anno", "pos": "S", "is_stop": true, "is_named": false}, "dopo": {"lemma": "dopo", "pos": "B", "is_stop": true, "is_named": false}}}}, "obj": {"type": "Event", "pt": {"text": "este regresso", "linguisticInfo": {"este": {"lemma": "este", "pos": "DET", "is_stop": true, "is_named": false}, "regresso": {"lemma": "regressar", "pos": "NOUN", "is_stop": false, "is_named": false}}}, "it": {"text": "suo ritorno", "linguisticInfo": {"suo": {"lemma": "suo", "pos": "AP", "is_stop": true, "is_named": false}, "ritorno": {"lemma": "ritorno", "pos": "S", "is_stop": false, "is_named": false}}}}}, {"id": "R54", "subj": {"type": "Non-human_Patient", "pt": {"text": "uma exposi\u00e7\u00e3o individual de gravura", "linguisticInfo": {"uma": {"lemma": "umar", "pos": "DET", "is_stop": true, "is_named": false}, "exposi\u00e7\u00e3o": {"lemma": "exposi\u00e7\u00e3o", "pos": "NOUN", "is_stop": false, "is_named": false}, "individual": {"lemma": "individual", "pos": "ADJ", "is_stop": false, "is_named": false}, "de": {"lemma": "de", "pos": "ADP", "is_stop": true, "is_named": false}, "gravura": {"lemma": "gravura", "pos": "NOUN", "is_stop": false, "is_named": false}}}, "it": {"text": "un esposizione individuale di stampe", "linguisticInfo": {"un": {"lemma": "uno", "pos": "RI", "is_stop": true, "is_named": false}, "esposizione": {"lemma": "esposizione", "pos": "S", "is_stop": false, "is_named": false}, "individuale": {"lemma": "individuale", "pos": "A", "is_stop": false, "is_named": false}, "di": {"lemma": "di", "pos": "E", "is_stop": true, "is_named": false}, "stampe": {"lemma": "stampa", "pos": "S", "is_stop": false, "is_named": false}}}}, "obj": {"type": "Event", "pt": {"text": "apresentou", "linguisticInfo": {"apresentou": {"lemma": "apresentar", "pos": "VERB", "is_stop": false, "is_named": false}}}, "it": {"text": "presentato", "linguisticInfo": {"presentato": {"lemma": "presentare", "pos": "V", "is_stop": false, "is_named": false}}}}}]}, "sentences_2": {"itText": "NULL \u00e9 che maria beatriz si era trasferita e aveva iniziato a lavorare ed esporre in olanda , da quelle parti ( amsterdam , rotterdam , ecc. ) nel frattempo , ha anche partecipato alla \u00ab bienale de l \u2019 estampe \u00bb a parigi e preso parte ad esposizioni di \u00ab stampa moderna portoghesi \u00bb e di \u00ab arte moderna portoghese \u00bb tra londra , parigi , firenze , madrid e monaco di baviera .", "ptText": "\u00e9 que maria beatriz passou a residir e a trabalhar na holanda , por l\u00e1 ( amsterd\u00e3o , roterd\u00e3o , etc . ) expondo . entretanto , participou tamb\u00e9m na \u00ab biennale de l &apos; estampe \u00bb , em paris , e integrou exposi\u00e7\u00f5es de \u00ab gravura moderna portuguesa \u00bb e \u00ab arte moderna portuguesa \u00bb que circularam por londres , paris , floren\u00e7a , madrid e munique . \n", "relations": [{"id": "R13", "subj": {"type": "Geo_location", "pt": {"text": "em Paris", "linguisticInfo": {"em": {"lemma": "em", "pos": "ADP", "is_stop": true, "is_named": false}, "Paris": {"lemma": "Paris", "pos": "PROPN", "is_stop": false, "is_named": true}}}, "it": {"text": "a parigi", "linguisticInfo": {"a": {"lemma": "a", "pos": "E", "is_stop": true, "is_named": false}, "parigi": {"lemma": "parigi", "pos": "SP", "is_stop": false, "is_named": false}}}}, "obj": {"type": "Event", "pt": {"text": "participou", "linguisticInfo": {"participou": {"lemma": "participar", "pos": "VERB", "is_stop": false, "is_named": false}}}, "it": {"text": "ecc.", "linguisticInfo": {"ecc.": {"lemma": "ecc.", "pos": "S", "is_stop": false, "is_named": false}}}}}, {"id": "R14", "subj": {"type": "Non-human_Agent", "pt": {"text": "que", "linguisticInfo": {"que": {"lemma": "que", "pos": "SCONJ", "is_stop": true, "is_named": false}}}, "it": {"text": "che", "linguisticInfo": {"che": {"lemma": "che", "pos": "CS", "is_stop": true, "is_named": false}}}}, "obj": {"type": "Event", "pt": {"text": "circularam", "linguisticInfo": {"circularam": {"lemma": "circular", "pos": "VERB", "is_stop": false, "is_named": false}}}, "it": {"text": "estampe", "linguisticInfo": {"estampe": {"lemma": "estampe", "pos": "A", "is_stop": false, "is_named": false}}}}}, {"id": "R15", "subj": {"type": "Geo_location", "pt": {"text": "por Londres , Paris , Floren\u00e7a , Madrid e Munique", "linguisticInfo": {"por": {"lemma": "por", "pos": "ADP", "is_stop": true, "is_named": false}, "Londres": {"lemma": "Londres", "pos": "PROPN", "is_stop": false, "is_named": true}, ",": {"lemma": ",", "pos": "PUNCT", "is_stop": false, "is_named": false}, "Paris": {"lemma": "Paris", "pos": "PROPN", "is_stop": false, "is_named": true}, "Floren\u00e7a": {"lemma": "Floren\u00e7a", "pos": "PROPN", "is_stop": false, "is_named": true}, "Madrid": {"lemma": "Madrid", "pos": "PROPN", "is_stop": false, "is_named": true}, "e": {"lemma": "e", "pos": "CCONJ", "is_stop": true, "is_named": false}, "Munique": {"lemma": "Munique", "pos": "PROPN", "is_stop": false, "is_named": true}}}, "it": {"text": "londra , parigi , firenze , madrid e monaco", "linguisticInfo": {"londra": {"lemma": "londra", "pos": "SP", "is_stop": false, "is_named": false}, ",": {"lemma": ",", "pos": "FF", "is_stop": false, "is_named": false}, "parigi": {"lemma": "parigi", "pos": "SP", "is_stop": false, "is_named": false}, "firenze": {"lemma": "firenze", "pos": "SP", "is_stop": false, "is_named": false}, "madrid": {"lemma": "madrid", "pos": "S", "is_stop": false, "is_named": false}, "e": {"lemma": "e", "pos": "CC", "is_stop": false, "is_named": false}, "monaco": {"lemma": "monaco", "pos": "SP", "is_stop": false, "is_named": false}}}}, "obj": {"type": "Event", "pt": {"text": "circularam", "linguisticInfo": {"circularam": {"lemma": "circular", "pos": "VERB", "is_stop": false, "is_named": false}}}, "it": {"text": "estampe", "linguisticInfo": {"estampe": {"lemma": "estampe", "pos": "A", "is_stop": false, "is_named": false}}}}}]}, "sentences_3": {"itText": "NULL proseguendo con le presentazioni , per far onore a questi 13 anni che non sono stati di inattivit\u00e0 , vogliamo ricordare che ha anche impartito lezioni di stampa all \u2019 accademia libera dell \u2019 aia , realizzato lavori in poliestere per l \u2019 amsterdam kunstfonds e ottenuto diverse borse dal governo olandese per disegnare e dipingere .", "ptText": "prosseguindo a apresenta\u00e7\u00e3o , para preencher a dist\u00e2ncia de 13 anos que n\u00e3o foi de inactividade , acrescente -se que deu li\u00e7\u00f5es de gravura na academia livre de haia , que trabalhou em poliester subsidiada pela amsterdam kunstfonds , e que tem recebido bolsas do governo holand\u00eas para desenhar e pintar . \n", "relations": [{"id": "R17", "subj": {"type": "Oth_location", "pt": {"text": "na Academia Livre de Haia", "linguisticInfo": {"na": {"lemma": "o", "pos": "ADP", "is_stop": true, "is_named": false}, "Academia": {"lemma": "Academia", "pos": "PROPN", "is_stop": false, "is_named": true}, "Livre": {"lemma": "Livre", "pos": "PROPN", "is_stop": false, "is_named": true}, "de": {"lemma": "de", "pos": "ADP", "is_stop": true, "is_named": false}, "Haia": {"lemma": "Haia", "pos": "PROPN", "is_stop": false, "is_named": true}}}, "it": {"text": "all \u2019 accademia libera dell \u2019", "linguisticInfo": {"all": {"lemma": "all", "pos": "V", "is_stop": true, "is_named": false}, "\u2019": {"lemma": "\u2019", "pos": "SP", "is_stop": false, "is_named": false}, "accademia": {"lemma": "accademia", "pos": "SP", "is_stop": false, "is_named": false}, "libera": {"lemma": "libero", "pos": "A", "is_stop": false, "is_named": false}, "dell": {"lemma": "dell", "pos": "SP", "is_stop": true, "is_named": false}}}}, "obj": {"type": "Event", "pt": {"text": "deu li\u00e7\u00f5es", "linguisticInfo": {"deu": {"lemma": "dar", "pos": "VERB", "is_stop": false, "is_named": false}, "li\u00e7\u00f5es": {"lemma": "li\u00e7\u00e3o", "pos": "NOUN", "is_stop": false, "is_named": false}}}, "it": {"text": "impartito lezioni", "linguisticInfo": {"impartito": {"lemma": "impartire", "pos": "V", "is_stop": false, "is_named": false}, "lezioni": {"lemma": "lezione", "pos": "S", "is_stop": false, "is_named": false}}}}}, {"id": "R18", "subj": {"type": "Non-human_Patient", "pt": {"text": "em poliester", "linguisticInfo": {"em": {"lemma": "em", "pos": "SCONJ", "is_stop": true, "is_named": false}, "poliester": {"lemma": "poliester", "pos": "VERB", "is_stop": false, "is_named": false}}}, "it": {"text": "in kunstfonds", "linguisticInfo": {"in": {"lemma": "in", "pos": "E", "is_stop": true, "is_named": false}, "kunstfonds": {"lemma": "kunstfonds", "pos": "SP", "is_stop": false, "is_named": false}}}}, "obj": {"type": "Event", "pt": {"text": "trabalhou", "linguisticInfo": {"trabalhou": {"lemma": "trabalhar", "pos": "VERB", "is_stop": false, "is_named": false}}}, "it": {"text": "kunstfonds", "linguisticInfo": {"kunstfonds": {"lemma": "kunstfonds", "pos": "A", "is_stop": false, "is_named": false}}}}}, {"id": "R56", "subj": {"type": "Non-human_Oth_participant", "pt": {"text": "de gravura", "linguisticInfo": {"de": {"lemma": "de", "pos": "ADP", "is_stop": true, "is_named": false}, "gravura": {"lemma": "gravura", "pos": "NOUN", "is_stop": false, "is_named": false}}}, "it": {"text": "di stampa", "linguisticInfo": {"di": {"lemma": "di", "pos": "E", "is_stop": true, "is_named": false}, "stampa": {"lemma": "stampa", "pos": "S", "is_stop": false, "is_named": false}}}}, "obj": {"type": "Event", "pt": {"text": "deu li\u00e7\u00f5es", "linguisticInfo": {"deu": {"lemma": "dar", "pos": "VERB", "is_stop": false, "is_named": false}, "li\u00e7\u00f5es": {"lemma": "li\u00e7\u00e3o", "pos": "NOUN", "is_stop": false, "is_named": false}}}, "it": {"text": "impartito lezioni", "linguisticInfo": {"impartito": {"lemma": "impartire", "pos": "V", "is_stop": false, "is_named": false}, "lezioni": {"lemma": "lezione", "pos": "S", "is_stop": false, "is_named": false}}}}}]}, "sentences_4": {"itText": "NULL detto ci\u00f2 , non abbiamo ancora svelato nulla sugli oggetti e i disegni che maria beatriz ha portato a lisbona .. e non basta dire che la cosa migliore \u00e8 andarli a vedere personalmente , anche se \u00e8 la verit\u00e0 quando si tratta di arti visuali .", "ptText": "dito isto , nada est\u00e1 dito sobre os objectos e desenhos que maria beatriz trouxe a lisboa ... e n\u00e3o bastar\u00e1 dizer que o melhor \u00e9 ir ver , embora seja essa a verdade nestas coisas das artes visuais . \n", "relations": [{"id": "R20", "subj": {"type": "Non-human_Patient", "pt": {"text": "que", "linguisticInfo": {"que": {"lemma": "que", "pos": "SCONJ", "is_stop": true, "is_named": false}}}, "it": {"text": "che", "linguisticInfo": {"che": {"lemma": "che", "pos": "CS", "is_stop": true, "is_named": false}}}}, "obj": {"type": "Event", "pt": {"text": "trouxe", "linguisticInfo": {"trouxe": {"lemma": "trazer", "pos": "VERB", "is_stop": false, "is_named": false}}}, "it": {"text": "portato", "linguisticInfo": {"portato": {"lemma": "portare", "pos": "V", "is_stop": false, "is_named": false}}}}}, {"id": "R21", "subj": {"type": "Human_Agent", "pt": {"text": "Maria Beatriz", "linguisticInfo": {"Maria": {"lemma": "Maria", "pos": "PROPN", "is_stop": false, "is_named": true}, "Beatriz": {"lemma": "Beatriz", "pos": "PROPN", "is_stop": false, "is_named": true}}}, "it": {"text": "maria beatriz", "linguisticInfo": {"maria": {"lemma": "maria", "pos": "SP", "is_stop": false, "is_named": false}, "beatriz": {"lemma": "beatriz", "pos": "V", "is_stop": false, "is_named": false}}}}, "obj": {"type": "Event", "pt": {"text": "trouxe", "linguisticInfo": {"trouxe": {"lemma": "trazer", "pos": "VERB", "is_stop": false, "is_named": false}}}, "it": {"text": "portato", "linguisticInfo": {"portato": {"lemma": "portare", "pos": "V", "is_stop": false, "is_named": false}}}}}, {"id": "R22", "subj": {"type": "Geo_location", "pt": {"text": "a Lisboa", "linguisticInfo": {"a": {"lemma": "o", "pos": "DET", "is_stop": true, "is_named": false}, "Lisboa": {"lemma": "Lisboa", "pos": "PROPN", "is_stop": false, "is_named": true}}}, "it": {"text": "a lisbona", "linguisticInfo": {"a": {"lemma": "a", "pos": "E", "is_stop": true, "is_named": false}, "lisbona": {"lemma": "lisbona", "pos": "RD", "is_stop": false, "is_named": false}}}}, "obj": {"type": "Event", "pt": {"text": "trouxe", "linguisticInfo": {"trouxe": {"lemma": "trazer", "pos": "VERB", "is_stop": false, "is_named": false}}}, "it": {"text": "portato", "linguisticInfo": {"portato": {"lemma": "portare", "pos": "V", "is_stop": false, "is_named": false}}}}}, {"id": "R57", "subj": {"type": "Non-human_Oth_participant", "pt": {"text": "que o melhor \u00e9 ir ver", "linguisticInfo": {"que": {"lemma": "que", "pos": "SCONJ", "is_stop": true, "is_named": false}, "o": {"lemma": "o", "pos": "DET", "is_stop": true, "is_named": false}, "melhor": {"lemma": "melhor", "pos": "NOUN", "is_stop": false, "is_named": false}, "\u00e9": {"lemma": "ser", "pos": "AUX", "is_stop": true, "is_named": false}, "ir": {"lemma": "ir", "pos": "AUX", "is_stop": true, "is_named": false}, "ver": {"lemma": "ver", "pos": "VERB", "is_stop": true, "is_named": false}}}, "it": {"text": "che maria beatriz", "linguisticInfo": {"che": {"lemma": "che", "pos": "CS", "is_stop": true, "is_named": false}, "maria": {"lemma": "maria", "pos": "SP", "is_stop": false, "is_named": false}, "beatriz": {"lemma": "beatriz", "pos": "V", "is_stop": false, "is_named": false}}}}, "obj": {"type": "Event", "pt": {"text": "n\u00e3o bastar\u00e1 dizer", "linguisticInfo": {"n\u00e3o": {"lemma": "n\u00e3o", "pos": "ADV", "is_stop": true, "is_named": false}, "bastar\u00e1": {"lemma": "bastar", "pos": "VERB", "is_stop": false, "is_named": false}, "dizer": {"lemma": "dizer", "pos": "VERB", "is_stop": true, "is_named": false}}}, "it": {"text": "non basta dire", "linguisticInfo": {"non": {"lemma": "non", "pos": "BN", "is_stop": true, "is_named": false}, "basta": {"lemma": "bastare", "pos": "V", "is_stop": true, "is_named": false}, "dire": {"lemma": "dire", "pos": "V", "is_stop": true, "is_named": false}}}}}]}, "sentences_5": {"itText": "NULL l \u2019 illustrazione aiuta a farvi un \u2019 idea : un \u2019 opera che si inserisce nella linea di riscoperta della figurazione , non naturalista , dell \u2019 appropriazione della libert\u00e0 e dell&apos; amore .", "ptText": "a ilustra\u00e7\u00e3o junta d\u00e1 uma ajuda : um trabalho que pode ser inscrito numa linha de redescoberta da figura\u00e7\u00e3o , n\u00e3o naturalista , de apropria\u00e7\u00e3o da liberdade e do humor . \n", "relations": [{"id": "R23", "subj": {"type": "Non-human_Agent", "pt": {"text": "A ilustra\u00e7\u00e3o junta", "linguisticInfo": {"A": {"lemma": "A", "pos": "DET", "is_stop": true, "is_named": true}, "ilustra\u00e7\u00e3o": {"lemma": "ilustra\u00e7\u00e3o", "pos": "NOUN", "is_stop": false, "is_named": false}, "junta": {"lemma": "junto", "pos": "VERB", "is_stop": false, "is_named": false}}}, "it": {"text": "l illustrazione aiuta", "linguisticInfo": {"l": {"lemma": "l", "pos": "RD", "is_stop": false, "is_named": false}, "illustrazione": {"lemma": "illustrazione", "pos": "S", "is_stop": false, "is_named": false}, "aiuta": {"lemma": "aiutare", "pos": "V", "is_stop": false, "is_named": false}}}}, "obj": {"type": "Event", "pt": {"text": "d\u00e1 uma ajuda", "linguisticInfo": {"d\u00e1": {"lemma": "dar", "pos": "VERB", "is_stop": true, "is_named": false}, "uma": {"lemma": "umar", "pos": "DET", "is_stop": true, "is_named": false}, "ajuda": {"lemma": "ajudar", "pos": "NOUN", "is_stop": false, "is_named": false}}}, "it": {"text": "aiuta a farvi un \u2019", "linguisticInfo": {"aiuta": {"lemma": "aiutare", "pos": "V", "is_stop": false, "is_named": false}, "a": {"lemma": "a", "pos": "E", "is_stop": true, "is_named": false}, "farvi": {"lemma": "fare", "pos": "V_PC", "is_stop": false, "is_named": false}, "un": {"lemma": "uno", "pos": "RI", "is_stop": true, "is_named": false}, "\u2019": {"lemma": "\u2019", "pos": "A", "is_stop": false, "is_named": false}}}}}, {"id": "R24", "subj": {"type": "Non-human_Oth_participant", "pt": {"text": "numa linha de redescoberta da figura\u00e7\u00e3o , n\u00e3o naturalista , de apropria\u00e7\u00e3o da liberdade e do humor", "linguisticInfo": {"numa": {"lemma": "numa", "pos": "ADP", "is_stop": true, "is_named": false}, "linha": {"lemma": "linha", "pos": "NOUN", "is_stop": false, "is_named": false}, "de": {"lemma": "de", "pos": "ADP", "is_stop": true, "is_named": false}, "redescoberta": {"lemma": "redescoberto", "pos": "NOUN", "is_stop": false, "is_named": false}, "da": {"lemma": "da", "pos": "ADP", "is_stop": true, "is_named": false}, "figura\u00e7\u00e3o": {"lemma": "figura\u00e7\u00e3o", "pos": "NOUN", "is_stop": false, "is_named": false}, ",": {"lemma": ",", "pos": "PUNCT", "is_stop": false, "is_named": false}, "n\u00e3o": {"lemma": "n\u00e3o", "pos": "ADV", "is_stop": true, "is_named": false}, "naturalista": {"lemma": "naturalista", "pos": "VERB", "is_stop": false, "is_named": false}, "apropria\u00e7\u00e3o": {"lemma": "apropria\u00e7\u00e3o", "pos": "NOUN", "is_stop": false, "is_named": false}, "liberdade": {"lemma": "liberdade", "pos": "NOUN", "is_stop": false, "is_named": false}, "e": {"lemma": "e", "pos": "CCONJ", "is_stop": true, "is_named": false}, "do": {"lemma": "do", "pos": "ADP", "is_stop": true, "is_named": false}, "humor": {"lemma": "humor", "pos": "NOUN", "is_stop": false, "is_named": false}}}, "it": {"text": "inserisce nella linea di riscoperta della figurazione , non naturalista , dell", "linguisticInfo": {"inserisce": {"lemma": "inserire", "pos": "V", "is_stop": false, "is_named": false}, "nella": {"lemma": "nella", "pos": "E_RD", "is_stop": true, "is_named": false}, "linea": {"lemma": "linea", "pos": "S", "is_stop": false, "is_named": false}, "di": {"lemma": "di", "pos": "E", "is_stop": true, "is_named": false}, "riscoperta": {"lemma": "riscoperta", "pos": "S", "is_stop": false, "is_named": false}, "della": {"lemma": "della", "pos": "E_RD", "is_stop": true, "is_named": false}, "figurazione": {"lemma": "figurazione", "pos": "S", "is_stop": false, "is_named": false}, ",": {"lemma": ",", "pos": "FF", "is_stop": false, "is_named": false}, "non": {"lemma": "non", "pos": "BN", "is_stop": true, "is_named": false}, "naturalista": {"lemma": "naturalista", "pos": "S", "is_stop": false, "is_named": false}, "dell": {"lemma": "dell", "pos": "SP", "is_stop": true, "is_named": false}}}}, "obj": {"type": "Event", "pt": {"text": "pode ser inscrito", "linguisticInfo": {"pode": {"lemma": "poder", "pos": "VERB", "is_stop": true, "is_named": false}, "ser": {"lemma": "ser", "pos": "AUX", "is_stop": true, "is_named": false}, "inscrito": {"lemma": "inscrever", "pos": "ADJ", "is_stop": false, "is_named": false}}}, "it": {"text": "inserisce nella linea", "linguisticInfo": {"inserisce": {"lemma": "inserire", "pos": "V", "is_stop": false, "is_named": false}, "nella": {"lemma": "nella", "pos": "E_RD", "is_stop": true, "is_named": false}, "linea": {"lemma": "linea", "pos": "S", "is_stop": false, "is_named": false}}}}}, {"id": "R25", "subj": {"type": "Non-human_Patient", "pt": {"text": "que", "linguisticInfo": {"que": {"lemma": "que", "pos": "SCONJ", "is_stop": true, "is_named": false}}}, "it": {"text": "che", "linguisticInfo": {"che": {"lemma": "che", "pos": "CS", "is_stop": true, "is_named": false}}}}, "obj": {"type": "Event", "pt": {"text": "pode ser inscrito", "linguisticInfo": {"pode": {"lemma": "poder", "pos": "VERB", "is_stop": true, "is_named": false}, "ser": {"lemma": "ser", "pos": "AUX", "is_stop": true, "is_named": false}, "inscrito": {"lemma": "inscrever", "pos": "ADJ", "is_stop": false, "is_named": false}}}, "it": {"text": "inserisce nella linea", "linguisticInfo": {"inserisce": {"lemma": "inserire", "pos": "V", "is_stop": false, "is_named": false}, "nella": {"lemma": "nella", "pos": "E_RD", "is_stop": true, "is_named": false}, "linea": {"lemma": "linea", "pos": "S", "is_stop": false, "is_named": false}}}}}]}, "sentences_6": {"itText": "NULL in effetti , l \u2019 umore \u00e8 uno degli elementi fondamentali che contraddistinguono quest \u2019 esposizione e , anche nella crudezza , il sorriso con cui ci ritrae \u00e8 una denuncia spietata . avvicinandosi al gesto istintivo e infantile , il disegno evita l \u2019 illustrazione , si smarca con una finta dei valori decorativi che occupano il 90 per cento dei quadri che si vedono in giro , diventa uno specchio in cui maria beatriz ci deforma per farci vedere meglio e per ridere di noi stessi ( perch\u00e9 di questo si tratta , il proselitismo lo lasciamo per", "ptText": "o humor \u00e9 , de facto , tra\u00e7o fundamental desta exposi\u00e7\u00e3o , mesmo quando , na sua crueza , o riso com que nos retrata \u00e9 violenta denuncia . pr\u00f3ximo do gesto instintivo , infantil , o desenho evita a ilustra\u00e7\u00e3o , faz uma finta aos valores decorativos que ocupam 90 por cento dos pap\u00e9is pintados que por a\u00ed se mostram , torna -se um espelho onde maria beatriz nos deforma para nos vermos melhor e para gozarmos ( disso se trata , o proselitismo anda por outras paragens ) . \n", "relations": [{"id": "R26", "subj": {"type": "Human_Patient", "pt": {"text": "nos", "linguisticInfo": {"nos": {"lemma": "o", "pos": "ADP", "is_stop": true, "is_named": false}}}, "it": {"text": "ci", "linguisticInfo": {"ci": {"lemma": "ci", "pos": "PC", "is_stop": true, "is_named": false}}}}, "obj": {"type": "Event", "pt": {"text": "retrata", "linguisticInfo": {"retrata": {"lemma": "retratar", "pos": "VERB", "is_stop": false, "is_named": false}}}, "it": {"text": "ritrae", "linguisticInfo": {"ritrae": {"lemma": "ritrarre", "pos": "V", "is_stop": false, "is_named": false}}}}}, {"id": "R27", "subj": {"type": "Non-human_Agent", "pt": {"text": "o desenho", "linguisticInfo": {"o": {"lemma": "o", "pos": "DET", "is_stop": true, "is_named": false}, "desenho": {"lemma": "desenhar", "pos": "NOUN", "is_stop": false, "is_named": false}}}, "it": {"text": "il disegno", "linguisticInfo": {"il": {"lemma": "il", "pos": "RD", "is_stop": true, "is_named": false}, "disegno": {"lemma": "disegno", "pos": "S", "is_stop": false, "is_named": false}}}}, "obj": {"type": "Event", "pt": {"text": "evita", "linguisticInfo": {"evita": {"lemma": "evitar", "pos": "ADJ", "is_stop": false, "is_named": false}}}, "it": {"text": "evita", "linguisticInfo": {"evita": {"lemma": "evitare", "pos": "V", "is_stop": false, "is_named": false}}}}}, {"id": "R28", "subj": {"type": "Non-human_Patient", "pt": {"text": "a ilustra\u00e7\u00e3o", "linguisticInfo": {"a": {"lemma": "o", "pos": "DET", "is_stop": true, "is_named": false}, "ilustra\u00e7\u00e3o": {"lemma": "ilustra\u00e7\u00e3o", "pos": "NOUN", "is_stop": false, "is_named": false}}}, "it": {"text": "l illustrazione", "linguisticInfo": {"l": {"lemma": "l", "pos": "RD", "is_stop": false, "is_named": false}, "illustrazione": {"lemma": "illustrazione", "pos": "S", "is_stop": false, "is_named": false}}}}, "obj": {"type": "Event", "pt": {"text": "evita", "linguisticInfo": {"evita": {"lemma": "evitar", "pos": "ADJ", "is_stop": false, "is_named": false}}}, "it": {"text": "evita", "linguisticInfo": {"evita": {"lemma": "evitare", "pos": "V", "is_stop": false, "is_named": false}}}}}, {"id": "R29", "subj": {"type": "Non-human_Agent", "pt": {"text": "o desenho", "linguisticInfo": {"o": {"lemma": "o", "pos": "DET", "is_stop": true, "is_named": false}, "desenho": {"lemma": "desenhar", "pos": "NOUN", "is_stop": false, "is_named": false}}}, "it": {"text": "il disegno", "linguisticInfo": {"il": {"lemma": "il", "pos": "RD", "is_stop": true, "is_named": false}, "disegno": {"lemma": "disegno", "pos": "S", "is_stop": false, "is_named": false}}}}, "obj": {"type": "Event", "pt": {"text": "faz uma finta", "linguisticInfo": {"faz": {"lemma": "fazer", "pos": "VERB", "is_stop": true, "is_named": false}, "uma": {"lemma": "umar", "pos": "DET", "is_stop": true, "is_named": false}, "finta": {"lemma": "finto", "pos": "NOUN", "is_stop": false, "is_named": false}}}, "it": {"text": "smarca una finta", "linguisticInfo": {"smarca": {"lemma": "smarcare", "pos": "V", "is_stop": false, "is_named": false}, "una": {"lemma": "uno", "pos": "RI", "is_stop": true, "is_named": false}, "finta": {"lemma": "finta", "pos": "S", "is_stop": false, "is_named": false}}}}}, {"id": "R30", "subj": {"type": "Non-human_Patient", "pt": {"text": "aos valores decorativos que ocupam 90 por cento dos pap\u00e9is pintados que por a\u00ed se mostram", "linguisticInfo": {"aos": {"lemma": "aos", "pos": "ADP", "is_stop": true, "is_named": false}, "valores": {"lemma": "valorar", "pos": "NOUN", "is_stop": false, "is_named": false}, "decorativos": {"lemma": "decorativo", "pos": "ADJ", "is_stop": false, "is_named": false}, "que": {"lemma": "que", "pos": "PRON", "is_stop": true, "is_named": false}, "ocupam": {"lemma": "ocupar", "pos": "VERB", "is_stop": false, "is_named": false}, "90": {"lemma": "90", "pos": "NUM", "is_stop": false, "is_named": false}, "por": {"lemma": "por", "pos": "ADP", "is_stop": true, "is_named": false}, "cento": {"lemma": "cento", "pos": "NUM", "is_stop": true, "is_named": false}, "dos": {"lemma": "dos", "pos": "ADP", "is_stop": true, "is_named": false}, "pap\u00e9is": {"lemma": "papel", "pos": "NOUN", "is_stop": false, "is_named": false}, "pintados": {"lemma": "pintar", "pos": "VERB", "is_stop": false, "is_named": false}, "a\u00ed": {"lemma": "a\u00ed", "pos": "ADV", "is_stop": true, "is_named": false}, "se": {"lemma": "se", "pos": "PRON", "is_stop": true, "is_named": false}, "mostram": {"lemma": "mostrar", "pos": "VERB", "is_stop": false, "is_named": false}}}, "it": {"text": "dei valori decorativi che occupano il 90 per cento dei quadri che", "linguisticInfo": {"dei": {"lemma": "del", "pos": "E_RD", "is_stop": true, "is_named": false}, "valori": {"lemma": "valore", "pos": "S", "is_stop": false, "is_named": false}, "decorativi": {"lemma": "decorativo", "pos": "A", "is_stop": false, "is_named": false}, "che": {"lemma": "che", "pos": "PR", "is_stop": true, "is_named": false}, "occupano": {"lemma": "occupare", "pos": "V", "is_stop": false, "is_named": false}, "il": {"lemma": "il", "pos": "RD", "is_stop": true, "is_named": false}, "90": {"lemma": "90", "pos": "N", "is_stop": false, "is_named": false}, "per": {"lemma": "per", "pos": "E", "is_stop": true, "is_named": false}, "cento": {"lemma": "cento", "pos": "N", "is_stop": true, "is_named": false}, "quadri": {"lemma": "quadro", "pos": "S", "is_stop": false, "is_named": false}}}}, "obj": {"type": "Event", "pt": {"text": "faz uma finta", "linguisticInfo": {"faz": {"lemma": "fazer", "pos": "VERB", "is_stop": true, "is_named": false}, "uma": {"lemma": "umar", "pos": "DET", "is_stop": true, "is_named": false}, "finta": {"lemma": "finto", "pos": "NOUN", "is_stop": false, "is_named": false}}}, "it": {"text": "smarca una finta", "linguisticInfo": {"smarca": {"lemma": "smarcare", "pos": "V", "is_stop": false, "is_named": false}, "una": {"lemma": "uno", "pos": "RI", "is_stop": true, "is_named": false}, "finta": {"lemma": "finta", "pos": "S", "is_stop": false, "is_named": false}}}}}, {"id": "R31", "subj": {"type": "Non-human_Patient", "pt": {"text": "que", "linguisticInfo": {"que": {"lemma": "que", "pos": "SCONJ", "is_stop": true, "is_named": false}}}, "it": {"text": "cui", "linguisticInfo": {"cui": {"lemma": "cui", "pos": "PR", "is_stop": true, "is_named": false}}}}, "obj": {"type": "Event", "pt": {"text": "se mostram", "linguisticInfo": {"se": {"lemma": "se", "pos": "PRON", "is_stop": true, "is_named": false}, "mostram": {"lemma": "mostrar", "pos": "VERB", "is_stop": false, "is_named": false}}}, "it": {"text": "si vedono", "linguisticInfo": {"si": {"lemma": "si", "pos": "PC", "is_stop": true, "is_named": false}, "vedono": {"lemma": "vedere", "pos": "V", "is_stop": false, "is_named": false}}}}}, {"id": "R32", "subj": {"type": "Oth_location", "pt": {"text": "por a\u00ed", "linguisticInfo": {"por": {"lemma": "por", "pos": "ADP", "is_stop": true, "is_named": false}, "a\u00ed": {"lemma": "a\u00ed", "pos": "ADV", "is_stop": true, "is_named": false}}}, "it": {"text": "smarca lasciamo", "linguisticInfo": {"smarca": {"lemma": "smarcare", "pos": "B", "is_stop": false, "is_named": false}, "lasciamo": {"lemma": "lasciare", "pos": "V", "is_stop": false, "is_named": false}}}}, "obj": {"type": "Event", "pt": {"text": "se mostram", "linguisticInfo": {"se": {"lemma": "se", "pos": "PRON", "is_stop": true, "is_named": false}, "mostram": {"lemma": "mostrar", "pos": "VERB", "is_stop": false, "is_named": false}}}, "it": {"text": "si vedono", "linguisticInfo": {"si": {"lemma": "si", "pos": "PC", "is_stop": true, "is_named": false}, "vedono": {"lemma": "vedere", "pos": "V", "is_stop": false, "is_named": false}}}}}, {"id": "R35", "subj": {"type": "Oth_location", "pt": {"text": "onde", "linguisticInfo": {"onde": {"lemma": "onde", "pos": "PRON", "is_stop": true, "is_named": false}}}, "it": {"text": "cui", "linguisticInfo": {"cui": {"lemma": "cui", "pos": "PR", "is_stop": true, "is_named": false}}}}, "obj": {"type": "Event", "pt": {"text": "deforma", "linguisticInfo": {"deforma": {"lemma": "deformar", "pos": "NOUN", "is_stop": false, "is_named": false}}}, "it": {"text": "deforma", "linguisticInfo": {"deforma": {"lemma": "deformare", "pos": "S", "is_stop": false, "is_named": false}}}}}, {"id": "R36", "subj": {"type": "Human_Patient", "pt": {"text": "nos", "linguisticInfo": {"nos": {"lemma": "o", "pos": "ADP", "is_stop": true, "is_named": false}}}, "it": {"text": "ci", "linguisticInfo": {"ci": {"lemma": "ci", "pos": "PC", "is_stop": true, "is_named": false}}}}, "obj": {"type": "Event", "pt": {"text": "deforma", "linguisticInfo": {"deforma": {"lemma": "deformar", "pos": "NOUN", "is_stop": false, "is_named": false}}}, "it": {"text": "deforma", "linguisticInfo": {"deforma": {"lemma": "deformare", "pos": "S", "is_stop": false, "is_named": false}}}}}, {"id": "R37", "subj": {"type": "Human_Agent", "pt": {"text": "Maria Beatriz", "linguisticInfo": {"Maria": {"lemma": "Maria", "pos": "PROPN", "is_stop": false, "is_named": true}, "Beatriz": {"lemma": "Beatriz", "pos": "PROPN", "is_stop": false, "is_named": true}}}, "it": {"text": "maria beatriz", "linguisticInfo": {"maria": {"lemma": "maria", "pos": "SP", "is_stop": false, "is_named": false}, "beatriz": {"lemma": "beatriz", "pos": "V", "is_stop": false, "is_named": false}}}}, "obj": {"type": "Event", "pt": {"text": "deforma", "linguisticInfo": {"deforma": {"lemma": "deformar", "pos": "NOUN", "is_stop": false, "is_named": false}}}, "it": {"text": "deforma", "linguisticInfo": {"deforma": {"lemma": "deformare", "pos": "S", "is_stop": false, "is_named": false}}}}}, {"id": "R38", "subj": {"type": "Non-human_Oth_participant", "pt": {"text": "para nos vermos melhor e para gozarmos", "linguisticInfo": {"para": {"lemma": "parir", "pos": "ADP", "is_stop": true, "is_named": false}, "nos": {"lemma": "o", "pos": "PRON", "is_stop": true, "is_named": false}, "vermos": {"lemma": "ver", "pos": "VERB", "is_stop": false, "is_named": false}, "melhor": {"lemma": "melhor", "pos": "ADV", "is_stop": false, "is_named": false}, "e": {"lemma": "e", "pos": "CCONJ", "is_stop": true, "is_named": false}, "gozarmos": {"lemma": "gozar", "pos": "NOUN", "is_stop": false, "is_named": false}}}, "it": {"text": "per cento dei stessi ( perch\u00e9", "linguisticInfo": {"per": {"lemma": "per", "pos": "E", "is_stop": true, "is_named": false}, "cento": {"lemma": "cento", "pos": "N", "is_stop": true, "is_named": false}, "dei": {"lemma": "del", "pos": "E_RD", "is_stop": true, "is_named": false}, "stessi": {"lemma": "stesso", "pos": "A", "is_stop": true, "is_named": false}, "(": {"lemma": "(", "pos": "FB", "is_stop": false, "is_named": false}, "perch\u00e9": {"lemma": "perch\u00e9", "pos": "CS", "is_stop": true, "is_named": false}}}}, "obj": {"type": "Event", "pt": {"text": "deforma", "linguisticInfo": {"deforma": {"lemma": "deformar", "pos": "NOUN", "is_stop": false, "is_named": false}}}, "it": {"text": "deforma", "linguisticInfo": {"deforma": {"lemma": "deformare", "pos": "S", "is_stop": false, "is_named": false}}}}}, {"id": "R39", "subj": {"type": "Human_Patient", "pt": {"text": "nos", "linguisticInfo": {"nos": {"lemma": "o", "pos": "ADP", "is_stop": true, "is_named": false}}}, "it": {"text": "ci", "linguisticInfo": {"ci": {"lemma": "ci", "pos": "PC", "is_stop": true, "is_named": false}}}}, "obj": {"type": "Event", "pt": {"text": "vermos melhor", "linguisticInfo": {"vermos": {"lemma": "ver", "pos": "VERB", "is_stop": false, "is_named": false}, "melhor": {"lemma": "melhor", "pos": "ADV", "is_stop": false, "is_named": false}}}, "it": {"text": "farci meglio", "linguisticInfo": {"farci": {"lemma": "fare", "pos": "V_PC", "is_stop": false, "is_named": false}, "meglio": {"lemma": "meglio", "pos": "B", "is_stop": true, "is_named": false}}}}}, {"id": "R40", "subj": {"type": "Human_Agent", "pt": {"text": "nos", "linguisticInfo": {"nos": {"lemma": "o", "pos": "ADP", "is_stop": true, "is_named": false}}}, "it": {"text": "ci", "linguisticInfo": {"ci": {"lemma": "ci", "pos": "PC", "is_stop": true, "is_named": false}}}}, "obj": {"type": "Event", "pt": {"text": "vermos melhor", "linguisticInfo": {"vermos": {"lemma": "ver", "pos": "VERB", "is_stop": false, "is_named": false}, "melhor": {"lemma": "melhor", "pos": "ADV", "is_stop": false, "is_named": false}}}, "it": {"text": "farci meglio", "linguisticInfo": {"farci": {"lemma": "fare", "pos": "V_PC", "is_stop": false, "is_named": false}, "meglio": {"lemma": "meglio", "pos": "B", "is_stop": true, "is_named": false}}}}}]}, "sentences_7": {"itText": "NULL nello spazio della galleria di arte moderna del snba , sorgono anche oggetti , figure tagliate e dipinte , oggetti reali - che elevano alla terza dimensione il linguaggio personale e ludico dei disegni di maria beatriz . prendendo alcune poesie di almada negreiros , rimangono ( speriamo che restino , che non tornino in olanda ) come figurazioni indispensabili del nostro immaginario .", "ptText": "v\u00e1rios objectos - figuras recortadas e pintadas , objectos reais - surgem tamb\u00e9m no espa\u00e7o da galeria de arte moderna da snba e prolongam a tr\u00eas dimens\u00f5es a linguagem pessoal e l\u00fadica dos desenhos da maria beatriz . tomados alguns a poemas de almada negreiros , eles ficam ( esperemos que fiquem , que n\u00e3o regressem \u00e0 holanda ) como figura\u00e7\u00f5es indispens\u00e1veis do nosso imagin\u00e1rio . \n", "relations": [{"id": "R41", "subj": {"type": "Non-human_Patient", "pt": {"text": "figuras", "linguisticInfo": {"figuras": {"lemma": "figurar", "pos": "NOUN", "is_stop": false, "is_named": false}}}, "it": {"text": "figure", "linguisticInfo": {"figure": {"lemma": "figura", "pos": "S", "is_stop": false, "is_named": false}}}}, "obj": {"type": "Event", "pt": {"text": "recortadas", "linguisticInfo": {"recortadas": {"lemma": "recortar", "pos": "VERB", "is_stop": false, "is_named": false}}}, "it": {"text": "tagliate", "linguisticInfo": {"tagliate": {"lemma": "tagliare", "pos": "V", "is_stop": false, "is_named": false}}}}}, {"id": "R42", "subj": {"type": "Non-human_Patient", "pt": {"text": "figuras", "linguisticInfo": {"figuras": {"lemma": "figurar", "pos": "NOUN", "is_stop": false, "is_named": false}}}, "it": {"text": "figure", "linguisticInfo": {"figure": {"lemma": "figura", "pos": "S", "is_stop": false, "is_named": false}}}}, "obj": {"type": "Event", "pt": {"text": "pintadas", "linguisticInfo": {"pintadas": {"lemma": "pintar", "pos": "NOUN", "is_stop": false, "is_named": false}}}, "it": {"text": "dipinte", "linguisticInfo": {"dipinte": {"lemma": "dipingere", "pos": "V", "is_stop": false, "is_named": false}}}}}, {"id": "R43", "subj": {"type": "Non-human_Patient", "pt": {"text": "V\u00e1rios objectos", "linguisticInfo": {"V\u00e1rios": {"lemma": "V\u00e1rios", "pos": "DET", "is_stop": true, "is_named": true}, "objectos": {"lemma": "objecto", "pos": "NOUN", "is_stop": false, "is_named": false}}}, "it": {"text": "negreiros , rimangono", "linguisticInfo": {"negreiros": {"lemma": "negreiros", "pos": "V", "is_stop": false, "is_named": false}, ",": {"lemma": ",", "pos": "FF", "is_stop": false, "is_named": false}, "rimangono": {"lemma": "rimanere", "pos": "V", "is_stop": false, "is_named": false}}}}, "obj": {"type": "Event", "pt": {"text": "surgem", "linguisticInfo": {"surgem": {"lemma": "surgir", "pos": "VERB", "is_stop": false, "is_named": false}}}, "it": {"text": "sorgono", "linguisticInfo": {"sorgono": {"lemma": "sorgere", "pos": "V", "is_stop": false, "is_named": false}}}}}, {"id": "R44", "subj": {"type": "Oth_location", "pt": {"text": "no espa\u00e7o da Galeria de Arte Moderna da SNBA", "linguisticInfo": {"no": {"lemma": "o", "pos": "ADP", "is_stop": true, "is_named": false}, "espa\u00e7o": {"lemma": "espa\u00e7ar", "pos": "NOUN", "is_stop": false, "is_named": false}, "da": {"lemma": "da", "pos": "ADP", "is_stop": true, "is_named": false}, "Galeria": {"lemma": "Galeria", "pos": "PROPN", "is_stop": false, "is_named": true}, "de": {"lemma": "de", "pos": "ADP", "is_stop": true, "is_named": false}, "Arte": {"lemma": "Arte", "pos": "PROPN", "is_stop": false, "is_named": true}, "Moderna": {"lemma": "Moderna", "pos": "PROPN", "is_stop": false, "is_named": true}, "SNBA": {"lemma": "SNBA", "pos": "PROPN", "is_stop": false, "is_named": true}}}, "it": {"text": "nello spazio della galleria di arte moderna del snba", "linguisticInfo": {"nello": {"lemma": "nel", "pos": "E_RD", "is_stop": true, "is_named": false}, "spazio": {"lemma": "spazio", "pos": "S", "is_stop": false, "is_named": false}, "della": {"lemma": "della", "pos": "E_RD", "is_stop": true, "is_named": false}, "galleria": {"lemma": "galleria", "pos": "S", "is_stop": false, "is_named": false}, "di": {"lemma": "di", "pos": "E", "is_stop": true, "is_named": false}, "arte": {"lemma": "arte", "pos": "S", "is_stop": false, "is_named": false}, "moderna": {"lemma": "moderno", "pos": "A", "is_stop": false, "is_named": false}, "del": {"lemma": "del", "pos": "E_RD", "is_stop": true, "is_named": false}, "snba": {"lemma": "snba", "pos": "S", "is_stop": false, "is_named": false}}}}, "obj": {"type": "Event", "pt": {"text": "surgem", "linguisticInfo": {"surgem": {"lemma": "surgir", "pos": "VERB", "is_stop": false, "is_named": false}}}, "it": {"text": "sorgono", "linguisticInfo": {"sorgono": {"lemma": "sorgere", "pos": "V", "is_stop": false, "is_named": false}}}}}, {"id": "R45", "subj": {"type": "Non-human_Patient", "pt": {"text": "V\u00e1rios objectos", "linguisticInfo": {"V\u00e1rios": {"lemma": "V\u00e1rios", "pos": "DET", "is_stop": true, "is_named": true}, "objectos": {"lemma": "objecto", "pos": "NOUN", "is_stop": false, "is_named": false}}}, "it": {"text": "negreiros , rimangono", "linguisticInfo": {"negreiros": {"lemma": "negreiros", "pos": "V", "is_stop": false, "is_named": false}, ",": {"lemma": ",", "pos": "FF", "is_stop": false, "is_named": false}, "rimangono": {"lemma": "rimanere", "pos": "V", "is_stop": false, "is_named": false}}}}, "obj": {"type": "Event", "pt": {"text": "prolongam", "linguisticInfo": {"prolongam": {"lemma": "prolongar", "pos": "VERB", "is_stop": false, "is_named": false}}}, "it": {"text": "snba", "linguisticInfo": {"snba": {"lemma": "snba", "pos": "A", "is_stop": false, "is_named": false}}}}}, {"id": "R46", "subj": {"type": "Oth_argument", "pt": {"text": "a tr\u00eas dimens\u00f5es", "linguisticInfo": {"a": {"lemma": "o", "pos": "ADP", "is_stop": true, "is_named": false}, "tr\u00eas": {"lemma": "tr\u00eas", "pos": "NUM", "is_stop": true, "is_named": false}, "dimens\u00f5es": {"lemma": "dimens\u00e3o", "pos": "NOUN", "is_stop": false, "is_named": false}}}, "it": {"text": "nello spazio snba , sorgono", "linguisticInfo": {"nello": {"lemma": "nel", "pos": "E_RD", "is_stop": true, "is_named": false}, "spazio": {"lemma": "spazio", "pos": "S", "is_stop": false, "is_named": false}, "snba": {"lemma": "snba", "pos": "A", "is_stop": false, "is_named": false}, ",": {"lemma": ",", "pos": "FF", "is_stop": false, "is_named": false}, "sorgono": {"lemma": "sorgere", "pos": "V", "is_stop": false, "is_named": false}}}}, "obj": {"type": "Event", "pt": {"text": "prolongam", "linguisticInfo": {"prolongam": {"lemma": "prolongar", "pos": "VERB", "is_stop": false, "is_named": false}}}, "it": {"text": "snba", "linguisticInfo": {"snba": {"lemma": "snba", "pos": "A", "is_stop": false, "is_named": false}}}}}, {"id": "R47", "subj": {"type": "Non-human_Patient", "pt": {"text": "a linguagem pessoal e l\u00fadica dos desenhos da Maria Beatriz", "linguisticInfo": {"a": {"lemma": "o", "pos": "DET", "is_stop": true, "is_named": false}, "linguagem": {"lemma": "linguagem", "pos": "NOUN", "is_stop": false, "is_named": false}, "pessoal": {"lemma": "pessoal", "pos": "ADJ", "is_stop": false, "is_named": false}, "e": {"lemma": "e", "pos": "CCONJ", "is_stop": true, "is_named": false}, "l\u00fadica": {"lemma": "l\u00fadico", "pos": "PROPN", "is_stop": false, "is_named": false}, "dos": {"lemma": "dos", "pos": "ADP", "is_stop": true, "is_named": false}, "desenhos": {"lemma": "desenho", "pos": "NOUN", "is_stop": false, "is_named": false}, "da": {"lemma": "da", "pos": "ADP", "is_stop": true, "is_named": false}, "Maria": {"lemma": "Maria", "pos": "PROPN", "is_stop": false, "is_named": true}, "Beatriz": {"lemma": "Beatriz", "pos": "PROPN", "is_stop": false, "is_named": true}}}, "it": {"text": "elevano alla terza linguaggio personale e ludico dei disegni di maria", "linguisticInfo": {"elevano": {"lemma": "elevare", "pos": "V", "is_stop": false, "is_named": false}, "alla": {"lemma": "alla", "pos": "E_RD", "is_stop": true, "is_named": false}, "terza": {"lemma": "terzo", "pos": "NO", "is_stop": false, "is_named": false}, "linguaggio": {"lemma": "linguaggio", "pos": "S", "is_stop": false, "is_named": false}, "personale": {"lemma": "personale", "pos": "A", "is_stop": false, "is_named": false}, "e": {"lemma": "e", "pos": "CC", "is_stop": false, "is_named": false}, "ludico": {"lemma": "ludico", "pos": "A", "is_stop": false, "is_named": false}, "dei": {"lemma": "del", "pos": "E_RD", "is_stop": true, "is_named": false}, "disegni": {"lemma": "disegno", "pos": "S", "is_stop": false, "is_named": false}, "di": {"lemma": "di", "pos": "E", "is_stop": true, "is_named": false}, "maria": {"lemma": "maria", "pos": "SP", "is_stop": false, "is_named": false}}}}, "obj": {"type": "Event", "pt": {"text": "prolongam", "linguisticInfo": {"prolongam": {"lemma": "prolongar", "pos": "VERB", "is_stop": false, "is_named": false}}}, "it": {"text": "snba", "linguisticInfo": {"snba": {"lemma": "snba", "pos": "A", "is_stop": false, "is_named": false}}}}}, {"id": "R48", "subj": {"type": "Geo_location", "pt": {"text": "\u00e0 Holanda", "linguisticInfo": {"\u00e0": {"lemma": "\u00e0", "pos": "ADP", "is_stop": true, "is_named": false}, "Holanda": {"lemma": "Holanda", "pos": "PROPN", "is_stop": false, "is_named": true}}}, "it": {"text": "olanda", "linguisticInfo": {"olanda": {"lemma": "olanda", "pos": "A", "is_stop": false, "is_named": false}}}}, "obj": {"type": "Event", "pt": {"text": "n\u00e3o regressem", "linguisticInfo": {"n\u00e3o": {"lemma": "n\u00e3o", "pos": "ADV", "is_stop": true, "is_named": false}, "regressem": {"lemma": "regressar", "pos": "VERB", "is_stop": false, "is_named": false}}}, "it": {"text": "non tornino", "linguisticInfo": {"non": {"lemma": "non", "pos": "BN", "is_stop": true, "is_named": false}, "tornino": {"lemma": "tornare", "pos": "V", "is_stop": false, "is_named": false}}}}}]}, "sentences_8": {"itText": "NULL attenzione , maria beatriz non fa concessioni , non illustra , non decora ; i suoi pezzi esigono la disponibilit\u00e0 a sorprendersi , per accettarlo da ci\u00f2 che \u00e8 semplice e quindi misterioso .", "ptText": "aten\u00e7\u00e3o , maria beatriz n\u00e3o faz concess\u00f5es , n\u00e3o ilustra , n\u00e3o decora ; as suas pe\u00e7as exigem a disponibilidade para a surpresa , para o aceitar do que \u00e9 simples e por isso misterioso . \n", "relations": [{"id": "R49", "subj": {"type": "Human_Agent", "pt": {"text": "Maria Beatriz", "linguisticInfo": {"Maria": {"lemma": "Maria", "pos": "PROPN", "is_stop": false, "is_named": true}, "Beatriz": {"lemma": "Beatriz", "pos": "PROPN", "is_stop": false, "is_named": true}}}, "it": {"text": "maria beatriz", "linguisticInfo": {"maria": {"lemma": "maria", "pos": "SP", "is_stop": false, "is_named": false}, "beatriz": {"lemma": "beatriz", "pos": "V", "is_stop": false, "is_named": false}}}}, "obj": {"type": "Event", "pt": {"text": "n\u00e3o faz concess\u00f5es", "linguisticInfo": {"n\u00e3o": {"lemma": "n\u00e3o", "pos": "ADV", "is_stop": true, "is_named": false}, "faz": {"lemma": "fazer", "pos": "VERB", "is_stop": true, "is_named": false}, "concess\u00f5es": {"lemma": "concess\u00e3o", "pos": "NOUN", "is_stop": false, "is_named": false}}}, "it": {"text": "non fa concessioni", "linguisticInfo": {"non": {"lemma": "non", "pos": "BN", "is_stop": true, "is_named": false}, "fa": {"lemma": "fare", "pos": "V", "is_stop": true, "is_named": false}, "concessioni": {"lemma": "concessione", "pos": "S", "is_stop": false, "is_named": false}}}}}, {"id": "R50", "subj": {"type": "Human_Agent", "pt": {"text": "Maria Beatriz", "linguisticInfo": {"Maria": {"lemma": "Maria", "pos": "PROPN", "is_stop": false, "is_named": true}, "Beatriz": {"lemma": "Beatriz", "pos": "PROPN", "is_stop": false, "is_named": true}}}, "it": {"text": "maria beatriz", "linguisticInfo": {"maria": {"lemma": "maria", "pos": "SP", "is_stop": false, "is_named": false}, "beatriz": {"lemma": "beatriz", "pos": "V", "is_stop": false, "is_named": false}}}}, "obj": {"type": "Event", "pt": {"text": "n\u00e3o ilustra", "linguisticInfo": {"n\u00e3o": {"lemma": "n\u00e3o", "pos": "ADV", "is_stop": true, "is_named": false}, "ilustra": {"lemma": "ilustrar", "pos": "VERB", "is_stop": false, "is_named": false}}}, "it": {"text": "non illustra", "linguisticInfo": {"non": {"lemma": "non", "pos": "BN", "is_stop": true, "is_named": false}, "illustra": {"lemma": "illustrare", "pos": "V", "is_stop": false, "is_named": false}}}}}, {"id": "R51", "subj": {"type": "Human_Agent", "pt": {"text": "Maria Beatriz", "linguisticInfo": {"Maria": {"lemma": "Maria", "pos": "PROPN", "is_stop": false, "is_named": true}, "Beatriz": {"lemma": "Beatriz", "pos": "PROPN", "is_stop": false, "is_named": true}}}, "it": {"text": "maria beatriz", "linguisticInfo": {"maria": {"lemma": "maria", "pos": "SP", "is_stop": false, "is_named": false}, "beatriz": {"lemma": "beatriz", "pos": "V", "is_stop": false, "is_named": false}}}}, "obj": {"type": "Event", "pt": {"text": "n\u00e3o decora", "linguisticInfo": {"n\u00e3o": {"lemma": "n\u00e3o", "pos": "ADV", "is_stop": true, "is_named": false}, "decora": {"lemma": "decorar", "pos": "VERB", "is_stop": false, "is_named": false}}}, "it": {"text": "non decora", "linguisticInfo": {"non": {"lemma": "non", "pos": "BN", "is_stop": true, "is_named": false}, "decora": {"lemma": "decorare", "pos": "V", "is_stop": false, "is_named": false}}}}}]}}