{"sentences_0": {"itText": "NULL i tre leader di alleanza democratica ( ad ) hanno partecipato ieri alle cerimonie in memoria delle vittime dell \u2019 accidente di camarate , avvenuto due anni fa . al cimitero dell \u2019 alto de s. jo\u00e3o , pinto balsem\u00e3o , freitas do amaral e ribeiro teles sono rimasti in silenzio di fronte al feretro dove si trovano i resti mortali di s\u00e1 carneiro e snu abecassisi ,", "ptText": "os tr\u00eas l\u00edderes da ad participaram ontem nos actos evocativos das v\u00edtimas do acidente de camarate , ocorrido h\u00e1 dois anos . no cemit\u00e9rio do alto de s. jo\u00e3o , pinto balsem\u00e3o , freitas do amaral e ribeiro teles permaneceram em sil\u00eancio diante do gavet\u00e3o onde se encontram depositados os restos mortais de s\u00e1 carneiro e de snu abecassis . \n", "relations": [{"id": "R1", "subj": {"type": "Human_Agent", "pt": {"text": "Os tr\u00eas l\u00edderes da AD", "linguisticInfo": {"Os": {"lemma": "Os", "pos": "DET", "is_stop": true, "is_named": true}, "tr\u00eas": {"lemma": "tr\u00eas", "pos": "NUM", "is_stop": true, "is_named": false}, "l\u00edderes": {"lemma": "l\u00edder", "pos": "NOUN", "is_stop": false, "is_named": false}, "da": {"lemma": "da", "pos": "ADP", "is_stop": true, "is_named": false}, "AD": {"lemma": "AD", "pos": "PROPN", "is_stop": false, "is_named": true}}}, "it": {"text": "i tre leader di alleanza", "linguisticInfo": {"i": {"lemma": "il", "pos": "RD", "is_stop": false, "is_named": false}, "tre": {"lemma": "tre", "pos": "N", "is_stop": true, "is_named": false}, "leader": {"lemma": "leader", "pos": "S", "is_stop": false, "is_named": false}, "di": {"lemma": "di", "pos": "E", "is_stop": true, "is_named": false}, "alleanza": {"lemma": "alleanza", "pos": "S", "is_stop": false, "is_named": false}}}}, "obj": {"type": "Event", "pt": {"text": "participaram", "linguisticInfo": {"participaram": {"lemma": "participar", "pos": "VERB", "is_stop": false, "is_named": false}}}, "it": {"text": "partecipato", "linguisticInfo": {"partecipato": {"lemma": "partecipare", "pos": "V", "is_stop": false, "is_named": false}}}}}, {"id": "R2", "subj": {"type": "Time", "pt": {"text": "ontem", "linguisticInfo": {"ontem": {"lemma": "ontem", "pos": "ADV", "is_stop": true, "is_named": false}}}, "it": {"text": "ieri", "linguisticInfo": {"ieri": {"lemma": "ieri", "pos": "B", "is_stop": true, "is_named": false}}}}, "obj": {"type": "Event", "pt": {"text": "participaram", "linguisticInfo": {"participaram": {"lemma": "participar", "pos": "VERB", "is_stop": false, "is_named": false}}}, "it": {"text": "partecipato", "linguisticInfo": {"partecipato": {"lemma": "partecipare", "pos": "V", "is_stop": false, "is_named": false}}}}}, {"id": "R3", "subj": {"type": "Oth_location", "pt": {"text": "nos actos evocativos das v\u00edtimas do acidente de Camarate", "linguisticInfo": {"nos": {"lemma": "o", "pos": "ADP", "is_stop": true, "is_named": false}, "actos": {"lemma": "acto", "pos": "NOUN", "is_stop": false, "is_named": false}, "evocativos": {"lemma": "evocativo", "pos": "ADJ", "is_stop": false, "is_named": false}, "das": {"lemma": "das", "pos": "ADP", "is_stop": true, "is_named": false}, "v\u00edtimas": {"lemma": "v\u00edtima", "pos": "NOUN", "is_stop": false, "is_named": false}, "do": {"lemma": "do", "pos": "ADP", "is_stop": true, "is_named": false}, "acidente": {"lemma": "acidentar", "pos": "NOUN", "is_stop": false, "is_named": false}, "de": {"lemma": "de", "pos": "ADP", "is_stop": true, "is_named": false}, "Camarate": {"lemma": "Camarate", "pos": "PROPN", "is_stop": false, "is_named": true}}}, "it": {"text": "snu abecassisi ,", "linguisticInfo": {"snu": {"lemma": "snu", "pos": "B", "is_stop": false, "is_named": false}, "abecassisi": {"lemma": "abecassisi", "pos": "S", "is_stop": false, "is_named": false}, ",": {"lemma": ",", "pos": "FF", "is_stop": false, "is_named": false}}}}, "obj": {"type": "Event", "pt": {"text": "participaram", "linguisticInfo": {"participaram": {"lemma": "participar", "pos": "VERB", "is_stop": false, "is_named": false}}}, "it": {"text": "partecipato", "linguisticInfo": {"partecipato": {"lemma": "partecipare", "pos": "V", "is_stop": false, "is_named": false}}}}}]}, "sentences_1": {"itText": "NULL questa mattina , i leader di ad , alcuni membri del governo e i familiari delle vittime hanno preso parte ad un pellegrinaggio al cimitero di prazeres , dove \u00e8 sepolto ant\u00f3nio patr\u00edcio gouveia , e successivamente hanno partecipato alla messa solenne alla basilica di estrela . durante la liturgia solenne , l \u2019 officiante , padre albino cleto , ha detto che \u00ab le persone , bench\u00e9 , morte fisicamente rimangono vive spiritualmente \u00bb .", "ptText": "ao princ\u00edpio da manh\u00e3 , os l\u00edderes da ad , membros do governo e familiares das v\u00edtimas participaram primeiro numa romagem ao cemit\u00e9rio dos prazeres , onde est\u00e1 sepultado ant\u00f3nio patr\u00edcio gouveia , e depois numa missa solene na bas\u00edlica da estrela . na liturgia solene , o celebrante , pe . albino cleto , disse que \u00ab as pessoas est\u00e3o mortas fisicamente mas continuam vivas espiritualmente \u00bb . \n", "relations": [{"id": "R8", "subj": {"type": "Time", "pt": {"text": "ao princ\u00edpio da manh\u00e3", "linguisticInfo": {"ao": {"lemma": "ao", "pos": "ADP", "is_stop": true, "is_named": false}, "princ\u00edpio": {"lemma": "princ\u00edpio", "pos": "NOUN", "is_stop": false, "is_named": false}, "da": {"lemma": "da", "pos": "ADP", "is_stop": true, "is_named": false}, "manh\u00e3": {"lemma": "manh\u00e3", "pos": "NOUN", "is_stop": false, "is_named": false}}}, "it": {"text": "questa mattina prazeres , dove", "linguisticInfo": {"questa": {"lemma": "questo", "pos": "DD", "is_stop": true, "is_named": false}, "mattina": {"lemma": "mattina", "pos": "S", "is_stop": false, "is_named": false}, "prazeres": {"lemma": "prazeres", "pos": "S", "is_stop": false, "is_named": false}, ",": {"lemma": ",", "pos": "FF", "is_stop": false, "is_named": false}, "dove": {"lemma": "dove", "pos": "B", "is_stop": true, "is_named": false}}}}, "obj": {"type": "Event", "pt": {"text": "participaram primeiro numa romagem", "linguisticInfo": {"participaram": {"lemma": "participar", "pos": "VERB", "is_stop": false, "is_named": false}, "primeiro": {"lemma": "primeiro", "pos": "ADV", "is_stop": true, "is_named": false}, "numa": {"lemma": "numa", "pos": "ADP", "is_stop": true, "is_named": false}, "romagem": {"lemma": "romagem", "pos": "NOUN", "is_stop": false, "is_named": false}}}, "it": {"text": "patr\u00edcio gouveia ,", "linguisticInfo": {"patr\u00edcio": {"lemma": "patr\u00edcio", "pos": "S", "is_stop": false, "is_named": false}, "gouveia": {"lemma": "gouveia", "pos": "A", "is_stop": false, "is_named": false}, ",": {"lemma": ",", "pos": "FF", "is_stop": false, "is_named": false}}}}}, {"id": "R9", "subj": {"type": "Human_Agent", "pt": {"text": "os l\u00edderes da AD , membros do Governo e familiares das v\u00edtimas", "linguisticInfo": {"os": {"lemma": "o", "pos": "DET", "is_stop": true, "is_named": false}, "l\u00edderes": {"lemma": "l\u00edder", "pos": "NOUN", "is_stop": false, "is_named": false}, "da": {"lemma": "da", "pos": "ADP", "is_stop": true, "is_named": false}, "AD": {"lemma": "AD", "pos": "PROPN", "is_stop": false, "is_named": true}, ",": {"lemma": ",", "pos": "PUNCT", "is_stop": false, "is_named": false}, "membros": {"lemma": "membro", "pos": "NOUN", "is_stop": false, "is_named": false}, "do": {"lemma": "do", "pos": "ADP", "is_stop": true, "is_named": false}, "Governo": {"lemma": "Governo", "pos": "PROPN", "is_stop": false, "is_named": true}, "e": {"lemma": "e", "pos": "CCONJ", "is_stop": true, "is_named": false}, "familiares": {"lemma": "familiar", "pos": "NOUN", "is_stop": false, "is_named": false}, "das": {"lemma": "das", "pos": "ADP", "is_stop": true, "is_named": false}, "v\u00edtimas": {"lemma": "v\u00edtima", "pos": "NOUN", "is_stop": false, "is_named": false}}}, "it": {"text": "i leader di ad", "linguisticInfo": {"i": {"lemma": "il", "pos": "RD", "is_stop": false, "is_named": false}, "leader": {"lemma": "leader", "pos": "S", "is_stop": false, "is_named": false}, "di": {"lemma": "di", "pos": "E", "is_stop": true, "is_named": false}, "ad": {"lemma": "ad", "pos": "SP", "is_stop": true, "is_named": false}}}}, "obj": {"type": "Event", "pt": {"text": "participaram primeiro numa romagem", "linguisticInfo": {"participaram": {"lemma": "participar", "pos": "VERB", "is_stop": false, "is_named": false}, "primeiro": {"lemma": "primeiro", "pos": "ADV", "is_stop": true, "is_named": false}, "numa": {"lemma": "numa", "pos": "ADP", "is_stop": true, "is_named": false}, "romagem": {"lemma": "romagem", "pos": "NOUN", "is_stop": false, "is_named": false}}}, "it": {"text": "patr\u00edcio gouveia ,", "linguisticInfo": {"patr\u00edcio": {"lemma": "patr\u00edcio", "pos": "S", "is_stop": false, "is_named": false}, "gouveia": {"lemma": "gouveia", "pos": "A", "is_stop": false, "is_named": false}, ",": {"lemma": ",", "pos": "FF", "is_stop": false, "is_named": false}}}}}, {"id": "R10", "subj": {"type": "Geo_location", "pt": {"text": "ao cemit\u00e9rio dos Prazeres , onde est\u00e1 sepultado Ant\u00f3nio Patr\u00edcio Gouveia", "linguisticInfo": {"ao": {"lemma": "ao", "pos": "ADP", "is_stop": true, "is_named": false}, "cemit\u00e9rio": {"lemma": "cemit\u00e9rio", "pos": "NOUN", "is_stop": false, "is_named": false}, "dos": {"lemma": "dos", "pos": "ADP", "is_stop": true, "is_named": false}, "Prazeres": {"lemma": "Prazeres", "pos": "PROPN", "is_stop": false, "is_named": true}, ",": {"lemma": ",", "pos": "PUNCT", "is_stop": false, "is_named": false}, "onde": {"lemma": "onde", "pos": "PRON", "is_stop": true, "is_named": false}, "est\u00e1": {"lemma": "estar", "pos": "AUX", "is_stop": true, "is_named": false}, "sepultado": {"lemma": "sepultar", "pos": "NOUN", "is_stop": false, "is_named": false}, "Ant\u00f3nio": {"lemma": "Ant\u00f3nio", "pos": "PROPN", "is_stop": false, "is_named": true}, "Patr\u00edcio": {"lemma": "Patr\u00edcio", "pos": "PROPN", "is_stop": false, "is_named": true}, "Gouveia": {"lemma": "Gouveia", "pos": "PROPN", "is_stop": false, "is_named": true}}}, "it": {"text": "al cimitero di prazeres", "linguisticInfo": {"al": {"lemma": "al", "pos": "E_RD", "is_stop": true, "is_named": false}, "cimitero": {"lemma": "cimitero", "pos": "S", "is_stop": false, "is_named": false}, "di": {"lemma": "di", "pos": "E", "is_stop": true, "is_named": false}, "prazeres": {"lemma": "prazeres", "pos": "S", "is_stop": false, "is_named": false}}}}, "obj": {"type": "Event", "pt": {"text": "participaram primeiro numa romagem", "linguisticInfo": {"participaram": {"lemma": "participar", "pos": "VERB", "is_stop": false, "is_named": false}, "primeiro": {"lemma": "primeiro", "pos": "ADV", "is_stop": true, "is_named": false}, "numa": {"lemma": "numa", "pos": "ADP", "is_stop": true, "is_named": false}, "romagem": {"lemma": "romagem", "pos": "NOUN", "is_stop": false, "is_named": false}}}, "it": {"text": "patr\u00edcio gouveia ,", "linguisticInfo": {"patr\u00edcio": {"lemma": "patr\u00edcio", "pos": "S", "is_stop": false, "is_named": false}, "gouveia": {"lemma": "gouveia", "pos": "A", "is_stop": false, "is_named": false}, ",": {"lemma": ",", "pos": "FF", "is_stop": false, "is_named": false}}}}}, {"id": "R11", "subj": {"type": "Geo_location", "pt": {"text": "na Bas\u00edlica da Estrela", "linguisticInfo": {"na": {"lemma": "o", "pos": "ADP", "is_stop": true, "is_named": false}, "Bas\u00edlica": {"lemma": "Bas\u00edlica", "pos": "PROPN", "is_stop": false, "is_named": true}, "da": {"lemma": "da", "pos": "ADP", "is_stop": true, "is_named": false}, "Estrela": {"lemma": "Estrela", "pos": "PROPN", "is_stop": false, "is_named": true}}}, "it": {"text": "alla messa solenne basilica di estrela", "linguisticInfo": {"alla": {"lemma": "alla", "pos": "E_RD", "is_stop": true, "is_named": false}, "messa": {"lemma": "messa", "pos": "S", "is_stop": false, "is_named": false}, "solenne": {"lemma": "solenne", "pos": "A", "is_stop": false, "is_named": false}, "basilica": {"lemma": "basilica", "pos": "S", "is_stop": false, "is_named": false}, "di": {"lemma": "di", "pos": "E", "is_stop": true, "is_named": false}, "estrela": {"lemma": "estrela", "pos": "S", "is_stop": false, "is_named": false}}}}, "obj": {"type": "Event", "pt": {"text": "numa missa solene", "linguisticInfo": {"numa": {"lemma": "numa", "pos": "ADP", "is_stop": true, "is_named": false}, "missa": {"lemma": "missar", "pos": "NOUN", "is_stop": false, "is_named": false}, "solene": {"lemma": "solene", "pos": "ADJ", "is_stop": false, "is_named": false}}}, "it": {"text": "patr\u00edcio messa solenne", "linguisticInfo": {"patr\u00edcio": {"lemma": "patr\u00edcio", "pos": "S", "is_stop": false, "is_named": false}, "messa": {"lemma": "messa", "pos": "S", "is_stop": false, "is_named": false}, "solenne": {"lemma": "solenne", "pos": "A", "is_stop": false, "is_named": false}}}}}, {"id": "R12", "subj": {"type": "Human_Agent", "pt": {"text": "os l\u00edderes da AD , membros do Governo e familiares das v\u00edtimas", "linguisticInfo": {"os": {"lemma": "o", "pos": "DET", "is_stop": true, "is_named": false}, "l\u00edderes": {"lemma": "l\u00edder", "pos": "NOUN", "is_stop": false, "is_named": false}, "da": {"lemma": "da", "pos": "ADP", "is_stop": true, "is_named": false}, "AD": {"lemma": "AD", "pos": "PROPN", "is_stop": false, "is_named": true}, ",": {"lemma": ",", "pos": "PUNCT", "is_stop": false, "is_named": false}, "membros": {"lemma": "membro", "pos": "NOUN", "is_stop": false, "is_named": false}, "do": {"lemma": "do", "pos": "ADP", "is_stop": true, "is_named": false}, "Governo": {"lemma": "Governo", "pos": "PROPN", "is_stop": false, "is_named": true}, "e": {"lemma": "e", "pos": "CCONJ", "is_stop": true, "is_named": false}, "familiares": {"lemma": "familiar", "pos": "NOUN", "is_stop": false, "is_named": false}, "das": {"lemma": "das", "pos": "ADP", "is_stop": true, "is_named": false}, "v\u00edtimas": {"lemma": "v\u00edtima", "pos": "NOUN", "is_stop": false, "is_named": false}}}, "it": {"text": "i leader di ad", "linguisticInfo": {"i": {"lemma": "il", "pos": "RD", "is_stop": false, "is_named": false}, "leader": {"lemma": "leader", "pos": "S", "is_stop": false, "is_named": false}, "di": {"lemma": "di", "pos": "E", "is_stop": true, "is_named": false}, "ad": {"lemma": "ad", "pos": "SP", "is_stop": true, "is_named": false}}}}, "obj": {"type": "Event", "pt": {"text": "numa missa solene", "linguisticInfo": {"numa": {"lemma": "numa", "pos": "ADP", "is_stop": true, "is_named": false}, "missa": {"lemma": "missar", "pos": "NOUN", "is_stop": false, "is_named": false}, "solene": {"lemma": "solene", "pos": "ADJ", "is_stop": false, "is_named": false}}}, "it": {"text": "patr\u00edcio messa solenne", "linguisticInfo": {"patr\u00edcio": {"lemma": "patr\u00edcio", "pos": "S", "is_stop": false, "is_named": false}, "messa": {"lemma": "messa", "pos": "S", "is_stop": false, "is_named": false}, "solenne": {"lemma": "solenne", "pos": "A", "is_stop": false, "is_named": false}}}}}, {"id": "R7", "subj": {"type": "Time", "pt": {"text": "na liturgia solene", "linguisticInfo": {"na": {"lemma": "o", "pos": "ADP", "is_stop": true, "is_named": false}, "liturgia": {"lemma": "liturgia", "pos": "NOUN", "is_stop": false, "is_named": false}, "solene": {"lemma": "solene", "pos": "ADJ", "is_stop": false, "is_named": false}}}, "it": {"text": "liturgia solenne", "linguisticInfo": {"liturgia": {"lemma": "liturgia", "pos": "S", "is_stop": false, "is_named": false}, "solenne": {"lemma": "solenne", "pos": "A", "is_stop": false, "is_named": false}}}}, "obj": {"type": "Event", "pt": {"text": "disse", "linguisticInfo": {"disse": {"lemma": "dizer", "pos": "VERB", "is_stop": false, "is_named": false}}}, "it": {"text": "detto", "linguisticInfo": {"detto": {"lemma": "dire", "pos": "V", "is_stop": true, "is_named": false}}}}}]}, "sentences_2": {"itText": "NULL freitas do amaral , da parte sua , dopo aver partecipato al pellegrinaggio alla lapide di s\u00e1 carneiro , si \u00e8 poi recato a s. martinho das amoreiras , nella provincia di odemira , dove ha reso omaggio alla memoria di adelino amaro da costa , anche lui deceduto nella tragedia di camarate . la messa di suffragio \u00e8 stata celebrata nella chiesa della parrocchia ; tra i presenti c \u2019 erano teresa macedo , ribeiro e castro e anacoreta correia . anche i genitori di adelino amaro da costa , mannuel rafael e tita amaro da costa hanno preso", "ptText": "freitas do amaral , por seu turno , depois de ter participado na romagem \u00e0 campa de s\u00e1 carneiro , deslocou -se a s. martinho das amoreiras , no concelho de odemira , onde prestou homenagem \u00e0 mem\u00f3ria de adelino amaro da costa , igualmente falecido no desastre de camarate . foi celebrada missa de sufr\u00e1gio na igreja da par\u00f3quia , tendo estado presentes , entre outros , teresa macedo , ribeiro e castro e anacoreta correia . os pais de adelino amaro da costa , manuel rafael e tita amaro da costa , participaram igualmente nas cerim\u00f3nias . \n", "relations": [{"id": "R20", "subj": {"type": "Oth_location", "pt": {"text": "\u00e0 campa de S\u00e1 Carneiro", "linguisticInfo": {"\u00e0": {"lemma": "\u00e0", "pos": "ADP", "is_stop": true, "is_named": false}, "campa": {"lemma": "campar", "pos": "NOUN", "is_stop": false, "is_named": false}, "de": {"lemma": "de", "pos": "ADP", "is_stop": true, "is_named": false}, "S\u00e1": {"lemma": "S\u00e1", "pos": "PROPN", "is_stop": false, "is_named": true}, "Carneiro": {"lemma": "Carneiro", "pos": "PROPN", "is_stop": false, "is_named": true}}}, "it": {"text": "alla lapide di s\u00e1 carneiro", "linguisticInfo": {"alla": {"lemma": "alla", "pos": "E_RD", "is_stop": true, "is_named": false}, "lapide": {"lemma": "lapide", "pos": "S", "is_stop": false, "is_named": false}, "di": {"lemma": "di", "pos": "E", "is_stop": true, "is_named": false}, "s\u00e1": {"lemma": "s\u00e1", "pos": "SP", "is_stop": false, "is_named": false}, "carneiro": {"lemma": "carneiro", "pos": "SP", "is_stop": false, "is_named": false}}}}, "obj": {"type": "Event", "pt": {"text": "ter participado na romagem", "linguisticInfo": {"ter": {"lemma": "ter", "pos": "AUX", "is_stop": true, "is_named": false}, "participado": {"lemma": "participar", "pos": "VERB", "is_stop": false, "is_named": false}, "na": {"lemma": "o", "pos": "ADP", "is_stop": true, "is_named": false}, "romagem": {"lemma": "romagem", "pos": "NOUN", "is_stop": false, "is_named": false}}}, "it": {"text": "aver partecipato al pellegrinaggio", "linguisticInfo": {"aver": {"lemma": "avere", "pos": "VA", "is_stop": true, "is_named": false}, "partecipato": {"lemma": "partecipare", "pos": "V", "is_stop": false, "is_named": false}, "al": {"lemma": "al", "pos": "E_RD", "is_stop": true, "is_named": false}, "pellegrinaggio": {"lemma": "pellegrinaggio", "pos": "S", "is_stop": false, "is_named": false}}}}}, {"id": "R22", "subj": {"type": "Non-human_Patient", "pt": {"text": "\u00e0 mem\u00f3ria de Adelino Amaro da Costa , igualmente falecido no desastre de Camarate", "linguisticInfo": {"\u00e0": {"lemma": "\u00e0", "pos": "ADP", "is_stop": true, "is_named": false}, "mem\u00f3ria": {"lemma": "mem\u00f3ria", "pos": "NOUN", "is_stop": false, "is_named": false}, "de": {"lemma": "de", "pos": "ADP", "is_stop": true, "is_named": false}, "Adelino": {"lemma": "Adelino", "pos": "PROPN", "is_stop": false, "is_named": true}, "Amaro": {"lemma": "Amaro", "pos": "PROPN", "is_stop": false, "is_named": true}, "da": {"lemma": "da", "pos": "ADP", "is_stop": true, "is_named": false}, "Costa": {"lemma": "Costa", "pos": "PROPN", "is_stop": false, "is_named": true}, ",": {"lemma": ",", "pos": "PUNCT", "is_stop": false, "is_named": false}, "igualmente": {"lemma": "igualmente", "pos": "ADV", "is_stop": false, "is_named": false}, "falecido": {"lemma": "falecer", "pos": "VERB", "is_stop": false, "is_named": false}, "no": {"lemma": "o", "pos": "ADP", "is_stop": true, "is_named": false}, "desastre": {"lemma": "desastre", "pos": "NOUN", "is_stop": false, "is_named": false}, "Camarate": {"lemma": "Camarate", "pos": "PROPN", "is_stop": false, "is_named": true}}}, "it": {"text": "alla lapide di memoria di adelino amaro da costa", "linguisticInfo": {"alla": {"lemma": "alla", "pos": "E_RD", "is_stop": true, "is_named": false}, "lapide": {"lemma": "lapide", "pos": "S", "is_stop": false, "is_named": false}, "di": {"lemma": "di", "pos": "E", "is_stop": true, "is_named": false}, "memoria": {"lemma": "memoria", "pos": "S", "is_stop": false, "is_named": false}, "adelino": {"lemma": "adelino", "pos": "S", "is_stop": false, "is_named": false}, "amaro": {"lemma": "amaro", "pos": "A", "is_stop": false, "is_named": false}, "da": {"lemma": "da", "pos": "E", "is_stop": true, "is_named": false}, "costa": {"lemma": "costa", "pos": "S", "is_stop": false, "is_named": false}}}}, "obj": {"type": "Event", "pt": {"text": "prestou homenagem", "linguisticInfo": {"prestou": {"lemma": "prestar", "pos": "VERB", "is_stop": false, "is_named": false}, "homenagem": {"lemma": "homenagem", "pos": "NOUN", "is_stop": false, "is_named": false}}}, "it": {"text": "reso omaggio", "linguisticInfo": {"reso": {"lemma": "rendere", "pos": "V", "is_stop": false, "is_named": false}, "omaggio": {"lemma": "omaggio", "pos": "SP", "is_stop": false, "is_named": false}}}}}, {"id": "R23", "subj": {"type": "Oth_location", "pt": {"text": "onde", "linguisticInfo": {"onde": {"lemma": "onde", "pos": "PRON", "is_stop": true, "is_named": false}}}, "it": {"text": "dove", "linguisticInfo": {"dove": {"lemma": "dove", "pos": "B", "is_stop": true, "is_named": false}}}}, "obj": {"type": "Event", "pt": {"text": "prestou homenagem", "linguisticInfo": {"prestou": {"lemma": "prestar", "pos": "VERB", "is_stop": false, "is_named": false}, "homenagem": {"lemma": "homenagem", "pos": "NOUN", "is_stop": false, "is_named": false}}}, "it": {"text": "reso omaggio", "linguisticInfo": {"reso": {"lemma": "rendere", "pos": "V", "is_stop": false, "is_named": false}, "omaggio": {"lemma": "omaggio", "pos": "SP", "is_stop": false, "is_named": false}}}}}, {"id": "R24", "subj": {"type": "Oth_location", "pt": {"text": "no desastre de Camarate", "linguisticInfo": {"no": {"lemma": "o", "pos": "ADP", "is_stop": true, "is_named": false}, "desastre": {"lemma": "desastre", "pos": "NOUN", "is_stop": false, "is_named": false}, "de": {"lemma": "de", "pos": "ADP", "is_stop": true, "is_named": false}, "Camarate": {"lemma": "Camarate", "pos": "PROPN", "is_stop": false, "is_named": true}}}, "it": {"text": "nella tragedia di camarate", "linguisticInfo": {"nella": {"lemma": "nella", "pos": "E_RD", "is_stop": true, "is_named": false}, "tragedia": {"lemma": "tragedia", "pos": "S", "is_stop": false, "is_named": false}, "di": {"lemma": "di", "pos": "E", "is_stop": true, "is_named": false}, "camarate": {"lemma": "camarate", "pos": "S", "is_stop": false, "is_named": false}}}}, "obj": {"type": "Event", "pt": {"text": "falecido", "linguisticInfo": {"falecido": {"lemma": "falecer", "pos": "VERB", "is_stop": false, "is_named": false}}}, "it": {"text": "deceduto", "linguisticInfo": {"deceduto": {"lemma": "decedere", "pos": "V", "is_stop": false, "is_named": false}}}}}, {"id": "R25", "subj": {"type": "Geo_location", "pt": {"text": "na igreja da par\u00f3quia", "linguisticInfo": {"na": {"lemma": "o", "pos": "ADP", "is_stop": true, "is_named": false}, "igreja": {"lemma": "igreja", "pos": "NOUN", "is_stop": false, "is_named": false}, "da": {"lemma": "da", "pos": "ADP", "is_stop": true, "is_named": false}, "par\u00f3quia": {"lemma": "par\u00f3quia", "pos": "NOUN", "is_stop": false, "is_named": false}}}, "it": {"text": "nella chiesa della parrocchia", "linguisticInfo": {"nella": {"lemma": "nella", "pos": "E_RD", "is_stop": true, "is_named": false}, "chiesa": {"lemma": "chiesa", "pos": "S", "is_stop": false, "is_named": false}, "della": {"lemma": "della", "pos": "E_RD", "is_stop": true, "is_named": false}, "parrocchia": {"lemma": "parrocchia", "pos": "S", "is_stop": false, "is_named": false}}}}, "obj": {"type": "Event", "pt": {"text": "Foi celebrada missa de sufr\u00e1gio", "linguisticInfo": {"Foi": {"lemma": "Foi", "pos": "AUX", "is_stop": true, "is_named": true}, "celebrada": {"lemma": "celebrar", "pos": "VERB", "is_stop": false, "is_named": false}, "missa": {"lemma": "missar", "pos": "PRON", "is_stop": false, "is_named": false}, "de": {"lemma": "de", "pos": "ADP", "is_stop": true, "is_named": false}, "sufr\u00e1gio": {"lemma": "sufr\u00e1gio", "pos": "NOUN", "is_stop": false, "is_named": false}}}, "it": {"text": "stata celebrata nella chiesa", "linguisticInfo": {"stata": {"lemma": "stare", "pos": "VA", "is_stop": true, "is_named": false}, "celebrata": {"lemma": "celebrare", "pos": "V", "is_stop": false, "is_named": false}, "nella": {"lemma": "nella", "pos": "E_RD", "is_stop": true, "is_named": false}, "chiesa": {"lemma": "chiesa", "pos": "S", "is_stop": false, "is_named": false}}}}}]}, "sentences_3": {"itText": "NULL i dirigenti del partito socialdemocratico ( psd ) , helena roseta e ant\u00f3nio capucho , hanno anch \u2019 essi reso omaggio alla memoria di s\u00e1 carneiro durante una commemorazione a tires , nei pressi di cascais , come approfondito a pagina 3 .", "ptText": "os dirigentes do psd , helena roseta e ant\u00f3nio capucho , homenagearam tamb\u00e9m , na sexta-feira , a mem\u00f3ria de s\u00e1 carneiro , durante uma sess\u00e3o que decorreu em tires , nos arredores de cascais , como referimos na p\u00e1gina 3 . \n", "relations": [{"id": "R27", "subj": {"type": "Human_Agent", "pt": {"text": "Os dirigentes do PSD , Helena Roseta e Ant\u00f3nio Capucho", "linguisticInfo": {"Os": {"lemma": "Os", "pos": "DET", "is_stop": true, "is_named": true}, "dirigentes": {"lemma": "dirigente", "pos": "NOUN", "is_stop": false, "is_named": false}, "do": {"lemma": "do", "pos": "ADP", "is_stop": true, "is_named": false}, "PSD": {"lemma": "PSD", "pos": "PROPN", "is_stop": false, "is_named": true}, ",": {"lemma": ",", "pos": "PUNCT", "is_stop": false, "is_named": false}, "Helena": {"lemma": "Helena", "pos": "PROPN", "is_stop": false, "is_named": true}, "Roseta": {"lemma": "Roseta", "pos": "PROPN", "is_stop": false, "is_named": true}, "e": {"lemma": "e", "pos": "CCONJ", "is_stop": true, "is_named": false}, "Ant\u00f3nio": {"lemma": "Ant\u00f3nio", "pos": "PROPN", "is_stop": false, "is_named": true}, "Capucho": {"lemma": "Capucho", "pos": "PROPN", "is_stop": false, "is_named": true}}}, "it": {"text": "i dirigenti del socialdemocratico , helena roseta e ant\u00f3nio capucho", "linguisticInfo": {"i": {"lemma": "il", "pos": "RD", "is_stop": false, "is_named": false}, "dirigenti": {"lemma": "dirigente", "pos": "S", "is_stop": false, "is_named": false}, "del": {"lemma": "del", "pos": "E_RD", "is_stop": true, "is_named": false}, "socialdemocratico": {"lemma": "socialdemocratico", "pos": "S", "is_stop": false, "is_named": false}, ",": {"lemma": ",", "pos": "FF", "is_stop": false, "is_named": false}, "helena": {"lemma": "helena", "pos": "S", "is_stop": false, "is_named": false}, "roseta": {"lemma": "roseta", "pos": "A", "is_stop": false, "is_named": false}, "e": {"lemma": "e", "pos": "CC", "is_stop": false, "is_named": false}, "ant\u00f3nio": {"lemma": "ant\u00f3nio", "pos": "S", "is_stop": false, "is_named": false}, "capucho": {"lemma": "capucho", "pos": "A", "is_stop": false, "is_named": false}}}}, "obj": {"type": "Event", "pt": {"text": "homenagearam", "linguisticInfo": {"homenagearam": {"lemma": "homenagear", "pos": "VERB", "is_stop": false, "is_named": false}}}, "it": {"text": "essi", "linguisticInfo": {"essi": {"lemma": "essi", "pos": "PE", "is_stop": true, "is_named": false}}}}}, {"id": "R28", "subj": {"type": "Time", "pt": {"text": "na sexta-feira", "linguisticInfo": {"na": {"lemma": "o", "pos": "ADP", "is_stop": true, "is_named": false}, "sexta-feira": {"lemma": "sexta-feira", "pos": "NOUN", "is_stop": false, "is_named": false}}}, "it": {"text": "3 .", "linguisticInfo": {"3": {"lemma": "3", "pos": "N", "is_stop": false, "is_named": false}, ".": {"lemma": ".", "pos": "FS", "is_stop": false, "is_named": false}}}}, "obj": {"type": "Event", "pt": {"text": "homenagearam", "linguisticInfo": {"homenagearam": {"lemma": "homenagear", "pos": "VERB", "is_stop": false, "is_named": false}}}, "it": {"text": "essi", "linguisticInfo": {"essi": {"lemma": "essi", "pos": "PE", "is_stop": true, "is_named": false}}}}}, {"id": "R29", "subj": {"type": "Non-human_Oth_participant", "pt": {"text": "a mem\u00f3ria de S\u00e1 Carneiro", "linguisticInfo": {"a": {"lemma": "o", "pos": "DET", "is_stop": true, "is_named": false}, "mem\u00f3ria": {"lemma": "mem\u00f3ria", "pos": "NOUN", "is_stop": false, "is_named": false}, "de": {"lemma": "de", "pos": "ADP", "is_stop": true, "is_named": false}, "S\u00e1": {"lemma": "S\u00e1", "pos": "PROPN", "is_stop": false, "is_named": true}, "Carneiro": {"lemma": "Carneiro", "pos": "PROPN", "is_stop": false, "is_named": true}}}, "it": {"text": "memoria di s\u00e1 carneiro", "linguisticInfo": {"memoria": {"lemma": "memoria", "pos": "S", "is_stop": false, "is_named": false}, "di": {"lemma": "di", "pos": "E", "is_stop": true, "is_named": false}, "s\u00e1": {"lemma": "s\u00e1", "pos": "SP", "is_stop": false, "is_named": false}, "carneiro": {"lemma": "carneiro", "pos": "SP", "is_stop": false, "is_named": false}}}}, "obj": {"type": "Event", "pt": {"text": "homenagearam", "linguisticInfo": {"homenagearam": {"lemma": "homenagear", "pos": "VERB", "is_stop": false, "is_named": false}}}, "it": {"text": "essi", "linguisticInfo": {"essi": {"lemma": "essi", "pos": "PE", "is_stop": true, "is_named": false}}}}}, {"id": "R30", "subj": {"type": "Time", "pt": {"text": "durante uma sess\u00e3o que decorreu em Tires", "linguisticInfo": {"durante": {"lemma": "durante", "pos": "ADP", "is_stop": false, "is_named": false}, "uma": {"lemma": "umar", "pos": "DET", "is_stop": true, "is_named": false}, "sess\u00e3o": {"lemma": "sess\u00e3o", "pos": "NOUN", "is_stop": false, "is_named": false}, "que": {"lemma": "que", "pos": "PRON", "is_stop": true, "is_named": false}, "decorreu": {"lemma": "decorrer", "pos": "VERB", "is_stop": false, "is_named": false}, "em": {"lemma": "em", "pos": "ADP", "is_stop": true, "is_named": false}, "Tires": {"lemma": "Tires", "pos": "PROPN", "is_stop": false, "is_named": true}}}, "it": {"text": "durante una commemorazione a tires", "linguisticInfo": {"durante": {"lemma": "durante", "pos": "E", "is_stop": true, "is_named": false}, "una": {"lemma": "uno", "pos": "RI", "is_stop": true, "is_named": false}, "commemorazione": {"lemma": "commemorazione", "pos": "S", "is_stop": false, "is_named": false}, "a": {"lemma": "a", "pos": "E", "is_stop": true, "is_named": false}, "tires": {"lemma": "tires", "pos": "V_PC", "is_stop": false, "is_named": false}}}}, "obj": {"type": "Event", "pt": {"text": "homenagearam", "linguisticInfo": {"homenagearam": {"lemma": "homenagear", "pos": "VERB", "is_stop": false, "is_named": false}}}, "it": {"text": "essi", "linguisticInfo": {"essi": {"lemma": "essi", "pos": "PE", "is_stop": true, "is_named": false}}}}}, {"id": "R32", "subj": {"type": "Geo_location", "pt": {"text": "em Tires , nos arredores de Cascais", "linguisticInfo": {"em": {"lemma": "em", "pos": "ADP", "is_stop": true, "is_named": false}, "Tires": {"lemma": "Tires", "pos": "PROPN", "is_stop": false, "is_named": true}, ",": {"lemma": ",", "pos": "PUNCT", "is_stop": false, "is_named": false}, "nos": {"lemma": "o", "pos": "ADP", "is_stop": true, "is_named": false}, "arredores": {"lemma": "arredor", "pos": "NOUN", "is_stop": false, "is_named": false}, "de": {"lemma": "de", "pos": "ADP", "is_stop": true, "is_named": false}, "Cascais": {"lemma": "Cascais", "pos": "PROPN", "is_stop": false, "is_named": true}}}, "it": {"text": "a tires , nei pressi di cascais", "linguisticInfo": {"a": {"lemma": "a", "pos": "E", "is_stop": true, "is_named": false}, "tires": {"lemma": "tires", "pos": "SW", "is_stop": false, "is_named": false}, ",": {"lemma": ",", "pos": "FF", "is_stop": false, "is_named": false}, "nei": {"lemma": "nel", "pos": "E_RD", "is_stop": true, "is_named": false}, "pressi": {"lemma": "pressi", "pos": "S", "is_stop": false, "is_named": false}, "di": {"lemma": "di", "pos": "E", "is_stop": true, "is_named": false}, "cascais": {"lemma": "cascais", "pos": "S", "is_stop": false, "is_named": false}}}}, "obj": {"type": "Event", "pt": {"text": "uma sess\u00e3o que decorreu", "linguisticInfo": {"uma": {"lemma": "umar", "pos": "DET", "is_stop": true, "is_named": false}, "sess\u00e3o": {"lemma": "sess\u00e3o", "pos": "NOUN", "is_stop": false, "is_named": false}, "que": {"lemma": "que", "pos": "PRON", "is_stop": true, "is_named": false}, "decorreu": {"lemma": "decorrer", "pos": "VERB", "is_stop": false, "is_named": false}}}, "it": {"text": "una commemorazione a tires", "linguisticInfo": {"una": {"lemma": "uno", "pos": "RI", "is_stop": true, "is_named": false}, "commemorazione": {"lemma": "commemorazione", "pos": "S", "is_stop": false, "is_named": false}, "a": {"lemma": "a", "pos": "E", "is_stop": true, "is_named": false}, "tires": {"lemma": "tires", "pos": "V_PC", "is_stop": false, "is_named": false}}}}}, {"id": "R33", "subj": {"type": "Oth_location", "pt": {"text": "na p\u00e1gina 3", "linguisticInfo": {"na": {"lemma": "o", "pos": "ADP", "is_stop": true, "is_named": false}, "p\u00e1gina": {"lemma": "p\u00e1gina", "pos": "NOUN", "is_stop": false, "is_named": false}, "3": {"lemma": "3", "pos": "NUM", "is_stop": false, "is_named": false}}}, "it": {"text": "3 .", "linguisticInfo": {"3": {"lemma": "3", "pos": "N", "is_stop": false, "is_named": false}, ".": {"lemma": ".", "pos": "FS", "is_stop": false, "is_named": false}}}}, "obj": {"type": "Event", "pt": {"text": "referimos", "linguisticInfo": {"referimos": {"lemma": "referir", "pos": "VERB", "is_stop": false, "is_named": false}}}, "it": {"text": "3", "linguisticInfo": {"3": {"lemma": "3", "pos": "N", "is_stop": false, "is_named": false}}}}}]}, "sentences_4": {"itText": "NULL i dirigenti socialdemocratici hanno espresso i loro dubbi sulle cause della morte di s\u00e1 carneiro e ne hanno esaltato il suo carattere \u00ab tollerante , indulgente e lavoratore \u00bb .", "ptText": "os dirigentes sociais-democratas levantaram d\u00favidas sobre as causas da morte de s\u00e1 carneiro e exaltaram o seu car\u00e1cter \u00ab tolerante , compreensivo e trabalhador \u00bb . \n", "relations": [{"id": "R34", "subj": {"type": "Human_Agent", "pt": {"text": "Os dirigentes sociais-democratas", "linguisticInfo": {"Os": {"lemma": "Os", "pos": "DET", "is_stop": true, "is_named": true}, "dirigentes": {"lemma": "dirigente", "pos": "NOUN", "is_stop": false, "is_named": false}, "sociais-democratas": {"lemma": "sociais-democratas", "pos": "ADJ", "is_stop": false, "is_named": false}}}, "it": {"text": "i dirigenti socialdemocratici", "linguisticInfo": {"i": {"lemma": "il", "pos": "RD", "is_stop": false, "is_named": false}, "dirigenti": {"lemma": "dirigente", "pos": "S", "is_stop": false, "is_named": false}, "socialdemocratici": {"lemma": "socialdemocratico", "pos": "A", "is_stop": false, "is_named": false}}}}, "obj": {"type": "Event", "pt": {"text": "levantaram d\u00favidas", "linguisticInfo": {"levantaram": {"lemma": "levantar", "pos": "VERB", "is_stop": false, "is_named": false}, "d\u00favidas": {"lemma": "d\u00favida", "pos": "NOUN", "is_stop": false, "is_named": false}}}, "it": {"text": "espresso dubbi", "linguisticInfo": {"espresso": {"lemma": "espresso", "pos": "A", "is_stop": false, "is_named": false}, "dubbi": {"lemma": "dubbio", "pos": "S", "is_stop": false, "is_named": false}}}}}, {"id": "R35", "subj": {"type": "Non-human_Oth_participant", "pt": {"text": "sobre as causas da morte de S\u00e1 Carneiro", "linguisticInfo": {"sobre": {"lemma": "sobrar", "pos": "ADP", "is_stop": true, "is_named": false}, "as": {"lemma": "o", "pos": "DET", "is_stop": true, "is_named": false}, "causas": {"lemma": "causar", "pos": "NOUN", "is_stop": false, "is_named": false}, "da": {"lemma": "da", "pos": "ADP", "is_stop": true, "is_named": false}, "morte": {"lemma": "morte", "pos": "NOUN", "is_stop": false, "is_named": false}, "de": {"lemma": "de", "pos": "ADP", "is_stop": true, "is_named": false}, "S\u00e1": {"lemma": "S\u00e1", "pos": "PROPN", "is_stop": false, "is_named": true}, "Carneiro": {"lemma": "Carneiro", "pos": "PROPN", "is_stop": false, "is_named": true}}}, "it": {"text": "sulle cause della", "linguisticInfo": {"sulle": {"lemma": "sulla", "pos": "E_RD", "is_stop": true, "is_named": false}, "cause": {"lemma": "causa", "pos": "S", "is_stop": false, "is_named": false}, "della": {"lemma": "della", "pos": "E_RD", "is_stop": true, "is_named": false}}}}, "obj": {"type": "Event", "pt": {"text": "levantaram d\u00favidas", "linguisticInfo": {"levantaram": {"lemma": "levantar", "pos": "VERB", "is_stop": false, "is_named": false}, "d\u00favidas": {"lemma": "d\u00favida", "pos": "NOUN", "is_stop": false, "is_named": false}}}, "it": {"text": "espresso dubbi", "linguisticInfo": {"espresso": {"lemma": "espresso", "pos": "A", "is_stop": false, "is_named": false}, "dubbi": {"lemma": "dubbio", "pos": "S", "is_stop": false, "is_named": false}}}}}, {"id": "R37", "subj": {"type": "Human_Agent", "pt": {"text": "Os dirigentes sociais-democratas", "linguisticInfo": {"Os": {"lemma": "Os", "pos": "DET", "is_stop": true, "is_named": true}, "dirigentes": {"lemma": "dirigente", "pos": "NOUN", "is_stop": false, "is_named": false}, "sociais-democratas": {"lemma": "sociais-democratas", "pos": "ADJ", "is_stop": false, "is_named": false}}}, "it": {"text": "i dirigenti socialdemocratici", "linguisticInfo": {"i": {"lemma": "il", "pos": "RD", "is_stop": false, "is_named": false}, "dirigenti": {"lemma": "dirigente", "pos": "S", "is_stop": false, "is_named": false}, "socialdemocratici": {"lemma": "socialdemocratico", "pos": "A", "is_stop": false, "is_named": false}}}}, "obj": {"type": "Event", "pt": {"text": "exaltaram", "linguisticInfo": {"exaltaram": {"lemma": "exaltar", "pos": "VERB", "is_stop": false, "is_named": false}}}, "it": {"text": "esaltato", "linguisticInfo": {"esaltato": {"lemma": "esaltato", "pos": "A", "is_stop": false, "is_named": false}}}}}]}, "sentences_5": {"itText": "NULL intanto , il comitato di coordinamento di ad ha confermato , venerd\u00ec , \u00ab la sua volont\u00e0 inequivocabile di appurare , nel pi\u00f9 breve tempo possibile , le cause della tragedia del 4 dicembre 1980 \u00bb . il comunicato afferma ancora che \u00ab tutti , nessuno escluso , vogliamo venire a conoscenza della verit\u00e0 \u00bb .", "ptText": "entretanto , a comiss\u00e3o coordenadora da ad reafirmou na sexta-feira \u00ab a sua vontade inequ\u00edvoca de que , no mais curto espa\u00e7o de tempo poss\u00edvel , sejam apuradas as causas da trag\u00e9dia de 4 de dezembro de 1980 \u00bb . o comunicado refere que \u00ab a todos , sem excep\u00e7\u00e3o , interessa conhecer a verdade \u00bb . \n", "relations": [{"id": "R38", "subj": {"type": "Non-human_Oth_participant", "pt": {"text": "a sua vontade inequ\u00edvoca de que , no mais curto espa\u00e7o de tempo poss\u00edvel , sejam apuradas as causas da trag\u00e9dia de 4 de Dezembro de 1980", "linguisticInfo": {"a": {"lemma": "o", "pos": "DET", "is_stop": true, "is_named": false}, "sua": {"lemma": "suar", "pos": "DET", "is_stop": true, "is_named": false}, "vontade": {"lemma": "vontade", "pos": "NOUN", "is_stop": false, "is_named": false}, "inequ\u00edvoca": {"lemma": "inequ\u00edvoco", "pos": "ADJ", "is_stop": false, "is_named": false}, "de": {"lemma": "de", "pos": "ADP", "is_stop": true, "is_named": false}, "que": {"lemma": "que", "pos": "SCONJ", "is_stop": true, "is_named": false}, ",": {"lemma": ",", "pos": "PUNCT", "is_stop": false, "is_named": false}, "no": {"lemma": "o", "pos": "ADP", "is_stop": true, "is_named": false}, "mais": {"lemma": "mais", "pos": "ADV", "is_stop": true, "is_named": false}, "curto": {"lemma": "curtir", "pos": "ADJ", "is_stop": false, "is_named": false}, "espa\u00e7o": {"lemma": "espa\u00e7ar", "pos": "NOUN", "is_stop": false, "is_named": false}, "tempo": {"lemma": "tempo", "pos": "NOUN", "is_stop": true, "is_named": false}, "poss\u00edvel": {"lemma": "poss\u00edvel", "pos": "ADJ", "is_stop": true, "is_named": false}, "sejam": {"lemma": "ser", "pos": "AUX", "is_stop": false, "is_named": false}, "apuradas": {"lemma": "apurar", "pos": "VERB", "is_stop": false, "is_named": false}, "as": {"lemma": "o", "pos": "DET", "is_stop": true, "is_named": false}, "causas": {"lemma": "causar", "pos": "NOUN", "is_stop": false, "is_named": false}, "da": {"lemma": "da", "pos": "ADP", "is_stop": true, "is_named": false}, "trag\u00e9dia": {"lemma": "trag\u00e9dia", "pos": "NOUN", "is_stop": false, "is_named": false}, "4": {"lemma": "4", "pos": "NUM", "is_stop": false, "is_named": false}, "Dezembro": {"lemma": "Dezembro", "pos": "NOUN", "is_stop": false, "is_named": true}, "1980": {"lemma": "1980", "pos": "NUM", "is_stop": false, "is_named": false}}}, "it": {"text": "la sua volont\u00e0 inequivocabile di appurare , nel pi\u00f9 breve tempo possibile ,", "linguisticInfo": {"la": {"lemma": "il", "pos": "RD", "is_stop": true, "is_named": false}, "sua": {"lemma": "suo", "pos": "AP", "is_stop": true, "is_named": false}, "volont\u00e0": {"lemma": "volont\u00e0", "pos": "S", "is_stop": false, "is_named": false}, "inequivocabile": {"lemma": "inequivocabile", "pos": "A", "is_stop": false, "is_named": false}, "di": {"lemma": "di", "pos": "E", "is_stop": true, "is_named": false}, "appurare": {"lemma": "appurare", "pos": "V", "is_stop": false, "is_named": false}, ",": {"lemma": ",", "pos": "FF", "is_stop": false, "is_named": false}, "nel": {"lemma": "nel", "pos": "E_RD", "is_stop": true, "is_named": false}, "pi\u00f9": {"lemma": "molto", "pos": "B", "is_stop": true, "is_named": false}, "breve": {"lemma": "breve", "pos": "A", "is_stop": false, "is_named": false}, "tempo": {"lemma": "tempo", "pos": "S", "is_stop": true, "is_named": false}, "possibile": {"lemma": "possibile", "pos": "A", "is_stop": false, "is_named": false}}}}, "obj": {"type": "Event", "pt": {"text": "reafirmou", "linguisticInfo": {"reafirmou": {"lemma": "reafirmar", "pos": "VERB", "is_stop": false, "is_named": false}}}, "it": {"text": "1980", "linguisticInfo": {"1980": {"lemma": "1980", "pos": "N", "is_stop": false, "is_named": false}}}}}, {"id": "R39", "subj": {"type": "Time", "pt": {"text": "na sexta-feira", "linguisticInfo": {"na": {"lemma": "o", "pos": "ADP", "is_stop": true, "is_named": false}, "sexta-feira": {"lemma": "sexta-feira", "pos": "NOUN", "is_stop": false, "is_named": false}}}, "it": {"text": "1980 \u00bb .", "linguisticInfo": {"1980": {"lemma": "1980", "pos": "N", "is_stop": false, "is_named": false}, "\u00bb": {"lemma": "\u00bb", "pos": "FB", "is_stop": false, "is_named": false}, ".": {"lemma": ".", "pos": "FS", "is_stop": false, "is_named": false}}}}, "obj": {"type": "Event", "pt": {"text": "reafirmou", "linguisticInfo": {"reafirmou": {"lemma": "reafirmar", "pos": "VERB", "is_stop": false, "is_named": false}}}, "it": {"text": "1980", "linguisticInfo": {"1980": {"lemma": "1980", "pos": "N", "is_stop": false, "is_named": false}}}}}, {"id": "R40", "subj": {"type": "Human_Agent", "pt": {"text": "a comiss\u00e3o coordenadora da AD", "linguisticInfo": {"a": {"lemma": "o", "pos": "DET", "is_stop": true, "is_named": false}, "comiss\u00e3o": {"lemma": "comiss\u00e3o", "pos": "NOUN", "is_stop": false, "is_named": false}, "coordenadora": {"lemma": "coordenador", "pos": "ADJ", "is_stop": false, "is_named": false}, "da": {"lemma": "da", "pos": "ADP", "is_stop": true, "is_named": false}, "AD": {"lemma": "AD", "pos": "PROPN", "is_stop": false, "is_named": true}}}, "it": {"text": "intanto , comitato di coordinamento di ad", "linguisticInfo": {"intanto": {"lemma": "intanto", "pos": "B", "is_stop": true, "is_named": false}, ",": {"lemma": ",", "pos": "FF", "is_stop": false, "is_named": false}, "comitato": {"lemma": "comitato", "pos": "S", "is_stop": false, "is_named": false}, "di": {"lemma": "di", "pos": "E", "is_stop": true, "is_named": false}, "coordinamento": {"lemma": "coordinamento", "pos": "S", "is_stop": false, "is_named": false}, "ad": {"lemma": "ad", "pos": "S", "is_stop": true, "is_named": false}}}}, "obj": {"type": "Event", "pt": {"text": "reafirmou", "linguisticInfo": {"reafirmou": {"lemma": "reafirmar", "pos": "VERB", "is_stop": false, "is_named": false}}}, "it": {"text": "1980", "linguisticInfo": {"1980": {"lemma": "1980", "pos": "N", "is_stop": false, "is_named": false}}}}}, {"id": "R42", "subj": {"type": "Non-human_Agent", "pt": {"text": "O comunicado", "linguisticInfo": {"O": {"lemma": "O", "pos": "DET", "is_stop": true, "is_named": true}, "comunicado": {"lemma": "comunicar", "pos": "NOUN", "is_stop": false, "is_named": false}}}, "it": {"text": "il comunicato", "linguisticInfo": {"il": {"lemma": "il", "pos": "RD", "is_stop": true, "is_named": false}, "comunicato": {"lemma": "comunicato", "pos": "S", "is_stop": false, "is_named": false}}}}, "obj": {"type": "Event", "pt": {"text": "refere", "linguisticInfo": {"refere": {"lemma": "referir", "pos": "VERB", "is_stop": false, "is_named": false}}}, "it": {"text": "afferma", "linguisticInfo": {"afferma": {"lemma": "affermare", "pos": "V", "is_stop": false, "is_named": false}}}}}, {"id": "R15", "subj": {"type": "Non-human_Patient", "pt": {"text": "as causas da trag\u00e9dia de 4 de Dezembro de 1980", "linguisticInfo": {"as": {"lemma": "o", "pos": "DET", "is_stop": true, "is_named": false}, "causas": {"lemma": "causar", "pos": "NOUN", "is_stop": false, "is_named": false}, "da": {"lemma": "da", "pos": "ADP", "is_stop": true, "is_named": false}, "trag\u00e9dia": {"lemma": "trag\u00e9dia", "pos": "NOUN", "is_stop": false, "is_named": false}, "de": {"lemma": "de", "pos": "ADP", "is_stop": true, "is_named": false}, "4": {"lemma": "4", "pos": "NUM", "is_stop": false, "is_named": false}, "Dezembro": {"lemma": "Dezembro", "pos": "NOUN", "is_stop": false, "is_named": true}, "1980": {"lemma": "1980", "pos": "NUM", "is_stop": false, "is_named": false}}}, "it": {"text": "le cause della tragedia del 4", "linguisticInfo": {"le": {"lemma": "il", "pos": "RD", "is_stop": true, "is_named": false}, "cause": {"lemma": "causa", "pos": "S", "is_stop": false, "is_named": false}, "della": {"lemma": "della", "pos": "E_RD", "is_stop": true, "is_named": false}, "tragedia": {"lemma": "tragedia", "pos": "S", "is_stop": false, "is_named": false}, "del": {"lemma": "del", "pos": "E_RD", "is_stop": true, "is_named": false}, "4": {"lemma": "4", "pos": "N", "is_stop": false, "is_named": false}}}}, "obj": {"type": "Event", "pt": {"text": "sejam apuradas", "linguisticInfo": {"sejam": {"lemma": "ser", "pos": "AUX", "is_stop": false, "is_named": false}, "apuradas": {"lemma": "apurar", "pos": "VERB", "is_stop": false, "is_named": false}}}, "it": {"text": "4 dicembre 1980", "linguisticInfo": {"4": {"lemma": "4", "pos": "N", "is_stop": false, "is_named": false}, "dicembre": {"lemma": "dicembre", "pos": "S", "is_stop": false, "is_named": false}, "1980": {"lemma": "1980", "pos": "N", "is_stop": false, "is_named": false}}}}}, {"id": "R21", "subj": {"type": "Time", "pt": {"text": "no mais curto espa\u00e7o de tempo poss\u00edvel", "linguisticInfo": {"no": {"lemma": "o", "pos": "ADP", "is_stop": true, "is_named": false}, "mais": {"lemma": "mais", "pos": "ADV", "is_stop": true, "is_named": false}, "curto": {"lemma": "curtir", "pos": "ADJ", "is_stop": false, "is_named": false}, "espa\u00e7o": {"lemma": "espa\u00e7ar", "pos": "NOUN", "is_stop": false, "is_named": false}, "de": {"lemma": "de", "pos": "ADP", "is_stop": true, "is_named": false}, "tempo": {"lemma": "tempo", "pos": "NOUN", "is_stop": true, "is_named": false}, "poss\u00edvel": {"lemma": "poss\u00edvel", "pos": "ADJ", "is_stop": true, "is_named": false}}}, "it": {"text": "nel pi\u00f9 breve tempo possibile ,", "linguisticInfo": {"nel": {"lemma": "nel", "pos": "E_RD", "is_stop": true, "is_named": false}, "pi\u00f9": {"lemma": "molto", "pos": "B", "is_stop": true, "is_named": false}, "breve": {"lemma": "breve", "pos": "A", "is_stop": false, "is_named": false}, "tempo": {"lemma": "tempo", "pos": "S", "is_stop": true, "is_named": false}, "possibile": {"lemma": "possibile", "pos": "A", "is_stop": false, "is_named": false}, ",": {"lemma": ",", "pos": "FF", "is_stop": false, "is_named": false}}}}, "obj": {"type": "Event", "pt": {"text": "sejam apuradas", "linguisticInfo": {"sejam": {"lemma": "ser", "pos": "AUX", "is_stop": false, "is_named": false}, "apuradas": {"lemma": "apurar", "pos": "VERB", "is_stop": false, "is_named": false}}}, "it": {"text": "4 dicembre 1980", "linguisticInfo": {"4": {"lemma": "4", "pos": "N", "is_stop": false, "is_named": false}, "dicembre": {"lemma": "dicembre", "pos": "S", "is_stop": false, "is_named": false}, "1980": {"lemma": "1980", "pos": "N", "is_stop": false, "is_named": false}}}}}]}}