{"sentences_0": {"itText": "NULL i circuiti finanziari internazionali affermano che il sistema bancario svizzero si sta preparando ad una lunga lotta contro i nuovi tentativi da parte dei politici di introdursi nel segreto bancario elvetico .", "ptText": "c\u00edrculos financeiros internacionais afirmam que o sistema banc\u00e1rio su\u00ed\u00e7o se prepara para uma longa luta contra novas investidas de pol\u00edticos para penetrarem no segredo banc\u00e1rio helv\u00e9tico . \n", "relations": [{"id": "R1", "subj": {"type": "Human_Agent", "pt": {"text": "C\u00edrculos financeiros internacionais", "linguisticInfo": {"C\u00edrculos": {"lemma": "C\u00edrculos", "pos": "NOUN", "is_stop": false, "is_named": true}, "financeiros": {"lemma": "financeiro", "pos": "ADJ", "is_stop": false, "is_named": false}, "internacionais": {"lemma": "internacional", "pos": "ADJ", "is_stop": false, "is_named": false}}}, "it": {"text": "circuiti finanziari internazionali", "linguisticInfo": {"circuiti": {"lemma": "circuito", "pos": "S", "is_stop": false, "is_named": false}, "finanziari": {"lemma": "finanziario", "pos": "A", "is_stop": false, "is_named": false}, "internazionali": {"lemma": "internazionale", "pos": "A", "is_stop": false, "is_named": false}}}}, "obj": {"type": "Event", "pt": {"text": "afirmam", "linguisticInfo": {"afirmam": {"lemma": "afirmar", "pos": "VERB", "is_stop": false, "is_named": false}}}, "it": {"text": "affermano", "linguisticInfo": {"affermano": {"lemma": "affermare", "pos": "V", "is_stop": false, "is_named": false}}}}}, {"id": "R2", "subj": {"type": "Non-human_Oth_participant", "pt": {"text": "que o sistema banc\u00e1rio su\u00ed\u00e7o se prepara para uma longa luta contra novas investidas de pol\u00edticos para penetrarem no segredo banc\u00e1rio helv\u00e9tico", "linguisticInfo": {"que": {"lemma": "que", "pos": "SCONJ", "is_stop": true, "is_named": false}, "o": {"lemma": "o", "pos": "DET", "is_stop": true, "is_named": false}, "sistema": {"lemma": "sistema", "pos": "NOUN", "is_stop": true, "is_named": false}, "banc\u00e1rio": {"lemma": "banc\u00e1rio", "pos": "ADJ", "is_stop": false, "is_named": false}, "su\u00ed\u00e7o": {"lemma": "su\u00ed\u00e7o", "pos": "ADJ", "is_stop": false, "is_named": false}, "se": {"lemma": "se", "pos": "PRON", "is_stop": true, "is_named": false}, "prepara": {"lemma": "preparar", "pos": "VERB", "is_stop": false, "is_named": false}, "para": {"lemma": "parir", "pos": "SCONJ", "is_stop": true, "is_named": false}, "uma": {"lemma": "umar", "pos": "DET", "is_stop": true, "is_named": false}, "longa": {"lemma": "longo", "pos": "ADJ", "is_stop": false, "is_named": false}, "luta": {"lemma": "lutar", "pos": "NOUN", "is_stop": false, "is_named": false}, "contra": {"lemma": "contra", "pos": "ADP", "is_stop": true, "is_named": false}, "novas": {"lemma": "novo", "pos": "ADJ", "is_stop": true, "is_named": false}, "investidas": {"lemma": "investir", "pos": "NOUN", "is_stop": false, "is_named": false}, "de": {"lemma": "de", "pos": "ADP", "is_stop": true, "is_named": false}, "pol\u00edticos": {"lemma": "pol\u00edtico", "pos": "NOUN", "is_stop": false, "is_named": false}, "penetrarem": {"lemma": "penetrar", "pos": "VERB", "is_stop": false, "is_named": false}, "no": {"lemma": "o", "pos": "ADP", "is_stop": true, "is_named": false}, "segredo": {"lemma": "segredar", "pos": "NOUN", "is_stop": false, "is_named": false}, "helv\u00e9tico": {"lemma": "helv\u00e9tico", "pos": "ADJ", "is_stop": false, "is_named": false}}}, "it": {"text": "che il sistema bancario svizzero si sta preparando ad una lunga lotta contro i nuovi introdursi nel segreto", "linguisticInfo": {"che": {"lemma": "che", "pos": "CS", "is_stop": true, "is_named": false}, "il": {"lemma": "il", "pos": "RD", "is_stop": true, "is_named": false}, "sistema": {"lemma": "sistema", "pos": "S", "is_stop": false, "is_named": false}, "bancario": {"lemma": "bancario", "pos": "A", "is_stop": false, "is_named": false}, "svizzero": {"lemma": "svizzero", "pos": "A", "is_stop": false, "is_named": false}, "si": {"lemma": "si", "pos": "PC", "is_stop": true, "is_named": false}, "sta": {"lemma": "stare", "pos": "VA", "is_stop": true, "is_named": false}, "preparando": {"lemma": "preparare", "pos": "V", "is_stop": false, "is_named": false}, "ad": {"lemma": "ad", "pos": "E", "is_stop": true, "is_named": false}, "una": {"lemma": "uno", "pos": "RI", "is_stop": true, "is_named": false}, "lunga": {"lemma": "lungo", "pos": "A", "is_stop": false, "is_named": false}, "lotta": {"lemma": "lotta", "pos": "S", "is_stop": false, "is_named": false}, "contro": {"lemma": "contro", "pos": "E", "is_stop": true, "is_named": false}, "i": {"lemma": "il", "pos": "RD", "is_stop": false, "is_named": false}, "nuovi": {"lemma": "nuovo", "pos": "A", "is_stop": false, "is_named": false}, "introdursi": {"lemma": "introdursi", "pos": "V_PC", "is_stop": false, "is_named": false}, "nel": {"lemma": "nel", "pos": "E_RD", "is_stop": true, "is_named": false}, "segreto": {"lemma": "segreto", "pos": "S", "is_stop": false, "is_named": false}}}}, "obj": {"type": "Event", "pt": {"text": "afirmam", "linguisticInfo": {"afirmam": {"lemma": "afirmar", "pos": "VERB", "is_stop": false, "is_named": false}}}, "it": {"text": "affermano", "linguisticInfo": {"affermano": {"lemma": "affermare", "pos": "V", "is_stop": false, "is_named": false}}}}}, {"id": "R43", "subj": {"type": "Non-human_Patient", "pt": {"text": "contra novas investidas de pol\u00edticos para penetrarem no segredo banc\u00e1rio helv\u00e9tico", "linguisticInfo": {"contra": {"lemma": "contra", "pos": "ADP", "is_stop": true, "is_named": false}, "novas": {"lemma": "novo", "pos": "ADJ", "is_stop": true, "is_named": false}, "investidas": {"lemma": "investir", "pos": "NOUN", "is_stop": false, "is_named": false}, "de": {"lemma": "de", "pos": "ADP", "is_stop": true, "is_named": false}, "pol\u00edticos": {"lemma": "pol\u00edtico", "pos": "NOUN", "is_stop": false, "is_named": false}, "para": {"lemma": "parir", "pos": "SCONJ", "is_stop": true, "is_named": false}, "penetrarem": {"lemma": "penetrar", "pos": "VERB", "is_stop": false, "is_named": false}, "no": {"lemma": "o", "pos": "ADP", "is_stop": true, "is_named": false}, "segredo": {"lemma": "segredar", "pos": "NOUN", "is_stop": false, "is_named": false}, "banc\u00e1rio": {"lemma": "banc\u00e1rio", "pos": "ADJ", "is_stop": false, "is_named": false}, "helv\u00e9tico": {"lemma": "helv\u00e9tico", "pos": "ADJ", "is_stop": false, "is_named": false}}}, "it": {"text": "contro i nuovi introdursi nel segreto", "linguisticInfo": {"contro": {"lemma": "contro", "pos": "E", "is_stop": true, "is_named": false}, "i": {"lemma": "il", "pos": "RD", "is_stop": false, "is_named": false}, "nuovi": {"lemma": "nuovo", "pos": "A", "is_stop": false, "is_named": false}, "introdursi": {"lemma": "introdursi", "pos": "V_PC", "is_stop": false, "is_named": false}, "nel": {"lemma": "nel", "pos": "E_RD", "is_stop": true, "is_named": false}, "segreto": {"lemma": "segreto", "pos": "S", "is_stop": false, "is_named": false}}}}, "obj": {"type": "Event", "pt": {"text": "luta", "linguisticInfo": {"luta": {"lemma": "lutar", "pos": "NOUN", "is_stop": false, "is_named": false}}}, "it": {"text": "lotta", "linguisticInfo": {"lotta": {"lemma": "lotta", "pos": "S", "is_stop": false, "is_named": false}}}}}, {"id": "R44", "subj": {"type": "Human_Agent", "pt": {"text": "pol\u00edticos", "linguisticInfo": {"pol\u00edticos": {"lemma": "pol\u00edtico", "pos": "NOUN", "is_stop": false, "is_named": false}}}, "it": {"text": "politici", "linguisticInfo": {"politici": {"lemma": "politico", "pos": "A", "is_stop": false, "is_named": false}}}}, "obj": {"type": "Event", "pt": {"text": "novas investidas", "linguisticInfo": {"novas": {"lemma": "novo", "pos": "ADJ", "is_stop": true, "is_named": false}, "investidas": {"lemma": "investir", "pos": "NOUN", "is_stop": false, "is_named": false}}}, "it": {"text": "introdursi nel segreto", "linguisticInfo": {"introdursi": {"lemma": "introdurre", "pos": "V_PC", "is_stop": false, "is_named": false}, "nel": {"lemma": "nel", "pos": "E_RD", "is_stop": true, "is_named": false}, "segreto": {"lemma": "segreto", "pos": "S", "is_stop": false, "is_named": false}}}}}, {"id": "R45", "subj": {"type": "Non-human_Oth_participant", "pt": {"text": "para penetrarem no segredo banc\u00e1rio helv\u00e9tico", "linguisticInfo": {"para": {"lemma": "parir", "pos": "SCONJ", "is_stop": true, "is_named": false}, "penetrarem": {"lemma": "penetrar", "pos": "VERB", "is_stop": false, "is_named": false}, "no": {"lemma": "o", "pos": "ADP", "is_stop": true, "is_named": false}, "segredo": {"lemma": "segredar", "pos": "NOUN", "is_stop": false, "is_named": false}, "banc\u00e1rio": {"lemma": "banc\u00e1rio", "pos": "ADJ", "is_stop": false, "is_named": false}, "helv\u00e9tico": {"lemma": "helv\u00e9tico", "pos": "ADJ", "is_stop": false, "is_named": false}}}, "it": {"text": "introdursi nel segreto", "linguisticInfo": {"introdursi": {"lemma": "introdurre", "pos": "V_PC", "is_stop": false, "is_named": false}, "nel": {"lemma": "nel", "pos": "E_RD", "is_stop": true, "is_named": false}, "segreto": {"lemma": "segreto", "pos": "S", "is_stop": false, "is_named": false}}}}, "obj": {"type": "Event", "pt": {"text": "novas investidas", "linguisticInfo": {"novas": {"lemma": "novo", "pos": "ADJ", "is_stop": true, "is_named": false}, "investidas": {"lemma": "investir", "pos": "NOUN", "is_stop": false, "is_named": false}}}, "it": {"text": "introdursi nel segreto", "linguisticInfo": {"introdursi": {"lemma": "introdurre", "pos": "V_PC", "is_stop": false, "is_named": false}, "nel": {"lemma": "nel", "pos": "E_RD", "is_stop": true, "is_named": false}, "segreto": {"lemma": "segreto", "pos": "S", "is_stop": false, "is_named": false}}}}}, {"id": "R46", "subj": {"type": "Oth_location", "pt": {"text": "no segredo banc\u00e1rio helv\u00e9tico", "linguisticInfo": {"no": {"lemma": "o", "pos": "ADP", "is_stop": true, "is_named": false}, "segredo": {"lemma": "segredar", "pos": "NOUN", "is_stop": false, "is_named": false}, "banc\u00e1rio": {"lemma": "banc\u00e1rio", "pos": "ADJ", "is_stop": false, "is_named": false}, "helv\u00e9tico": {"lemma": "helv\u00e9tico", "pos": "ADJ", "is_stop": false, "is_named": false}}}, "it": {"text": "nel segreto bancario elvetico", "linguisticInfo": {"nel": {"lemma": "nel", "pos": "E_RD", "is_stop": true, "is_named": false}, "segreto": {"lemma": "segreto", "pos": "S", "is_stop": false, "is_named": false}, "bancario": {"lemma": "bancario", "pos": "A", "is_stop": false, "is_named": false}, "elvetico": {"lemma": "elvetico", "pos": "A", "is_stop": false, "is_named": false}}}}, "obj": {"type": "Event", "pt": {"text": "penetrarem", "linguisticInfo": {"penetrarem": {"lemma": "penetrar", "pos": "VERB", "is_stop": false, "is_named": false}}}, "it": {"text": "introdursi", "linguisticInfo": {"introdursi": {"lemma": "introdurre", "pos": "V_PC", "is_stop": false, "is_named": false}}}}}]}, "sentences_1": {"itText": "NULL secondo informazioni recentemente diffuse , il governo prevede emanare nuove disposizioni , tra la fine dell&apos; estate o l&apos; inizio dell&apos; autunno , per regolare i meccanismi giudiziari che saranno attivati solo nel caso in cui la persona lesa dalla violazione del segreto bancario avvii un processo legale .", "ptText": "de acordo com uma informa\u00e7\u00e3o divulgada recentemnete o governo dever\u00e1 decretar novas normas , em fins do ver\u00e3o ou princ\u00edpios do outono , sob as quais apenas ser\u00e3o accionados os mecanismos judiciais no caso de a pessoa afectada por infrac\u00e7\u00e3o ao segredo banc\u00e1rio mover qualquer processo . \n", "relations": [{"id": "R3", "subj": {"type": "Human_Agent", "pt": {"text": "o governo", "linguisticInfo": {"o": {"lemma": "o", "pos": "DET", "is_stop": true, "is_named": false}, "governo": {"lemma": "governar", "pos": "NOUN", "is_stop": false, "is_named": false}}}, "it": {"text": "il governo", "linguisticInfo": {"il": {"lemma": "il", "pos": "RD", "is_stop": true, "is_named": false}, "governo": {"lemma": "governo", "pos": "S", "is_stop": true, "is_named": false}}}}, "obj": {"type": "Event", "pt": {"text": "dever\u00e1 decretar", "linguisticInfo": {"dever\u00e1": {"lemma": "dever", "pos": "VERB", "is_stop": true, "is_named": false}, "decretar": {"lemma": "decretar", "pos": "VERB", "is_stop": false, "is_named": false}}}, "it": {"text": "prevede emanare", "linguisticInfo": {"prevede": {"lemma": "prevedere", "pos": "V", "is_stop": false, "is_named": false}, "emanare": {"lemma": "emanare", "pos": "V", "is_stop": false, "is_named": false}}}}}, {"id": "R4", "subj": {"type": "Non-human_Patient", "pt": {"text": "novas normas", "linguisticInfo": {"novas": {"lemma": "novo", "pos": "ADJ", "is_stop": true, "is_named": false}, "normas": {"lemma": "norma", "pos": "NOUN", "is_stop": false, "is_named": false}}}, "it": {"text": "nuove disposizioni", "linguisticInfo": {"nuove": {"lemma": "nuovo", "pos": "A", "is_stop": false, "is_named": false}, "disposizioni": {"lemma": "disposizione", "pos": "S", "is_stop": false, "is_named": false}}}}, "obj": {"type": "Event", "pt": {"text": "dever\u00e1 decretar", "linguisticInfo": {"dever\u00e1": {"lemma": "dever", "pos": "VERB", "is_stop": true, "is_named": false}, "decretar": {"lemma": "decretar", "pos": "VERB", "is_stop": false, "is_named": false}}}, "it": {"text": "prevede emanare", "linguisticInfo": {"prevede": {"lemma": "prevedere", "pos": "V", "is_stop": false, "is_named": false}, "emanare": {"lemma": "emanare", "pos": "V", "is_stop": false, "is_named": false}}}}}, {"id": "R5", "subj": {"type": "Time", "pt": {"text": "em fins do Ver\u00e3o ou princ\u00edpios do Outono", "linguisticInfo": {"em": {"lemma": "em", "pos": "ADP", "is_stop": true, "is_named": false}, "fins": {"lemma": "fim", "pos": "NOUN", "is_stop": false, "is_named": false}, "do": {"lemma": "do", "pos": "ADP", "is_stop": true, "is_named": false}, "Ver\u00e3o": {"lemma": "Ver\u00e3o", "pos": "PROPN", "is_stop": false, "is_named": true}, "ou": {"lemma": "ou", "pos": "CCONJ", "is_stop": true, "is_named": false}, "princ\u00edpios": {"lemma": "princ\u00edpio", "pos": "NOUN", "is_stop": false, "is_named": false}, "Outono": {"lemma": "Outono", "pos": "PROPN", "is_stop": false, "is_named": true}}}, "it": {"text": "secondo informazioni dell&apos; estate o dell&apos; autunno ,", "linguisticInfo": {"secondo": {"lemma": "secondo", "pos": "E", "is_stop": true, "is_named": false}, "informazioni": {"lemma": "informazione", "pos": "S", "is_stop": false, "is_named": false}, "dell&apos": {"lemma": "dell&apos", "pos": "B", "is_stop": false, "is_named": false}, ";": {"lemma": ";", "pos": "FC", "is_stop": false, "is_named": false}, "estate": {"lemma": "estate", "pos": "V", "is_stop": false, "is_named": false}, "o": {"lemma": "o", "pos": "CC", "is_stop": false, "is_named": false}, "autunno": {"lemma": "autunno", "pos": "S", "is_stop": false, "is_named": false}, ",": {"lemma": ",", "pos": "FF", "is_stop": false, "is_named": false}}}}, "obj": {"type": "Event", "pt": {"text": "dever\u00e1 decretar", "linguisticInfo": {"dever\u00e1": {"lemma": "dever", "pos": "VERB", "is_stop": true, "is_named": false}, "decretar": {"lemma": "decretar", "pos": "VERB", "is_stop": false, "is_named": false}}}, "it": {"text": "prevede emanare", "linguisticInfo": {"prevede": {"lemma": "prevedere", "pos": "V", "is_stop": false, "is_named": false}, "emanare": {"lemma": "emanare", "pos": "V", "is_stop": false, "is_named": false}}}}}, {"id": "R6", "subj": {"type": "Non-human_Patient", "pt": {"text": "qualquer processo", "linguisticInfo": {"qualquer": {"lemma": "qualquer", "pos": "DET", "is_stop": true, "is_named": false}, "processo": {"lemma": "processar", "pos": "NOUN", "is_stop": false, "is_named": false}}}, "it": {"text": "legale .", "linguisticInfo": {"legale": {"lemma": "legale", "pos": "A", "is_stop": false, "is_named": false}, ".": {"lemma": ".", "pos": "FS", "is_stop": false, "is_named": false}}}}, "obj": {"type": "Event", "pt": {"text": "mover", "linguisticInfo": {"mover": {"lemma": "mover", "pos": "VERB", "is_stop": false, "is_named": false}}}, "it": {"text": "avvii", "linguisticInfo": {"avvii": {"lemma": "avvii", "pos": "A", "is_stop": false, "is_named": false}}}}}, {"id": "R7", "subj": {"type": "Human_Agent", "pt": {"text": "a pessoa afectada por infrac\u00e7\u00e3o ao segredo banc\u00e1rio", "linguisticInfo": {"a": {"lemma": "o", "pos": "DET", "is_stop": true, "is_named": false}, "pessoa": {"lemma": "pessoa", "pos": "NOUN", "is_stop": false, "is_named": false}, "afectada": {"lemma": "afectar", "pos": "VERB", "is_stop": false, "is_named": false}, "por": {"lemma": "por", "pos": "ADP", "is_stop": true, "is_named": false}, "infrac\u00e7\u00e3o": {"lemma": "infrac\u00e7\u00e3o", "pos": "NOUN", "is_stop": false, "is_named": false}, "ao": {"lemma": "ao", "pos": "ADP", "is_stop": true, "is_named": false}, "segredo": {"lemma": "segredar", "pos": "NOUN", "is_stop": false, "is_named": false}, "banc\u00e1rio": {"lemma": "banc\u00e1rio", "pos": "ADJ", "is_stop": false, "is_named": false}}}, "it": {"text": "la fine dell&apos; persona lesa dalla violazione", "linguisticInfo": {"la": {"lemma": "il", "pos": "RD", "is_stop": true, "is_named": false}, "fine": {"lemma": "fine", "pos": "S", "is_stop": true, "is_named": false}, "dell&apos": {"lemma": "dell&apos", "pos": "B", "is_stop": false, "is_named": false}, ";": {"lemma": ";", "pos": "FC", "is_stop": false, "is_named": false}, "persona": {"lemma": "persona", "pos": "S", "is_stop": false, "is_named": false}, "lesa": {"lemma": "ledere", "pos": "V", "is_stop": false, "is_named": false}, "dalla": {"lemma": "dalla", "pos": "E_RD", "is_stop": true, "is_named": false}, "violazione": {"lemma": "violazione", "pos": "S", "is_stop": false, "is_named": false}}}}, "obj": {"type": "Event", "pt": {"text": "mover", "linguisticInfo": {"mover": {"lemma": "mover", "pos": "VERB", "is_stop": false, "is_named": false}}}, "it": {"text": "avvii", "linguisticInfo": {"avvii": {"lemma": "avvii", "pos": "A", "is_stop": false, "is_named": false}}}}}, {"id": "R8", "subj": {"type": "Non-human_Patient", "pt": {"text": "os mecanismos judiciais", "linguisticInfo": {"os": {"lemma": "o", "pos": "DET", "is_stop": true, "is_named": false}, "mecanismos": {"lemma": "mecanismo", "pos": "NOUN", "is_stop": false, "is_named": false}, "judiciais": {"lemma": "judiciar", "pos": "ADJ", "is_stop": false, "is_named": false}}}, "it": {"text": "i meccanismi giudiziari", "linguisticInfo": {"i": {"lemma": "il", "pos": "RD", "is_stop": false, "is_named": false}, "meccanismi": {"lemma": "meccanismo", "pos": "S", "is_stop": false, "is_named": false}, "giudiziari": {"lemma": "giudiziario", "pos": "A", "is_stop": false, "is_named": false}}}}, "obj": {"type": "Event", "pt": {"text": "ser\u00e3o accionados", "linguisticInfo": {"ser\u00e3o": {"lemma": "ser", "pos": "AUX", "is_stop": false, "is_named": false}, "accionados": {"lemma": "accionar", "pos": "VERB", "is_stop": false, "is_named": false}}}, "it": {"text": "saranno attivati solo", "linguisticInfo": {"saranno": {"lemma": "essere", "pos": "VA", "is_stop": true, "is_named": false}, "attivati": {"lemma": "attivare", "pos": "V", "is_stop": false, "is_named": false}, "solo": {"lemma": "solo", "pos": "B", "is_stop": true, "is_named": false}}}}}, {"id": "R47", "subj": {"type": "Non-human_Patient", "pt": {"text": "uma informa\u00e7\u00e3o", "linguisticInfo": {"uma": {"lemma": "umar", "pos": "DET", "is_stop": true, "is_named": false}, "informa\u00e7\u00e3o": {"lemma": "informa\u00e7\u00e3o", "pos": "NOUN", "is_stop": false, "is_named": false}}}, "it": {"text": "l&apos; inizio dell&apos;", "linguisticInfo": {"l&apos": {"lemma": "l&apos", "pos": "B", "is_stop": false, "is_named": false}, ";": {"lemma": ";", "pos": "FC", "is_stop": false, "is_named": false}, "inizio": {"lemma": "inizio", "pos": "S", "is_stop": false, "is_named": false}, "dell&apos": {"lemma": "dell&apos", "pos": "B", "is_stop": false, "is_named": false}}}}, "obj": {"type": "Event", "pt": {"text": "divulgada", "linguisticInfo": {"divulgada": {"lemma": "divulgar", "pos": "VERB", "is_stop": false, "is_named": false}}}, "it": {"text": "diffuse", "linguisticInfo": {"diffuse": {"lemma": "diffuso", "pos": "A", "is_stop": false, "is_named": false}}}}}, {"id": "R48", "subj": {"type": "Time", "pt": {"text": "recentemnete", "linguisticInfo": {"recentemnete": {"lemma": "recentemnete", "pos": "VERB", "is_stop": false, "is_named": false}}}, "it": {"text": "dell&apos;", "linguisticInfo": {"dell&apos": {"lemma": "dell&apos", "pos": "B", "is_stop": false, "is_named": false}, ";": {"lemma": ";", "pos": "FC", "is_stop": false, "is_named": false}}}}, "obj": {"type": "Event", "pt": {"text": "divulgada", "linguisticInfo": {"divulgada": {"lemma": "divulgar", "pos": "VERB", "is_stop": false, "is_named": false}}}, "it": {"text": "diffuse", "linguisticInfo": {"diffuse": {"lemma": "diffuso", "pos": "A", "is_stop": false, "is_named": false}}}}}, {"id": "R49", "subj": {"type": "Human_Patient", "pt": {"text": "a pessoa", "linguisticInfo": {"a": {"lemma": "o", "pos": "DET", "is_stop": true, "is_named": false}, "pessoa": {"lemma": "pessoa", "pos": "NOUN", "is_stop": false, "is_named": false}}}, "it": {"text": "la persona", "linguisticInfo": {"la": {"lemma": "il", "pos": "RD", "is_stop": true, "is_named": false}, "persona": {"lemma": "persona", "pos": "S", "is_stop": false, "is_named": false}}}}, "obj": {"type": "Event", "pt": {"text": "afectada por infrac\u00e7\u00e3o", "linguisticInfo": {"afectada": {"lemma": "afectar", "pos": "VERB", "is_stop": false, "is_named": false}, "por": {"lemma": "por", "pos": "ADP", "is_stop": true, "is_named": false}, "infrac\u00e7\u00e3o": {"lemma": "infrac\u00e7\u00e3o", "pos": "NOUN", "is_stop": false, "is_named": false}}}, "it": {"text": "lesa dalla violazione", "linguisticInfo": {"lesa": {"lemma": "ledere", "pos": "V", "is_stop": false, "is_named": false}, "dalla": {"lemma": "dalla", "pos": "E_RD", "is_stop": true, "is_named": false}, "violazione": {"lemma": "violazione", "pos": "S", "is_stop": false, "is_named": false}}}}}, {"id": "R50", "subj": {"type": "Non-human_Patient", "pt": {"text": "ao segredo banc\u00e1rio", "linguisticInfo": {"ao": {"lemma": "ao", "pos": "ADP", "is_stop": true, "is_named": false}, "segredo": {"lemma": "segredar", "pos": "NOUN", "is_stop": false, "is_named": false}, "banc\u00e1rio": {"lemma": "banc\u00e1rio", "pos": "ADJ", "is_stop": false, "is_named": false}}}, "it": {"text": "del segreto bancario", "linguisticInfo": {"del": {"lemma": "del", "pos": "E_RD", "is_stop": true, "is_named": false}, "segreto": {"lemma": "segreto", "pos": "S", "is_stop": false, "is_named": false}, "bancario": {"lemma": "bancario", "pos": "A", "is_stop": false, "is_named": false}}}}, "obj": {"type": "Event", "pt": {"text": "afectada por infrac\u00e7\u00e3o", "linguisticInfo": {"afectada": {"lemma": "afectar", "pos": "VERB", "is_stop": false, "is_named": false}, "por": {"lemma": "por", "pos": "ADP", "is_stop": true, "is_named": false}, "infrac\u00e7\u00e3o": {"lemma": "infrac\u00e7\u00e3o", "pos": "NOUN", "is_stop": false, "is_named": false}}}, "it": {"text": "lesa dalla violazione", "linguisticInfo": {"lesa": {"lemma": "ledere", "pos": "V", "is_stop": false, "is_named": false}, "dalla": {"lemma": "dalla", "pos": "E_RD", "is_stop": true, "is_named": false}, "violazione": {"lemma": "violazione", "pos": "S", "is_stop": false, "is_named": false}}}}}]}, "sentences_2": {"itText": "NULL attualmente , le autorit\u00e0 sono obbligate ad avviare un processo giudiziario contro chiunque riveli informazioni non autorizzate su questioni inerenti ad un cliente , anche in assenza di ricorso da parte del titolare del conto .", "ptText": "presentemente , as autoridades s\u00e3o obrigadas a proceder judicialmente contra qualquer pessoa que preste informa\u00e7\u00f5es n\u00e3o autorizadas sobre assuntos do cliente , mesmo na aus\u00eancia de qualquer reclama\u00e7\u00e3o do titular da conta . \n", "relations": [{"id": "R9", "subj": {"type": "Human_Agent", "pt": {"text": "as autoridades", "linguisticInfo": {"as": {"lemma": "o", "pos": "DET", "is_stop": true, "is_named": false}, "autoridades": {"lemma": "autoridade", "pos": "NOUN", "is_stop": false, "is_named": false}}}, "it": {"text": "le autorit\u00e0", "linguisticInfo": {"le": {"lemma": "il", "pos": "RD", "is_stop": true, "is_named": false}, "autorit\u00e0": {"lemma": "autorit\u00e0", "pos": "S", "is_stop": false, "is_named": false}}}}, "obj": {"type": "Event", "pt": {"text": "s\u00e3o obrigadas a proceder judicialmente", "linguisticInfo": {"s\u00e3o": {"lemma": "ser", "pos": "AUX", "is_stop": true, "is_named": false}, "obrigadas": {"lemma": "obrigar", "pos": "VERB", "is_stop": false, "is_named": false}, "a": {"lemma": "o", "pos": "SCONJ", "is_stop": true, "is_named": false}, "proceder": {"lemma": "proceder", "pos": "VERB", "is_stop": false, "is_named": false}, "judicialmente": {"lemma": "judicialmente", "pos": "ADV", "is_stop": false, "is_named": false}}}, "it": {"text": "sono obbligate ad avviare", "linguisticInfo": {"sono": {"lemma": "essere", "pos": "VA", "is_stop": true, "is_named": false}, "obbligate": {"lemma": "obbligare", "pos": "V", "is_stop": false, "is_named": false}, "ad": {"lemma": "ad", "pos": "E", "is_stop": true, "is_named": false}, "avviare": {"lemma": "avviare", "pos": "V", "is_stop": false, "is_named": false}}}}}, {"id": "R10", "subj": {"type": "Human_Oth_participant", "pt": {"text": "contra qualquer pessoa que preste informa\u00e7\u00f5es n\u00e3o autorizadas sobre assuntos do cliente", "linguisticInfo": {"contra": {"lemma": "contra", "pos": "ADP", "is_stop": true, "is_named": false}, "qualquer": {"lemma": "qualquer", "pos": "DET", "is_stop": true, "is_named": false}, "pessoa": {"lemma": "pessoa", "pos": "NOUN", "is_stop": false, "is_named": false}, "que": {"lemma": "que", "pos": "PRON", "is_stop": true, "is_named": false}, "preste": {"lemma": "prestar", "pos": "VERB", "is_stop": false, "is_named": false}, "informa\u00e7\u00f5es": {"lemma": "informa\u00e7\u00e3o", "pos": "NOUN", "is_stop": false, "is_named": false}, "n\u00e3o": {"lemma": "n\u00e3o", "pos": "ADV", "is_stop": true, "is_named": false}, "autorizadas": {"lemma": "autorizar", "pos": "ADJ", "is_stop": false, "is_named": false}, "sobre": {"lemma": "sobrar", "pos": "ADP", "is_stop": true, "is_named": false}, "assuntos": {"lemma": "assunto", "pos": "NOUN", "is_stop": false, "is_named": false}, "do": {"lemma": "do", "pos": "ADP", "is_stop": true, "is_named": false}, "cliente": {"lemma": "cliente", "pos": "NOUN", "is_stop": false, "is_named": false}}}, "it": {"text": "contro chiunque riveli informazioni", "linguisticInfo": {"contro": {"lemma": "contro", "pos": "E", "is_stop": true, "is_named": false}, "chiunque": {"lemma": "chiunque", "pos": "PI", "is_stop": true, "is_named": false}, "riveli": {"lemma": "rivelare", "pos": "V", "is_stop": false, "is_named": false}, "informazioni": {"lemma": "informazione", "pos": "S", "is_stop": false, "is_named": false}}}}, "obj": {"type": "Event", "pt": {"text": "s\u00e3o obrigadas a proceder judicialmente", "linguisticInfo": {"s\u00e3o": {"lemma": "ser", "pos": "AUX", "is_stop": true, "is_named": false}, "obrigadas": {"lemma": "obrigar", "pos": "VERB", "is_stop": false, "is_named": false}, "a": {"lemma": "o", "pos": "SCONJ", "is_stop": true, "is_named": false}, "proceder": {"lemma": "proceder", "pos": "VERB", "is_stop": false, "is_named": false}, "judicialmente": {"lemma": "judicialmente", "pos": "ADV", "is_stop": false, "is_named": false}}}, "it": {"text": "sono obbligate ad avviare", "linguisticInfo": {"sono": {"lemma": "essere", "pos": "VA", "is_stop": true, "is_named": false}, "obbligate": {"lemma": "obbligare", "pos": "V", "is_stop": false, "is_named": false}, "ad": {"lemma": "ad", "pos": "E", "is_stop": true, "is_named": false}, "avviare": {"lemma": "avviare", "pos": "V", "is_stop": false, "is_named": false}}}}}, {"id": "R51", "subj": {"type": "Oth_argument", "pt": {"text": "n\u00e3o autorizadas", "linguisticInfo": {"n\u00e3o": {"lemma": "n\u00e3o", "pos": "ADV", "is_stop": true, "is_named": false}, "autorizadas": {"lemma": "autorizar", "pos": "VERB", "is_stop": false, "is_named": false}}}, "it": {"text": "non autorizzate", "linguisticInfo": {"non": {"lemma": "non", "pos": "BN", "is_stop": true, "is_named": false}, "autorizzate": {"lemma": "autorizzate", "pos": "V", "is_stop": false, "is_named": false}}}}, "obj": {"type": "Event", "pt": {"text": "preste informa\u00e7\u00f5es", "linguisticInfo": {"preste": {"lemma": "prestar", "pos": "VERB", "is_stop": false, "is_named": false}, "informa\u00e7\u00f5es": {"lemma": "informa\u00e7\u00e3o", "pos": "NOUN", "is_stop": false, "is_named": false}}}, "it": {"text": "riveli informazioni", "linguisticInfo": {"riveli": {"lemma": "rivelare", "pos": "V", "is_stop": false, "is_named": false}, "informazioni": {"lemma": "informazione", "pos": "S", "is_stop": false, "is_named": false}}}}}, {"id": "R52", "subj": {"type": "Human_Agent", "pt": {"text": "que", "linguisticInfo": {"que": {"lemma": "que", "pos": "SCONJ", "is_stop": true, "is_named": false}}}, "it": {"text": "", "linguisticInfo": {}}}, "obj": {"type": "Event", "pt": {"text": "preste informa\u00e7\u00f5es", "linguisticInfo": {"preste": {"lemma": "prestar", "pos": "VERB", "is_stop": false, "is_named": false}, "informa\u00e7\u00f5es": {"lemma": "informa\u00e7\u00e3o", "pos": "NOUN", "is_stop": false, "is_named": false}}}, "it": {"text": "riveli informazioni", "linguisticInfo": {"riveli": {"lemma": "rivelare", "pos": "V", "is_stop": false, "is_named": false}, "informazioni": {"lemma": "informazione", "pos": "S", "is_stop": false, "is_named": false}}}}}, {"id": "R53", "subj": {"type": "Non-human_Oth_participant", "pt": {"text": "sobre assuntos do cliente", "linguisticInfo": {"sobre": {"lemma": "sobrar", "pos": "ADP", "is_stop": true, "is_named": false}, "assuntos": {"lemma": "assunto", "pos": "NOUN", "is_stop": false, "is_named": false}, "do": {"lemma": "do", "pos": "ADP", "is_stop": true, "is_named": false}, "cliente": {"lemma": "cliente", "pos": "NOUN", "is_stop": false, "is_named": false}}}, "it": {"text": "su questioni inerenti ad del titolare del", "linguisticInfo": {"su": {"lemma": "su", "pos": "E", "is_stop": true, "is_named": false}, "questioni": {"lemma": "questione", "pos": "S", "is_stop": false, "is_named": false}, "inerenti": {"lemma": "inerente", "pos": "A", "is_stop": false, "is_named": false}, "ad": {"lemma": "ad", "pos": "E", "is_stop": true, "is_named": false}, "del": {"lemma": "del", "pos": "E_RD", "is_stop": true, "is_named": false}, "titolare": {"lemma": "titolare", "pos": "S", "is_stop": false, "is_named": false}}}}, "obj": {"type": "Event", "pt": {"text": "preste informa\u00e7\u00f5es", "linguisticInfo": {"preste": {"lemma": "prestar", "pos": "VERB", "is_stop": false, "is_named": false}, "informa\u00e7\u00f5es": {"lemma": "informa\u00e7\u00e3o", "pos": "NOUN", "is_stop": false, "is_named": false}}}, "it": {"text": "riveli informazioni", "linguisticInfo": {"riveli": {"lemma": "rivelare", "pos": "V", "is_stop": false, "is_named": false}, "informazioni": {"lemma": "informazione", "pos": "S", "is_stop": false, "is_named": false}}}}}]}, "sentences_3": {"itText": "NULL ad ogni modo , si attende che il governo apporti alcune modifiche al disegno di legge prima della sua presentazione pubblica anche se , allo stesso tempo , ci si aspettano forti opposizioni prima della sua entrata in vigore , conoscendo la complessit\u00e0 dei sistemi dell \u2019 industria bancaria svizzera e la sua forte influenza politica che gi\u00e0 in passato ha fatto si che venissero cancellati anteriori progetti governativi .", "ptText": "todavia , aguarda -se que o governo proceda a altera\u00e7\u00f5es no projecto de lei antes da sua apresenta\u00e7\u00e3o p\u00fablica , ao mesmo tempo que se aguarda que o mesmo depara ( ( sic ) ) com fortes barreiras antes de entrar em vigor conhecidos como s\u00e3o os complexos sistemas da ind\u00fastria banc\u00e1ria su\u00ed\u00e7a e a sua for\u00e7a pol\u00edtica que lhe tem proporcionado anula\u00e7\u00f5es anteriores de projectos governamentais . \n", "relations": [{"id": "R16", "subj": {"type": "Non-human_Patient", "pt": {"text": "no projecto de lei", "linguisticInfo": {"no": {"lemma": "o", "pos": "ADP", "is_stop": true, "is_named": false}, "projecto": {"lemma": "projectar", "pos": "NOUN", "is_stop": false, "is_named": false}, "de": {"lemma": "de", "pos": "ADP", "is_stop": true, "is_named": false}, "lei": {"lemma": "lei", "pos": "NOUN", "is_stop": false, "is_named": false}}}, "it": {"text": "al disegno di legge", "linguisticInfo": {"al": {"lemma": "al", "pos": "E_RD", "is_stop": true, "is_named": false}, "disegno": {"lemma": "disegno", "pos": "S", "is_stop": false, "is_named": false}, "di": {"lemma": "di", "pos": "E", "is_stop": true, "is_named": false}, "legge": {"lemma": "legge", "pos": "S", "is_stop": false, "is_named": false}}}}, "obj": {"type": "Event", "pt": {"text": "proceda a altera\u00e7\u00f5es", "linguisticInfo": {"proceda": {"lemma": "proceder", "pos": "NOUN", "is_stop": false, "is_named": false}, "a": {"lemma": "o", "pos": "ADP", "is_stop": true, "is_named": false}, "altera\u00e7\u00f5es": {"lemma": "altera\u00e7\u00e3o", "pos": "NOUN", "is_stop": false, "is_named": false}}}, "it": {"text": "apporti alcune modifiche", "linguisticInfo": {"apporti": {"lemma": "apportare", "pos": "T", "is_stop": false, "is_named": false}, "alcune": {"lemma": "alcun", "pos": "DI", "is_stop": false, "is_named": false}, "modifiche": {"lemma": "modifica", "pos": "S", "is_stop": false, "is_named": false}}}}}, {"id": "R17", "subj": {"type": "Human_Agent", "pt": {"text": "o governo", "linguisticInfo": {"o": {"lemma": "o", "pos": "DET", "is_stop": true, "is_named": false}, "governo": {"lemma": "governar", "pos": "NOUN", "is_stop": false, "is_named": false}}}, "it": {"text": "il governo", "linguisticInfo": {"il": {"lemma": "il", "pos": "RD", "is_stop": true, "is_named": false}, "governo": {"lemma": "governo", "pos": "S", "is_stop": true, "is_named": false}}}}, "obj": {"type": "Event", "pt": {"text": "proceda a altera\u00e7\u00f5es", "linguisticInfo": {"proceda": {"lemma": "proceder", "pos": "NOUN", "is_stop": false, "is_named": false}, "a": {"lemma": "o", "pos": "ADP", "is_stop": true, "is_named": false}, "altera\u00e7\u00f5es": {"lemma": "altera\u00e7\u00e3o", "pos": "NOUN", "is_stop": false, "is_named": false}}}, "it": {"text": "apporti alcune modifiche", "linguisticInfo": {"apporti": {"lemma": "apportare", "pos": "T", "is_stop": false, "is_named": false}, "alcune": {"lemma": "alcun", "pos": "DI", "is_stop": false, "is_named": false}, "modifiche": {"lemma": "modifica", "pos": "S", "is_stop": false, "is_named": false}}}}}, {"id": "R18", "subj": {"type": "Time", "pt": {"text": "antes da sua apresenta\u00e7\u00e3o p\u00fablica", "linguisticInfo": {"antes": {"lemma": "antar", "pos": "ADV", "is_stop": true, "is_named": false}, "da": {"lemma": "da", "pos": "ADP", "is_stop": true, "is_named": false}, "sua": {"lemma": "suar", "pos": "DET", "is_stop": true, "is_named": false}, "apresenta\u00e7\u00e3o": {"lemma": "apresenta\u00e7\u00e3o", "pos": "NOUN", "is_stop": false, "is_named": false}, "p\u00fablica": {"lemma": "p\u00fablico", "pos": "ADJ", "is_stop": false, "is_named": false}}}, "it": {"text": "prima della sua presentazione pubblica", "linguisticInfo": {"prima": {"lemma": "prima", "pos": "B", "is_stop": true, "is_named": false}, "della": {"lemma": "della", "pos": "E_RD", "is_stop": true, "is_named": false}, "sua": {"lemma": "suo", "pos": "AP", "is_stop": true, "is_named": false}, "presentazione": {"lemma": "presentazione", "pos": "S", "is_stop": false, "is_named": false}, "pubblica": {"lemma": "pubblico", "pos": "A", "is_stop": false, "is_named": false}}}}, "obj": {"type": "Event", "pt": {"text": "proceda a altera\u00e7\u00f5es", "linguisticInfo": {"proceda": {"lemma": "proceder", "pos": "NOUN", "is_stop": false, "is_named": false}, "a": {"lemma": "o", "pos": "ADP", "is_stop": true, "is_named": false}, "altera\u00e7\u00f5es": {"lemma": "altera\u00e7\u00e3o", "pos": "NOUN", "is_stop": false, "is_named": false}}}, "it": {"text": "apporti alcune modifiche", "linguisticInfo": {"apporti": {"lemma": "apportare", "pos": "T", "is_stop": false, "is_named": false}, "alcune": {"lemma": "alcun", "pos": "DI", "is_stop": false, "is_named": false}, "modifiche": {"lemma": "modifica", "pos": "S", "is_stop": false, "is_named": false}}}}}, {"id": "R19", "subj": {"type": "Non-human_Patient", "pt": {"text": "projectos governamentais", "linguisticInfo": {"projectos": {"lemma": "projecto", "pos": "NOUN", "is_stop": false, "is_named": false}, "governamentais": {"lemma": "governamental", "pos": "ADJ", "is_stop": false, "is_named": false}}}, "it": {"text": "progetti governativi", "linguisticInfo": {"progetti": {"lemma": "progetto", "pos": "S", "is_stop": false, "is_named": false}, "governativi": {"lemma": "governativo", "pos": "A", "is_stop": false, "is_named": false}}}}, "obj": {"type": "Event", "pt": {"text": "anula\u00e7\u00f5es", "linguisticInfo": {"anula\u00e7\u00f5es": {"lemma": "anula\u00e7\u00e3o", "pos": "NOUN", "is_stop": false, "is_named": false}}}, "it": {"text": "cancellati", "linguisticInfo": {"cancellati": {"lemma": "cancellare", "pos": "V", "is_stop": false, "is_named": false}}}}}, {"id": "R57", "subj": {"type": "Non-human_Patient", "pt": {"text": "os complexos sistemas da ind\u00fastria banc\u00e1ria su\u00ed\u00e7a", "linguisticInfo": {"os": {"lemma": "o", "pos": "DET", "is_stop": true, "is_named": false}, "complexos": {"lemma": "complexo", "pos": "ADJ", "is_stop": false, "is_named": false}, "sistemas": {"lemma": "sistema", "pos": "NOUN", "is_stop": false, "is_named": false}, "da": {"lemma": "da", "pos": "ADP", "is_stop": true, "is_named": false}, "ind\u00fastria": {"lemma": "ind\u00fastria", "pos": "NOUN", "is_stop": false, "is_named": false}, "banc\u00e1ria": {"lemma": "banc\u00e1rio", "pos": "ADJ", "is_stop": false, "is_named": false}, "su\u00ed\u00e7a": {"lemma": "su\u00ed\u00e7o", "pos": "ADJ", "is_stop": false, "is_named": false}}}, "it": {"text": "cancellati anteriori progetti", "linguisticInfo": {"cancellati": {"lemma": "cancellati", "pos": "S", "is_stop": false, "is_named": false}, "anteriori": {"lemma": "anteriore", "pos": "A", "is_stop": false, "is_named": false}, "progetti": {"lemma": "progetto", "pos": "S", "is_stop": false, "is_named": false}}}}, "obj": {"type": "Event", "pt": {"text": "entrar em vigor", "linguisticInfo": {"entrar": {"lemma": "entrar", "pos": "VERB", "is_stop": false, "is_named": false}, "em": {"lemma": "em", "pos": "ADP", "is_stop": true, "is_named": false}, "vigor": {"lemma": "vigor", "pos": "NOUN", "is_stop": false, "is_named": false}}}, "it": {"text": "entrata in vigore", "linguisticInfo": {"entrata": {"lemma": "entrare", "pos": "V", "is_stop": false, "is_named": false}, "in": {"lemma": "in", "pos": "E", "is_stop": true, "is_named": false}, "vigore": {"lemma": "vigore", "pos": "S", "is_stop": false, "is_named": false}}}}}]}, "sentences_4": {"itText": "NULL il disegno di legge governativo sorge in paralllo al referendum organizzato dal partito socialista svizzero , la cui accettazione , il caso vuole . comporterebbe proprio l \u2019 eliminazione del segreto bancario .", "ptText": "o documento governamental responde a um referendo planeado pelo partido socialista su\u00ed\u00e7o , com a particularidade da sua aceita\u00e7\u00e3o corresponder ao pr\u00e1tico desaparecimento do segredo banc\u00e1rio . \n", "relations": [{"id": "R20", "subj": {"type": "Non-human_Oth_participant", "pt": {"text": "a um referendo planeado pelo partido socialista su\u00ed\u00e7o , com a particularidade da sua aceita\u00e7\u00e3o corresponder ao pr\u00e1tico desaparecimento do segredo banc\u00e1rio", "linguisticInfo": {"a": {"lemma": "o", "pos": "DET", "is_stop": true, "is_named": false}, "um": {"lemma": "um", "pos": "DET", "is_stop": true, "is_named": false}, "referendo": {"lemma": "referendar", "pos": "NOUN", "is_stop": false, "is_named": false}, "planeado": {"lemma": "planear", "pos": "VERB", "is_stop": false, "is_named": false}, "pelo": {"lemma": "pelar", "pos": "ADP", "is_stop": true, "is_named": false}, "partido": {"lemma": "partir", "pos": "NOUN", "is_stop": false, "is_named": false}, "socialista": {"lemma": "socialista", "pos": "ADJ", "is_stop": false, "is_named": false}, "su\u00ed\u00e7o": {"lemma": "su\u00ed\u00e7o", "pos": "ADJ", "is_stop": false, "is_named": false}, ",": {"lemma": ",", "pos": "PUNCT", "is_stop": false, "is_named": false}, "com": {"lemma": "com", "pos": "ADP", "is_stop": true, "is_named": false}, "particularidade": {"lemma": "particularidade", "pos": "NOUN", "is_stop": false, "is_named": false}, "da": {"lemma": "da", "pos": "ADP", "is_stop": true, "is_named": false}, "sua": {"lemma": "suar", "pos": "DET", "is_stop": true, "is_named": false}, "aceita\u00e7\u00e3o": {"lemma": "aceita\u00e7\u00e3o", "pos": "NOUN", "is_stop": false, "is_named": false}, "corresponder": {"lemma": "corresponder", "pos": "VERB", "is_stop": false, "is_named": false}, "ao": {"lemma": "ao", "pos": "ADP", "is_stop": true, "is_named": false}, "pr\u00e1tico": {"lemma": "pr\u00e1tico", "pos": "ADJ", "is_stop": false, "is_named": false}, "desaparecimento": {"lemma": "desaparecimento", "pos": "NOUN", "is_stop": false, "is_named": false}, "do": {"lemma": "do", "pos": "ADP", "is_stop": true, "is_named": false}, "segredo": {"lemma": "segredar", "pos": "NOUN", "is_stop": false, "is_named": false}, "banc\u00e1rio": {"lemma": "banc\u00e1rio", "pos": "ADJ", "is_stop": false, "is_named": false}}}, "it": {"text": "il disegno paralllo al referendum organizzato dal partito socialista svizzero , la cui", "linguisticInfo": {"il": {"lemma": "il", "pos": "RD", "is_stop": true, "is_named": false}, "disegno": {"lemma": "disegno", "pos": "S", "is_stop": false, "is_named": false}, "paralllo": {"lemma": "paralllo", "pos": "S", "is_stop": false, "is_named": false}, "al": {"lemma": "al", "pos": "E_RD", "is_stop": true, "is_named": false}, "referendum": {"lemma": "referendum", "pos": "S", "is_stop": false, "is_named": false}, "organizzato": {"lemma": "organizzato", "pos": "A", "is_stop": false, "is_named": false}, "dal": {"lemma": "dal", "pos": "E_RD", "is_stop": true, "is_named": false}, "partito": {"lemma": "partito", "pos": "S", "is_stop": false, "is_named": false}, "socialista": {"lemma": "socialista", "pos": "A", "is_stop": false, "is_named": false}, "svizzero": {"lemma": "svizzero", "pos": "A", "is_stop": false, "is_named": false}, ",": {"lemma": ",", "pos": "FF", "is_stop": false, "is_named": false}, "la": {"lemma": "il", "pos": "RD", "is_stop": true, "is_named": false}, "cui": {"lemma": "cui", "pos": "DR", "is_stop": true, "is_named": false}}}}, "obj": {"type": "Event", "pt": {"text": "responde", "linguisticInfo": {"responde": {"lemma": "responder", "pos": "VERB", "is_stop": false, "is_named": false}}}, "it": {"text": "sorge", "linguisticInfo": {"sorge": {"lemma": "sorgere", "pos": "V", "is_stop": false, "is_named": false}}}}}, {"id": "R21", "subj": {"type": "Non-human_Agent", "pt": {"text": "O documento governamental", "linguisticInfo": {"O": {"lemma": "O", "pos": "DET", "is_stop": true, "is_named": true}, "documento": {"lemma": "documentar", "pos": "NOUN", "is_stop": false, "is_named": false}, "governamental": {"lemma": "governamental", "pos": "ADJ", "is_stop": false, "is_named": false}}}, "it": {"text": "il disegno governativo", "linguisticInfo": {"il": {"lemma": "il", "pos": "RD", "is_stop": true, "is_named": false}, "disegno": {"lemma": "disegno", "pos": "S", "is_stop": false, "is_named": false}, "governativo": {"lemma": "governativo", "pos": "A", "is_stop": false, "is_named": false}}}}, "obj": {"type": "Event", "pt": {"text": "responde", "linguisticInfo": {"responde": {"lemma": "responder", "pos": "VERB", "is_stop": false, "is_named": false}}}, "it": {"text": "sorge", "linguisticInfo": {"sorge": {"lemma": "sorgere", "pos": "V", "is_stop": false, "is_named": false}}}}}, {"id": "R23", "subj": {"type": "Non-human_Patient", "pt": {"text": "um referendo", "linguisticInfo": {"um": {"lemma": "um", "pos": "DET", "is_stop": true, "is_named": false}, "referendo": {"lemma": "referendar", "pos": "NOUN", "is_stop": false, "is_named": false}}}, "it": {"text": "paralllo referendum", "linguisticInfo": {"paralllo": {"lemma": "paralllo", "pos": "S", "is_stop": false, "is_named": false}, "referendum": {"lemma": "referendum", "pos": "S", "is_stop": false, "is_named": false}}}}, "obj": {"type": "Event", "pt": {"text": "planeado", "linguisticInfo": {"planeado": {"lemma": "planear", "pos": "VERB", "is_stop": false, "is_named": false}}}, "it": {"text": "organizzato", "linguisticInfo": {"organizzato": {"lemma": "organizzato", "pos": "A", "is_stop": false, "is_named": false}}}}}]}, "sentences_5": {"itText": "NULL si noti che la coalizione di governo si \u00e8 fortemente opposta alla proposta di organizzare un referendum , dichiarando che il governo risponder\u00e0 con una serie di controproposte con l \u2019 obiettivo di demistificare il segreto bancario grazie ad una revisione totale delle norme giuridiche sul sistema bancario . ciononostante , i banchieri svizzeri , chiaramente in forte opposizione alle riforme sostanziali , sono sottoposti a pressioni su due fronti .", "ptText": "refira -se que a coliga\u00e7\u00e3o governamental revelou viva oposi\u00e7\u00e3o \u00e0 sugest\u00e3o de se organizar um referendo , admitindo -se que o governo venha a contra-atacar com propostas pr\u00f3prias visando a \u00ab dismistifica\u00e7\u00e3o \u00bb do segredo banc\u00e1rio numa revis\u00e3o total \u00e0s normas jur\u00eddicas respeitante ao sistema banc\u00e1rio . no entanto , os banqueiros su\u00ed\u00e7os j\u00e1 muito claros na oposi\u00e7\u00e3o a altera\u00e7\u00f5es significativas , sujeitando -se , contudo , a press\u00e3o de duas frentes \n", "relations": [{"id": "R26", "subj": {"type": "Non-human_Oth_participant", "pt": {"text": "viva oposi\u00e7\u00e3o \u00e0 sugest\u00e3o de se organizar um referendo", "linguisticInfo": {"viva": {"lemma": "vivo", "pos": "NOUN", "is_stop": false, "is_named": false}, "oposi\u00e7\u00e3o": {"lemma": "oposi\u00e7\u00e3o", "pos": "NOUN", "is_stop": false, "is_named": false}, "\u00e0": {"lemma": "\u00e0", "pos": "ADP", "is_stop": true, "is_named": false}, "sugest\u00e3o": {"lemma": "sugest\u00e3o", "pos": "NOUN", "is_stop": false, "is_named": false}, "de": {"lemma": "de", "pos": "SCONJ", "is_stop": true, "is_named": false}, "se": {"lemma": "se", "pos": "PRON", "is_stop": true, "is_named": false}, "organizar": {"lemma": "organizar", "pos": "VERB", "is_stop": false, "is_named": false}, "um": {"lemma": "um", "pos": "DET", "is_stop": true, "is_named": false}, "referendo": {"lemma": "referendar", "pos": "NOUN", "is_stop": false, "is_named": false}}}, "it": {"text": "controproposte con l", "linguisticInfo": {"controproposte": {"lemma": "controproposta", "pos": "V", "is_stop": false, "is_named": false}, "con": {"lemma": "con", "pos": "E", "is_stop": true, "is_named": false}, "l": {"lemma": "l", "pos": "PE", "is_stop": false, "is_named": false}}}}, "obj": {"type": "Event", "pt": {"text": "revelou", "linguisticInfo": {"revelou": {"lemma": "revelar", "pos": "VERB", "is_stop": false, "is_named": false}}}, "it": {"text": "controproposte", "linguisticInfo": {"controproposte": {"lemma": "controproposta", "pos": "S", "is_stop": false, "is_named": false}}}}}, {"id": "R27", "subj": {"type": "Human_Agent", "pt": {"text": "a coliga\u00e7\u00e3o governamental", "linguisticInfo": {"a": {"lemma": "o", "pos": "DET", "is_stop": true, "is_named": false}, "coliga\u00e7\u00e3o": {"lemma": "coliga\u00e7\u00e3o", "pos": "NOUN", "is_stop": false, "is_named": false}, "governamental": {"lemma": "governamental", "pos": "ADJ", "is_stop": false, "is_named": false}}}, "it": {"text": "la coalizione controproposte", "linguisticInfo": {"la": {"lemma": "il", "pos": "RD", "is_stop": true, "is_named": false}, "coalizione": {"lemma": "coalizione", "pos": "S", "is_stop": false, "is_named": false}, "controproposte": {"lemma": "controproposte", "pos": "A", "is_stop": false, "is_named": false}}}}, "obj": {"type": "Event", "pt": {"text": "revelou", "linguisticInfo": {"revelou": {"lemma": "revelar", "pos": "VERB", "is_stop": false, "is_named": false}}}, "it": {"text": "controproposte", "linguisticInfo": {"controproposte": {"lemma": "controproposta", "pos": "S", "is_stop": false, "is_named": false}}}}}, {"id": "R28", "subj": {"type": "Non-human_Patient", "pt": {"text": "\u00e0 sugest\u00e3o de se organizar um referendo", "linguisticInfo": {"\u00e0": {"lemma": "\u00e0", "pos": "ADP", "is_stop": true, "is_named": false}, "sugest\u00e3o": {"lemma": "sugest\u00e3o", "pos": "NOUN", "is_stop": false, "is_named": false}, "de": {"lemma": "de", "pos": "SCONJ", "is_stop": true, "is_named": false}, "se": {"lemma": "se", "pos": "PRON", "is_stop": true, "is_named": false}, "organizar": {"lemma": "organizar", "pos": "VERB", "is_stop": false, "is_named": false}, "um": {"lemma": "um", "pos": "DET", "is_stop": true, "is_named": false}, "referendo": {"lemma": "referendar", "pos": "NOUN", "is_stop": false, "is_named": false}}}, "it": {"text": "alla proposta di organizzare un", "linguisticInfo": {"alla": {"lemma": "alla", "pos": "E_RD", "is_stop": true, "is_named": false}, "proposta": {"lemma": "proposta", "pos": "S", "is_stop": false, "is_named": false}, "di": {"lemma": "di", "pos": "E", "is_stop": true, "is_named": false}, "organizzare": {"lemma": "organizzare", "pos": "V", "is_stop": false, "is_named": false}, "un": {"lemma": "uno", "pos": "RI", "is_stop": true, "is_named": false}}}}, "obj": {"type": "Event", "pt": {"text": "oposi\u00e7\u00e3o", "linguisticInfo": {"oposi\u00e7\u00e3o": {"lemma": "oposi\u00e7\u00e3o", "pos": "NOUN", "is_stop": false, "is_named": false}}}, "it": {"text": "fortemente", "linguisticInfo": {"fortemente": {"lemma": "fortemente", "pos": "B", "is_stop": false, "is_named": false}}}}}, {"id": "R29", "subj": {"type": "Non-human_Patient", "pt": {"text": "um referendo", "linguisticInfo": {"um": {"lemma": "um", "pos": "DET", "is_stop": true, "is_named": false}, "referendo": {"lemma": "referendar", "pos": "NOUN", "is_stop": false, "is_named": false}}}, "it": {"text": "un referendum", "linguisticInfo": {"un": {"lemma": "uno", "pos": "RI", "is_stop": true, "is_named": false}, "referendum": {"lemma": "referendum", "pos": "S", "is_stop": false, "is_named": false}}}}, "obj": {"type": "Event", "pt": {"text": "organizar", "linguisticInfo": {"organizar": {"lemma": "organizar", "pos": "VERB", "is_stop": false, "is_named": false}}}, "it": {"text": "organizzare", "linguisticInfo": {"organizzare": {"lemma": "organizzare", "pos": "V", "is_stop": false, "is_named": false}}}}}, {"id": "R31", "subj": {"type": "Human_Agent", "pt": {"text": "o governo", "linguisticInfo": {"o": {"lemma": "o", "pos": "DET", "is_stop": true, "is_named": false}, "governo": {"lemma": "governar", "pos": "NOUN", "is_stop": false, "is_named": false}}}, "it": {"text": "il governo", "linguisticInfo": {"il": {"lemma": "il", "pos": "RD", "is_stop": true, "is_named": false}, "governo": {"lemma": "governo", "pos": "S", "is_stop": true, "is_named": false}}}}, "obj": {"type": "Event", "pt": {"text": "venha a contra-atacar", "linguisticInfo": {"venha": {"lemma": "vir", "pos": "VERB", "is_stop": false, "is_named": false}, "a": {"lemma": "o", "pos": "ADP", "is_stop": true, "is_named": false}, "contra-atacar": {"lemma": "contra-atacar", "pos": "VERB", "is_stop": false, "is_named": false}}}, "it": {"text": "risponder\u00e0 con una", "linguisticInfo": {"risponder\u00e0": {"lemma": "rispondere", "pos": "V", "is_stop": false, "is_named": false}, "con": {"lemma": "con", "pos": "E", "is_stop": true, "is_named": false}, "una": {"lemma": "uno", "pos": "RI", "is_stop": true, "is_named": false}}}}}, {"id": "R32", "subj": {"type": "Oth_argument", "pt": {"text": "com propostas pr\u00f3prias", "linguisticInfo": {"com": {"lemma": "com", "pos": "ADP", "is_stop": true, "is_named": false}, "propostas": {"lemma": "proposto", "pos": "NOUN", "is_stop": false, "is_named": false}, "pr\u00f3prias": {"lemma": "pr\u00f3prio", "pos": "ADJ", "is_stop": false, "is_named": false}}}, "it": {"text": "con una serie demistificare il segreto", "linguisticInfo": {"con": {"lemma": "con", "pos": "E", "is_stop": true, "is_named": false}, "una": {"lemma": "uno", "pos": "RI", "is_stop": true, "is_named": false}, "serie": {"lemma": "serie", "pos": "S", "is_stop": false, "is_named": false}, "demistificare": {"lemma": "demistificare", "pos": "V", "is_stop": false, "is_named": false}, "il": {"lemma": "il", "pos": "RD", "is_stop": true, "is_named": false}, "segreto": {"lemma": "segreto", "pos": "S", "is_stop": false, "is_named": false}}}}, "obj": {"type": "Event", "pt": {"text": "venha a contra-atacar", "linguisticInfo": {"venha": {"lemma": "vir", "pos": "VERB", "is_stop": false, "is_named": false}, "a": {"lemma": "o", "pos": "ADP", "is_stop": true, "is_named": false}, "contra-atacar": {"lemma": "contra-atacar", "pos": "VERB", "is_stop": false, "is_named": false}}}, "it": {"text": "risponder\u00e0 con una", "linguisticInfo": {"risponder\u00e0": {"lemma": "rispondere", "pos": "V", "is_stop": false, "is_named": false}, "con": {"lemma": "con", "pos": "E", "is_stop": true, "is_named": false}, "una": {"lemma": "uno", "pos": "RI", "is_stop": true, "is_named": false}}}}}]}, "sentences_6": {"itText": "NULL nel frattempo dovrebbe essere pubblicata la proposta del ministro delle finanze in merito alla revisione della legge bancaria , che sar\u00e0 successivamente discussa in commissione dagli esperti tra ottobre e novembre .", "ptText": "entretanto dever\u00e1 ser publicado um projecto do ministro das finan\u00e7as para a revis\u00e3o da lei banc\u00e1ria o qual dever\u00e1 ser discutido por comiss\u00f5es de peritos em outubro ou novembro . \n", "relations": [{"id": "R38", "subj": {"type": "Non-human_Patient", "pt": {"text": "um projecto do ministro das Finan\u00e7as para a revis\u00e3o da lei banc\u00e1ria", "linguisticInfo": {"um": {"lemma": "um", "pos": "DET", "is_stop": true, "is_named": false}, "projecto": {"lemma": "projectar", "pos": "NOUN", "is_stop": false, "is_named": false}, "do": {"lemma": "do", "pos": "ADP", "is_stop": true, "is_named": false}, "ministro": {"lemma": "ministrar", "pos": "NOUN", "is_stop": false, "is_named": false}, "das": {"lemma": "das", "pos": "ADP", "is_stop": true, "is_named": false}, "Finan\u00e7as": {"lemma": "Finan\u00e7as", "pos": "NOUN", "is_stop": false, "is_named": true}, "para": {"lemma": "parir", "pos": "ADP", "is_stop": true, "is_named": false}, "a": {"lemma": "o", "pos": "DET", "is_stop": true, "is_named": false}, "revis\u00e3o": {"lemma": "revis\u00e3o", "pos": "NOUN", "is_stop": false, "is_named": false}, "da": {"lemma": "da", "pos": "ADP", "is_stop": true, "is_named": false}, "lei": {"lemma": "lei", "pos": "NOUN", "is_stop": false, "is_named": false}, "banc\u00e1ria": {"lemma": "banc\u00e1rio", "pos": "VERB", "is_stop": false, "is_named": false}}}, "it": {"text": "nel frattempo proposta del ministro delle finanze in merito alla revisione", "linguisticInfo": {"nel": {"lemma": "nel", "pos": "E_RD", "is_stop": true, "is_named": false}, "frattempo": {"lemma": "frattempo", "pos": "A", "is_stop": true, "is_named": false}, "proposta": {"lemma": "proposta", "pos": "S", "is_stop": false, "is_named": false}, "del": {"lemma": "del", "pos": "E_RD", "is_stop": true, "is_named": false}, "ministro": {"lemma": "ministro", "pos": "S", "is_stop": true, "is_named": false}, "delle": {"lemma": "della", "pos": "E_RD", "is_stop": true, "is_named": false}, "finanze": {"lemma": "finanza", "pos": "S", "is_stop": false, "is_named": false}, "in": {"lemma": "in", "pos": "E", "is_stop": true, "is_named": false}, "merito": {"lemma": "merito", "pos": "S", "is_stop": false, "is_named": false}, "alla": {"lemma": "alla", "pos": "E_RD", "is_stop": true, "is_named": false}, "revisione": {"lemma": "revisione", "pos": "S", "is_stop": false, "is_named": false}}}}, "obj": {"type": "Event", "pt": {"text": "dever\u00e1 ser publicado", "linguisticInfo": {"dever\u00e1": {"lemma": "dever", "pos": "VERB", "is_stop": true, "is_named": false}, "ser": {"lemma": "ser", "pos": "AUX", "is_stop": true, "is_named": false}, "publicado": {"lemma": "publicar", "pos": "VERB", "is_stop": false, "is_named": false}}}, "it": {"text": "dovrebbe essere pubblicata", "linguisticInfo": {"dovrebbe": {"lemma": "dovere", "pos": "VM", "is_stop": false, "is_named": false}, "essere": {"lemma": "essere", "pos": "VA", "is_stop": true, "is_named": false}, "pubblicata": {"lemma": "pubblicare", "pos": "V", "is_stop": false, "is_named": false}}}}}, {"id": "R40", "subj": {"type": "Non-human_Patient", "pt": {"text": "o qual", "linguisticInfo": {"o": {"lemma": "o", "pos": "DET", "is_stop": true, "is_named": false}, "qual": {"lemma": "qual", "pos": "PRON", "is_stop": true, "is_named": false}}}, "it": {"text": "che", "linguisticInfo": {"che": {"lemma": "che", "pos": "CS", "is_stop": true, "is_named": false}}}}, "obj": {"type": "Event", "pt": {"text": "dever\u00e1 ser discutido", "linguisticInfo": {"dever\u00e1": {"lemma": "dever", "pos": "VERB", "is_stop": true, "is_named": false}, "ser": {"lemma": "ser", "pos": "AUX", "is_stop": true, "is_named": false}, "discutido": {"lemma": "discutir", "pos": "VERB", "is_stop": false, "is_named": false}}}, "it": {"text": "dovrebbe sar\u00e0 discussa", "linguisticInfo": {"dovrebbe": {"lemma": "dovere", "pos": "VM", "is_stop": false, "is_named": false}, "sar\u00e0": {"lemma": "essere", "pos": "VA", "is_stop": true, "is_named": false}, "discussa": {"lemma": "discusso", "pos": "V", "is_stop": false, "is_named": false}}}}}, {"id": "R41", "subj": {"type": "Human_Agent", "pt": {"text": "comiss\u00f5es de peritos", "linguisticInfo": {"comiss\u00f5es": {"lemma": "comiss\u00e3o", "pos": "NOUN", "is_stop": false, "is_named": false}, "de": {"lemma": "de", "pos": "ADP", "is_stop": true, "is_named": false}, "peritos": {"lemma": "perito", "pos": "NOUN", "is_stop": false, "is_named": false}}}, "it": {"text": "commissione dagli esperti", "linguisticInfo": {"commissione": {"lemma": "commissione", "pos": "S", "is_stop": false, "is_named": false}, "dagli": {"lemma": "dal", "pos": "E_RD", "is_stop": true, "is_named": false}, "esperti": {"lemma": "esperto", "pos": "S", "is_stop": false, "is_named": false}}}}, "obj": {"type": "Event", "pt": {"text": "dever\u00e1 ser discutido", "linguisticInfo": {"dever\u00e1": {"lemma": "dever", "pos": "VERB", "is_stop": true, "is_named": false}, "ser": {"lemma": "ser", "pos": "AUX", "is_stop": true, "is_named": false}, "discutido": {"lemma": "discutir", "pos": "VERB", "is_stop": false, "is_named": false}}}, "it": {"text": "dovrebbe sar\u00e0 discussa", "linguisticInfo": {"dovrebbe": {"lemma": "dovere", "pos": "VM", "is_stop": false, "is_named": false}, "sar\u00e0": {"lemma": "essere", "pos": "VA", "is_stop": true, "is_named": false}, "discussa": {"lemma": "discusso", "pos": "V", "is_stop": false, "is_named": false}}}}}, {"id": "R42", "subj": {"type": "Time", "pt": {"text": "em Outubro ou Novembro", "linguisticInfo": {"em": {"lemma": "em", "pos": "ADP", "is_stop": true, "is_named": false}, "Outubro": {"lemma": "Outubro", "pos": "NOUN", "is_stop": false, "is_named": true}, "ou": {"lemma": "ou", "pos": "CCONJ", "is_stop": true, "is_named": false}, "Novembro": {"lemma": "Novembro", "pos": "NOUN", "is_stop": false, "is_named": true}}}, "it": {"text": "in merito alla ottobre e novembre", "linguisticInfo": {"in": {"lemma": "in", "pos": "E", "is_stop": true, "is_named": false}, "merito": {"lemma": "merito", "pos": "S", "is_stop": false, "is_named": false}, "alla": {"lemma": "alla", "pos": "E_RD", "is_stop": true, "is_named": false}, "ottobre": {"lemma": "ottobre", "pos": "S", "is_stop": false, "is_named": false}, "e": {"lemma": "e", "pos": "CC", "is_stop": false, "is_named": false}, "novembre": {"lemma": "novembre", "pos": "S", "is_stop": false, "is_named": false}}}}, "obj": {"type": "Event", "pt": {"text": "dever\u00e1 ser discutido", "linguisticInfo": {"dever\u00e1": {"lemma": "dever", "pos": "VERB", "is_stop": true, "is_named": false}, "ser": {"lemma": "ser", "pos": "AUX", "is_stop": true, "is_named": false}, "discutido": {"lemma": "discutir", "pos": "VERB", "is_stop": false, "is_named": false}}}, "it": {"text": "dovrebbe sar\u00e0 discussa", "linguisticInfo": {"dovrebbe": {"lemma": "dovere", "pos": "VM", "is_stop": false, "is_named": false}, "sar\u00e0": {"lemma": "essere", "pos": "VA", "is_stop": true, "is_named": false}, "discussa": {"lemma": "discusso", "pos": "V", "is_stop": false, "is_named": false}}}}}]}}