{"sentences_0": {"itText": "NULL la millenaria diplomazia vaticana non ha mai suscitato tante perplessit\u00e0 come in occasione dell \u2019 udienza concessa dal papa a yasser arafat . e non perch\u00e9 non si riconosca il diritto del popolo palestinese ad una patria , ma perch\u00e9 non \u00e8 n\u00e9 facile n\u00e9 semplice slegare il nome di arafat e quello dell \u2019 olp dagli atti terroristici che non hanno mai avuto nulla a che fare con la causa palestinese .", "ptText": "a milen\u00e1ria diplomacia vaticana raras vezes ter\u00e1 provocado tanta perplexidade como a prop\u00f3sito da audi\u00eancia concedida pelo papa a yasser arafat . e n\u00e3o porque possam estar em causa os direitos do povo palestiniano a uma p\u00e1tria , mas porque n\u00e3o \u00e9 f\u00e1cil , nem simples , desligar os nomes de arafat e da olp de actos terroristas que nada tinham a ver , directamente , com a causa palestiniana . \n", "relations": [{"id": "R3", "subj": {"type": "Non-human_Patient", "pt": {"text": "os nomes de Arafat e da OLP", "linguisticInfo": {"os": {"lemma": "o", "pos": "DET", "is_stop": true, "is_named": false}, "nomes": {"lemma": "nome", "pos": "NOUN", "is_stop": false, "is_named": false}, "de": {"lemma": "de", "pos": "ADP", "is_stop": true, "is_named": false}, "Arafat": {"lemma": "Arafat", "pos": "PROPN", "is_stop": false, "is_named": true}, "e": {"lemma": "e", "pos": "CCONJ", "is_stop": true, "is_named": false}, "da": {"lemma": "da", "pos": "ADP", "is_stop": true, "is_named": false}, "OLP": {"lemma": "OLP", "pos": "PROPN", "is_stop": false, "is_named": true}}}, "it": {"text": "nome di arafat e dell olp", "linguisticInfo": {"nome": {"lemma": "nome", "pos": "S", "is_stop": false, "is_named": false}, "di": {"lemma": "di", "pos": "E", "is_stop": true, "is_named": false}, "arafat": {"lemma": "arafat", "pos": "S", "is_stop": false, "is_named": false}, "e": {"lemma": "e", "pos": "CC", "is_stop": false, "is_named": false}, "dell": {"lemma": "dell", "pos": "SP", "is_stop": true, "is_named": false}, "olp": {"lemma": "olp", "pos": "A", "is_stop": false, "is_named": false}}}}, "obj": {"type": "Event", "pt": {"text": "desligar", "linguisticInfo": {"desligar": {"lemma": "desligar", "pos": "VERB", "is_stop": false, "is_named": false}}}, "it": {"text": "slegare", "linguisticInfo": {"slegare": {"lemma": "slegare", "pos": "V", "is_stop": false, "is_named": false}}}}}, {"id": "R4", "subj": {"type": "Non-human_Oth_participant", "pt": {"text": "de actos terroristas que nada tinham a ver , directamente , com a causa palestiniana", "linguisticInfo": {"de": {"lemma": "de", "pos": "ADP", "is_stop": true, "is_named": false}, "actos": {"lemma": "acto", "pos": "DET", "is_stop": false, "is_named": false}, "terroristas": {"lemma": "terrorista", "pos": "ADJ", "is_stop": false, "is_named": false}, "que": {"lemma": "que", "pos": "PRON", "is_stop": true, "is_named": false}, "nada": {"lemma": "nado", "pos": "PRON", "is_stop": true, "is_named": false}, "tinham": {"lemma": "ter", "pos": "VERB", "is_stop": false, "is_named": false}, "a": {"lemma": "o", "pos": "DET", "is_stop": true, "is_named": false}, "ver": {"lemma": "ver", "pos": "VERB", "is_stop": true, "is_named": false}, ",": {"lemma": ",", "pos": "PUNCT", "is_stop": false, "is_named": false}, "directamente": {"lemma": "directamente", "pos": "ADV", "is_stop": false, "is_named": false}, "com": {"lemma": "com", "pos": "ADP", "is_stop": true, "is_named": false}, "causa": {"lemma": "causar", "pos": "NOUN", "is_stop": false, "is_named": false}, "palestiniana": {"lemma": "palestiniano", "pos": "ADJ", "is_stop": false, "is_named": false}}}, "it": {"text": "la millenaria atti terroristici che non hanno nulla a che", "linguisticInfo": {"la": {"lemma": "il", "pos": "RD", "is_stop": true, "is_named": false}, "millenaria": {"lemma": "millenaria", "pos": "S", "is_stop": false, "is_named": false}, "atti": {"lemma": "atto", "pos": "A", "is_stop": false, "is_named": false}, "terroristici": {"lemma": "terroristico", "pos": "A", "is_stop": false, "is_named": false}, "che": {"lemma": "che", "pos": "CS", "is_stop": true, "is_named": false}, "non": {"lemma": "non", "pos": "BN", "is_stop": true, "is_named": false}, "hanno": {"lemma": "avere", "pos": "V", "is_stop": true, "is_named": false}, "nulla": {"lemma": "nulla", "pos": "PI", "is_stop": true, "is_named": false}, "a": {"lemma": "a", "pos": "E", "is_stop": true, "is_named": false}}}}, "obj": {"type": "Event", "pt": {"text": "desligar", "linguisticInfo": {"desligar": {"lemma": "desligar", "pos": "VERB", "is_stop": false, "is_named": false}}}, "it": {"text": "slegare", "linguisticInfo": {"slegare": {"lemma": "slegare", "pos": "V", "is_stop": false, "is_named": false}}}}}]}, "sentences_1": {"itText": "NULL di fatto , \u00e8 stato provato pi\u00f9 volte che le brigate rosse , responsabili di numerosi crimini in territorio italiano , siano state addestrate ed equipaggiate proprio dai palestinesi .", "ptText": "de facto , ficou diversas vezes provado que as brigadas vermelhas , respons\u00e1veis por tantos crimes em territ\u00f3rio italiano , eram treinadas por palestinianos e deles recebiam equipamento . \n", "relations": [{"id": "R5", "subj": {"type": "Human_Patient", "pt": {"text": "as Brigadas Vermelhas", "linguisticInfo": {"as": {"lemma": "o", "pos": "DET", "is_stop": true, "is_named": false}, "Brigadas": {"lemma": "Brigadas", "pos": "PROPN", "is_stop": false, "is_named": true}, "Vermelhas": {"lemma": "Vermelhas", "pos": "PROPN", "is_stop": false, "is_named": true}}}, "it": {"text": "le brigate rosse", "linguisticInfo": {"le": {"lemma": "il", "pos": "RD", "is_stop": true, "is_named": false}, "brigate": {"lemma": "brigata", "pos": "S", "is_stop": false, "is_named": false}, "rosse": {"lemma": "rosso", "pos": "A", "is_stop": false, "is_named": false}}}}, "obj": {"type": "Event", "pt": {"text": "eram treinadas", "linguisticInfo": {"eram": {"lemma": "ser", "pos": "AUX", "is_stop": false, "is_named": false}, "treinadas": {"lemma": "treinar", "pos": "ADJ", "is_stop": false, "is_named": false}}}, "it": {"text": "state addestrate", "linguisticInfo": {"state": {"lemma": "stare", "pos": "VA", "is_stop": true, "is_named": false}, "addestrate": {"lemma": "addestrare", "pos": "V", "is_stop": false, "is_named": false}}}}}, {"id": "R6", "subj": {"type": "Human_Agent", "pt": {"text": "palestinianos", "linguisticInfo": {"palestinianos": {"lemma": "palestiniano", "pos": "NOUN", "is_stop": false, "is_named": false}}}, "it": {"text": "palestinesi", "linguisticInfo": {"palestinesi": {"lemma": "palestinese", "pos": "V_PC", "is_stop": false, "is_named": false}}}}, "obj": {"type": "Event", "pt": {"text": "eram treinadas", "linguisticInfo": {"eram": {"lemma": "ser", "pos": "AUX", "is_stop": false, "is_named": false}, "treinadas": {"lemma": "treinar", "pos": "ADJ", "is_stop": false, "is_named": false}}}, "it": {"text": "state addestrate", "linguisticInfo": {"state": {"lemma": "stare", "pos": "VA", "is_stop": true, "is_named": false}, "addestrate": {"lemma": "addestrare", "pos": "V", "is_stop": false, "is_named": false}}}}}, {"id": "R7", "subj": {"type": "Non-human_Oth_participant", "pt": {"text": "equipamento", "linguisticInfo": {"equipamento": {"lemma": "equipamento", "pos": "NOUN", "is_stop": false, "is_named": false}}}, "it": {"text": "equipaggiate", "linguisticInfo": {"equipaggiate": {"lemma": "equipaggiare", "pos": "V", "is_stop": false, "is_named": false}}}}, "obj": {"type": "Event", "pt": {"text": "recebiam", "linguisticInfo": {"recebiam": {"lemma": "receber", "pos": "VERB", "is_stop": false, "is_named": false}}}, "it": {"text": "equipaggiate", "linguisticInfo": {"equipaggiate": {"lemma": "equipaggiare", "pos": "V", "is_stop": false, "is_named": false}}}}}, {"id": "R8", "subj": {"type": "Human_Patient", "pt": {"text": "as Brigadas Vermelhas", "linguisticInfo": {"as": {"lemma": "o", "pos": "DET", "is_stop": true, "is_named": false}, "Brigadas": {"lemma": "Brigadas", "pos": "PROPN", "is_stop": false, "is_named": true}, "Vermelhas": {"lemma": "Vermelhas", "pos": "PROPN", "is_stop": false, "is_named": true}}}, "it": {"text": "le brigate rosse", "linguisticInfo": {"le": {"lemma": "il", "pos": "RD", "is_stop": true, "is_named": false}, "brigate": {"lemma": "brigata", "pos": "S", "is_stop": false, "is_named": false}, "rosse": {"lemma": "rosso", "pos": "A", "is_stop": false, "is_named": false}}}}, "obj": {"type": "Event", "pt": {"text": "recebiam", "linguisticInfo": {"recebiam": {"lemma": "receber", "pos": "VERB", "is_stop": false, "is_named": false}}}, "it": {"text": "equipaggiate", "linguisticInfo": {"equipaggiate": {"lemma": "equipaggiare", "pos": "V", "is_stop": false, "is_named": false}}}}}]}, "sentences_2": {"itText": "NULL il papa ha espresso chiaramente la sua preoccupazione per la situazione in libano nelle parole che ha rivolto ai pellegrini riuniti in piazza san pietro , poco dopo l \u2019 incontro con arafat . \u00ab il libano - ha detto giovanni paolo ii - ha bisogno di ritrovare la serenit\u00e0 , la pace e la sovranit\u00e0 in tutto il suo territorio . \u00bb", "ptText": "a preocupa\u00e7\u00e3o do papa com a situa\u00e7\u00e3o do l\u00edbano , esteve patente nas palavras que dirigiu aos peregrinos reunidos na pra\u00e7a de s\u00e3o pedro , pouco depois da audi\u00eancia de arafat . \u00ab o l\u00edbano - disse jo\u00e3o paulo ii - tem necessidade de recuperar a serenidade , paz e soberania sobre todo o seu territ\u00f3rio . \u00bb \n", "relations": [{"id": "R47", "subj": {"type": "Non-human_Patient", "pt": {"text": "que", "linguisticInfo": {"que": {"lemma": "que", "pos": "SCONJ", "is_stop": true, "is_named": false}}}, "it": {"text": "che", "linguisticInfo": {"che": {"lemma": "che", "pos": "CS", "is_stop": true, "is_named": false}}}}, "obj": {"type": "Event", "pt": {"text": "dirigiu", "linguisticInfo": {"dirigiu": {"lemma": "dirigir", "pos": "VERB", "is_stop": false, "is_named": false}}}, "it": {"text": "rivolto", "linguisticInfo": {"rivolto": {"lemma": "rivoltare", "pos": "V", "is_stop": false, "is_named": false}}}}}, {"id": "R48", "subj": {"type": "Human_Oth_participant", "pt": {"text": "aos peregrinos reunidos na Pra\u00e7a de S\u00e3o Pedro", "linguisticInfo": {"aos": {"lemma": "aos", "pos": "ADP", "is_stop": true, "is_named": false}, "peregrinos": {"lemma": "peregrino", "pos": "NOUN", "is_stop": false, "is_named": false}, "reunidos": {"lemma": "reunir", "pos": "VERB", "is_stop": false, "is_named": false}, "na": {"lemma": "o", "pos": "ADP", "is_stop": true, "is_named": false}, "Pra\u00e7a": {"lemma": "Pra\u00e7a", "pos": "PROPN", "is_stop": false, "is_named": true}, "de": {"lemma": "de", "pos": "ADP", "is_stop": true, "is_named": false}, "S\u00e3o": {"lemma": "S\u00e3o", "pos": "PROPN", "is_stop": true, "is_named": true}, "Pedro": {"lemma": "Pedro", "pos": "PROPN", "is_stop": false, "is_named": true}}}, "it": {"text": "ai pellegrini riuniti in piazza san pietro", "linguisticInfo": {"ai": {"lemma": "al", "pos": "E_RD", "is_stop": true, "is_named": false}, "pellegrini": {"lemma": "pellegrino", "pos": "S", "is_stop": false, "is_named": false}, "riuniti": {"lemma": "riunire", "pos": "V", "is_stop": false, "is_named": false}, "in": {"lemma": "in", "pos": "E", "is_stop": true, "is_named": false}, "piazza": {"lemma": "piazza", "pos": "S", "is_stop": false, "is_named": false}, "san": {"lemma": "san", "pos": "SP", "is_stop": false, "is_named": false}, "pietro": {"lemma": "pietro", "pos": "SP", "is_stop": false, "is_named": false}}}}, "obj": {"type": "Event", "pt": {"text": "dirigiu", "linguisticInfo": {"dirigiu": {"lemma": "dirigir", "pos": "VERB", "is_stop": false, "is_named": false}}}, "it": {"text": "rivolto", "linguisticInfo": {"rivolto": {"lemma": "rivoltare", "pos": "V", "is_stop": false, "is_named": false}}}}}, {"id": "R50", "subj": {"type": "Geo_location", "pt": {"text": "na Pra\u00e7a de S\u00e3o Pedro", "linguisticInfo": {"na": {"lemma": "o", "pos": "ADP", "is_stop": true, "is_named": false}, "Pra\u00e7a": {"lemma": "Pra\u00e7a", "pos": "PROPN", "is_stop": false, "is_named": true}, "de": {"lemma": "de", "pos": "ADP", "is_stop": true, "is_named": false}, "S\u00e3o": {"lemma": "S\u00e3o", "pos": "PROPN", "is_stop": true, "is_named": true}, "Pedro": {"lemma": "Pedro", "pos": "PROPN", "is_stop": false, "is_named": true}}}, "it": {"text": "in libano nelle piazza san pietro", "linguisticInfo": {"in": {"lemma": "in", "pos": "E", "is_stop": true, "is_named": false}, "libano": {"lemma": "libano", "pos": "V", "is_stop": false, "is_named": false}, "nelle": {"lemma": "nella", "pos": "E_RD", "is_stop": true, "is_named": false}, "piazza": {"lemma": "piazza", "pos": "S", "is_stop": false, "is_named": false}, "san": {"lemma": "san", "pos": "SP", "is_stop": false, "is_named": false}, "pietro": {"lemma": "pietro", "pos": "SP", "is_stop": false, "is_named": false}}}}, "obj": {"type": "Event", "pt": {"text": "reunidos", "linguisticInfo": {"reunidos": {"lemma": "reunir", "pos": "VERB", "is_stop": false, "is_named": false}}}, "it": {"text": "riuniti", "linguisticInfo": {"riuniti": {"lemma": "riunire", "pos": "V", "is_stop": false, "is_named": false}}}}}, {"id": "R51", "subj": {"type": "Time", "pt": {"text": "pouco depois da audi\u00eancia de Arafat", "linguisticInfo": {"pouco": {"lemma": "pouco", "pos": "ADV", "is_stop": true, "is_named": false}, "depois": {"lemma": "depois", "pos": "ADV", "is_stop": true, "is_named": false}, "da": {"lemma": "da", "pos": "ADP", "is_stop": true, "is_named": false}, "audi\u00eancia": {"lemma": "audi\u00eancia", "pos": "NOUN", "is_stop": false, "is_named": false}, "de": {"lemma": "de", "pos": "ADP", "is_stop": true, "is_named": false}, "Arafat": {"lemma": "Arafat", "pos": "PROPN", "is_stop": false, "is_named": true}}}, "it": {"text": "poco dopo l \u2019", "linguisticInfo": {"poco": {"lemma": "poco", "pos": "B", "is_stop": true, "is_named": false}, "dopo": {"lemma": "dopo", "pos": "B", "is_stop": true, "is_named": false}, "l": {"lemma": "l", "pos": "RD", "is_stop": false, "is_named": false}, "\u2019": {"lemma": "\u2019", "pos": "PC", "is_stop": false, "is_named": false}}}}, "obj": {"type": "Event", "pt": {"text": "dirigiu", "linguisticInfo": {"dirigiu": {"lemma": "dirigir", "pos": "VERB", "is_stop": false, "is_named": false}}}, "it": {"text": "rivolto", "linguisticInfo": {"rivolto": {"lemma": "rivoltare", "pos": "V", "is_stop": false, "is_named": false}}}}}, {"id": "R53", "subj": {"type": "Human_Agent", "pt": {"text": "Jo\u00e3o Paulo II", "linguisticInfo": {"Jo\u00e3o": {"lemma": "Jo\u00e3o", "pos": "PROPN", "is_stop": false, "is_named": true}, "Paulo": {"lemma": "Paulo", "pos": "PROPN", "is_stop": false, "is_named": true}, "II": {"lemma": "II", "pos": "PROPN", "is_stop": false, "is_named": true}}}, "it": {"text": "giovanni paolo ii", "linguisticInfo": {"giovanni": {"lemma": "giovanni", "pos": "SP", "is_stop": false, "is_named": false}, "paolo": {"lemma": "paolo", "pos": "SP", "is_stop": false, "is_named": false}, "ii": {"lemma": "ii", "pos": "NO", "is_stop": false, "is_named": false}}}}, "obj": {"type": "Event", "pt": {"text": "disse", "linguisticInfo": {"disse": {"lemma": "dizer", "pos": "VERB", "is_stop": false, "is_named": false}}}, "it": {"text": "detto", "linguisticInfo": {"detto": {"lemma": "dire", "pos": "V", "is_stop": true, "is_named": false}}}}}]}, "sentences_3": {"itText": "NULL mediatore nelle crisi interne della polonia , viaggiatore di pace in gran bretagna e argentina e deciso difensore dell \u2019 intervento della chiesa negli sforzi di pacificazione del mondo moderno , il papa , durante l \u2019 udienza diventata cos\u00ec polemica con il leader dell \u2019 olp , non ha fatto altro che mantenersi fedele alla linea che ha scelto per il suo pontificato .", "ptText": "medianeiro nas crises internas da pol\u00f3nia , viajante de paz na gr\u00e3-bretanha e na argentina , decidido defensor da interven\u00e7\u00e3o da igreja nas dilig\u00eancias de pacifica\u00e7\u00e3o do mundo moderno , o papa mais n\u00e3o ter\u00e1 feito , neste pol\u00e9mico encontro com o l\u00edder da olp , do que prosseguir a linha de actua\u00e7\u00e3o que escolheu como pedra angular do seu pontificado . \n", "relations": [{"id": "R55", "subj": {"type": "Human_Agent", "pt": {"text": "o Papa", "linguisticInfo": {"o": {"lemma": "o", "pos": "DET", "is_stop": true, "is_named": false}, "Papa": {"lemma": "Papa", "pos": "PROPN", "is_stop": false, "is_named": true}}}, "it": {"text": "il papa", "linguisticInfo": {"il": {"lemma": "il", "pos": "RD", "is_stop": true, "is_named": false}, "papa": {"lemma": "papa", "pos": "S", "is_stop": false, "is_named": false}}}}, "obj": {"type": "Event", "pt": {"text": "mais n\u00e3o ter\u00e1 feito", "linguisticInfo": {"mais": {"lemma": "mais", "pos": "ADV", "is_stop": true, "is_named": false}, "n\u00e3o": {"lemma": "n\u00e3o", "pos": "ADV", "is_stop": true, "is_named": false}, "ter\u00e1": {"lemma": "ter", "pos": "AUX", "is_stop": false, "is_named": false}, "feito": {"lemma": "fazer", "pos": "VERB", "is_stop": false, "is_named": false}}}, "it": {"text": "non ha fatto", "linguisticInfo": {"non": {"lemma": "non", "pos": "BN", "is_stop": true, "is_named": false}, "ha": {"lemma": "avere", "pos": "VA", "is_stop": true, "is_named": false}, "fatto": {"lemma": "fare", "pos": "V", "is_stop": true, "is_named": false}}}}}, {"id": "R56", "subj": {"type": "Time", "pt": {"text": "neste pol\u00e9mico encontro com o l\u00edder da OLP", "linguisticInfo": {"neste": {"lemma": "neste", "pos": "ADP", "is_stop": true, "is_named": false}, "pol\u00e9mico": {"lemma": "pol\u00e9mico", "pos": "ADJ", "is_stop": false, "is_named": false}, "encontro": {"lemma": "encontrar", "pos": "NOUN", "is_stop": false, "is_named": false}, "com": {"lemma": "com", "pos": "ADP", "is_stop": true, "is_named": false}, "o": {"lemma": "o", "pos": "DET", "is_stop": true, "is_named": false}, "l\u00edder": {"lemma": "l\u00edder", "pos": "NOUN", "is_stop": false, "is_named": false}, "da": {"lemma": "da", "pos": "ADP", "is_stop": true, "is_named": false}, "OLP": {"lemma": "OLP", "pos": "PROPN", "is_stop": false, "is_named": true}}}, "it": {"text": "altro che mantenersi", "linguisticInfo": {"altro": {"lemma": "altro", "pos": "PI", "is_stop": true, "is_named": false}, "che": {"lemma": "che", "pos": "CS", "is_stop": true, "is_named": false}, "mantenersi": {"lemma": "mantenere", "pos": "V_PC", "is_stop": false, "is_named": false}}}}, "obj": {"type": "Event", "pt": {"text": "mais n\u00e3o ter\u00e1 feito", "linguisticInfo": {"mais": {"lemma": "mais", "pos": "ADV", "is_stop": true, "is_named": false}, "n\u00e3o": {"lemma": "n\u00e3o", "pos": "ADV", "is_stop": true, "is_named": false}, "ter\u00e1": {"lemma": "ter", "pos": "AUX", "is_stop": false, "is_named": false}, "feito": {"lemma": "fazer", "pos": "VERB", "is_stop": false, "is_named": false}}}, "it": {"text": "non ha fatto", "linguisticInfo": {"non": {"lemma": "non", "pos": "BN", "is_stop": true, "is_named": false}, "ha": {"lemma": "avere", "pos": "VA", "is_stop": true, "is_named": false}, "fatto": {"lemma": "fare", "pos": "V", "is_stop": true, "is_named": false}}}}}, {"id": "R57", "subj": {"type": "Non-human_Patient", "pt": {"text": "prosseguir a linha de actua\u00e7\u00e3o que escolheu como pedra angular do seu pontificado", "linguisticInfo": {"prosseguir": {"lemma": "prosseguir", "pos": "VERB", "is_stop": false, "is_named": false}, "a": {"lemma": "o", "pos": "DET", "is_stop": true, "is_named": false}, "linha": {"lemma": "linha", "pos": "NOUN", "is_stop": false, "is_named": false}, "de": {"lemma": "de", "pos": "ADP", "is_stop": true, "is_named": false}, "actua\u00e7\u00e3o": {"lemma": "actua\u00e7\u00e3o", "pos": "NOUN", "is_stop": false, "is_named": false}, "que": {"lemma": "que", "pos": "PRON", "is_stop": true, "is_named": false}, "escolheu": {"lemma": "escolher", "pos": "VERB", "is_stop": false, "is_named": false}, "como": {"lemma": "comer", "pos": "ADP", "is_stop": true, "is_named": false}, "pedra": {"lemma": "pedrar", "pos": "NOUN", "is_stop": false, "is_named": false}, "angular": {"lemma": "angular", "pos": "VERB", "is_stop": false, "is_named": false}, "do": {"lemma": "do", "pos": "ADP", "is_stop": true, "is_named": false}, "seu": {"lemma": "seu", "pos": "DET", "is_stop": true, "is_named": false}, "pontificado": {"lemma": "pontificar", "pos": "NOUN", "is_stop": false, "is_named": false}}}, "it": {"text": "mantenersi fedele alla", "linguisticInfo": {"mantenersi": {"lemma": "mantenere", "pos": "V_PC", "is_stop": false, "is_named": false}, "fedele": {"lemma": "fedele", "pos": "A", "is_stop": false, "is_named": false}, "alla": {"lemma": "alla", "pos": "E_RD", "is_stop": true, "is_named": false}}}}, "obj": {"type": "Event", "pt": {"text": "mais n\u00e3o ter\u00e1 feito", "linguisticInfo": {"mais": {"lemma": "mais", "pos": "ADV", "is_stop": true, "is_named": false}, "n\u00e3o": {"lemma": "n\u00e3o", "pos": "ADV", "is_stop": true, "is_named": false}, "ter\u00e1": {"lemma": "ter", "pos": "AUX", "is_stop": false, "is_named": false}, "feito": {"lemma": "fazer", "pos": "VERB", "is_stop": false, "is_named": false}}}, "it": {"text": "non ha fatto", "linguisticInfo": {"non": {"lemma": "non", "pos": "BN", "is_stop": true, "is_named": false}, "ha": {"lemma": "avere", "pos": "VA", "is_stop": true, "is_named": false}, "fatto": {"lemma": "fare", "pos": "V", "is_stop": true, "is_named": false}}}}}, {"id": "R59", "subj": {"type": "Non-human_Patient", "pt": {"text": "a linha de actua\u00e7\u00e3o que escolheu como pedra angular do seu pontificado", "linguisticInfo": {"a": {"lemma": "o", "pos": "DET", "is_stop": true, "is_named": false}, "linha": {"lemma": "linha", "pos": "NOUN", "is_stop": false, "is_named": false}, "de": {"lemma": "de", "pos": "ADP", "is_stop": true, "is_named": false}, "actua\u00e7\u00e3o": {"lemma": "actua\u00e7\u00e3o", "pos": "NOUN", "is_stop": false, "is_named": false}, "que": {"lemma": "que", "pos": "PRON", "is_stop": true, "is_named": false}, "escolheu": {"lemma": "escolher", "pos": "VERB", "is_stop": false, "is_named": false}, "como": {"lemma": "comer", "pos": "ADP", "is_stop": true, "is_named": false}, "pedra": {"lemma": "pedrar", "pos": "NOUN", "is_stop": false, "is_named": false}, "angular": {"lemma": "angular", "pos": "VERB", "is_stop": false, "is_named": false}, "do": {"lemma": "do", "pos": "ADP", "is_stop": true, "is_named": false}, "seu": {"lemma": "seu", "pos": "DET", "is_stop": true, "is_named": false}, "pontificado": {"lemma": "pontificar", "pos": "NOUN", "is_stop": false, "is_named": false}}}, "it": {"text": "mediatore nelle linea che ha", "linguisticInfo": {"mediatore": {"lemma": "mediatore", "pos": "S", "is_stop": false, "is_named": false}, "nelle": {"lemma": "nella", "pos": "E_RD", "is_stop": true, "is_named": false}, "linea": {"lemma": "linea", "pos": "S", "is_stop": false, "is_named": false}, "che": {"lemma": "che", "pos": "PR", "is_stop": true, "is_named": false}, "ha": {"lemma": "avere", "pos": "V", "is_stop": true, "is_named": false}}}}, "obj": {"type": "Event", "pt": {"text": "prosseguir", "linguisticInfo": {"prosseguir": {"lemma": "prosseguir", "pos": "VERB", "is_stop": false, "is_named": false}}}, "it": {"text": "mantenersi", "linguisticInfo": {"mantenersi": {"lemma": "mantenere", "pos": "V_PC", "is_stop": false, "is_named": false}}}}}, {"id": "R60", "subj": {"type": "Non-human_Oth_participant", "pt": {"text": "como pedra angular do seu pontificado", "linguisticInfo": {"como": {"lemma": "comer", "pos": "ADP", "is_stop": true, "is_named": false}, "pedra": {"lemma": "pedrar", "pos": "NOUN", "is_stop": false, "is_named": false}, "angular": {"lemma": "angular", "pos": "VERB", "is_stop": false, "is_named": false}, "do": {"lemma": "do", "pos": "ADP", "is_stop": true, "is_named": false}, "seu": {"lemma": "seu", "pos": "DET", "is_stop": true, "is_named": false}, "pontificado": {"lemma": "pontificar", "pos": "NOUN", "is_stop": false, "is_named": false}}}, "it": {"text": "diventata cos\u00ec polemica fedele alla linea scelto per il", "linguisticInfo": {"diventata": {"lemma": "diventare", "pos": "V", "is_stop": false, "is_named": false}, "cos\u00ec": {"lemma": "cos\u00ec", "pos": "B", "is_stop": true, "is_named": false}, "polemica": {"lemma": "polemica", "pos": "S", "is_stop": false, "is_named": false}, "fedele": {"lemma": "fedele", "pos": "A", "is_stop": false, "is_named": false}, "alla": {"lemma": "alla", "pos": "E_RD", "is_stop": true, "is_named": false}, "linea": {"lemma": "linea", "pos": "S", "is_stop": false, "is_named": false}, "scelto": {"lemma": "scegliere", "pos": "V", "is_stop": false, "is_named": false}, "per": {"lemma": "per", "pos": "E", "is_stop": true, "is_named": false}, "il": {"lemma": "il", "pos": "RD", "is_stop": true, "is_named": false}}}}, "obj": {"type": "Event", "pt": {"text": "escolheu", "linguisticInfo": {"escolheu": {"lemma": "escolher", "pos": "VERB", "is_stop": false, "is_named": false}}}, "it": {"text": "diventata", "linguisticInfo": {"diventata": {"lemma": "diventare", "pos": "V", "is_stop": false, "is_named": false}}}}}, {"id": "R61", "subj": {"type": "Non-human_Patient", "pt": {"text": "que", "linguisticInfo": {"que": {"lemma": "que", "pos": "SCONJ", "is_stop": true, "is_named": false}}}, "it": {"text": "che", "linguisticInfo": {"che": {"lemma": "che", "pos": "CS", "is_stop": true, "is_named": false}}}}, "obj": {"type": "Event", "pt": {"text": "escolheu", "linguisticInfo": {"escolheu": {"lemma": "escolher", "pos": "VERB", "is_stop": false, "is_named": false}}}, "it": {"text": "diventata", "linguisticInfo": {"diventata": {"lemma": "diventare", "pos": "V", "is_stop": false, "is_named": false}}}}}]}}