{"sentences_0": {"itText": "NULL la possibilit\u00e0 che la trasmissione via satellite venga aperta alle reti televisive europee nel 1985 , ha cominciato a farsi strada anche a lisbona quando radio bercko ha presentato alla stampa gli apparecchi \u00ab luxor \u00bb , gli unici , al momento , in grado di ricevere emissioni con questo canale . grazie all \u2019 aiuto di un \u2019 antenna parabolica di due metri di diametro , i giornalisti e gli agenti di radio bercko sono riusciti ad assistere ad un programma he veniva trasmess da mosca , visto che l \u2019 unione sovietica continua ad utilizzare il sistema satellitare", "ptText": "as possibilidades que a transmiss\u00e3o por satlite vai , em 1985 , abrir \u00e0s televis\u00f5es europeias foram , h\u00e1 dias , entrevistas em lisboa quando r\u00e1dio bercko apresentou \u00e0 imprensa os aparelhos da marca \u00ab luxor \u00bb , os \u00fanicos at\u00e9 agora preparados para receberem emiss\u00f5es por aquela via . com a ajuda de uma antena parab\u00f3lica de dois metros de di\u00e2metro os jornalistas e agentes da r\u00e1dio bercko puderam acompanhar o programa que estava a ser transmitido de moscovo , dado que a uni\u00e3o sovi\u00e9tica continua a utilizar o sistema de sat\u00e9lite que montou para a difus\u00e3o dos jogos \n", "relations": [{"id": "R9", "subj": {"type": "Human_Agent", "pt": {"text": "R\u00e1dio Bercko", "linguisticInfo": {"R\u00e1dio": {"lemma": "R\u00e1dio", "pos": "PROPN", "is_stop": false, "is_named": true}, "Bercko": {"lemma": "Bercko", "pos": "PROPN", "is_stop": false, "is_named": true}}}, "it": {"text": "radio bercko", "linguisticInfo": {"radio": {"lemma": "radio", "pos": "S", "is_stop": false, "is_named": false}, "bercko": {"lemma": "bercko", "pos": "A", "is_stop": false, "is_named": false}}}}, "obj": {"type": "Event", "pt": {"text": "apresentou", "linguisticInfo": {"apresentou": {"lemma": "apresentar", "pos": "VERB", "is_stop": false, "is_named": false}}}, "it": {"text": "presentato", "linguisticInfo": {"presentato": {"lemma": "presentare", "pos": "V", "is_stop": false, "is_named": false}}}}}, {"id": "R10", "subj": {"type": "Human_Patient", "pt": {"text": "\u00e0 Imprensa", "linguisticInfo": {"\u00e0": {"lemma": "\u00e0", "pos": "ADP", "is_stop": true, "is_named": false}, "Imprensa": {"lemma": "Imprensa", "pos": "PROPN", "is_stop": false, "is_named": true}}}, "it": {"text": "alla stampa", "linguisticInfo": {"alla": {"lemma": "alla", "pos": "E_RD", "is_stop": true, "is_named": false}, "stampa": {"lemma": "stampa", "pos": "S", "is_stop": false, "is_named": false}}}}, "obj": {"type": "Event", "pt": {"text": "apresentou", "linguisticInfo": {"apresentou": {"lemma": "apresentar", "pos": "VERB", "is_stop": false, "is_named": false}}}, "it": {"text": "presentato", "linguisticInfo": {"presentato": {"lemma": "presentare", "pos": "V", "is_stop": false, "is_named": false}}}}}, {"id": "R13", "subj": {"type": "Oth_argument", "pt": {"text": "por aquela via", "linguisticInfo": {"por": {"lemma": "por", "pos": "ADP", "is_stop": true, "is_named": false}, "aquela": {"lemma": "aquele", "pos": "DET", "is_stop": true, "is_named": false}, "via": {"lemma": "ver", "pos": "NOUN", "is_stop": false, "is_named": false}}}, "it": {"text": "he veniva trasmess da", "linguisticInfo": {"he": {"lemma": "he", "pos": "VA", "is_stop": false, "is_named": false}, "veniva": {"lemma": "venire", "pos": "V", "is_stop": false, "is_named": false}, "trasmess": {"lemma": "trasmess", "pos": "S", "is_stop": false, "is_named": false}, "da": {"lemma": "da", "pos": "E", "is_stop": true, "is_named": false}}}}, "obj": {"type": "Event", "pt": {"text": "receberem", "linguisticInfo": {"receberem": {"lemma": "receber", "pos": "VERB", "is_stop": false, "is_named": false}}}, "it": {"text": "ricevere", "linguisticInfo": {"ricevere": {"lemma": "ricevere", "pos": "V", "is_stop": false, "is_named": false}}}}}, {"id": "R14", "subj": {"type": "Non-human_Patient", "pt": {"text": "emiss\u00f5es", "linguisticInfo": {"emiss\u00f5es": {"lemma": "emiss\u00e3o", "pos": "NOUN", "is_stop": false, "is_named": false}}}, "it": {"text": "emissioni", "linguisticInfo": {"emissioni": {"lemma": "emissione", "pos": "S", "is_stop": false, "is_named": false}}}}, "obj": {"type": "Event", "pt": {"text": "receberem", "linguisticInfo": {"receberem": {"lemma": "receber", "pos": "VERB", "is_stop": false, "is_named": false}}}, "it": {"text": "ricevere", "linguisticInfo": {"ricevere": {"lemma": "ricevere", "pos": "V", "is_stop": false, "is_named": false}}}}}, {"id": "R15", "subj": {"type": "Non-human_Agent", "pt": {"text": "uma antena parab\u00f3lica de dois metros de di\u00e2metro", "linguisticInfo": {"uma": {"lemma": "umar", "pos": "DET", "is_stop": true, "is_named": false}, "antena": {"lemma": "antena", "pos": "NOUN", "is_stop": false, "is_named": false}, "parab\u00f3lica": {"lemma": "parab\u00f3lico", "pos": "ADJ", "is_stop": false, "is_named": false}, "de": {"lemma": "de", "pos": "ADP", "is_stop": true, "is_named": false}, "dois": {"lemma": "dois", "pos": "NUM", "is_stop": true, "is_named": false}, "metros": {"lemma": "metro", "pos": "NOUN", "is_stop": false, "is_named": false}, "di\u00e2metro": {"lemma": "di\u00e2metro", "pos": "NOUN", "is_stop": false, "is_named": false}}}, "it": {"text": "un antenna parabolica di due metri di diametro", "linguisticInfo": {"un": {"lemma": "uno", "pos": "RI", "is_stop": true, "is_named": false}, "antenna": {"lemma": "antenna", "pos": "S", "is_stop": false, "is_named": false}, "parabolica": {"lemma": "parabolico", "pos": "V", "is_stop": false, "is_named": false}, "di": {"lemma": "di", "pos": "E", "is_stop": true, "is_named": false}, "due": {"lemma": "due", "pos": "N", "is_stop": true, "is_named": false}, "metri": {"lemma": "metro", "pos": "S", "is_stop": false, "is_named": false}, "diametro": {"lemma": "diametro", "pos": "S", "is_stop": false, "is_named": false}}}}, "obj": {"type": "Event", "pt": {"text": "a ajuda", "linguisticInfo": {"a": {"lemma": "o", "pos": "DET", "is_stop": true, "is_named": false}, "ajuda": {"lemma": "ajudar", "pos": "NOUN", "is_stop": false, "is_named": false}}}, "it": {"text": "all aiuto", "linguisticInfo": {"all": {"lemma": "all", "pos": "S", "is_stop": true, "is_named": false}, "aiuto": {"lemma": "aiuto", "pos": "A", "is_stop": false, "is_named": false}}}}}, {"id": "R17", "subj": {"type": "Human_Agent", "pt": {"text": "os jornalistas e agentes da R\u00e1dio Bercko", "linguisticInfo": {"os": {"lemma": "o", "pos": "DET", "is_stop": true, "is_named": false}, "jornalistas": {"lemma": "jornalista", "pos": "NOUN", "is_stop": false, "is_named": false}, "e": {"lemma": "e", "pos": "CCONJ", "is_stop": true, "is_named": false}, "agentes": {"lemma": "agente", "pos": "NOUN", "is_stop": false, "is_named": false}, "da": {"lemma": "da", "pos": "ADP", "is_stop": true, "is_named": false}, "R\u00e1dio": {"lemma": "R\u00e1dio", "pos": "PROPN", "is_stop": false, "is_named": true}, "Bercko": {"lemma": "Bercko", "pos": "PROPN", "is_stop": false, "is_named": true}}}, "it": {"text": "i giornalisti e gli agenti di radio", "linguisticInfo": {"i": {"lemma": "il", "pos": "RD", "is_stop": false, "is_named": false}, "giornalisti": {"lemma": "giornalista", "pos": "S", "is_stop": false, "is_named": false}, "e": {"lemma": "e", "pos": "CC", "is_stop": false, "is_named": false}, "gli": {"lemma": "il", "pos": "RD", "is_stop": true, "is_named": false}, "agenti": {"lemma": "agente", "pos": "S", "is_stop": false, "is_named": false}, "di": {"lemma": "di", "pos": "E", "is_stop": true, "is_named": false}, "radio": {"lemma": "radio", "pos": "S", "is_stop": false, "is_named": false}}}}, "obj": {"type": "Event", "pt": {"text": "puderam acompanhar", "linguisticInfo": {"puderam": {"lemma": "poder", "pos": "VERB", "is_stop": true, "is_named": false}, "acompanhar": {"lemma": "acompanhar", "pos": "VERB", "is_stop": false, "is_named": false}}}, "it": {"text": "riusciti assistere", "linguisticInfo": {"riusciti": {"lemma": "riuscire", "pos": "V", "is_stop": false, "is_named": false}, "assistere": {"lemma": "assistere", "pos": "V", "is_stop": false, "is_named": false}}}}}, {"id": "R18", "subj": {"type": "Non-human_Patient", "pt": {"text": "o programa que estava a ser transmitido de Moscovo", "linguisticInfo": {"o": {"lemma": "o", "pos": "DET", "is_stop": true, "is_named": false}, "programa": {"lemma": "programar", "pos": "NOUN", "is_stop": false, "is_named": false}, "que": {"lemma": "que", "pos": "PRON", "is_stop": true, "is_named": false}, "estava": {"lemma": "estar", "pos": "VERB", "is_stop": true, "is_named": false}, "a": {"lemma": "o", "pos": "SCONJ", "is_stop": true, "is_named": false}, "ser": {"lemma": "ser", "pos": "AUX", "is_stop": true, "is_named": false}, "transmitido": {"lemma": "transmitir", "pos": "VERB", "is_stop": false, "is_named": false}, "de": {"lemma": "de", "pos": "ADP", "is_stop": true, "is_named": false}, "Moscovo": {"lemma": "Moscovo", "pos": "PROPN", "is_stop": false, "is_named": true}}}, "it": {"text": "la possibilit\u00e0 programma he veniva", "linguisticInfo": {"la": {"lemma": "il", "pos": "RD", "is_stop": true, "is_named": false}, "possibilit\u00e0": {"lemma": "possibilit\u00e0", "pos": "S", "is_stop": false, "is_named": false}, "programma": {"lemma": "programma", "pos": "S", "is_stop": false, "is_named": false}, "he": {"lemma": "he", "pos": "VA", "is_stop": false, "is_named": false}, "veniva": {"lemma": "venire", "pos": "V", "is_stop": false, "is_named": false}}}}, "obj": {"type": "Event", "pt": {"text": "puderam acompanhar", "linguisticInfo": {"puderam": {"lemma": "poder", "pos": "VERB", "is_stop": true, "is_named": false}, "acompanhar": {"lemma": "acompanhar", "pos": "VERB", "is_stop": false, "is_named": false}}}, "it": {"text": "riusciti assistere", "linguisticInfo": {"riusciti": {"lemma": "riuscire", "pos": "V", "is_stop": false, "is_named": false}, "assistere": {"lemma": "assistere", "pos": "V", "is_stop": false, "is_named": false}}}}}, {"id": "R20", "subj": {"type": "Non-human_Patient", "pt": {"text": "que", "linguisticInfo": {"que": {"lemma": "que", "pos": "SCONJ", "is_stop": true, "is_named": false}}}, "it": {"text": "che", "linguisticInfo": {"che": {"lemma": "che", "pos": "CS", "is_stop": true, "is_named": false}}}}, "obj": {"type": "Event", "pt": {"text": "montou", "linguisticInfo": {"montou": {"lemma": "montar", "pos": "VERB", "is_stop": false, "is_named": false}}}, "it": {"text": "trasmess", "linguisticInfo": {"trasmess": {"lemma": "trasmess", "pos": "S", "is_stop": false, "is_named": false}}}}}, {"id": "R21", "subj": {"type": "Human_Agent", "pt": {"text": "a Uni\u00e3o Sovi\u00e9tica", "linguisticInfo": {"a": {"lemma": "o", "pos": "DET", "is_stop": true, "is_named": false}, "Uni\u00e3o": {"lemma": "Uni\u00e3o", "pos": "PROPN", "is_stop": false, "is_named": true}, "Sovi\u00e9tica": {"lemma": "Sovi\u00e9tica", "pos": "PROPN", "is_stop": false, "is_named": true}}}, "it": {"text": "l unione sovietica", "linguisticInfo": {"l": {"lemma": "l", "pos": "RD", "is_stop": false, "is_named": false}, "unione": {"lemma": "unione", "pos": "SP", "is_stop": false, "is_named": false}, "sovietica": {"lemma": "sovietico", "pos": "A", "is_stop": false, "is_named": false}}}}, "obj": {"type": "Event", "pt": {"text": "montou", "linguisticInfo": {"montou": {"lemma": "montar", "pos": "VERB", "is_stop": false, "is_named": false}}}, "it": {"text": "trasmess", "linguisticInfo": {"trasmess": {"lemma": "trasmess", "pos": "S", "is_stop": false, "is_named": false}}}}}]}, "sentences_1": {"itText": "NULL il tecnico svedese oscar backman \u00e8 venuto in portogallo di proposito per l \u2019 inaugurazione di questa televisione , originalmente fabbricata nel suo paese . quanto alle potenzialit\u00e0 che questo nuovo sistema ci porter\u00e0 , si \u00e8 limitato a dire il seguente : \u00ab preparatevi ! \u00bb grazie al satellite , i telespettatori di tutto il mondo potranno davvero ricevere nei loro apparecchi le emissioni di numero altri paesi . sar\u00e0 per\u00f2 necessario , ovviamente , disporre di un apparecchio e un \u2019 antenna adeguati . il \u00ab luxor \u00bb \u00e8 il primo di questi apparecchi in vendita in portogallo", "ptText": "o t\u00e9cnico sueco oscar backman , que veio a portugal expressamente para o lan\u00e7amento daquele televisor , fabricado originalmente no seu pa\u00eds , referindo -se \u00e0s potencialidades que o novo sistema vai trazer , limitou -se a alertar : \u00ab estejam preparados ! \u00bb o recurso ao sat\u00e9lite permitir\u00e1 , na verdade , aos telespectadores de qualquer pa\u00eds receberem nos seus aparelhos as emiss\u00f5es de v\u00e1rios outros pa\u00edses . desde que , naturalmente , disponham de aparelho e antena adequados . o \u00ab luxor \u00bb \u00e9 o primeiro desses aparelhos postos \u00e0 venda em portugal . \n", "relations": [{"id": "R14", "subj": {"type": "Non-human_Patient", "pt": {"text": "emiss\u00f5es", "linguisticInfo": {"emiss\u00f5es": {"lemma": "emiss\u00e3o", "pos": "NOUN", "is_stop": false, "is_named": false}}}, "it": {"text": "emissioni", "linguisticInfo": {"emissioni": {"lemma": "emissione", "pos": "S", "is_stop": false, "is_named": false}}}}, "obj": {"type": "Event", "pt": {"text": "receberem", "linguisticInfo": {"receberem": {"lemma": "receber", "pos": "VERB", "is_stop": false, "is_named": false}}}, "it": {"text": "ricevere", "linguisticInfo": {"ricevere": {"lemma": "ricevere", "pos": "V", "is_stop": false, "is_named": false}}}}}, {"id": "R25", "subj": {"type": "Geo_location", "pt": {"text": "no seu pa\u00eds", "linguisticInfo": {"no": {"lemma": "o", "pos": "ADP", "is_stop": true, "is_named": false}, "seu": {"lemma": "seu", "pos": "DET", "is_stop": true, "is_named": false}, "pa\u00eds": {"lemma": "pa\u00eds", "pos": "NOUN", "is_stop": false, "is_named": false}}}, "it": {"text": "nel suo paese", "linguisticInfo": {"nel": {"lemma": "nel", "pos": "E_RD", "is_stop": true, "is_named": false}, "suo": {"lemma": "suo", "pos": "AP", "is_stop": true, "is_named": false}, "paese": {"lemma": "paese", "pos": "S", "is_stop": true, "is_named": false}}}}, "obj": {"type": "Event", "pt": {"text": "fabricado", "linguisticInfo": {"fabricado": {"lemma": "fabricar", "pos": "VERB", "is_stop": false, "is_named": false}}}, "it": {"text": "fabbricata", "linguisticInfo": {"fabbricata": {"lemma": "fabbricare", "pos": "V", "is_stop": false, "is_named": false}}}}}, {"id": "R28", "subj": {"type": "Geo_location", "pt": {"text": "a Portugal", "linguisticInfo": {"a": {"lemma": "o", "pos": "ADP", "is_stop": true, "is_named": false}, "Portugal": {"lemma": "Portugal", "pos": "PROPN", "is_stop": false, "is_named": true}}}, "it": {"text": "portogallo", "linguisticInfo": {"portogallo": {"lemma": "portogallo", "pos": "S", "is_stop": false, "is_named": false}}}}, "obj": {"type": "Event", "pt": {"text": "veio", "linguisticInfo": {"veio": {"lemma": "vir", "pos": "VERB", "is_stop": false, "is_named": false}}}, "it": {"text": "venuto", "linguisticInfo": {"venuto": {"lemma": "venire", "pos": "V", "is_stop": false, "is_named": false}}}}}, {"id": "R29", "subj": {"type": "Human_Agent", "pt": {"text": "que", "linguisticInfo": {"que": {"lemma": "que", "pos": "SCONJ", "is_stop": true, "is_named": false}}}, "it": {"text": "", "linguisticInfo": {}}}, "obj": {"type": "Event", "pt": {"text": "veio", "linguisticInfo": {"veio": {"lemma": "vir", "pos": "VERB", "is_stop": false, "is_named": false}}}, "it": {"text": "venuto", "linguisticInfo": {"venuto": {"lemma": "venire", "pos": "V", "is_stop": false, "is_named": false}}}}}, {"id": "R30", "subj": {"type": "Non-human_Patient", "pt": {"text": "que", "linguisticInfo": {"que": {"lemma": "que", "pos": "SCONJ", "is_stop": true, "is_named": false}}}, "it": {"text": "", "linguisticInfo": {}}}, "obj": {"type": "Event", "pt": {"text": "vai trazer", "linguisticInfo": {"vai": {"lemma": "ir", "pos": "AUX", "is_stop": true, "is_named": false}, "trazer": {"lemma": "trazer", "pos": "VERB", "is_stop": false, "is_named": false}}}, "it": {"text": "porter\u00e0 preparatevi", "linguisticInfo": {"porter\u00e0": {"lemma": "portare", "pos": "V", "is_stop": false, "is_named": false}, "preparatevi": {"lemma": "preparatevi", "pos": "S", "is_stop": false, "is_named": false}}}}}, {"id": "R31", "subj": {"type": "Non-human_Agent", "pt": {"text": "o novo sistema", "linguisticInfo": {"o": {"lemma": "o", "pos": "DET", "is_stop": true, "is_named": false}, "novo": {"lemma": "novo", "pos": "ADJ", "is_stop": true, "is_named": false}, "sistema": {"lemma": "sistema", "pos": "NOUN", "is_stop": true, "is_named": false}}}, "it": {"text": "il nuovo sistema", "linguisticInfo": {"il": {"lemma": "il", "pos": "RD", "is_stop": true, "is_named": false}, "nuovo": {"lemma": "nuovo", "pos": "A", "is_stop": true, "is_named": false}, "sistema": {"lemma": "sistema", "pos": "S", "is_stop": false, "is_named": false}}}}, "obj": {"type": "Event", "pt": {"text": "vai trazer", "linguisticInfo": {"vai": {"lemma": "ir", "pos": "AUX", "is_stop": true, "is_named": false}, "trazer": {"lemma": "trazer", "pos": "VERB", "is_stop": false, "is_named": false}}}, "it": {"text": "porter\u00e0 preparatevi", "linguisticInfo": {"porter\u00e0": {"lemma": "portare", "pos": "V", "is_stop": false, "is_named": false}, "preparatevi": {"lemma": "preparatevi", "pos": "S", "is_stop": false, "is_named": false}}}}}, {"id": "R36", "subj": {"type": "Geo_location", "pt": {"text": "em Portugal", "linguisticInfo": {"em": {"lemma": "em", "pos": "ADP", "is_stop": true, "is_named": false}, "Portugal": {"lemma": "Portugal", "pos": "PROPN", "is_stop": false, "is_named": true}}}, "it": {"text": "in portogallo", "linguisticInfo": {"in": {"lemma": "in", "pos": "E", "is_stop": true, "is_named": false}, "portogallo": {"lemma": "portogallo", "pos": "S", "is_stop": false, "is_named": false}}}}, "obj": {"type": "Event", "pt": {"text": "postos \u00e0 venda", "linguisticInfo": {"postos": {"lemma": "posto", "pos": "NOUN", "is_stop": false, "is_named": false}, "\u00e0": {"lemma": "\u00e0", "pos": "ADP", "is_stop": true, "is_named": false}, "venda": {"lemma": "vender", "pos": "NOUN", "is_stop": false, "is_named": false}}}, "it": {"text": "in portogallo di", "linguisticInfo": {"in": {"lemma": "in", "pos": "E", "is_stop": true, "is_named": false}, "portogallo": {"lemma": "portogallo", "pos": "S", "is_stop": false, "is_named": false}, "di": {"lemma": "di", "pos": "E", "is_stop": true, "is_named": false}}}}}, {"id": "R37", "subj": {"type": "Non-human_Patient", "pt": {"text": "aparelhos", "linguisticInfo": {"aparelhos": {"lemma": "aparelho", "pos": "NOUN", "is_stop": false, "is_named": false}}}, "it": {"text": "apparecchi", "linguisticInfo": {"apparecchi": {"lemma": "apparecchio", "pos": "S", "is_stop": false, "is_named": false}}}}, "obj": {"type": "Event", "pt": {"text": "postos \u00e0 venda", "linguisticInfo": {"postos": {"lemma": "posto", "pos": "NOUN", "is_stop": false, "is_named": false}, "\u00e0": {"lemma": "\u00e0", "pos": "ADP", "is_stop": true, "is_named": false}, "venda": {"lemma": "vender", "pos": "NOUN", "is_stop": false, "is_named": false}}}, "it": {"text": "in portogallo di", "linguisticInfo": {"in": {"lemma": "in", "pos": "E", "is_stop": true, "is_named": false}, "portogallo": {"lemma": "portogallo", "pos": "S", "is_stop": false, "is_named": false}, "di": {"lemma": "di", "pos": "E", "is_stop": true, "is_named": false}}}}}]}, "sentences_2": {"itText": "NULL da parte sua , l \u2019 amministratore di radio bercko , vasco santana , commentando le limitazioni imposte dal governo sulle importazioni , ha dichiarato : ci rifiutiamo di continuare ad essere il capro espiatorio di una politica fallita e , finch\u00e9 ne avremo le forze , ci rimboccheremo le maniche affinch\u00e9 il portogallo non rimanga indietro rispetto agli altri paesi europei . \u00bb", "ptText": "por seu turno , o administrador da r\u00e1dio bercko , vasco santana , referindo -se \u00e0s dificuldades de importa\u00e7\u00e3o impostas pelo governo , disse : \u00ab n\u00e3o queremos continuar a ser o bode expiat\u00f3rio de uma pol\u00edtica completamente falhada e enquanto tivermos for\u00e7as , n\u00e3o deixaremos cair os bra\u00e7os para que portugal n\u00e3o se atrase mais em rela\u00e7\u00e3o aos outros pa\u00edses da europa . \u00bb \n", "relations": [{"id": "R39", "subj": {"type": "Human_Agent", "pt": {"text": "o administrador da R\u00e1dio Bercko , Vasco Santana", "linguisticInfo": {"o": {"lemma": "o", "pos": "DET", "is_stop": true, "is_named": false}, "administrador": {"lemma": "administrador", "pos": "NOUN", "is_stop": false, "is_named": false}, "da": {"lemma": "da", "pos": "ADP", "is_stop": true, "is_named": false}, "R\u00e1dio": {"lemma": "R\u00e1dio", "pos": "PROPN", "is_stop": false, "is_named": true}, "Bercko": {"lemma": "Bercko", "pos": "PROPN", "is_stop": false, "is_named": true}, ",": {"lemma": ",", "pos": "PUNCT", "is_stop": false, "is_named": false}, "Vasco": {"lemma": "Vasco", "pos": "PROPN", "is_stop": false, "is_named": true}, "Santana": {"lemma": "Santana", "pos": "PROPN", "is_stop": false, "is_named": true}}}, "it": {"text": "l \u2019 amministratore di radio", "linguisticInfo": {"l": {"lemma": "l", "pos": "RD", "is_stop": false, "is_named": false}, "\u2019": {"lemma": "\u2019", "pos": "NO", "is_stop": false, "is_named": false}, "amministratore": {"lemma": "amministratore", "pos": "S", "is_stop": false, "is_named": false}, "di": {"lemma": "di", "pos": "E", "is_stop": true, "is_named": false}, "radio": {"lemma": "radio", "pos": "S", "is_stop": false, "is_named": false}}}}, "obj": {"type": "Event", "pt": {"text": "disse", "linguisticInfo": {"disse": {"lemma": "dizer", "pos": "VERB", "is_stop": false, "is_named": false}}}, "it": {"text": "dichiarato", "linguisticInfo": {"dichiarato": {"lemma": "dichiarare", "pos": "V", "is_stop": false, "is_named": false}}}}}, {"id": "R41", "subj": {"type": "Oth_argument", "pt": {"text": "para que Portugal n\u00e3o se atrase mais em rela\u00e7\u00e3o aos outros pa\u00edses da Europa", "linguisticInfo": {"para": {"lemma": "parir", "pos": "SCONJ", "is_stop": true, "is_named": false}, "que": {"lemma": "que", "pos": "SCONJ", "is_stop": true, "is_named": false}, "Portugal": {"lemma": "Portugal", "pos": "PROPN", "is_stop": false, "is_named": true}, "n\u00e3o": {"lemma": "n\u00e3o", "pos": "ADV", "is_stop": true, "is_named": false}, "se": {"lemma": "se", "pos": "PRON", "is_stop": true, "is_named": false}, "atrase": {"lemma": "atrasar", "pos": "VERB", "is_stop": false, "is_named": false}, "mais": {"lemma": "mais", "pos": "ADV", "is_stop": true, "is_named": false}, "em": {"lemma": "em", "pos": "ADP", "is_stop": true, "is_named": false}, "rela\u00e7\u00e3o": {"lemma": "rela\u00e7\u00e3o", "pos": "NOUN", "is_stop": true, "is_named": false}, "aos": {"lemma": "aos", "pos": "ADP", "is_stop": true, "is_named": false}, "outros": {"lemma": "outro", "pos": "DET", "is_stop": true, "is_named": false}, "pa\u00edses": {"lemma": "pa\u00eds", "pos": "NOUN", "is_stop": false, "is_named": false}, "da": {"lemma": "da", "pos": "ADP", "is_stop": true, "is_named": false}, "Europa": {"lemma": "Europa", "pos": "PROPN", "is_stop": false, "is_named": true}}}, "it": {"text": "affinch\u00e9 il portogallo", "linguisticInfo": {"affinch\u00e9": {"lemma": "affinch\u00e9", "pos": "CS", "is_stop": false, "is_named": false}, "il": {"lemma": "il", "pos": "RD", "is_stop": true, "is_named": false}, "portogallo": {"lemma": "portogallo", "pos": "S", "is_stop": false, "is_named": false}}}}, "obj": {"type": "Event", "pt": {"text": "n\u00e3o deixaremos cair", "linguisticInfo": {"n\u00e3o": {"lemma": "n\u00e3o", "pos": "ADV", "is_stop": true, "is_named": false}, "deixaremos": {"lemma": "deixar", "pos": "VERB", "is_stop": false, "is_named": false}, "cair": {"lemma": "cair", "pos": "VERB", "is_stop": false, "is_named": false}}}, "it": {"text": "ci rifiutiamo di rimboccheremo le maniche", "linguisticInfo": {"ci": {"lemma": "ci", "pos": "PC", "is_stop": true, "is_named": false}, "rifiutiamo": {"lemma": "rifiutare", "pos": "V", "is_stop": false, "is_named": false}, "di": {"lemma": "di", "pos": "E", "is_stop": true, "is_named": false}, "rimboccheremo": {"lemma": "rimboccare", "pos": "V", "is_stop": false, "is_named": false}, "le": {"lemma": "il", "pos": "RD", "is_stop": true, "is_named": false}, "maniche": {"lemma": "manica", "pos": "S", "is_stop": false, "is_named": false}}}}}, {"id": "R42", "subj": {"type": "Non-human_Patient", "pt": {"text": "os bra\u00e7os", "linguisticInfo": {"os": {"lemma": "o", "pos": "DET", "is_stop": true, "is_named": false}, "bra\u00e7os": {"lemma": "bra\u00e7o", "pos": "NOUN", "is_stop": false, "is_named": false}}}, "it": {"text": "rimboccheremo maniche", "linguisticInfo": {"rimboccheremo": {"lemma": "rimboccare", "pos": "V", "is_stop": false, "is_named": false}, "maniche": {"lemma": "maniche", "pos": "A", "is_stop": false, "is_named": false}}}}, "obj": {"type": "Event", "pt": {"text": "n\u00e3o deixaremos cair", "linguisticInfo": {"n\u00e3o": {"lemma": "n\u00e3o", "pos": "ADV", "is_stop": true, "is_named": false}, "deixaremos": {"lemma": "deixar", "pos": "VERB", "is_stop": false, "is_named": false}, "cair": {"lemma": "cair", "pos": "VERB", "is_stop": false, "is_named": false}}}, "it": {"text": "ci rifiutiamo di rimboccheremo le maniche", "linguisticInfo": {"ci": {"lemma": "ci", "pos": "PC", "is_stop": true, "is_named": false}, "rifiutiamo": {"lemma": "rifiutare", "pos": "V", "is_stop": false, "is_named": false}, "di": {"lemma": "di", "pos": "E", "is_stop": true, "is_named": false}, "rimboccheremo": {"lemma": "rimboccare", "pos": "V", "is_stop": false, "is_named": false}, "le": {"lemma": "il", "pos": "RD", "is_stop": true, "is_named": false}, "maniche": {"lemma": "manica", "pos": "S", "is_stop": false, "is_named": false}}}}}]}, "sentences_4": {"itText": "NULL i principali obiettivi della nuova societ\u00e0 con sede a lisbona , che ha annunciato di recente in conferenza stampa l \u2019 avvio delle attivit\u00e0 , sono : reclutamento di personale altamente specializzato , definizione di strategie di sviluppo e di modelli organizzativi informatizzati , studio dei trend dei nuovi mercati e delle nuove tecnologie .", "ptText": "recrutamento de pessoal de alto n\u00edvel tecnol\u00f3gico , defini\u00e7\u00e3o de estrat\u00e9gias de desenvolvimento e de sistemaas de organiza\u00e7\u00e3o informatizados e estudo do desenvolvimento de novos mercados e de novas t\u00e9cnicas s\u00e3o os principais objectivos de nova empresa , com sede em lisboa , cujo in\u00edcio de actividade foi recentemente anunciado em confer\u00eancia de imprensa . \n", "relations": [{"id": "R43", "subj": {"type": "Human_Patient", "pt": {"text": "pessoal de alto n\u00edvel tecnol\u00f3gico", "linguisticInfo": {"pessoal": {"lemma": "pessoal", "pos": "NOUN", "is_stop": false, "is_named": false}, "de": {"lemma": "de", "pos": "ADP", "is_stop": true, "is_named": false}, "alto": {"lemma": "alto", "pos": "ADJ", "is_stop": false, "is_named": false}, "n\u00edvel": {"lemma": "n\u00edvel", "pos": "NOUN", "is_stop": true, "is_named": false}, "tecnol\u00f3gico": {"lemma": "tecnol\u00f3gico", "pos": "ADJ", "is_stop": false, "is_named": false}}}, "it": {"text": "personale altamente specializzato", "linguisticInfo": {"personale": {"lemma": "personale", "pos": "A", "is_stop": false, "is_named": false}, "altamente": {"lemma": "altamente", "pos": "B", "is_stop": false, "is_named": false}, "specializzato": {"lemma": "specializzato", "pos": "A", "is_stop": false, "is_named": false}}}}, "obj": {"type": "Event", "pt": {"text": "Recrutamento", "linguisticInfo": {"Recrutamento": {"lemma": "Recrutamento", "pos": "PROPN", "is_stop": false, "is_named": true}}}, "it": {"text": "reclutamento", "linguisticInfo": {"reclutamento": {"lemma": "reclutamento", "pos": "S", "is_stop": false, "is_named": false}}}}}, {"id": "R44", "subj": {"type": "Non-human_Patient", "pt": {"text": "estrat\u00e9gias de desenvolvimento e de sistemaas de organiza\u00e7\u00e3o informatizados", "linguisticInfo": {"estrat\u00e9gias": {"lemma": "estrat\u00e9gia", "pos": "NOUN", "is_stop": false, "is_named": false}, "de": {"lemma": "de", "pos": "ADP", "is_stop": true, "is_named": false}, "desenvolvimento": {"lemma": "desenvolvimento", "pos": "NOUN", "is_stop": false, "is_named": false}, "e": {"lemma": "e", "pos": "CCONJ", "is_stop": true, "is_named": false}, "sistemaas": {"lemma": "sistemaas", "pos": "NOUN", "is_stop": false, "is_named": false}, "organiza\u00e7\u00e3o": {"lemma": "organiza\u00e7\u00e3o", "pos": "NOUN", "is_stop": false, "is_named": false}, "informatizados": {"lemma": "informatizar", "pos": "VERB", "is_stop": false, "is_named": false}}}, "it": {"text": "strategie di sviluppo e di modelli", "linguisticInfo": {"strategie": {"lemma": "strategia", "pos": "S", "is_stop": false, "is_named": false}, "di": {"lemma": "di", "pos": "E", "is_stop": true, "is_named": false}, "sviluppo": {"lemma": "sviluppo", "pos": "S", "is_stop": false, "is_named": false}, "e": {"lemma": "e", "pos": "CC", "is_stop": false, "is_named": false}, "modelli": {"lemma": "modello", "pos": "S", "is_stop": false, "is_named": false}}}}, "obj": {"type": "Event", "pt": {"text": "defini\u00e7\u00e3o", "linguisticInfo": {"defini\u00e7\u00e3o": {"lemma": "defini\u00e7\u00e3o", "pos": "NOUN", "is_stop": false, "is_named": false}}}, "it": {"text": "definizione", "linguisticInfo": {"definizione": {"lemma": "definizione", "pos": "S", "is_stop": false, "is_named": false}}}}}, {"id": "R47", "subj": {"type": "Non-human_Agent", "pt": {"text": "cujo", "linguisticInfo": {"cujo": {"lemma": "cujo", "pos": "DET", "is_stop": true, "is_named": false}}}, "it": {"text": "l", "linguisticInfo": {"l": {"lemma": "l", "pos": "PC", "is_stop": false, "is_named": false}}}}, "obj": {"type": "Event", "pt": {"text": "in\u00edcio de actividade", "linguisticInfo": {"in\u00edcio": {"lemma": "in\u00edcio", "pos": "NOUN", "is_stop": false, "is_named": false}, "de": {"lemma": "de", "pos": "ADP", "is_stop": true, "is_named": false}, "actividade": {"lemma": "actividade", "pos": "NOUN", "is_stop": false, "is_named": false}}}, "it": {"text": "avvio delle attivit\u00e0", "linguisticInfo": {"avvio": {"lemma": "avvio", "pos": "S", "is_stop": false, "is_named": false}, "delle": {"lemma": "della", "pos": "E_RD", "is_stop": true, "is_named": false}, "attivit\u00e0": {"lemma": "attivit\u00e0", "pos": "S", "is_stop": false, "is_named": false}}}}}, {"id": "R48", "subj": {"type": "Time", "pt": {"text": "em confer\u00eancia de Imprensa", "linguisticInfo": {"em": {"lemma": "em", "pos": "ADP", "is_stop": true, "is_named": false}, "confer\u00eancia": {"lemma": "confer\u00eancia", "pos": "NOUN", "is_stop": false, "is_named": false}, "de": {"lemma": "de", "pos": "ADP", "is_stop": true, "is_named": false}, "Imprensa": {"lemma": "Imprensa", "pos": "NOUN", "is_stop": false, "is_named": true}}}, "it": {"text": "in conferenza stampa l", "linguisticInfo": {"in": {"lemma": "in", "pos": "E", "is_stop": true, "is_named": false}, "conferenza": {"lemma": "conferenza", "pos": "S", "is_stop": false, "is_named": false}, "stampa": {"lemma": "stampa", "pos": "S", "is_stop": false, "is_named": false}, "l": {"lemma": "l", "pos": "PC", "is_stop": false, "is_named": false}}}}, "obj": {"type": "Event", "pt": {"text": "foi recentemente anunciado", "linguisticInfo": {"foi": {"lemma": "ser", "pos": "AUX", "is_stop": true, "is_named": false}, "recentemente": {"lemma": "recentemente", "pos": "ADV", "is_stop": false, "is_named": false}, "anunciado": {"lemma": "anunciar", "pos": "VERB", "is_stop": false, "is_named": false}}}, "it": {"text": "informatizzati , studio", "linguisticInfo": {"informatizzati": {"lemma": "informatizzati", "pos": "V", "is_stop": false, "is_named": false}, ",": {"lemma": ",", "pos": "FF", "is_stop": false, "is_named": false}, "studio": {"lemma": "studio", "pos": "S", "is_stop": false, "is_named": false}}}}}]}, "sentences_5": {"itText": "NULL la nuova societ\u00e0 , membro del gruppo p.a. internacional ( personal administration ) , risulta dalla fusione del gti ( ufficio tecnico di informatica lda ) , della navalis , azienda di progetti industriali per la costruzione navale , e la p.a. internacional , con l \u2019 intuito di unire l \u2019 esperienza e la conoscenza del mercato a livello nazionale dei consulenti portoghesi e l \u2019 esperienza di quasi 10 anni di attivit\u00e0 di un \u2019 azienda internazionale .", "ptText": "a nova empresa , membro do grupo p.a . ( personal administration ) internacional , \u00e9 resultante da associa\u00e7\u00e3o entre o gti ( gabinete t\u00e9cnico de inform\u00e1tica lda . ) a navalis , empresa de projectos industriais para a constru\u00e7\u00e3o naval , e a p.a . internacional e procura aliar a experi\u00eancia e conhecimento do mercado nacional , dos consultores portugueses , \u00e0 experi\u00eancia de cerca de 40 anos de actividade da empresa internacional . \n", "relations": [{"id": "R51", "subj": {"type": "Human_Agent", "pt": {"text": "A nova empresa , membro do grupo P.A . ( Personal Administration ) Internacional", "linguisticInfo": {"A": {"lemma": "A", "pos": "DET", "is_stop": true, "is_named": true}, "nova": {"lemma": "novo", "pos": "ADJ", "is_stop": true, "is_named": false}, "empresa": {"lemma": "empresar", "pos": "NOUN", "is_stop": false, "is_named": false}, ",": {"lemma": ",", "pos": "PUNCT", "is_stop": false, "is_named": false}, "membro": {"lemma": "membro", "pos": "NOUN", "is_stop": false, "is_named": false}, "do": {"lemma": "do", "pos": "ADP", "is_stop": true, "is_named": false}, "grupo": {"lemma": "grupar", "pos": "NOUN", "is_stop": true, "is_named": false}, "P.A": {"lemma": "P.A", "pos": "NOUN", "is_stop": false, "is_named": true}, ".": {"lemma": ".", "pos": "PUNCT", "is_stop": false, "is_named": false}, "(": {"lemma": "(", "pos": "PUNCT", "is_stop": false, "is_named": false}, "Personal": {"lemma": "Personal", "pos": "PROPN", "is_stop": false, "is_named": true}, "Administration": {"lemma": "Administration", "pos": "PROPN", "is_stop": false, "is_named": true}, ")": {"lemma": ")", "pos": "PUNCT", "is_stop": false, "is_named": false}, "Internacional": {"lemma": "Internacional", "pos": "PROPN", "is_stop": false, "is_named": true}}}, "it": {"text": "la nuova societ\u00e0 , membro del gruppo p.a. internacional ( p.a. internacional ,", "linguisticInfo": {"la": {"lemma": "il", "pos": "RD", "is_stop": true, "is_named": false}, "nuova": {"lemma": "nuovo", "pos": "A", "is_stop": false, "is_named": false}, "societ\u00e0": {"lemma": "societ\u00e0", "pos": "S", "is_stop": false, "is_named": false}, ",": {"lemma": ",", "pos": "FF", "is_stop": false, "is_named": false}, "membro": {"lemma": "membro", "pos": "S", "is_stop": false, "is_named": false}, "del": {"lemma": "del", "pos": "E_RD", "is_stop": true, "is_named": false}, "gruppo": {"lemma": "gruppo", "pos": "S", "is_stop": true, "is_named": false}, "p.a": {"lemma": "p.a", "pos": "S", "is_stop": false, "is_named": false}, ".": {"lemma": ".", "pos": "SP", "is_stop": false, "is_named": false}, "internacional": {"lemma": "internacional", "pos": "A", "is_stop": false, "is_named": false}, "(": {"lemma": "(", "pos": "FB", "is_stop": false, "is_named": false}}}}, "obj": {"type": "Event", "pt": {"text": "procura aliar", "linguisticInfo": {"procura": {"lemma": "procurar", "pos": "VERB", "is_stop": false, "is_named": false}, "aliar": {"lemma": "aliar", "pos": "VERB", "is_stop": false, "is_named": false}}}, "it": {"text": "intuito unire", "linguisticInfo": {"intuito": {"lemma": "intuire", "pos": "V", "is_stop": false, "is_named": false}, "unire": {"lemma": "unire", "pos": "V", "is_stop": false, "is_named": false}}}}}, {"id": "R52", "subj": {"type": "Non-human_Patient", "pt": {"text": "a experi\u00eancia e conhecimento do mercado nacional , dos consultores portugueses", "linguisticInfo": {"a": {"lemma": "o", "pos": "DET", "is_stop": true, "is_named": false}, "experi\u00eancia": {"lemma": "experi\u00eancia", "pos": "NOUN", "is_stop": false, "is_named": false}, "e": {"lemma": "e", "pos": "CCONJ", "is_stop": true, "is_named": false}, "conhecimento": {"lemma": "conhecimento", "pos": "NOUN", "is_stop": false, "is_named": false}, "do": {"lemma": "do", "pos": "ADP", "is_stop": true, "is_named": false}, "mercado": {"lemma": "mercar", "pos": "NOUN", "is_stop": false, "is_named": false}, "nacional": {"lemma": "nacional", "pos": "ADJ", "is_stop": false, "is_named": false}, ",": {"lemma": ",", "pos": "PUNCT", "is_stop": false, "is_named": false}, "dos": {"lemma": "dos", "pos": "ADP", "is_stop": true, "is_named": false}, "consultores": {"lemma": "consultor", "pos": "NOUN", "is_stop": false, "is_named": false}, "portugueses": {"lemma": "portuguesar", "pos": "ADJ", "is_stop": false, "is_named": false}}}, "it": {"text": "l \u2019 intuito esperienza e la conoscenza del mercato a livello nazionale dei consulenti", "linguisticInfo": {"l": {"lemma": "l", "pos": "PC", "is_stop": false, "is_named": false}, "\u2019": {"lemma": "\u2019", "pos": "VA", "is_stop": false, "is_named": false}, "intuito": {"lemma": "intuire", "pos": "V", "is_stop": false, "is_named": false}, "esperienza": {"lemma": "esperienza", "pos": "S", "is_stop": false, "is_named": false}, "e": {"lemma": "e", "pos": "CC", "is_stop": false, "is_named": false}, "la": {"lemma": "il", "pos": "RD", "is_stop": true, "is_named": false}, "conoscenza": {"lemma": "conoscenza", "pos": "S", "is_stop": false, "is_named": false}, "del": {"lemma": "del", "pos": "E_RD", "is_stop": true, "is_named": false}, "mercato": {"lemma": "mercato", "pos": "S", "is_stop": false, "is_named": false}, "a": {"lemma": "a", "pos": "E", "is_stop": true, "is_named": false}, "livello": {"lemma": "livello", "pos": "S", "is_stop": false, "is_named": false}, "nazionale": {"lemma": "nazionale", "pos": "A", "is_stop": true, "is_named": false}, "dei": {"lemma": "del", "pos": "E_RD", "is_stop": true, "is_named": false}, "consulenti": {"lemma": "consulente", "pos": "S", "is_stop": false, "is_named": false}}}}, "obj": {"type": "Event", "pt": {"text": "procura aliar", "linguisticInfo": {"procura": {"lemma": "procurar", "pos": "VERB", "is_stop": false, "is_named": false}, "aliar": {"lemma": "aliar", "pos": "VERB", "is_stop": false, "is_named": false}}}, "it": {"text": "intuito unire", "linguisticInfo": {"intuito": {"lemma": "intuire", "pos": "V", "is_stop": false, "is_named": false}, "unire": {"lemma": "unire", "pos": "V", "is_stop": false, "is_named": false}}}}}, {"id": "R53", "subj": {"type": "Non-human_Patient", "pt": {"text": "\u00e0 experi\u00eancia de cerca de 40 anos de actividade da empresa internacional", "linguisticInfo": {"\u00e0": {"lemma": "\u00e0", "pos": "ADP", "is_stop": true, "is_named": false}, "experi\u00eancia": {"lemma": "experi\u00eancia", "pos": "NOUN", "is_stop": false, "is_named": false}, "de": {"lemma": "de", "pos": "ADP", "is_stop": true, "is_named": false}, "cerca": {"lemma": "cercar", "pos": "ADV", "is_stop": false, "is_named": false}, "40": {"lemma": "40", "pos": "NUM", "is_stop": false, "is_named": false}, "anos": {"lemma": "ano", "pos": "NOUN", "is_stop": false, "is_named": false}, "actividade": {"lemma": "actividade", "pos": "NOUN", "is_stop": false, "is_named": false}, "da": {"lemma": "da", "pos": "ADP", "is_stop": true, "is_named": false}, "empresa": {"lemma": "empresar", "pos": "NOUN", "is_stop": false, "is_named": false}, "internacional": {"lemma": "internacional", "pos": "ADJ", "is_stop": false, "is_named": false}}}, "it": {"text": "l \u2019 intuito esperienza e la di quasi 10 anni", "linguisticInfo": {"l": {"lemma": "l", "pos": "PC", "is_stop": false, "is_named": false}, "\u2019": {"lemma": "\u2019", "pos": "VA", "is_stop": false, "is_named": false}, "intuito": {"lemma": "intuire", "pos": "V", "is_stop": false, "is_named": false}, "esperienza": {"lemma": "esperienza", "pos": "S", "is_stop": false, "is_named": false}, "e": {"lemma": "e", "pos": "CC", "is_stop": false, "is_named": false}, "la": {"lemma": "il", "pos": "RD", "is_stop": true, "is_named": false}, "di": {"lemma": "di", "pos": "E", "is_stop": true, "is_named": false}, "quasi": {"lemma": "quasi", "pos": "B", "is_stop": true, "is_named": false}, "10": {"lemma": "10", "pos": "N", "is_stop": false, "is_named": false}, "anni": {"lemma": "anno", "pos": "S", "is_stop": true, "is_named": false}}}}, "obj": {"type": "Non-human_Patient", "pt": {"text": "a experi\u00eancia e conhecimento do mercado nacional , dos consultores portugueses", "linguisticInfo": {"a": {"lemma": "o", "pos": "DET", "is_stop": true, "is_named": false}, "experi\u00eancia": {"lemma": "experi\u00eancia", "pos": "NOUN", "is_stop": false, "is_named": false}, "e": {"lemma": "e", "pos": "CCONJ", "is_stop": true, "is_named": false}, "conhecimento": {"lemma": "conhecimento", "pos": "NOUN", "is_stop": false, "is_named": false}, "do": {"lemma": "do", "pos": "ADP", "is_stop": true, "is_named": false}, "mercado": {"lemma": "mercar", "pos": "NOUN", "is_stop": false, "is_named": false}, "nacional": {"lemma": "nacional", "pos": "ADJ", "is_stop": false, "is_named": false}, ",": {"lemma": ",", "pos": "PUNCT", "is_stop": false, "is_named": false}, "dos": {"lemma": "dos", "pos": "ADP", "is_stop": true, "is_named": false}, "consultores": {"lemma": "consultor", "pos": "NOUN", "is_stop": false, "is_named": false}, "portugueses": {"lemma": "portuguesar", "pos": "ADJ", "is_stop": false, "is_named": false}}}, "it": {"text": "l \u2019 intuito esperienza e la conoscenza del mercato a livello nazionale dei consulenti", "linguisticInfo": {"l": {"lemma": "l", "pos": "PC", "is_stop": false, "is_named": false}, "\u2019": {"lemma": "\u2019", "pos": "VA", "is_stop": false, "is_named": false}, "intuito": {"lemma": "intuire", "pos": "V", "is_stop": false, "is_named": false}, "esperienza": {"lemma": "esperienza", "pos": "S", "is_stop": false, "is_named": false}, "e": {"lemma": "e", "pos": "CC", "is_stop": false, "is_named": false}, "la": {"lemma": "il", "pos": "RD", "is_stop": true, "is_named": false}, "conoscenza": {"lemma": "conoscenza", "pos": "S", "is_stop": false, "is_named": false}, "del": {"lemma": "del", "pos": "E_RD", "is_stop": true, "is_named": false}, "mercato": {"lemma": "mercato", "pos": "S", "is_stop": false, "is_named": false}, "a": {"lemma": "a", "pos": "E", "is_stop": true, "is_named": false}, "livello": {"lemma": "livello", "pos": "S", "is_stop": false, "is_named": false}, "nazionale": {"lemma": "nazionale", "pos": "A", "is_stop": true, "is_named": false}, "dei": {"lemma": "del", "pos": "E_RD", "is_stop": true, "is_named": false}, "consulenti": {"lemma": "consulente", "pos": "S", "is_stop": false, "is_named": false}}}}}]}}