{"sentences_0": {"itText": "NULL il nuovo presidente della regione turistica dell \u2019 algarve , hor\u00e1cio cavaco , assumer\u00e0 oggi a tutti gli effetti l \u2019 incarico in una cerimonia fissata per le 17 nella sala nobiliare della prefettura di faro , con la presenza di eurico melo . l \u2019 incarico gli verr\u00e0 conferito dal segretario di stato al turismo , lic\u00ednio cunha .", "ptText": "o novo presidente da regi\u00e3o de turismo do algarve , hor\u00e1cio cavaco , toma hoje posse do cargo numa cerim\u00f3nia marcada para as 17 horas no sal\u00e3o nobre do governo civil de faro e na presen\u00e7a de eurico de melo . a posse ser\u00e1 conferida pela secret\u00e1rio de estado do turismo , lic\u00ednio cunha . \n", "relations": [{"id": "R7", "subj": {"type": "Time", "pt": {"text": "para as 17 horas", "linguisticInfo": {"para": {"lemma": "parir", "pos": "ADP", "is_stop": true, "is_named": false}, "as": {"lemma": "o", "pos": "DET", "is_stop": true, "is_named": false}, "17": {"lemma": "17", "pos": "NUM", "is_stop": false, "is_named": false}, "horas": {"lemma": "horar", "pos": "NOUN", "is_stop": false, "is_named": false}}}, "it": {"text": "per le 17 nella sala", "linguisticInfo": {"per": {"lemma": "per", "pos": "E", "is_stop": true, "is_named": false}, "le": {"lemma": "il", "pos": "RD", "is_stop": true, "is_named": false}, "17": {"lemma": "17", "pos": "N", "is_stop": false, "is_named": false}, "nella": {"lemma": "nella", "pos": "E_RD", "is_stop": true, "is_named": false}, "sala": {"lemma": "sala", "pos": "S", "is_stop": false, "is_named": false}}}}, "obj": {"type": "Event", "pt": {"text": "numa cerim\u00f3nia marcada", "linguisticInfo": {"numa": {"lemma": "numa", "pos": "ADP", "is_stop": true, "is_named": false}, "cerim\u00f3nia": {"lemma": "cerim\u00f3nia", "pos": "NOUN", "is_stop": false, "is_named": false}, "marcada": {"lemma": "marcar", "pos": "VERB", "is_stop": false, "is_named": false}}}, "it": {"text": "una cerimonia fissata", "linguisticInfo": {"una": {"lemma": "uno", "pos": "RI", "is_stop": true, "is_named": false}, "cerimonia": {"lemma": "cerimonia", "pos": "S", "is_stop": false, "is_named": false}, "fissata": {"lemma": "fissare", "pos": "V", "is_stop": false, "is_named": false}}}}}, {"id": "R8", "subj": {"type": "Non-human_Patient", "pt": {"text": "A posse", "linguisticInfo": {"A": {"lemma": "A", "pos": "DET", "is_stop": true, "is_named": true}, "posse": {"lemma": "posse", "pos": "NOUN", "is_stop": false, "is_named": false}}}, "it": {"text": "l lic\u00ednio", "linguisticInfo": {"l": {"lemma": "l", "pos": "RD", "is_stop": false, "is_named": false}, "lic\u00ednio": {"lemma": "lic\u00ednio", "pos": "S", "is_stop": false, "is_named": false}}}}, "obj": {"type": "Event", "pt": {"text": "ser\u00e1 conferida", "linguisticInfo": {"ser\u00e1": {"lemma": "ser", "pos": "AUX", "is_stop": false, "is_named": false}, "conferida": {"lemma": "conferir", "pos": "VERB", "is_stop": false, "is_named": false}}}, "it": {"text": "verr\u00e0 conferito", "linguisticInfo": {"verr\u00e0": {"lemma": "venire", "pos": "VA", "is_stop": false, "is_named": false}, "conferito": {"lemma": "conferire", "pos": "V", "is_stop": false, "is_named": false}}}}}]}, "sentences_1": {"itText": "NULL hor\u00e1cio cavaco , eletto al terzo tentativo per la guida turismo dell \u2019 algarve , \u00e8 stato , negli ultimi giorni , oggetto di molte polemiche negli ambienti politici e turistici , non solo dell \u2019 algarve ma anche a livello nazionale , vista l&apos; importanza dell \u2019 incarico che assumer\u00e0 . la regione turistica dell \u2019 algarve ( rta ) \u00e8 la sola istituzione che detiene funzionalit\u00e0 specifiche sulla regione , nell \u2019 ambito della zona dell \u2019 algarve , e che si prevede che avr\u00e0 in gestione un capitale di circa un miliardo di scudi .", "ptText": "hor\u00e1cio cavaco , eleito \u00e0 terceira tentativa para a lideran\u00e7a do turismo algarvio , tem sido , nos \u00faltimos dias , alvo de controv\u00e9rsia nos meios pol\u00edticos e tur\u00edsticos n\u00e3o s\u00f3 do algarve mas tamb\u00e9m a n\u00edvel nacional , dada a import\u00e2ncia do cargo que vai assumir . a regi\u00e3o de turismo do algarve ( rta ) \u00e9 o \u00fanico organismo com fun\u00e7\u00f5es regionalizadas no algarve e que movimenta , este ano , ao que se prev\u00ea , verbas em cerca de um milh\u00e3o de contos . \n", "relations": [{"id": "R10", "subj": {"type": "Non-human_Oth_participant", "pt": {"text": "para a lideran\u00e7a do turismo algarvio", "linguisticInfo": {"para": {"lemma": "parir", "pos": "ADP", "is_stop": true, "is_named": false}, "a": {"lemma": "o", "pos": "DET", "is_stop": true, "is_named": false}, "lideran\u00e7a": {"lemma": "lideran\u00e7a", "pos": "NOUN", "is_stop": false, "is_named": false}, "do": {"lemma": "do", "pos": "ADP", "is_stop": true, "is_named": false}, "turismo": {"lemma": "turismo", "pos": "NOUN", "is_stop": false, "is_named": false}, "algarvio": {"lemma": "algarvio", "pos": "ADJ", "is_stop": false, "is_named": false}}}, "it": {"text": "per la guida turismo dell", "linguisticInfo": {"per": {"lemma": "per", "pos": "E", "is_stop": true, "is_named": false}, "la": {"lemma": "il", "pos": "RD", "is_stop": true, "is_named": false}, "guida": {"lemma": "guida", "pos": "S", "is_stop": false, "is_named": false}, "turismo": {"lemma": "turismo", "pos": "S", "is_stop": false, "is_named": false}, "dell": {"lemma": "dell", "pos": "SP", "is_stop": true, "is_named": false}}}}, "obj": {"type": "Event", "pt": {"text": "eleito", "linguisticInfo": {"eleito": {"lemma": "eleito", "pos": "VERB", "is_stop": false, "is_named": false}}}, "it": {"text": "eletto", "linguisticInfo": {"eletto": {"lemma": "eleggere", "pos": "V", "is_stop": false, "is_named": false}}}}}, {"id": "R11", "subj": {"type": "Oth_argument", "pt": {"text": "\u00e0 terceira tentativa", "linguisticInfo": {"\u00e0": {"lemma": "\u00e0", "pos": "ADP", "is_stop": true, "is_named": false}, "terceira": {"lemma": "terceiro", "pos": "ADJ", "is_stop": true, "is_named": false}, "tentativa": {"lemma": "tentativo", "pos": "NOUN", "is_stop": false, "is_named": false}}}, "it": {"text": "terzo tentativo", "linguisticInfo": {"terzo": {"lemma": "terzo", "pos": "NO", "is_stop": false, "is_named": false}, "tentativo": {"lemma": "tentativo", "pos": "S", "is_stop": false, "is_named": false}}}}, "obj": {"type": "Event", "pt": {"text": "eleito", "linguisticInfo": {"eleito": {"lemma": "eleito", "pos": "VERB", "is_stop": false, "is_named": false}}}, "it": {"text": "eletto", "linguisticInfo": {"eletto": {"lemma": "eleggere", "pos": "V", "is_stop": false, "is_named": false}}}}}, {"id": "R12", "subj": {"type": "Human_Patient", "pt": {"text": "Hor\u00e1cio Cavaco", "linguisticInfo": {"Hor\u00e1cio": {"lemma": "Hor\u00e1cio", "pos": "PROPN", "is_stop": false, "is_named": true}, "Cavaco": {"lemma": "Cavaco", "pos": "PROPN", "is_stop": false, "is_named": true}}}, "it": {"text": "hor\u00e1cio cavaco", "linguisticInfo": {"hor\u00e1cio": {"lemma": "hor\u00e1cio", "pos": "V", "is_stop": false, "is_named": false}, "cavaco": {"lemma": "cavaco", "pos": "A", "is_stop": false, "is_named": false}}}}, "obj": {"type": "Event", "pt": {"text": "eleito", "linguisticInfo": {"eleito": {"lemma": "eleito", "pos": "VERB", "is_stop": false, "is_named": false}}}, "it": {"text": "eletto", "linguisticInfo": {"eletto": {"lemma": "eleggere", "pos": "V", "is_stop": false, "is_named": false}}}}}, {"id": "R13", "subj": {"type": "Non-human_Patient", "pt": {"text": "que", "linguisticInfo": {"que": {"lemma": "que", "pos": "SCONJ", "is_stop": true, "is_named": false}}}, "it": {"text": "che", "linguisticInfo": {"che": {"lemma": "che", "pos": "CS", "is_stop": true, "is_named": false}}}}, "obj": {"type": "Event", "pt": {"text": "vai assumir", "linguisticInfo": {"vai": {"lemma": "ir", "pos": "AUX", "is_stop": true, "is_named": false}, "assumir": {"lemma": "assumir", "pos": "VERB", "is_stop": false, "is_named": false}}}, "it": {"text": "assumer\u00e0 . la", "linguisticInfo": {"assumer\u00e0": {"lemma": "assumere", "pos": "V", "is_stop": false, "is_named": false}, ".": {"lemma": ".", "pos": "FS", "is_stop": false, "is_named": false}, "la": {"lemma": "il", "pos": "RD", "is_stop": true, "is_named": false}}}}}, {"id": "R14", "subj": {"type": "Human_Agent", "pt": {"text": "que", "linguisticInfo": {"que": {"lemma": "que", "pos": "SCONJ", "is_stop": true, "is_named": false}}}, "it": {"text": "che", "linguisticInfo": {"che": {"lemma": "che", "pos": "CS", "is_stop": true, "is_named": false}}}}, "obj": {"type": "Event", "pt": {"text": "movimenta", "linguisticInfo": {"movimenta": {"lemma": "movimentar", "pos": "VERB", "is_stop": false, "is_named": false}}}, "it": {"text": "hor\u00e1cio", "linguisticInfo": {"hor\u00e1cio": {"lemma": "hor\u00e1cio", "pos": "V", "is_stop": false, "is_named": false}}}}}, {"id": "R15", "subj": {"type": "Time", "pt": {"text": "este ano", "linguisticInfo": {"este": {"lemma": "este", "pos": "DET", "is_stop": true, "is_named": false}, "ano": {"lemma": "ano", "pos": "NOUN", "is_stop": false, "is_named": false}}}, "it": {"text": "hor\u00e1cio cavaco", "linguisticInfo": {"hor\u00e1cio": {"lemma": "hor\u00e1cio", "pos": "V", "is_stop": false, "is_named": false}, "cavaco": {"lemma": "cavaco", "pos": "A", "is_stop": false, "is_named": false}}}}, "obj": {"type": "Event", "pt": {"text": "movimenta", "linguisticInfo": {"movimenta": {"lemma": "movimentar", "pos": "VERB", "is_stop": false, "is_named": false}}}, "it": {"text": "hor\u00e1cio", "linguisticInfo": {"hor\u00e1cio": {"lemma": "hor\u00e1cio", "pos": "V", "is_stop": false, "is_named": false}}}}}]}, "sentences_2": {"itText": "NULL ieri mattina , il comitato politico distrettuale di faro del partito socialdemocratico ( psd ) , ha risposto in conferenza stampa alle dichiarazioni fatte su hor\u00e1cio cavavo in merito alle imputazioni di imbrogli e frode fiscale avanzate nei suoi confronti . mendes bota ha criticato fortemente la posizione assunta dal partito socialista sull \u2019 argomento .", "ptText": "ontem de manh\u00e3 , a comiss\u00e3o pol\u00edtica distrital de faro do psd , em confer\u00eancia de imprensa , contestou as afirma\u00e7\u00f5es feitas em torno de hor\u00e1cio cavaco quanto \u00e0 imputa\u00e7\u00e3o que lhe \u00e9 feita de crime de peculato e burla . mendes bota criticou a posi\u00e7\u00e3o assumida pelo ps sobre esta quest\u00e3o . \n", "relations": [{"id": "R17", "subj": {"type": "Time", "pt": {"text": "Ontem de manh\u00e3", "linguisticInfo": {"Ontem": {"lemma": "Ontem", "pos": "ADV", "is_stop": true, "is_named": true}, "de": {"lemma": "de", "pos": "ADP", "is_stop": true, "is_named": false}, "manh\u00e3": {"lemma": "manh\u00e3", "pos": "NOUN", "is_stop": false, "is_named": false}}}, "it": {"text": "ieri mattina ,", "linguisticInfo": {"ieri": {"lemma": "ieri", "pos": "B", "is_stop": true, "is_named": false}, "mattina": {"lemma": "mattina", "pos": "S", "is_stop": false, "is_named": false}, ",": {"lemma": ",", "pos": "FF", "is_stop": false, "is_named": false}}}}, "obj": {"type": "Event", "pt": {"text": "contestou", "linguisticInfo": {"contestou": {"lemma": "contestar", "pos": "VERB", "is_stop": false, "is_named": false}}}, "it": {"text": "risposto", "linguisticInfo": {"risposto": {"lemma": "risposto", "pos": "A", "is_stop": false, "is_named": false}}}}}, {"id": "R18", "subj": {"type": "Human_Agent", "pt": {"text": "a Comiss\u00e3o Pol\u00edtica Distrital de Faro do PSD", "linguisticInfo": {"a": {"lemma": "o", "pos": "DET", "is_stop": true, "is_named": false}, "Comiss\u00e3o": {"lemma": "Comiss\u00e3o", "pos": "PROPN", "is_stop": false, "is_named": true}, "Pol\u00edtica": {"lemma": "Pol\u00edtica", "pos": "PROPN", "is_stop": false, "is_named": true}, "Distrital": {"lemma": "Distrital", "pos": "PROPN", "is_stop": false, "is_named": true}, "de": {"lemma": "de", "pos": "ADP", "is_stop": true, "is_named": false}, "Faro": {"lemma": "Faro", "pos": "PROPN", "is_stop": false, "is_named": true}, "do": {"lemma": "do", "pos": "ADP", "is_stop": true, "is_named": false}, "PSD": {"lemma": "PSD", "pos": "PROPN", "is_stop": false, "is_named": true}}}, "it": {"text": "comitato politico distrettuale di faro del socialdemocratico", "linguisticInfo": {"comitato": {"lemma": "comitato", "pos": "S", "is_stop": false, "is_named": false}, "politico": {"lemma": "politico", "pos": "A", "is_stop": false, "is_named": false}, "distrettuale": {"lemma": "distrettuale", "pos": "A", "is_stop": false, "is_named": false}, "di": {"lemma": "di", "pos": "E", "is_stop": true, "is_named": false}, "faro": {"lemma": "faro", "pos": "S", "is_stop": false, "is_named": false}, "del": {"lemma": "del", "pos": "E_RD", "is_stop": true, "is_named": false}, "socialdemocratico": {"lemma": "socialdemocratico", "pos": "S", "is_stop": false, "is_named": false}}}}, "obj": {"type": "Event", "pt": {"text": "contestou", "linguisticInfo": {"contestou": {"lemma": "contestar", "pos": "VERB", "is_stop": false, "is_named": false}}}, "it": {"text": "risposto", "linguisticInfo": {"risposto": {"lemma": "risposto", "pos": "A", "is_stop": false, "is_named": false}}}}}, {"id": "R19", "subj": {"type": "Oth_argument", "pt": {"text": "em confer\u00eancia de Imprensa", "linguisticInfo": {"em": {"lemma": "em", "pos": "ADP", "is_stop": true, "is_named": false}, "confer\u00eancia": {"lemma": "confer\u00eancia", "pos": "NOUN", "is_stop": false, "is_named": false}, "de": {"lemma": "de", "pos": "ADP", "is_stop": true, "is_named": false}, "Imprensa": {"lemma": "Imprensa", "pos": "NOUN", "is_stop": false, "is_named": true}}}, "it": {"text": "in conferenza stampa alle", "linguisticInfo": {"in": {"lemma": "in", "pos": "E", "is_stop": true, "is_named": false}, "conferenza": {"lemma": "conferenza", "pos": "S", "is_stop": false, "is_named": false}, "stampa": {"lemma": "stampa", "pos": "S", "is_stop": false, "is_named": false}, "alle": {"lemma": "alla", "pos": "E_RD", "is_stop": true, "is_named": false}}}}, "obj": {"type": "Event", "pt": {"text": "contestou", "linguisticInfo": {"contestou": {"lemma": "contestar", "pos": "VERB", "is_stop": false, "is_named": false}}}, "it": {"text": "risposto", "linguisticInfo": {"risposto": {"lemma": "risposto", "pos": "A", "is_stop": false, "is_named": false}}}}}, {"id": "R20", "subj": {"type": "Non-human_Oth_participant", "pt": {"text": "as afirma\u00e7\u00f5es feitas em torno de Hor\u00e1cio Cavaco quanto \u00e0 imputa\u00e7\u00e3o que lhe \u00e9 feita de crime de peculato e burla", "linguisticInfo": {"as": {"lemma": "o", "pos": "DET", "is_stop": true, "is_named": false}, "afirma\u00e7\u00f5es": {"lemma": "afirma\u00e7\u00e3o", "pos": "NOUN", "is_stop": false, "is_named": false}, "feitas": {"lemma": "feito", "pos": "VERB", "is_stop": false, "is_named": false}, "em": {"lemma": "em", "pos": "ADP", "is_stop": true, "is_named": false}, "torno": {"lemma": "tornar", "pos": "NOUN", "is_stop": false, "is_named": false}, "de": {"lemma": "de", "pos": "ADP", "is_stop": true, "is_named": false}, "Hor\u00e1cio": {"lemma": "Hor\u00e1cio", "pos": "PROPN", "is_stop": false, "is_named": true}, "Cavaco": {"lemma": "Cavaco", "pos": "PROPN", "is_stop": false, "is_named": true}, "quanto": {"lemma": "quantum", "pos": "ADV", "is_stop": true, "is_named": false}, "\u00e0": {"lemma": "\u00e0", "pos": "ADP", "is_stop": true, "is_named": false}, "imputa\u00e7\u00e3o": {"lemma": "imputa\u00e7\u00e3o", "pos": "NOUN", "is_stop": false, "is_named": false}, "que": {"lemma": "que", "pos": "PRON", "is_stop": true, "is_named": false}, "lhe": {"lemma": "lhe", "pos": "PRON", "is_stop": true, "is_named": false}, "\u00e9": {"lemma": "ser", "pos": "AUX", "is_stop": true, "is_named": false}, "feita": {"lemma": "feito", "pos": "VERB", "is_stop": false, "is_named": false}, "crime": {"lemma": "crime", "pos": "NOUN", "is_stop": false, "is_named": false}, "peculato": {"lemma": "peculato", "pos": "NOUN", "is_stop": false, "is_named": false}, "e": {"lemma": "e", "pos": "CCONJ", "is_stop": true, "is_named": false}, "burla": {"lemma": "burlar", "pos": "VERB", "is_stop": false, "is_named": false}}}, "it": {"text": "alle dichiarazioni fatte su hor\u00e1cio cavavo in", "linguisticInfo": {"alle": {"lemma": "alla", "pos": "E_RD", "is_stop": true, "is_named": false}, "dichiarazioni": {"lemma": "dichiarazione", "pos": "S", "is_stop": false, "is_named": false}, "fatte": {"lemma": "fare", "pos": "V", "is_stop": false, "is_named": false}, "su": {"lemma": "su", "pos": "E", "is_stop": true, "is_named": false}, "hor\u00e1cio": {"lemma": "hor\u00e1cio", "pos": "SP", "is_stop": false, "is_named": false}, "cavavo": {"lemma": "cavare", "pos": "V", "is_stop": false, "is_named": false}, "in": {"lemma": "in", "pos": "E", "is_stop": true, "is_named": false}}}}, "obj": {"type": "Event", "pt": {"text": "contestou", "linguisticInfo": {"contestou": {"lemma": "contestar", "pos": "VERB", "is_stop": false, "is_named": false}}}, "it": {"text": "risposto", "linguisticInfo": {"risposto": {"lemma": "risposto", "pos": "A", "is_stop": false, "is_named": false}}}}}, {"id": "R24", "subj": {"type": "Human_Agent", "pt": {"text": "Mendes Bota", "linguisticInfo": {"Mendes": {"lemma": "Mendes", "pos": "PROPN", "is_stop": false, "is_named": true}, "Bota": {"lemma": "Bota", "pos": "PROPN", "is_stop": false, "is_named": true}}}, "it": {"text": "mendes bota", "linguisticInfo": {"mendes": {"lemma": "mendes", "pos": "A", "is_stop": false, "is_named": false}, "bota": {"lemma": "bota", "pos": "S", "is_stop": false, "is_named": false}}}}, "obj": {"type": "Event", "pt": {"text": "criticou", "linguisticInfo": {"criticou": {"lemma": "criticar", "pos": "VERB", "is_stop": false, "is_named": false}}}, "it": {"text": "criticato", "linguisticInfo": {"criticato": {"lemma": "criticare", "pos": "V", "is_stop": false, "is_named": false}}}}}, {"id": "R25", "subj": {"type": "Non-human_Oth_participant", "pt": {"text": "a posi\u00e7\u00e3o assumida pelo PS sobre esta quest\u00e3o", "linguisticInfo": {"a": {"lemma": "o", "pos": "DET", "is_stop": true, "is_named": false}, "posi\u00e7\u00e3o": {"lemma": "posi\u00e7\u00e3o", "pos": "NOUN", "is_stop": true, "is_named": false}, "assumida": {"lemma": "assumir", "pos": "VERB", "is_stop": false, "is_named": false}, "pelo": {"lemma": "pelar", "pos": "ADP", "is_stop": true, "is_named": false}, "PS": {"lemma": "PS", "pos": "PROPN", "is_stop": false, "is_named": true}, "sobre": {"lemma": "sobrar", "pos": "ADP", "is_stop": true, "is_named": false}, "esta": {"lemma": "este", "pos": "DET", "is_stop": true, "is_named": false}, "quest\u00e3o": {"lemma": "quest\u00e3o", "pos": "NOUN", "is_stop": true, "is_named": false}}}, "it": {"text": "la posizione assunta dal partito socialista sull \u2019 argomento", "linguisticInfo": {"la": {"lemma": "il", "pos": "RD", "is_stop": true, "is_named": false}, "posizione": {"lemma": "posizione", "pos": "S", "is_stop": false, "is_named": false}, "assunta": {"lemma": "assumere", "pos": "V", "is_stop": false, "is_named": false}, "dal": {"lemma": "dal", "pos": "E_RD", "is_stop": true, "is_named": false}, "partito": {"lemma": "partito", "pos": "S", "is_stop": false, "is_named": false}, "socialista": {"lemma": "socialista", "pos": "A", "is_stop": false, "is_named": false}, "sull": {"lemma": "sull", "pos": "SP", "is_stop": true, "is_named": false}, "\u2019": {"lemma": "\u2019", "pos": "DQ", "is_stop": false, "is_named": false}, "argomento": {"lemma": "argomento", "pos": "S", "is_stop": false, "is_named": false}}}}, "obj": {"type": "Event", "pt": {"text": "criticou", "linguisticInfo": {"criticou": {"lemma": "criticar", "pos": "VERB", "is_stop": false, "is_named": false}}}, "it": {"text": "criticato", "linguisticInfo": {"criticato": {"lemma": "criticare", "pos": "V", "is_stop": false, "is_named": false}}}}}, {"id": "R26", "subj": {"type": "Oth_argument", "pt": {"text": "sobre esta quest\u00e3o", "linguisticInfo": {"sobre": {"lemma": "sobrar", "pos": "ADP", "is_stop": true, "is_named": false}, "esta": {"lemma": "este", "pos": "DET", "is_stop": true, "is_named": false}, "quest\u00e3o": {"lemma": "quest\u00e3o", "pos": "NOUN", "is_stop": true, "is_named": false}}}, "it": {"text": "sull \u2019 argomento", "linguisticInfo": {"sull": {"lemma": "sull", "pos": "V", "is_stop": true, "is_named": false}, "\u2019": {"lemma": "\u2019", "pos": "B", "is_stop": false, "is_named": false}, "argomento": {"lemma": "argomento", "pos": "S", "is_stop": false, "is_named": false}}}}, "obj": {"type": "Event", "pt": {"text": "assumida", "linguisticInfo": {"assumida": {"lemma": "assumir", "pos": "VERB", "is_stop": false, "is_named": false}}}, "it": {"text": "assunta", "linguisticInfo": {"assunta": {"lemma": "assunta", "pos": "A", "is_stop": false, "is_named": false}}}}}, {"id": "R27", "subj": {"type": "Non-human_Patient", "pt": {"text": "a posi\u00e7\u00e3o", "linguisticInfo": {"a": {"lemma": "o", "pos": "DET", "is_stop": true, "is_named": false}, "posi\u00e7\u00e3o": {"lemma": "posi\u00e7\u00e3o", "pos": "NOUN", "is_stop": true, "is_named": false}}}, "it": {"text": "la posizione", "linguisticInfo": {"la": {"lemma": "il", "pos": "RD", "is_stop": true, "is_named": false}, "posizione": {"lemma": "posizione", "pos": "S", "is_stop": false, "is_named": false}}}}, "obj": {"type": "Event", "pt": {"text": "assumida", "linguisticInfo": {"assumida": {"lemma": "assumir", "pos": "VERB", "is_stop": false, "is_named": false}}}, "it": {"text": "assunta", "linguisticInfo": {"assunta": {"lemma": "assunta", "pos": "A", "is_stop": false, "is_named": false}}}}}, {"id": "R60", "subj": {"type": "Oth_argument", "pt": {"text": "em torno de Hor\u00e1cio Cavaco quanto \u00e0 imputa\u00e7\u00e3o que lhe \u00e9 feita de crime de peculato e burla", "linguisticInfo": {"em": {"lemma": "em", "pos": "ADP", "is_stop": true, "is_named": false}, "torno": {"lemma": "tornar", "pos": "NOUN", "is_stop": false, "is_named": false}, "de": {"lemma": "de", "pos": "ADP", "is_stop": true, "is_named": false}, "Hor\u00e1cio": {"lemma": "Hor\u00e1cio", "pos": "PROPN", "is_stop": false, "is_named": true}, "Cavaco": {"lemma": "Cavaco", "pos": "PROPN", "is_stop": false, "is_named": true}, "quanto": {"lemma": "quantum", "pos": "ADV", "is_stop": true, "is_named": false}, "\u00e0": {"lemma": "\u00e0", "pos": "ADP", "is_stop": true, "is_named": false}, "imputa\u00e7\u00e3o": {"lemma": "imputa\u00e7\u00e3o", "pos": "NOUN", "is_stop": false, "is_named": false}, "que": {"lemma": "que", "pos": "PRON", "is_stop": true, "is_named": false}, "lhe": {"lemma": "lhe", "pos": "PRON", "is_stop": true, "is_named": false}, "\u00e9": {"lemma": "ser", "pos": "AUX", "is_stop": true, "is_named": false}, "feita": {"lemma": "feito", "pos": "VERB", "is_stop": false, "is_named": false}, "crime": {"lemma": "crime", "pos": "NOUN", "is_stop": false, "is_named": false}, "peculato": {"lemma": "peculato", "pos": "NOUN", "is_stop": false, "is_named": false}, "e": {"lemma": "e", "pos": "CCONJ", "is_stop": true, "is_named": false}, "burla": {"lemma": "burlar", "pos": "VERB", "is_stop": false, "is_named": false}}}, "it": {"text": "su hor\u00e1cio cavavo in", "linguisticInfo": {"su": {"lemma": "su", "pos": "E", "is_stop": true, "is_named": false}, "hor\u00e1cio": {"lemma": "hor\u00e1cio", "pos": "SP", "is_stop": false, "is_named": false}, "cavavo": {"lemma": "cavare", "pos": "V", "is_stop": false, "is_named": false}, "in": {"lemma": "in", "pos": "E", "is_stop": true, "is_named": false}}}}, "obj": {"type": "Event", "pt": {"text": "as afirma\u00e7\u00f5es feitas", "linguisticInfo": {"as": {"lemma": "o", "pos": "DET", "is_stop": true, "is_named": false}, "afirma\u00e7\u00f5es": {"lemma": "afirma\u00e7\u00e3o", "pos": "NOUN", "is_stop": false, "is_named": false}, "feitas": {"lemma": "feito", "pos": "VERB", "is_stop": false, "is_named": false}}}, "it": {"text": "alle dichiarazioni fatte", "linguisticInfo": {"alle": {"lemma": "alla", "pos": "E_RD", "is_stop": true, "is_named": false}, "dichiarazioni": {"lemma": "dichiarazione", "pos": "S", "is_stop": false, "is_named": false}, "fatte": {"lemma": "fare", "pos": "V", "is_stop": false, "is_named": false}}}}}]}, "sentences_3": {"itText": "NULL era prevista , per il pomeriggio di oggi , una riunione di emergenza del comitato regionale del rta , organismo di coordinamento del turismo dell \u2019 algarve , per analizzare le ripercussioni sulla regione e sul buon nome dell&apos; istituzione provocate dagli scandali , diventati ormai di dominio pubblico , intorno alla figura di hor\u00e1cio silvia e , se necessario , rimandarne l \u2019 insediamento . la riunione , per\u00f2 , \u00e8 stata cancellata per il mancato raggiungimento del numero legale , visto che si sono presentati solo 12 dei 33 membri .", "ptText": "\u00e0 tarde , estava prevista a realiza\u00e7\u00e3o de uma reuni\u00e3o de emerg\u00eancia da comiss\u00e3o regional da rta , \u00f3rg\u00e3o de c\u00fapula do turismo do algarve , com o fim de serem analisadas as implica\u00e7\u00f5es para a regi\u00e3o e para o bom nome do organismo provocadas pelas not\u00edcias vindas a p\u00fablico em torno de hor\u00e1cio cavaco e eventualmente solicitar o adiantamento do acto de posse . todavia , a reuni\u00e3o n\u00e3o se chegou a efectuar por falta de quorum , pois apenas compareceram 12 dos 33 membros . \n", "relations": [{"id": "R32", "subj": {"type": "Non-human_Patient", "pt": {"text": "as implica\u00e7\u00f5es para a regi\u00e3o e para o bom nome do organismo provocadas pelas not\u00edcias vindas a p\u00fablico em torno de Hor\u00e1cio Cavaco", "linguisticInfo": {"as": {"lemma": "o", "pos": "DET", "is_stop": true, "is_named": false}, "implica\u00e7\u00f5es": {"lemma": "implica\u00e7\u00e3o", "pos": "NOUN", "is_stop": false, "is_named": false}, "para": {"lemma": "parir", "pos": "ADP", "is_stop": true, "is_named": false}, "a": {"lemma": "o", "pos": "ADP", "is_stop": true, "is_named": false}, "regi\u00e3o": {"lemma": "regi\u00e3o", "pos": "NOUN", "is_stop": false, "is_named": false}, "e": {"lemma": "e", "pos": "CCONJ", "is_stop": true, "is_named": false}, "o": {"lemma": "o", "pos": "DET", "is_stop": true, "is_named": false}, "bom": {"lemma": "bom", "pos": "ADJ", "is_stop": true, "is_named": false}, "nome": {"lemma": "nome", "pos": "NOUN", "is_stop": false, "is_named": false}, "do": {"lemma": "do", "pos": "ADP", "is_stop": true, "is_named": false}, "organismo": {"lemma": "organismo", "pos": "NOUN", "is_stop": false, "is_named": false}, "provocadas": {"lemma": "provocar", "pos": "VERB", "is_stop": false, "is_named": false}, "pelas": {"lemma": "pelar", "pos": "ADP", "is_stop": true, "is_named": false}, "not\u00edcias": {"lemma": "not\u00edcia", "pos": "NOUN", "is_stop": false, "is_named": false}, "vindas": {"lemma": "vir", "pos": "VERB", "is_stop": false, "is_named": false}, "p\u00fablico": {"lemma": "p\u00fablico", "pos": "NOUN", "is_stop": false, "is_named": false}, "em": {"lemma": "em", "pos": "ADP", "is_stop": true, "is_named": false}, "torno": {"lemma": "tornar", "pos": "NOUN", "is_stop": false, "is_named": false}, "de": {"lemma": "de", "pos": "ADP", "is_stop": true, "is_named": false}, "Hor\u00e1cio": {"lemma": "Hor\u00e1cio", "pos": "PROPN", "is_stop": false, "is_named": true}, "Cavaco": {"lemma": "Cavaco", "pos": "PROPN", "is_stop": false, "is_named": true}}}, "it": {"text": "le ripercussioni sulla regione e", "linguisticInfo": {"le": {"lemma": "il", "pos": "RD", "is_stop": true, "is_named": false}, "ripercussioni": {"lemma": "ripercussione", "pos": "S", "is_stop": false, "is_named": false}, "sulla": {"lemma": "sulla", "pos": "E_RD", "is_stop": true, "is_named": false}, "regione": {"lemma": "regione", "pos": "S", "is_stop": false, "is_named": false}, "e": {"lemma": "e", "pos": "CC", "is_stop": false, "is_named": false}}}}, "obj": {"type": "Event", "pt": {"text": "serem analisadas", "linguisticInfo": {"serem": {"lemma": "ser", "pos": "AUX", "is_stop": false, "is_named": false}, "analisadas": {"lemma": "analisar", "pos": "VERB", "is_stop": false, "is_named": false}}}, "it": {"text": "diventati rimandarne", "linguisticInfo": {"diventati": {"lemma": "diventare", "pos": "V", "is_stop": false, "is_named": false}, "rimandarne": {"lemma": "rimandarne", "pos": "V_PC", "is_stop": false, "is_named": false}}}}}, {"id": "R33", "subj": {"type": "Non-human_Agent", "pt": {"text": "pelas not\u00edcias vindas a p\u00fablico em torno de Hor\u00e1cio Cavaco", "linguisticInfo": {"pelas": {"lemma": "pelar", "pos": "ADP", "is_stop": true, "is_named": false}, "not\u00edcias": {"lemma": "not\u00edcia", "pos": "NOUN", "is_stop": false, "is_named": false}, "vindas": {"lemma": "vir", "pos": "VERB", "is_stop": false, "is_named": false}, "a": {"lemma": "o", "pos": "ADP", "is_stop": true, "is_named": false}, "p\u00fablico": {"lemma": "p\u00fablico", "pos": "NOUN", "is_stop": false, "is_named": false}, "em": {"lemma": "em", "pos": "ADP", "is_stop": true, "is_named": false}, "torno": {"lemma": "tornar", "pos": "NOUN", "is_stop": false, "is_named": false}, "de": {"lemma": "de", "pos": "ADP", "is_stop": true, "is_named": false}, "Hor\u00e1cio": {"lemma": "Hor\u00e1cio", "pos": "PROPN", "is_stop": false, "is_named": true}, "Cavaco": {"lemma": "Cavaco", "pos": "PROPN", "is_stop": false, "is_named": true}}}, "it": {"text": "dagli scandali , diventati dominio pubblico ,", "linguisticInfo": {"dagli": {"lemma": "dal", "pos": "E_RD", "is_stop": true, "is_named": false}, "scandali": {"lemma": "scandalo", "pos": "S", "is_stop": false, "is_named": false}, ",": {"lemma": ",", "pos": "FF", "is_stop": false, "is_named": false}, "diventati": {"lemma": "diventare", "pos": "V", "is_stop": false, "is_named": false}, "dominio": {"lemma": "dominio", "pos": "S", "is_stop": false, "is_named": false}, "pubblico": {"lemma": "pubblico", "pos": "A", "is_stop": false, "is_named": false}}}}, "obj": {"type": "Event", "pt": {"text": "provocadas", "linguisticInfo": {"provocadas": {"lemma": "provocar", "pos": "NOUN", "is_stop": false, "is_named": false}}}, "it": {"text": "provocate", "linguisticInfo": {"provocate": {"lemma": "provocate", "pos": "A", "is_stop": false, "is_named": false}}}}}, {"id": "R34", "subj": {"type": "Non-human_Patient", "pt": {"text": "as implica\u00e7\u00f5es para a regi\u00e3o e para o bom nome do organismo", "linguisticInfo": {"as": {"lemma": "o", "pos": "DET", "is_stop": true, "is_named": false}, "implica\u00e7\u00f5es": {"lemma": "implica\u00e7\u00e3o", "pos": "NOUN", "is_stop": false, "is_named": false}, "para": {"lemma": "parir", "pos": "ADP", "is_stop": true, "is_named": false}, "a": {"lemma": "o", "pos": "DET", "is_stop": true, "is_named": false}, "regi\u00e3o": {"lemma": "regi\u00e3o", "pos": "NOUN", "is_stop": false, "is_named": false}, "e": {"lemma": "e", "pos": "CCONJ", "is_stop": true, "is_named": false}, "o": {"lemma": "o", "pos": "DET", "is_stop": true, "is_named": false}, "bom": {"lemma": "bom", "pos": "ADJ", "is_stop": true, "is_named": false}, "nome": {"lemma": "nome", "pos": "NOUN", "is_stop": false, "is_named": false}, "do": {"lemma": "do", "pos": "ADP", "is_stop": true, "is_named": false}, "organismo": {"lemma": "organismo", "pos": "NOUN", "is_stop": false, "is_named": false}}}, "it": {"text": "le ripercussioni sulla regione e", "linguisticInfo": {"le": {"lemma": "il", "pos": "RD", "is_stop": true, "is_named": false}, "ripercussioni": {"lemma": "ripercussione", "pos": "S", "is_stop": false, "is_named": false}, "sulla": {"lemma": "sulla", "pos": "E_RD", "is_stop": true, "is_named": false}, "regione": {"lemma": "regione", "pos": "S", "is_stop": false, "is_named": false}, "e": {"lemma": "e", "pos": "CC", "is_stop": false, "is_named": false}}}}, "obj": {"type": "Event", "pt": {"text": "provocadas", "linguisticInfo": {"provocadas": {"lemma": "provocar", "pos": "NOUN", "is_stop": false, "is_named": false}}}, "it": {"text": "provocate", "linguisticInfo": {"provocate": {"lemma": "provocate", "pos": "A", "is_stop": false, "is_named": false}}}}}, {"id": "R35", "subj": {"type": "Non-human_Oth_participant", "pt": {"text": "o adiantamento do acto de posse", "linguisticInfo": {"o": {"lemma": "o", "pos": "DET", "is_stop": true, "is_named": false}, "adiantamento": {"lemma": "adiantamento", "pos": "NOUN", "is_stop": false, "is_named": false}, "do": {"lemma": "do", "pos": "ADP", "is_stop": true, "is_named": false}, "acto": {"lemma": "acto", "pos": "NOUN", "is_stop": false, "is_named": false}, "de": {"lemma": "de", "pos": "ADP", "is_stop": true, "is_named": false}, "posse": {"lemma": "posse", "pos": "NOUN", "is_stop": false, "is_named": false}}}, "it": {"text": "il pomeriggio di mancato raggiungimento del numero legale", "linguisticInfo": {"il": {"lemma": "il", "pos": "RD", "is_stop": true, "is_named": false}, "pomeriggio": {"lemma": "pomeriggio", "pos": "S", "is_stop": false, "is_named": false}, "di": {"lemma": "di", "pos": "E", "is_stop": true, "is_named": false}, "mancato": {"lemma": "mancato", "pos": "A", "is_stop": false, "is_named": false}, "raggiungimento": {"lemma": "raggiungimento", "pos": "S", "is_stop": false, "is_named": false}, "del": {"lemma": "del", "pos": "E_RD", "is_stop": true, "is_named": false}, "numero": {"lemma": "numero", "pos": "S", "is_stop": false, "is_named": false}, "legale": {"lemma": "legale", "pos": "A", "is_stop": false, "is_named": false}}}}, "obj": {"type": "Event", "pt": {"text": "solicitar", "linguisticInfo": {"solicitar": {"lemma": "solicitar", "pos": "VERB", "is_stop": false, "is_named": false}}}, "it": {"text": "rimandarne", "linguisticInfo": {"rimandarne": {"lemma": "rimandarne", "pos": "V_PC", "is_stop": false, "is_named": false}}}}}, {"id": "R36", "subj": {"type": "Oth_argument", "pt": {"text": "por falta de quorum", "linguisticInfo": {"por": {"lemma": "por", "pos": "ADP", "is_stop": true, "is_named": false}, "falta": {"lemma": "falto", "pos": "NOUN", "is_stop": true, "is_named": false}, "de": {"lemma": "de", "pos": "ADP", "is_stop": true, "is_named": false}, "quorum": {"lemma": "quorum", "pos": "NOUN", "is_stop": false, "is_named": false}}}, "it": {"text": "cancellata per il mancato raggiungimento del", "linguisticInfo": {"cancellata": {"lemma": "cancellare", "pos": "V", "is_stop": false, "is_named": false}, "per": {"lemma": "per", "pos": "E", "is_stop": true, "is_named": false}, "il": {"lemma": "il", "pos": "RD", "is_stop": true, "is_named": false}, "mancato": {"lemma": "mancato", "pos": "A", "is_stop": false, "is_named": false}, "raggiungimento": {"lemma": "raggiungimento", "pos": "S", "is_stop": false, "is_named": false}, "del": {"lemma": "del", "pos": "E_RD", "is_stop": true, "is_named": false}}}}, "obj": {"type": "Event", "pt": {"text": "a reuni\u00e3o n\u00e3o se chegou a efectuar", "linguisticInfo": {"a": {"lemma": "o", "pos": "SCONJ", "is_stop": true, "is_named": false}, "reuni\u00e3o": {"lemma": "reuni\u00e3o", "pos": "NOUN", "is_stop": false, "is_named": false}, "n\u00e3o": {"lemma": "n\u00e3o", "pos": "ADV", "is_stop": true, "is_named": false}, "se": {"lemma": "se", "pos": "PRON", "is_stop": true, "is_named": false}, "chegou": {"lemma": "chegar", "pos": "VERB", "is_stop": false, "is_named": false}, "efectuar": {"lemma": "efectuar", "pos": "VERB", "is_stop": false, "is_named": false}}}, "it": {"text": "la riunione , per\u00f2", "linguisticInfo": {"la": {"lemma": "il", "pos": "RD", "is_stop": true, "is_named": false}, "riunione": {"lemma": "riunione", "pos": "S", "is_stop": false, "is_named": false}, ",": {"lemma": ",", "pos": "FF", "is_stop": false, "is_named": false}, "per\u00f2": {"lemma": "per\u00f2", "pos": "B", "is_stop": true, "is_named": false}}}}}, {"id": "R37", "subj": {"type": "Human_Agent", "pt": {"text": "12 dos 33 membros", "linguisticInfo": {"12": {"lemma": "12", "pos": "NUM", "is_stop": false, "is_named": false}, "dos": {"lemma": "dos", "pos": "ADP", "is_stop": true, "is_named": false}, "33": {"lemma": "33", "pos": "NUM", "is_stop": false, "is_named": false}, "membros": {"lemma": "membro", "pos": "NOUN", "is_stop": false, "is_named": false}}}, "it": {"text": "12 dei 33 membri", "linguisticInfo": {"12": {"lemma": "12", "pos": "N", "is_stop": false, "is_named": false}, "dei": {"lemma": "del", "pos": "E_RD", "is_stop": true, "is_named": false}, "33": {"lemma": "33", "pos": "N", "is_stop": false, "is_named": false}, "membri": {"lemma": "membro", "pos": "S", "is_stop": false, "is_named": false}}}}, "obj": {"type": "Event", "pt": {"text": "compareceram", "linguisticInfo": {"compareceram": {"lemma": "comparecer", "pos": "VERB", "is_stop": false, "is_named": false}}}, "it": {"text": "12", "linguisticInfo": {"12": {"lemma": "12", "pos": "N", "is_stop": false, "is_named": false}}}}}]}}