{"sentences_0": {"itText": "NULL il leader libico muammar kadhafi , a gennaio , con l \u2019 ingresso nel golfo , ha disegnato una \u00ab linea ( immaginaria ) di morte \u00bb .", "ptText": "o l\u00edder l\u00edbio muammar kadhafi desenhou em janeiro uma \u00ab linha ( imagin\u00e1ria ) de morte \u00bb atrav\u00e9s da entrada no golfo . \n", "relations": [{"id": "R1", "subj": {"type": "Human_Agent", "pt": {"text": "O L\u00cdDER l\u00edbio Muammar Kadhafi", "linguisticInfo": {"O": {"lemma": "O", "pos": "DET", "is_stop": true, "is_named": true}, "L\u00cdDER": {"lemma": "L\u00cdDER", "pos": "NOUN", "is_stop": false, "is_named": true}, "l\u00edbio": {"lemma": "l\u00edbio", "pos": "ADJ", "is_stop": false, "is_named": false}, "Muammar": {"lemma": "Muammar", "pos": "PROPN", "is_stop": false, "is_named": true}, "Kadhafi": {"lemma": "Kadhafi", "pos": "PROPN", "is_stop": false, "is_named": true}}}, "it": {"text": "il leader libico muammar kadhafi", "linguisticInfo": {"il": {"lemma": "il", "pos": "RD", "is_stop": true, "is_named": false}, "leader": {"lemma": "leader", "pos": "S", "is_stop": false, "is_named": false}, "libico": {"lemma": "libico", "pos": "A", "is_stop": false, "is_named": false}, "muammar": {"lemma": "muammar", "pos": "S", "is_stop": false, "is_named": false}, "kadhafi": {"lemma": "kadhafi", "pos": "SP", "is_stop": false, "is_named": false}}}}, "obj": {"type": "Event", "pt": {"text": "desenhou", "linguisticInfo": {"desenhou": {"lemma": "desenhar", "pos": "VERB", "is_stop": false, "is_named": false}}}, "it": {"text": "disegnato", "linguisticInfo": {"disegnato": {"lemma": "disegnare", "pos": "V", "is_stop": false, "is_named": false}}}}}, {"id": "R2", "subj": {"type": "Time", "pt": {"text": "em Janeiro", "linguisticInfo": {"em": {"lemma": "em", "pos": "ADP", "is_stop": true, "is_named": false}, "Janeiro": {"lemma": "Janeiro", "pos": "NOUN", "is_stop": false, "is_named": true}}}, "it": {"text": "a gennaio", "linguisticInfo": {"a": {"lemma": "a", "pos": "E", "is_stop": true, "is_named": false}, "gennaio": {"lemma": "gennaio", "pos": "S", "is_stop": false, "is_named": false}}}}, "obj": {"type": "Event", "pt": {"text": "desenhou", "linguisticInfo": {"desenhou": {"lemma": "desenhar", "pos": "VERB", "is_stop": false, "is_named": false}}}, "it": {"text": "disegnato", "linguisticInfo": {"disegnato": {"lemma": "disegnare", "pos": "V", "is_stop": false, "is_named": false}}}}}, {"id": "R4", "subj": {"type": "Non-human_Oth_participant", "pt": {"text": "atrav\u00e9s da entrada no Golfo", "linguisticInfo": {"atrav\u00e9s": {"lemma": "atrav\u00e9s", "pos": "ADV", "is_stop": true, "is_named": false}, "da": {"lemma": "da", "pos": "ADP", "is_stop": true, "is_named": false}, "entrada": {"lemma": "entrar", "pos": "NOUN", "is_stop": false, "is_named": false}, "no": {"lemma": "o", "pos": "ADP", "is_stop": true, "is_named": false}, "Golfo": {"lemma": "Golfo", "pos": "PROPN", "is_stop": false, "is_named": true}}}, "it": {"text": "kadhafi , a", "linguisticInfo": {"kadhafi": {"lemma": "kadhafi", "pos": "SP", "is_stop": false, "is_named": false}, ",": {"lemma": ",", "pos": "FF", "is_stop": false, "is_named": false}, "a": {"lemma": "a", "pos": "E", "is_stop": true, "is_named": false}}}}, "obj": {"type": "Event", "pt": {"text": "desenhou", "linguisticInfo": {"desenhou": {"lemma": "desenhar", "pos": "VERB", "is_stop": false, "is_named": false}}}, "it": {"text": "disegnato", "linguisticInfo": {"disegnato": {"lemma": "disegnare", "pos": "V", "is_stop": false, "is_named": false}}}}}]}, "sentences_1": {"itText": "NULL fonti del pentagono affermano che le operazioni , cominciate a mezzanotte , si sono concluse il primo di aprile .", "ptText": "fontes do pent\u00e1gono afirmaram que as opera\u00e7\u00f5es come\u00e7aram \u00e0 meia-noite , e terminam a 1 de abril . \n", "relations": [{"id": "R6", "subj": {"type": "Human_Agent", "pt": {"text": "Fontes do Pent\u00e1gono", "linguisticInfo": {"Fontes": {"lemma": "Fontes", "pos": "NOUN", "is_stop": false, "is_named": true}, "do": {"lemma": "do", "pos": "ADP", "is_stop": true, "is_named": false}, "Pent\u00e1gono": {"lemma": "Pent\u00e1gono", "pos": "PROPN", "is_stop": false, "is_named": true}}}, "it": {"text": "fonti del pentagono", "linguisticInfo": {"fonti": {"lemma": "fonte", "pos": "S", "is_stop": false, "is_named": false}, "del": {"lemma": "del", "pos": "E_RD", "is_stop": true, "is_named": false}, "pentagono": {"lemma": "pentagono", "pos": "S", "is_stop": false, "is_named": false}}}}, "obj": {"type": "Event", "pt": {"text": "afirmaram", "linguisticInfo": {"afirmaram": {"lemma": "afirmar", "pos": "VERB", "is_stop": false, "is_named": false}}}, "it": {"text": "affermano", "linguisticInfo": {"affermano": {"lemma": "affermare", "pos": "V", "is_stop": false, "is_named": false}}}}}, {"id": "R7", "subj": {"type": "Non-human_Oth_participant", "pt": {"text": "que as opera\u00e7\u00f5es come\u00e7aram \u00e0 meia-noite , e terminam a 1 de Abril", "linguisticInfo": {"que": {"lemma": "que", "pos": "SCONJ", "is_stop": true, "is_named": false}, "as": {"lemma": "o", "pos": "DET", "is_stop": true, "is_named": false}, "opera\u00e7\u00f5es": {"lemma": "opera\u00e7\u00e3o", "pos": "NOUN", "is_stop": false, "is_named": false}, "come\u00e7aram": {"lemma": "come\u00e7ar", "pos": "VERB", "is_stop": false, "is_named": false}, "\u00e0": {"lemma": "\u00e0", "pos": "ADP", "is_stop": true, "is_named": false}, "meia-noite": {"lemma": "meia-noite", "pos": "NOUN", "is_stop": false, "is_named": false}, ",": {"lemma": ",", "pos": "PUNCT", "is_stop": false, "is_named": false}, "e": {"lemma": "e", "pos": "CCONJ", "is_stop": true, "is_named": false}, "terminam": {"lemma": "terminar", "pos": "VERB", "is_stop": false, "is_named": false}, "a": {"lemma": "o", "pos": "ADP", "is_stop": true, "is_named": false}, "1": {"lemma": "1", "pos": "NUM", "is_stop": false, "is_named": false}, "de": {"lemma": "de", "pos": "ADP", "is_stop": true, "is_named": false}, "Abril": {"lemma": "Abril", "pos": "NOUN", "is_stop": false, "is_named": true}}}, "it": {"text": "che le operazioni , cominciate a mezzanotte , si", "linguisticInfo": {"che": {"lemma": "che", "pos": "CS", "is_stop": true, "is_named": false}, "le": {"lemma": "il", "pos": "RD", "is_stop": true, "is_named": false}, "operazioni": {"lemma": "operazione", "pos": "S", "is_stop": false, "is_named": false}, ",": {"lemma": ",", "pos": "FF", "is_stop": false, "is_named": false}, "cominciate": {"lemma": "cominciare", "pos": "V", "is_stop": false, "is_named": false}, "a": {"lemma": "a", "pos": "E", "is_stop": true, "is_named": false}, "mezzanotte": {"lemma": "mezzanotte", "pos": "S", "is_stop": false, "is_named": false}, "si": {"lemma": "si", "pos": "PC", "is_stop": true, "is_named": false}}}}, "obj": {"type": "Event", "pt": {"text": "afirmaram", "linguisticInfo": {"afirmaram": {"lemma": "afirmar", "pos": "VERB", "is_stop": false, "is_named": false}}}, "it": {"text": "affermano", "linguisticInfo": {"affermano": {"lemma": "affermare", "pos": "V", "is_stop": false, "is_named": false}}}}}, {"id": "R8", "subj": {"type": "Time", "pt": {"text": "\u00e0 meia-noite", "linguisticInfo": {"\u00e0": {"lemma": "\u00e0", "pos": "ADP", "is_stop": true, "is_named": false}, "meia-noite": {"lemma": "meia-noite", "pos": "NOUN", "is_stop": false, "is_named": false}}}, "it": {"text": "a mezzanotte", "linguisticInfo": {"a": {"lemma": "a", "pos": "E", "is_stop": true, "is_named": false}, "mezzanotte": {"lemma": "mezzanotte", "pos": "S", "is_stop": false, "is_named": false}}}}, "obj": {"type": "Event", "pt": {"text": "as opera\u00e7\u00f5es come\u00e7aram", "linguisticInfo": {"as": {"lemma": "o", "pos": "DET", "is_stop": true, "is_named": false}, "opera\u00e7\u00f5es": {"lemma": "opera\u00e7\u00e3o", "pos": "NOUN", "is_stop": false, "is_named": false}, "come\u00e7aram": {"lemma": "come\u00e7ar", "pos": "VERB", "is_stop": false, "is_named": false}}}, "it": {"text": "le operazioni cominciate", "linguisticInfo": {"le": {"lemma": "il", "pos": "RD", "is_stop": true, "is_named": false}, "operazioni": {"lemma": "operazione", "pos": "S", "is_stop": false, "is_named": false}, "cominciate": {"lemma": "cominciate", "pos": "A", "is_stop": false, "is_named": false}}}}}, {"id": "R9", "subj": {"type": "Time", "pt": {"text": "a 1 de Abril", "linguisticInfo": {"a": {"lemma": "o", "pos": "ADP", "is_stop": true, "is_named": false}, "1": {"lemma": "1", "pos": "NUM", "is_stop": false, "is_named": false}, "de": {"lemma": "de", "pos": "ADP", "is_stop": true, "is_named": false}, "Abril": {"lemma": "Abril", "pos": "NOUN", "is_stop": false, "is_named": true}}}, "it": {"text": "mezzanotte di aprile", "linguisticInfo": {"mezzanotte": {"lemma": "mezzanotte", "pos": "S", "is_stop": false, "is_named": false}, "di": {"lemma": "di", "pos": "E", "is_stop": true, "is_named": false}, "aprile": {"lemma": "aprile", "pos": "S", "is_stop": false, "is_named": false}}}}, "obj": {"type": "Event", "pt": {"text": "terminam", "linguisticInfo": {"terminam": {"lemma": "terminar", "pos": "VERB", "is_stop": false, "is_named": false}}}, "it": {"text": "mezzanotte", "linguisticInfo": {"mezzanotte": {"lemma": "mezzanotte", "pos": "S", "is_stop": false, "is_named": false}}}}}]}, "sentences_2": {"itText": "NULL il portavoce del pentagono , il tenente colonnello gene sands , ha dichiarato che le portaerei \u00ab coral sea \u00bb , \u00ab america \u00bb e \u00ab saratoga \u00bb prenderanno parte alle manovre , insieme ad un numero non precisato di navi appartenenti al sesto battaglione .", "ptText": "o porta-voz do pent\u00e1gono , tenente-coronel gene sands , afirmou que os porta-avi\u00f5es \u00ab coral sea \u00bb , \u00ab america \u00bb e \u00ab saratoga \u00bb tomar\u00e3o parte nas manobras , assim como um n\u00famero n\u00e3o revelado de navios pertencentes \u00e0 sexta esquadra . \n", "relations": [{"id": "R10", "subj": {"type": "Non-human_Oth_participant", "pt": {"text": "nas manobras", "linguisticInfo": {"nas": {"lemma": "o", "pos": "ADP", "is_stop": true, "is_named": false}, "manobras": {"lemma": "manobrar", "pos": "NOUN", "is_stop": false, "is_named": false}}}, "it": {"text": "alle manovre", "linguisticInfo": {"alle": {"lemma": "alla", "pos": "E_RD", "is_stop": true, "is_named": false}, "manovre": {"lemma": "manovra", "pos": "S", "is_stop": false, "is_named": false}}}}, "obj": {"type": "Event", "pt": {"text": "tomar\u00e3o parte", "linguisticInfo": {"tomar\u00e3o": {"lemma": "tomar", "pos": "VERB", "is_stop": false, "is_named": false}, "parte": {"lemma": "partir", "pos": "NOUN", "is_stop": true, "is_named": false}}}, "it": {"text": "prenderanno parte", "linguisticInfo": {"prenderanno": {"lemma": "prendere", "pos": "V", "is_stop": false, "is_named": false}, "parte": {"lemma": "parte", "pos": "S", "is_stop": true, "is_named": false}}}}}, {"id": "R46", "subj": {"type": "Human_Agent", "pt": {"text": "O porta-voz do Pent\u00e1gono , tenente-coronel Gene Sands", "linguisticInfo": {"O": {"lemma": "O", "pos": "DET", "is_stop": true, "is_named": true}, "porta-voz": {"lemma": "porta-voz", "pos": "NOUN", "is_stop": false, "is_named": false}, "do": {"lemma": "do", "pos": "ADP", "is_stop": true, "is_named": false}, "Pent\u00e1gono": {"lemma": "Pent\u00e1gono", "pos": "PROPN", "is_stop": false, "is_named": true}, ",": {"lemma": ",", "pos": "PUNCT", "is_stop": false, "is_named": false}, "tenente-coronel": {"lemma": "tenente-coronel", "pos": "NOUN", "is_stop": false, "is_named": false}, "Gene": {"lemma": "Gene", "pos": "PROPN", "is_stop": false, "is_named": true}, "Sands": {"lemma": "Sands", "pos": "PROPN", "is_stop": false, "is_named": true}}}, "it": {"text": "il portavoce del pentagono , colonnello gene sands", "linguisticInfo": {"il": {"lemma": "il", "pos": "RD", "is_stop": true, "is_named": false}, "portavoce": {"lemma": "portavoce", "pos": "S", "is_stop": false, "is_named": false}, "del": {"lemma": "del", "pos": "E_RD", "is_stop": true, "is_named": false}, "pentagono": {"lemma": "pentagono", "pos": "S", "is_stop": false, "is_named": false}, ",": {"lemma": ",", "pos": "FF", "is_stop": false, "is_named": false}, "colonnello": {"lemma": "colonnello", "pos": "S", "is_stop": false, "is_named": false}, "gene": {"lemma": "gene", "pos": "SP", "is_stop": false, "is_named": false}, "sands": {"lemma": "sands", "pos": "A", "is_stop": false, "is_named": false}}}}, "obj": {"type": "Event", "pt": {"text": "afirmou", "linguisticInfo": {"afirmou": {"lemma": "afirmar", "pos": "VERB", "is_stop": false, "is_named": false}}}, "it": {"text": "dichiarato", "linguisticInfo": {"dichiarato": {"lemma": "dichiarare", "pos": "V", "is_stop": false, "is_named": false}}}}}]}, "sentences_3": {"itText": "NULL queste esercitazioni arrivano proprio tre giorni aver concluso , gioved\u00ec scorso , 36 ore di manovre al largo delle coste libiche con in sesto battaglione dell \u2019 esercito americano .", "ptText": "estes exerc\u00edcios surgem apenas tr\u00eas dias depois de a sexta esquadra norte-americana ter terminado 36 horas de manobras , quinta-feira , ao largo da l\u00edbia . \n", "relations": [{"id": "R13", "subj": {"type": "Human_Agent", "pt": {"text": "a Sexta Esquadra norte-americana", "linguisticInfo": {"a": {"lemma": "o", "pos": "DET", "is_stop": true, "is_named": false}, "Sexta": {"lemma": "Sexta", "pos": "PROPN", "is_stop": true, "is_named": true}, "Esquadra": {"lemma": "Esquadra", "pos": "PROPN", "is_stop": false, "is_named": true}, "norte-americana": {"lemma": "norte-americana", "pos": "ADJ", "is_stop": false, "is_named": false}}}, "it": {"text": "queste esercitazioni sesto battaglione dell \u2019", "linguisticInfo": {"queste": {"lemma": "questo", "pos": "DD", "is_stop": true, "is_named": false}, "esercitazioni": {"lemma": "esercitazione", "pos": "S", "is_stop": false, "is_named": false}, "sesto": {"lemma": "sesto", "pos": "NO", "is_stop": false, "is_named": false}, "battaglione": {"lemma": "battaglione", "pos": "S", "is_stop": false, "is_named": false}, "dell": {"lemma": "dell", "pos": "SP", "is_stop": true, "is_named": false}, "\u2019": {"lemma": "\u2019", "pos": "SP", "is_stop": false, "is_named": false}}}}, "obj": {"type": "Event", "pt": {"text": "ter terminado", "linguisticInfo": {"ter": {"lemma": "ter", "pos": "AUX", "is_stop": true, "is_named": false}, "terminado": {"lemma": "terminar", "pos": "VERB", "is_stop": false, "is_named": false}}}, "it": {"text": "aver concluso", "linguisticInfo": {"aver": {"lemma": "avere", "pos": "VA", "is_stop": true, "is_named": false}, "concluso": {"lemma": "concludere", "pos": "V", "is_stop": false, "is_named": false}}}}}, {"id": "R14", "subj": {"type": "Non-human_Patient", "pt": {"text": "36 horas de manobras", "linguisticInfo": {"36": {"lemma": "36", "pos": "NUM", "is_stop": false, "is_named": false}, "horas": {"lemma": "horar", "pos": "NOUN", "is_stop": false, "is_named": false}, "de": {"lemma": "de", "pos": "ADP", "is_stop": true, "is_named": false}, "manobras": {"lemma": "manobrar", "pos": "NOUN", "is_stop": false, "is_named": false}}}, "it": {"text": "36 ore di manovre", "linguisticInfo": {"36": {"lemma": "36", "pos": "N", "is_stop": false, "is_named": false}, "ore": {"lemma": "ora", "pos": "S", "is_stop": true, "is_named": false}, "di": {"lemma": "di", "pos": "E", "is_stop": true, "is_named": false}, "manovre": {"lemma": "manovra", "pos": "S", "is_stop": false, "is_named": false}}}}, "obj": {"type": "Event", "pt": {"text": "ter terminado", "linguisticInfo": {"ter": {"lemma": "ter", "pos": "AUX", "is_stop": true, "is_named": false}, "terminado": {"lemma": "terminar", "pos": "VERB", "is_stop": false, "is_named": false}}}, "it": {"text": "aver concluso", "linguisticInfo": {"aver": {"lemma": "avere", "pos": "VA", "is_stop": true, "is_named": false}, "concluso": {"lemma": "concludere", "pos": "V", "is_stop": false, "is_named": false}}}}}, {"id": "R15", "subj": {"type": "Time", "pt": {"text": "quinta-feira", "linguisticInfo": {"quinta-feira": {"lemma": "quinta-feira", "pos": "NOUN", "is_stop": false, "is_named": false}}}, "it": {"text": "gioved\u00ec", "linguisticInfo": {"gioved\u00ec": {"lemma": "gioved\u00ec", "pos": "S", "is_stop": false, "is_named": false}}}}, "obj": {"type": "Event", "pt": {"text": "ter terminado", "linguisticInfo": {"ter": {"lemma": "ter", "pos": "AUX", "is_stop": true, "is_named": false}, "terminado": {"lemma": "terminar", "pos": "VERB", "is_stop": false, "is_named": false}}}, "it": {"text": "aver concluso", "linguisticInfo": {"aver": {"lemma": "avere", "pos": "VA", "is_stop": true, "is_named": false}, "concluso": {"lemma": "concludere", "pos": "V", "is_stop": false, "is_named": false}}}}}, {"id": "R16", "subj": {"type": "Geo_location", "pt": {"text": "ao largo da L\u00edbia", "linguisticInfo": {"ao": {"lemma": "ao", "pos": "ADP", "is_stop": true, "is_named": false}, "largo": {"lemma": "largar", "pos": "NOUN", "is_stop": false, "is_named": false}, "da": {"lemma": "da", "pos": "ADP", "is_stop": true, "is_named": false}, "L\u00edbia": {"lemma": "L\u00edbia", "pos": "PROPN", "is_stop": false, "is_named": true}}}, "it": {"text": "al largo delle coste dell \u2019 esercito", "linguisticInfo": {"al": {"lemma": "al", "pos": "E_RD", "is_stop": true, "is_named": false}, "largo": {"lemma": "largo", "pos": "S", "is_stop": false, "is_named": false}, "delle": {"lemma": "della", "pos": "E_RD", "is_stop": true, "is_named": false}, "coste": {"lemma": "costa", "pos": "S", "is_stop": false, "is_named": false}, "dell": {"lemma": "dell", "pos": "S", "is_stop": true, "is_named": false}, "\u2019": {"lemma": "\u2019", "pos": "FB", "is_stop": false, "is_named": false}, "esercito": {"lemma": "esercito", "pos": "S", "is_stop": false, "is_named": false}}}}, "obj": {"type": "Event", "pt": {"text": "ter terminado", "linguisticInfo": {"ter": {"lemma": "ter", "pos": "AUX", "is_stop": true, "is_named": false}, "terminado": {"lemma": "terminar", "pos": "VERB", "is_stop": false, "is_named": false}}}, "it": {"text": "aver concluso", "linguisticInfo": {"aver": {"lemma": "avere", "pos": "VA", "is_stop": true, "is_named": false}, "concluso": {"lemma": "concludere", "pos": "V", "is_stop": false, "is_named": false}}}}}]}, "sentences_4": {"itText": "NULL funzionari governativi americani hanno respinto le accuse di trattarsi di una provocazione nei confronti di kadhafi per giustificare successive azioni di rappresaglia da parte degli stati uniti .", "ptText": "funcion\u00e1rios governamentais norte-americanos negaram qualquer tentativa para provocar um ataque de kadhafi a fim de justificar uma retalia\u00e7\u00e3o dos estados unidos . \n", "relations": [{"id": "R17", "subj": {"type": "Non-human_Patient", "pt": {"text": "qualquer tentativa para provocar um ataque de Kadhafi a fim de justificar uma retalia\u00e7\u00e3o dos Estados Unidos", "linguisticInfo": {"qualquer": {"lemma": "qualquer", "pos": "DET", "is_stop": true, "is_named": false}, "tentativa": {"lemma": "tentativo", "pos": "NOUN", "is_stop": false, "is_named": false}, "para": {"lemma": "parir", "pos": "SCONJ", "is_stop": true, "is_named": false}, "provocar": {"lemma": "provocar", "pos": "VERB", "is_stop": false, "is_named": false}, "um": {"lemma": "um", "pos": "DET", "is_stop": true, "is_named": false}, "ataque": {"lemma": "atacar", "pos": "NOUN", "is_stop": false, "is_named": false}, "de": {"lemma": "de", "pos": "ADP", "is_stop": true, "is_named": false}, "Kadhafi": {"lemma": "Kadhafi", "pos": "PROPN", "is_stop": false, "is_named": true}, "a": {"lemma": "o", "pos": "ADP", "is_stop": true, "is_named": false}, "fim": {"lemma": "fim", "pos": "NOUN", "is_stop": true, "is_named": false}, "justificar": {"lemma": "justificar", "pos": "VERB", "is_stop": false, "is_named": false}, "uma": {"lemma": "umar", "pos": "DET", "is_stop": true, "is_named": false}, "retalia\u00e7\u00e3o": {"lemma": "retalia\u00e7\u00e3o", "pos": "NOUN", "is_stop": false, "is_named": false}, "dos": {"lemma": "dos", "pos": "ADP", "is_stop": true, "is_named": false}, "Estados": {"lemma": "Estados", "pos": "PROPN", "is_stop": false, "is_named": true}, "Unidos": {"lemma": "Unidos", "pos": "PROPN", "is_stop": false, "is_named": true}}}, "it": {"text": "respinto le accuse kadhafi per giustificare", "linguisticInfo": {"respinto": {"lemma": "respingere", "pos": "V", "is_stop": false, "is_named": false}, "le": {"lemma": "il", "pos": "RD", "is_stop": true, "is_named": false}, "accuse": {"lemma": "accusa", "pos": "S", "is_stop": false, "is_named": false}, "kadhafi": {"lemma": "kadhafi", "pos": "SP", "is_stop": false, "is_named": false}, "per": {"lemma": "per", "pos": "E", "is_stop": true, "is_named": false}, "giustificare": {"lemma": "giustificare", "pos": "V", "is_stop": false, "is_named": false}}}}, "obj": {"type": "Event", "pt": {"text": "negaram", "linguisticInfo": {"negaram": {"lemma": "negar", "pos": "VERB", "is_stop": false, "is_named": false}}}, "it": {"text": "kadhafi", "linguisticInfo": {"kadhafi": {"lemma": "kadhafi", "pos": "SP", "is_stop": false, "is_named": false}}}}}, {"id": "R18", "subj": {"type": "Human_Agent", "pt": {"text": "Funcion\u00e1rios governamentais norte-americanos", "linguisticInfo": {"Funcion\u00e1rios": {"lemma": "Funcion\u00e1rios", "pos": "NOUN", "is_stop": false, "is_named": true}, "governamentais": {"lemma": "governamental", "pos": "ADJ", "is_stop": false, "is_named": false}, "norte-americanos": {"lemma": "norte-americanos", "pos": "ADJ", "is_stop": false, "is_named": false}}}, "it": {"text": "funzionari governativi kadhafi", "linguisticInfo": {"funzionari": {"lemma": "funzionario", "pos": "S", "is_stop": false, "is_named": false}, "governativi": {"lemma": "governativo", "pos": "A", "is_stop": false, "is_named": false}, "kadhafi": {"lemma": "kadhafi", "pos": "SP", "is_stop": false, "is_named": false}}}}, "obj": {"type": "Event", "pt": {"text": "negaram", "linguisticInfo": {"negaram": {"lemma": "negar", "pos": "VERB", "is_stop": false, "is_named": false}}}, "it": {"text": "kadhafi", "linguisticInfo": {"kadhafi": {"lemma": "kadhafi", "pos": "SP", "is_stop": false, "is_named": false}}}}}, {"id": "R19", "subj": {"type": "Oth_argument", "pt": {"text": "a fim de justificar uma retalia\u00e7\u00e3o dos Estados Unidos", "linguisticInfo": {"a": {"lemma": "o", "pos": "ADP", "is_stop": true, "is_named": false}, "fim": {"lemma": "fim", "pos": "NOUN", "is_stop": true, "is_named": false}, "de": {"lemma": "de", "pos": "ADP", "is_stop": true, "is_named": false}, "justificar": {"lemma": "justificar", "pos": "VERB", "is_stop": false, "is_named": false}, "uma": {"lemma": "umar", "pos": "DET", "is_stop": true, "is_named": false}, "retalia\u00e7\u00e3o": {"lemma": "retalia\u00e7\u00e3o", "pos": "NOUN", "is_stop": false, "is_named": false}, "dos": {"lemma": "dos", "pos": "ADP", "is_stop": true, "is_named": false}, "Estados": {"lemma": "Estados", "pos": "PROPN", "is_stop": false, "is_named": true}, "Unidos": {"lemma": "Unidos", "pos": "PROPN", "is_stop": false, "is_named": true}}}, "it": {"text": "funzionari governativi per giustificare successive di rappresaglia da", "linguisticInfo": {"funzionari": {"lemma": "funzionario", "pos": "S", "is_stop": false, "is_named": false}, "governativi": {"lemma": "governativo", "pos": "A", "is_stop": false, "is_named": false}, "per": {"lemma": "per", "pos": "E", "is_stop": true, "is_named": false}, "giustificare": {"lemma": "giustificare", "pos": "V", "is_stop": false, "is_named": false}, "successive": {"lemma": "successivo", "pos": "A", "is_stop": false, "is_named": false}, "di": {"lemma": "di", "pos": "E", "is_stop": true, "is_named": false}, "rappresaglia": {"lemma": "rappresaglia", "pos": "S", "is_stop": false, "is_named": false}, "da": {"lemma": "da", "pos": "E", "is_stop": true, "is_named": false}}}}, "obj": {"type": "Event", "pt": {"text": "provocar um ataque", "linguisticInfo": {"provocar": {"lemma": "provocar", "pos": "VERB", "is_stop": false, "is_named": false}, "um": {"lemma": "um", "pos": "DET", "is_stop": true, "is_named": false}, "ataque": {"lemma": "atacar", "pos": "NOUN", "is_stop": false, "is_named": false}}}, "it": {"text": "accuse trattarsi rappresaglia", "linguisticInfo": {"accuse": {"lemma": "accusa", "pos": "S", "is_stop": false, "is_named": false}, "trattarsi": {"lemma": "trattare", "pos": "V_PC", "is_stop": false, "is_named": false}, "rappresaglia": {"lemma": "rappresaglia", "pos": "S", "is_stop": false, "is_named": false}}}}}, {"id": "R20", "subj": {"type": "Human_Agent", "pt": {"text": "Kadhafi", "linguisticInfo": {"Kadhafi": {"lemma": "Kadhafi", "pos": "PROPN", "is_stop": false, "is_named": true}}}, "it": {"text": "kadhafi", "linguisticInfo": {"kadhafi": {"lemma": "kadhafi", "pos": "SP", "is_stop": false, "is_named": false}}}}, "obj": {"type": "Event", "pt": {"text": "provocar um ataque", "linguisticInfo": {"provocar": {"lemma": "provocar", "pos": "VERB", "is_stop": false, "is_named": false}, "um": {"lemma": "um", "pos": "DET", "is_stop": true, "is_named": false}, "ataque": {"lemma": "atacar", "pos": "NOUN", "is_stop": false, "is_named": false}}}, "it": {"text": "accuse trattarsi rappresaglia", "linguisticInfo": {"accuse": {"lemma": "accusa", "pos": "S", "is_stop": false, "is_named": false}, "trattarsi": {"lemma": "trattare", "pos": "V_PC", "is_stop": false, "is_named": false}, "rappresaglia": {"lemma": "rappresaglia", "pos": "S", "is_stop": false, "is_named": false}}}}}]}, "sentences_5": {"itText": "NULL il presidente ronald reagan ha accusato la libia di finanziare i terroristi e accusa kadhafi di essere il mandante degli attentanti agli aeroporti di roma e di vienna , che hanno causato la morte di 20 persone . kadhafi ha negato qualsiasi coinvolgimento .", "ptText": "o presidente ronald reagan acusou a l\u00edbia de patrocinar o terrorismo e culpou kadhafi pelos atentados nos aeroportos de roma e viena , que provocaram a morte a 20 pessoas . kadhafi negou qualquer envolvimento . \n", "relations": [{"id": "R21", "subj": {"type": "Human_Agent", "pt": {"text": "O Presidente Ronald Reagan", "linguisticInfo": {"O": {"lemma": "O", "pos": "DET", "is_stop": true, "is_named": true}, "Presidente": {"lemma": "Presidente", "pos": "PROPN", "is_stop": false, "is_named": true}, "Ronald": {"lemma": "Ronald", "pos": "PROPN", "is_stop": false, "is_named": true}, "Reagan": {"lemma": "Reagan", "pos": "PROPN", "is_stop": false, "is_named": true}}}, "it": {"text": "il presidente ronald reagan", "linguisticInfo": {"il": {"lemma": "il", "pos": "RD", "is_stop": true, "is_named": false}, "presidente": {"lemma": "presidente", "pos": "S", "is_stop": false, "is_named": false}, "ronald": {"lemma": "ronald", "pos": "SP", "is_stop": false, "is_named": false}, "reagan": {"lemma": "reagan", "pos": "SP", "is_stop": false, "is_named": false}}}}, "obj": {"type": "Event", "pt": {"text": "acusou", "linguisticInfo": {"acusou": {"lemma": "acusar", "pos": "VERB", "is_stop": false, "is_named": false}}}, "it": {"text": "accusato", "linguisticInfo": {"accusato": {"lemma": "accusare", "pos": "V", "is_stop": false, "is_named": false}}}}}, {"id": "R22", "subj": {"type": "Human_Patient", "pt": {"text": "a L\u00edbia", "linguisticInfo": {"a": {"lemma": "o", "pos": "DET", "is_stop": true, "is_named": false}, "L\u00edbia": {"lemma": "L\u00edbia", "pos": "PROPN", "is_stop": false, "is_named": true}}}, "it": {"text": "la libia", "linguisticInfo": {"la": {"lemma": "il", "pos": "RD", "is_stop": true, "is_named": false}, "libia": {"lemma": "libia", "pos": "S", "is_stop": false, "is_named": false}}}}, "obj": {"type": "Event", "pt": {"text": "acusou", "linguisticInfo": {"acusou": {"lemma": "acusar", "pos": "VERB", "is_stop": false, "is_named": false}}}, "it": {"text": "accusato", "linguisticInfo": {"accusato": {"lemma": "accusare", "pos": "V", "is_stop": false, "is_named": false}}}}}, {"id": "R23", "subj": {"type": "Non-human_Oth_participant", "pt": {"text": "de patrocinar o terrorismo", "linguisticInfo": {"de": {"lemma": "de", "pos": "SCONJ", "is_stop": true, "is_named": false}, "patrocinar": {"lemma": "patrocinar", "pos": "VERB", "is_stop": false, "is_named": false}, "o": {"lemma": "o", "pos": "DET", "is_stop": true, "is_named": false}, "terrorismo": {"lemma": "terrorismo", "pos": "NOUN", "is_stop": false, "is_named": false}}}, "it": {"text": "di finanziare i terroristi", "linguisticInfo": {"di": {"lemma": "di", "pos": "E", "is_stop": true, "is_named": false}, "finanziare": {"lemma": "finanziare", "pos": "V", "is_stop": false, "is_named": false}, "i": {"lemma": "il", "pos": "RD", "is_stop": false, "is_named": false}, "terroristi": {"lemma": "terrorista", "pos": "S", "is_stop": false, "is_named": false}}}}, "obj": {"type": "Event", "pt": {"text": "acusou", "linguisticInfo": {"acusou": {"lemma": "acusar", "pos": "VERB", "is_stop": false, "is_named": false}}}, "it": {"text": "accusato", "linguisticInfo": {"accusato": {"lemma": "accusare", "pos": "V", "is_stop": false, "is_named": false}}}}}, {"id": "R24", "subj": {"type": "Non-human_Patient", "pt": {"text": "o terrorismo", "linguisticInfo": {"o": {"lemma": "o", "pos": "DET", "is_stop": true, "is_named": false}, "terrorismo": {"lemma": "terrorismo", "pos": "NOUN", "is_stop": false, "is_named": false}}}, "it": {"text": "terroristi", "linguisticInfo": {"terroristi": {"lemma": "terrorista", "pos": "S", "is_stop": false, "is_named": false}}}}, "obj": {"type": "Event", "pt": {"text": "patrocinar", "linguisticInfo": {"patrocinar": {"lemma": "patrocinar", "pos": "VERB", "is_stop": false, "is_named": false}}}, "it": {"text": "finanziare", "linguisticInfo": {"finanziare": {"lemma": "finanziare", "pos": "V", "is_stop": false, "is_named": false}}}}}, {"id": "R25", "subj": {"type": "Human_Agent", "pt": {"text": "O Presidente Ronald Reagan", "linguisticInfo": {"O": {"lemma": "O", "pos": "DET", "is_stop": true, "is_named": true}, "Presidente": {"lemma": "Presidente", "pos": "PROPN", "is_stop": false, "is_named": true}, "Ronald": {"lemma": "Ronald", "pos": "PROPN", "is_stop": false, "is_named": true}, "Reagan": {"lemma": "Reagan", "pos": "PROPN", "is_stop": false, "is_named": true}}}, "it": {"text": "il presidente ronald reagan", "linguisticInfo": {"il": {"lemma": "il", "pos": "RD", "is_stop": true, "is_named": false}, "presidente": {"lemma": "presidente", "pos": "S", "is_stop": false, "is_named": false}, "ronald": {"lemma": "ronald", "pos": "SP", "is_stop": false, "is_named": false}, "reagan": {"lemma": "reagan", "pos": "SP", "is_stop": false, "is_named": false}}}}, "obj": {"type": "Event", "pt": {"text": "culpou", "linguisticInfo": {"culpou": {"lemma": "culpar", "pos": "VERB", "is_stop": false, "is_named": false}}}, "it": {"text": "accusa", "linguisticInfo": {"accusa": {"lemma": "accusare", "pos": "V", "is_stop": false, "is_named": false}}}}}, {"id": "R26", "subj": {"type": "Human_Patient", "pt": {"text": "Kadhafi", "linguisticInfo": {"Kadhafi": {"lemma": "Kadhafi", "pos": "PROPN", "is_stop": false, "is_named": true}}}, "it": {"text": "kadhafi", "linguisticInfo": {"kadhafi": {"lemma": "kadhafi", "pos": "SP", "is_stop": false, "is_named": false}}}}, "obj": {"type": "Event", "pt": {"text": "culpou", "linguisticInfo": {"culpou": {"lemma": "culpar", "pos": "VERB", "is_stop": false, "is_named": false}}}, "it": {"text": "accusa", "linguisticInfo": {"accusa": {"lemma": "accusare", "pos": "V", "is_stop": false, "is_named": false}}}}}, {"id": "R27", "subj": {"type": "Non-human_Oth_participant", "pt": {"text": "pelos atentados nos aeroportos de Roma e Viena , que provocaram a morte a 20 pessoas", "linguisticInfo": {"pelos": {"lemma": "pelos", "pos": "ADP", "is_stop": true, "is_named": false}, "atentados": {"lemma": "atentar", "pos": "NOUN", "is_stop": false, "is_named": false}, "nos": {"lemma": "o", "pos": "ADP", "is_stop": true, "is_named": false}, "aeroportos": {"lemma": "aeroporto", "pos": "NOUN", "is_stop": false, "is_named": false}, "de": {"lemma": "de", "pos": "ADP", "is_stop": true, "is_named": false}, "Roma": {"lemma": "Roma", "pos": "PROPN", "is_stop": false, "is_named": true}, "e": {"lemma": "e", "pos": "CCONJ", "is_stop": true, "is_named": false}, "Viena": {"lemma": "Viena", "pos": "PROPN", "is_stop": false, "is_named": true}, ",": {"lemma": ",", "pos": "PUNCT", "is_stop": false, "is_named": false}, "que": {"lemma": "que", "pos": "PRON", "is_stop": true, "is_named": false}, "provocaram": {"lemma": "provocar", "pos": "VERB", "is_stop": false, "is_named": false}, "a": {"lemma": "o", "pos": "ADP", "is_stop": true, "is_named": false}, "morte": {"lemma": "morte", "pos": "NOUN", "is_stop": false, "is_named": false}, "20": {"lemma": "20", "pos": "NUM", "is_stop": false, "is_named": false}, "pessoas": {"lemma": "pessoa", "pos": "NOUN", "is_stop": false, "is_named": false}}}, "it": {"text": "attentanti agli aeroporti", "linguisticInfo": {"attentanti": {"lemma": "attentanti", "pos": "S", "is_stop": false, "is_named": false}, "agli": {"lemma": "al", "pos": "E_RD", "is_stop": true, "is_named": false}, "aeroporti": {"lemma": "aeroporto", "pos": "S", "is_stop": false, "is_named": false}}}}, "obj": {"type": "Event", "pt": {"text": "culpou", "linguisticInfo": {"culpou": {"lemma": "culpar", "pos": "VERB", "is_stop": false, "is_named": false}}}, "it": {"text": "accusa", "linguisticInfo": {"accusa": {"lemma": "accusare", "pos": "V", "is_stop": false, "is_named": false}}}}}, {"id": "R29", "subj": {"type": "Human_Agent", "pt": {"text": "que", "linguisticInfo": {"que": {"lemma": "que", "pos": "SCONJ", "is_stop": true, "is_named": false}}}, "it": {"text": "che", "linguisticInfo": {"che": {"lemma": "che", "pos": "CS", "is_stop": true, "is_named": false}}}}, "obj": {"type": "Event", "pt": {"text": "provocaram a morte", "linguisticInfo": {"provocaram": {"lemma": "provocar", "pos": "VERB", "is_stop": false, "is_named": false}, "a": {"lemma": "o", "pos": "DET", "is_stop": true, "is_named": false}, "morte": {"lemma": "morte", "pos": "NOUN", "is_stop": false, "is_named": false}}}, "it": {"text": "causato la morte", "linguisticInfo": {"causato": {"lemma": "causare", "pos": "V", "is_stop": false, "is_named": false}, "la": {"lemma": "il", "pos": "RD", "is_stop": true, "is_named": false}, "morte": {"lemma": "morte", "pos": "S", "is_stop": false, "is_named": false}}}}}, {"id": "R30", "subj": {"type": "Human_Patient", "pt": {"text": "a 20 pessoas", "linguisticInfo": {"a": {"lemma": "o", "pos": "ADP", "is_stop": true, "is_named": false}, "20": {"lemma": "20", "pos": "NUM", "is_stop": false, "is_named": false}, "pessoas": {"lemma": "pessoa", "pos": "NOUN", "is_stop": false, "is_named": false}}}, "it": {"text": "20 persone", "linguisticInfo": {"20": {"lemma": "20", "pos": "N", "is_stop": false, "is_named": false}, "persone": {"lemma": "persona", "pos": "S", "is_stop": true, "is_named": false}}}}, "obj": {"type": "Event", "pt": {"text": "provocaram a morte", "linguisticInfo": {"provocaram": {"lemma": "provocar", "pos": "VERB", "is_stop": false, "is_named": false}, "a": {"lemma": "o", "pos": "DET", "is_stop": true, "is_named": false}, "morte": {"lemma": "morte", "pos": "NOUN", "is_stop": false, "is_named": false}}}, "it": {"text": "causato la morte", "linguisticInfo": {"causato": {"lemma": "causare", "pos": "V", "is_stop": false, "is_named": false}, "la": {"lemma": "il", "pos": "RD", "is_stop": true, "is_named": false}, "morte": {"lemma": "morte", "pos": "S", "is_stop": false, "is_named": false}}}}}, {"id": "R31", "subj": {"type": "Human_Agent", "pt": {"text": "Kadhafi", "linguisticInfo": {"Kadhafi": {"lemma": "Kadhafi", "pos": "PROPN", "is_stop": false, "is_named": true}}}, "it": {"text": "kadhafi", "linguisticInfo": {"kadhafi": {"lemma": "kadhafi", "pos": "SP", "is_stop": false, "is_named": false}}}}, "obj": {"type": "Event", "pt": {"text": "negou", "linguisticInfo": {"negou": {"lemma": "negar", "pos": "VERB", "is_stop": false, "is_named": false}}}, "it": {"text": "negato", "linguisticInfo": {"negato": {"lemma": "negare", "pos": "V", "is_stop": false, "is_named": false}}}}}, {"id": "R32", "subj": {"type": "Non-human_Patient", "pt": {"text": "qualquer envolvimento", "linguisticInfo": {"qualquer": {"lemma": "qualquer", "pos": "DET", "is_stop": true, "is_named": false}, "envolvimento": {"lemma": "envolvimento", "pos": "NOUN", "is_stop": false, "is_named": false}}}, "it": {"text": "qualsiasi coinvolgimento", "linguisticInfo": {"qualsiasi": {"lemma": "qualsiasi", "pos": "DI", "is_stop": false, "is_named": false}, "coinvolgimento": {"lemma": "coinvolgimento", "pos": "S", "is_stop": false, "is_named": false}}}}, "obj": {"type": "Event", "pt": {"text": "negou", "linguisticInfo": {"negou": {"lemma": "negar", "pos": "VERB", "is_stop": false, "is_named": false}}}, "it": {"text": "negato", "linguisticInfo": {"negato": {"lemma": "negare", "pos": "V", "is_stop": false, "is_named": false}}}}}]}, "sentences_6": {"itText": "NULL washington considera il golfo territorio internazionale , mentre il leader libico ne rivendica il controllo da parte della libia e , per questo motivo , ha stabilito la \u00ab linea di morte \u00bb , proprio nel punto in cui l \u2019 ingresso del golfo sfocia nel mediterraneo .", "ptText": "washington considera a maior parte do golfo como territ\u00f3rio internacional , mas o l\u00edder l\u00edbio afirma que o mesmo faz parte da l\u00edbia e estabeleceu j\u00e1 a sua \u00ab linha de morte \u00bb , onde a entrada do golfo se junta com o mediterr\u00e2neo . \n", "relations": [{"id": "R33", "subj": {"type": "Human_Agent", "pt": {"text": "o l\u00edder l\u00edbio", "linguisticInfo": {"o": {"lemma": "o", "pos": "DET", "is_stop": true, "is_named": false}, "l\u00edder": {"lemma": "l\u00edder", "pos": "NOUN", "is_stop": false, "is_named": false}, "l\u00edbio": {"lemma": "l\u00edbio", "pos": "ADJ", "is_stop": false, "is_named": false}}}, "it": {"text": "il leader libico", "linguisticInfo": {"il": {"lemma": "il", "pos": "RD", "is_stop": true, "is_named": false}, "leader": {"lemma": "leader", "pos": "S", "is_stop": false, "is_named": false}, "libico": {"lemma": "libico", "pos": "A", "is_stop": false, "is_named": false}}}}, "obj": {"type": "Event", "pt": {"text": "afirma", "linguisticInfo": {"afirma": {"lemma": "afirmar", "pos": "VERB", "is_stop": false, "is_named": false}}}, "it": {"text": "rivendica", "linguisticInfo": {"rivendica": {"lemma": "rivendicare", "pos": "V", "is_stop": false, "is_named": false}}}}}, {"id": "R34", "subj": {"type": "Non-human_Oth_participant", "pt": {"text": "que o mesmo faz parte da L\u00edbia", "linguisticInfo": {"que": {"lemma": "que", "pos": "SCONJ", "is_stop": true, "is_named": false}, "o": {"lemma": "o", "pos": "DET", "is_stop": true, "is_named": false}, "mesmo": {"lemma": "mesmo", "pos": "PRON", "is_stop": true, "is_named": false}, "faz": {"lemma": "fazer", "pos": "VERB", "is_stop": true, "is_named": false}, "parte": {"lemma": "partir", "pos": "NOUN", "is_stop": true, "is_named": false}, "da": {"lemma": "da", "pos": "ADP", "is_stop": true, "is_named": false}, "L\u00edbia": {"lemma": "L\u00edbia", "pos": "PROPN", "is_stop": false, "is_named": true}}}, "it": {"text": "il ne rivendica parte della libia", "linguisticInfo": {"il": {"lemma": "il", "pos": "RD", "is_stop": true, "is_named": false}, "ne": {"lemma": "ne", "pos": "PC", "is_stop": true, "is_named": false}, "rivendica": {"lemma": "rivendicare", "pos": "V", "is_stop": false, "is_named": false}, "parte": {"lemma": "parte", "pos": "S", "is_stop": true, "is_named": false}, "della": {"lemma": "della", "pos": "E_RD", "is_stop": true, "is_named": false}, "libia": {"lemma": "libia", "pos": "S", "is_stop": false, "is_named": false}}}}, "obj": {"type": "Event", "pt": {"text": "afirma", "linguisticInfo": {"afirma": {"lemma": "afirmar", "pos": "VERB", "is_stop": false, "is_named": false}}}, "it": {"text": "rivendica", "linguisticInfo": {"rivendica": {"lemma": "rivendicare", "pos": "V", "is_stop": false, "is_named": false}}}}}, {"id": "R35", "subj": {"type": "Human_Agent", "pt": {"text": "o l\u00edder l\u00edbio", "linguisticInfo": {"o": {"lemma": "o", "pos": "DET", "is_stop": true, "is_named": false}, "l\u00edder": {"lemma": "l\u00edder", "pos": "NOUN", "is_stop": false, "is_named": false}, "l\u00edbio": {"lemma": "l\u00edbio", "pos": "ADJ", "is_stop": false, "is_named": false}}}, "it": {"text": "il leader libico", "linguisticInfo": {"il": {"lemma": "il", "pos": "RD", "is_stop": true, "is_named": false}, "leader": {"lemma": "leader", "pos": "S", "is_stop": false, "is_named": false}, "libico": {"lemma": "libico", "pos": "A", "is_stop": false, "is_named": false}}}}, "obj": {"type": "Event", "pt": {"text": "estabeleceu", "linguisticInfo": {"estabeleceu": {"lemma": "estabelecer", "pos": "VERB", "is_stop": false, "is_named": false}}}, "it": {"text": "stabilito", "linguisticInfo": {"stabilito": {"lemma": "stabilire", "pos": "V", "is_stop": false, "is_named": false}}}}}]}, "sentences_7": {"itText": "NULL nel 1981 due caccia americani \u00ab f-14 \u00bb avevano abbattuto due aerei libici che stavano facendo loro fronte mentre navi statunitensi entravano nell&apos; area contesa . da quel momento in poi , sono state compiute 18 esercitazioni .", "ptText": "em 1981 dois ca\u00e7as \u00ab f-14 \u00bb norte-americanos abateram dois avi\u00f5es l\u00edbios que os desafiaram quando navios norte-americanos entraram na disputada \u00e1rea . desde ent\u00e3o realizaram -se 18 exerc\u00edcios . \n", "relations": [{"id": "R37", "subj": {"type": "Human_Patient", "pt": {"text": "dois avi\u00f5es l\u00edbios que os desafiaram quando navios norte-americanos entraram na disputada \u00e1rea", "linguisticInfo": {"dois": {"lemma": "dois", "pos": "NUM", "is_stop": true, "is_named": false}, "avi\u00f5es": {"lemma": "avi\u00e3o", "pos": "NOUN", "is_stop": false, "is_named": false}, "l\u00edbios": {"lemma": "l\u00edbio", "pos": "ADJ", "is_stop": false, "is_named": false}, "que": {"lemma": "que", "pos": "PRON", "is_stop": true, "is_named": false}, "os": {"lemma": "o", "pos": "PRON", "is_stop": true, "is_named": false}, "desafiaram": {"lemma": "desafiar", "pos": "VERB", "is_stop": false, "is_named": false}, "quando": {"lemma": "quando", "pos": "ADV", "is_stop": true, "is_named": false}, "navios": {"lemma": "navio", "pos": "NOUN", "is_stop": false, "is_named": false}, "norte-americanos": {"lemma": "norte-americanos", "pos": "ADJ", "is_stop": false, "is_named": false}, "entraram": {"lemma": "entrar", "pos": "VERB", "is_stop": false, "is_named": false}, "na": {"lemma": "o", "pos": "ADP", "is_stop": true, "is_named": false}, "disputada": {"lemma": "disputar", "pos": "VERB", "is_stop": false, "is_named": false}, "\u00e1rea": {"lemma": "\u00e1rea", "pos": "NOUN", "is_stop": true, "is_named": false}}}, "it": {"text": "due caccia americani aerei libici che stavano facendo", "linguisticInfo": {"due": {"lemma": "due", "pos": "N", "is_stop": true, "is_named": false}, "caccia": {"lemma": "caccia", "pos": "S", "is_stop": false, "is_named": false}, "americani": {"lemma": "americano", "pos": "A", "is_stop": false, "is_named": false}, "aerei": {"lemma": "aereo", "pos": "S", "is_stop": false, "is_named": false}, "libici": {"lemma": "libico", "pos": "A", "is_stop": false, "is_named": false}, "che": {"lemma": "che", "pos": "PR", "is_stop": true, "is_named": false}, "stavano": {"lemma": "stare", "pos": "VA", "is_stop": true, "is_named": false}, "facendo": {"lemma": "fare", "pos": "V", "is_stop": true, "is_named": false}}}}, "obj": {"type": "Event", "pt": {"text": "abateram", "linguisticInfo": {"abateram": {"lemma": "abater", "pos": "VERB", "is_stop": false, "is_named": false}}}, "it": {"text": "abbattuto", "linguisticInfo": {"abbattuto": {"lemma": "abbattere", "pos": "V", "is_stop": false, "is_named": false}}}}}, {"id": "R39", "subj": {"type": "Time", "pt": {"text": "Em 1981", "linguisticInfo": {"Em": {"lemma": "Em", "pos": "ADP", "is_stop": true, "is_named": true}, "1981": {"lemma": "1981", "pos": "NUM", "is_stop": false, "is_named": false}}}, "it": {"text": "nel 1981", "linguisticInfo": {"nel": {"lemma": "nel", "pos": "E_RD", "is_stop": true, "is_named": false}, "1981": {"lemma": "1981", "pos": "N", "is_stop": false, "is_named": false}}}}, "obj": {"type": "Event", "pt": {"text": "abateram", "linguisticInfo": {"abateram": {"lemma": "abater", "pos": "VERB", "is_stop": false, "is_named": false}}}, "it": {"text": "abbattuto", "linguisticInfo": {"abbattuto": {"lemma": "abbattere", "pos": "V", "is_stop": false, "is_named": false}}}}}, {"id": "R40", "subj": {"type": "Human_Agent", "pt": {"text": "que", "linguisticInfo": {"que": {"lemma": "que", "pos": "SCONJ", "is_stop": true, "is_named": false}}}, "it": {"text": "che", "linguisticInfo": {"che": {"lemma": "che", "pos": "CS", "is_stop": true, "is_named": false}}}}, "obj": {"type": "Event", "pt": {"text": "desafiaram", "linguisticInfo": {"desafiaram": {"lemma": "desafiar", "pos": "VERB", "is_stop": false, "is_named": false}}}, "it": {"text": "statunitensi", "linguisticInfo": {"statunitensi": {"lemma": "statunitense", "pos": "A", "is_stop": false, "is_named": false}}}}}, {"id": "R41", "subj": {"type": "Human_Patient", "pt": {"text": "os", "linguisticInfo": {"os": {"lemma": "o", "pos": "DET", "is_stop": true, "is_named": false}}}, "it": {"text": "", "linguisticInfo": {}}}, "obj": {"type": "Event", "pt": {"text": "desafiaram", "linguisticInfo": {"desafiaram": {"lemma": "desafiar", "pos": "VERB", "is_stop": false, "is_named": false}}}, "it": {"text": "statunitensi", "linguisticInfo": {"statunitensi": {"lemma": "statunitense", "pos": "A", "is_stop": false, "is_named": false}}}}}, {"id": "R42", "subj": {"type": "Time", "pt": {"text": "quando navios norte-americanos entraram na disputada \u00e1rea", "linguisticInfo": {"quando": {"lemma": "quando", "pos": "ADP", "is_stop": true, "is_named": false}, "navios": {"lemma": "navio", "pos": "NOUN", "is_stop": false, "is_named": false}, "norte-americanos": {"lemma": "norte-americanos", "pos": "ADJ", "is_stop": false, "is_named": false}, "entraram": {"lemma": "entrar", "pos": "VERB", "is_stop": false, "is_named": false}, "na": {"lemma": "o", "pos": "ADP", "is_stop": true, "is_named": false}, "disputada": {"lemma": "disputar", "pos": "VERB", "is_stop": false, "is_named": false}, "\u00e1rea": {"lemma": "\u00e1rea", "pos": "NOUN", "is_stop": true, "is_named": false}}}, "it": {"text": "facendo loro fronte navi statunitensi entravano", "linguisticInfo": {"facendo": {"lemma": "fare", "pos": "V", "is_stop": true, "is_named": false}, "loro": {"lemma": "loro", "pos": "AP", "is_stop": true, "is_named": false}, "fronte": {"lemma": "fronte", "pos": "S", "is_stop": false, "is_named": false}, "navi": {"lemma": "nave", "pos": "S", "is_stop": false, "is_named": false}, "statunitensi": {"lemma": "statunitense", "pos": "A", "is_stop": false, "is_named": false}, "entravano": {"lemma": "entrare", "pos": "V", "is_stop": false, "is_named": false}}}}, "obj": {"type": "Event", "pt": {"text": "desafiaram", "linguisticInfo": {"desafiaram": {"lemma": "desafiar", "pos": "VERB", "is_stop": false, "is_named": false}}}, "it": {"text": "statunitensi", "linguisticInfo": {"statunitensi": {"lemma": "statunitense", "pos": "A", "is_stop": false, "is_named": false}}}}}, {"id": "R43", "subj": {"type": "Human_Agent", "pt": {"text": "navios norte-americanos", "linguisticInfo": {"navios": {"lemma": "navio", "pos": "NOUN", "is_stop": false, "is_named": false}, "norte-americanos": {"lemma": "norte-americanos", "pos": "ADJ", "is_stop": false, "is_named": false}}}, "it": {"text": "navi statunitensi entravano", "linguisticInfo": {"navi": {"lemma": "nave", "pos": "S", "is_stop": false, "is_named": false}, "statunitensi": {"lemma": "statunitense", "pos": "A", "is_stop": false, "is_named": false}, "entravano": {"lemma": "entrare", "pos": "V", "is_stop": false, "is_named": false}}}}, "obj": {"type": "Event", "pt": {"text": "entraram", "linguisticInfo": {"entraram": {"lemma": "entrar", "pos": "VERB", "is_stop": false, "is_named": false}}}, "it": {"text": "entravano", "linguisticInfo": {"entravano": {"lemma": "entrare", "pos": "V", "is_stop": false, "is_named": false}}}}}, {"id": "R44", "subj": {"type": "Geo_location", "pt": {"text": "na disputada \u00e1rea", "linguisticInfo": {"na": {"lemma": "o", "pos": "ADP", "is_stop": true, "is_named": false}, "disputada": {"lemma": "disputar", "pos": "VERB", "is_stop": false, "is_named": false}, "\u00e1rea": {"lemma": "\u00e1rea", "pos": "NOUN", "is_stop": true, "is_named": false}}}, "it": {"text": "nell&apos; area", "linguisticInfo": {"nell&apos": {"lemma": "nell&apos", "pos": "S", "is_stop": false, "is_named": false}, ";": {"lemma": ";", "pos": "FC", "is_stop": false, "is_named": false}, "area": {"lemma": "area", "pos": "S", "is_stop": false, "is_named": false}}}}, "obj": {"type": "Event", "pt": {"text": "entraram", "linguisticInfo": {"entraram": {"lemma": "entrar", "pos": "VERB", "is_stop": false, "is_named": false}}}, "it": {"text": "entravano", "linguisticInfo": {"entravano": {"lemma": "entrare", "pos": "V", "is_stop": false, "is_named": false}}}}}]}, "sentences_8": {"itText": "NULL sands ha comunque preferito non precisare se navi o aerei americani siano gi\u00e0 entrati nell \u2019 area contesa del golfo durante le esercitazioni che si sono concluse gioved\u00ec scorso , o se lo faranno a breve .", "ptText": "sands recusou -se tamb\u00e9m a dizer se algum navio ou avi\u00e3o tinha entrado no disputado golfo durante o exerc\u00edcio que terminou quinta-feira ou se o far\u00e1 agora . \n", "relations": [{"id": "R49", "subj": {"type": "Human_Agent", "pt": {"text": "algum navio ou avi\u00e3o", "linguisticInfo": {"algum": {"lemma": "algum", "pos": "DET", "is_stop": false, "is_named": false}, "navio": {"lemma": "navio", "pos": "NOUN", "is_stop": false, "is_named": false}, "ou": {"lemma": "ou", "pos": "CCONJ", "is_stop": true, "is_named": false}, "avi\u00e3o": {"lemma": "avi\u00e3o", "pos": "NOUN", "is_stop": false, "is_named": false}}}, "it": {"text": "se navi o aerei", "linguisticInfo": {"se": {"lemma": "se", "pos": "CS", "is_stop": true, "is_named": false}, "navi": {"lemma": "nave", "pos": "S", "is_stop": false, "is_named": false}, "o": {"lemma": "o", "pos": "CC", "is_stop": false, "is_named": false}, "aerei": {"lemma": "aereo", "pos": "S", "is_stop": false, "is_named": false}}}}, "obj": {"type": "Event", "pt": {"text": "tinha entrado", "linguisticInfo": {"tinha": {"lemma": "ter", "pos": "AUX", "is_stop": false, "is_named": false}, "entrado": {"lemma": "entrar", "pos": "VERB", "is_stop": false, "is_named": false}}}, "it": {"text": "americani entrati", "linguisticInfo": {"americani": {"lemma": "americano", "pos": "A", "is_stop": false, "is_named": false}, "entrati": {"lemma": "entrare", "pos": "V", "is_stop": false, "is_named": false}}}}}, {"id": "R50", "subj": {"type": "Geo_location", "pt": {"text": "no disputado Golfo", "linguisticInfo": {"no": {"lemma": "o", "pos": "ADP", "is_stop": true, "is_named": false}, "disputado": {"lemma": "disputar", "pos": "NOUN", "is_stop": false, "is_named": false}, "Golfo": {"lemma": "Golfo", "pos": "PROPN", "is_stop": false, "is_named": true}}}, "it": {"text": "nell contesa golfo", "linguisticInfo": {"nell": {"lemma": "nell", "pos": "V", "is_stop": true, "is_named": false}, "contesa": {"lemma": "contesa", "pos": "S", "is_stop": false, "is_named": false}, "golfo": {"lemma": "golfo", "pos": "SP", "is_stop": false, "is_named": false}}}}, "obj": {"type": "Event", "pt": {"text": "tinha entrado", "linguisticInfo": {"tinha": {"lemma": "ter", "pos": "AUX", "is_stop": false, "is_named": false}, "entrado": {"lemma": "entrar", "pos": "VERB", "is_stop": false, "is_named": false}}}, "it": {"text": "americani entrati", "linguisticInfo": {"americani": {"lemma": "americano", "pos": "A", "is_stop": false, "is_named": false}, "entrati": {"lemma": "entrare", "pos": "V", "is_stop": false, "is_named": false}}}}}, {"id": "R51", "subj": {"type": "Time", "pt": {"text": "durante o exerc\u00edcio que terminou quinta-feira", "linguisticInfo": {"durante": {"lemma": "durante", "pos": "ADP", "is_stop": false, "is_named": false}, "o": {"lemma": "o", "pos": "DET", "is_stop": true, "is_named": false}, "exerc\u00edcio": {"lemma": "exerc\u00edcio", "pos": "NOUN", "is_stop": false, "is_named": false}, "que": {"lemma": "que", "pos": "PRON", "is_stop": true, "is_named": false}, "terminou": {"lemma": "terminar", "pos": "VERB", "is_stop": false, "is_named": false}, "quinta-feira": {"lemma": "quinta-feira", "pos": "NOUN", "is_stop": false, "is_named": false}}}, "it": {"text": "durante le esercitazioni", "linguisticInfo": {"durante": {"lemma": "durante", "pos": "E", "is_stop": true, "is_named": false}, "le": {"lemma": "il", "pos": "RD", "is_stop": true, "is_named": false}, "esercitazioni": {"lemma": "esercitazione", "pos": "S", "is_stop": false, "is_named": false}}}}, "obj": {"type": "Event", "pt": {"text": "tinha entrado", "linguisticInfo": {"tinha": {"lemma": "ter", "pos": "AUX", "is_stop": false, "is_named": false}, "entrado": {"lemma": "entrar", "pos": "VERB", "is_stop": false, "is_named": false}}}, "it": {"text": "americani entrati", "linguisticInfo": {"americani": {"lemma": "americano", "pos": "A", "is_stop": false, "is_named": false}, "entrati": {"lemma": "entrare", "pos": "V", "is_stop": false, "is_named": false}}}}}, {"id": "R52", "subj": {"type": "Time", "pt": {"text": "quinta-feira", "linguisticInfo": {"quinta-feira": {"lemma": "quinta-feira", "pos": "NOUN", "is_stop": false, "is_named": false}}}, "it": {"text": "gioved\u00ec", "linguisticInfo": {"gioved\u00ec": {"lemma": "gioved\u00ec", "pos": "S", "is_stop": false, "is_named": false}}}}, "obj": {"type": "Event", "pt": {"text": "o exerc\u00edcio que terminou", "linguisticInfo": {"o": {"lemma": "o", "pos": "DET", "is_stop": true, "is_named": false}, "exerc\u00edcio": {"lemma": "exerc\u00edcio", "pos": "NOUN", "is_stop": false, "is_named": false}, "que": {"lemma": "que", "pos": "PRON", "is_stop": true, "is_named": false}, "terminou": {"lemma": "terminar", "pos": "VERB", "is_stop": false, "is_named": false}}}, "it": {"text": "esercitazioni che concluse", "linguisticInfo": {"esercitazioni": {"lemma": "esercitazione", "pos": "S", "is_stop": false, "is_named": false}, "che": {"lemma": "che", "pos": "PR", "is_stop": true, "is_named": false}, "concluse": {"lemma": "concludere", "pos": "V", "is_stop": false, "is_named": false}}}}}, {"id": "R53", "subj": {"type": "Non-human_Patient", "pt": {"text": "o", "linguisticInfo": {"o": {"lemma": "o", "pos": "DET", "is_stop": true, "is_named": false}}}, "it": {"text": "", "linguisticInfo": {}}}, "obj": {"type": "Event", "pt": {"text": "far\u00e1", "linguisticInfo": {"far\u00e1": {"lemma": "fazer", "pos": "VERB", "is_stop": true, "is_named": false}}}, "it": {"text": "faranno", "linguisticInfo": {"faranno": {"lemma": "fare", "pos": "V", "is_stop": true, "is_named": false}}}}}, {"id": "R54", "subj": {"type": "Time", "pt": {"text": "agora", "linguisticInfo": {"agora": {"lemma": "agora", "pos": "ADV", "is_stop": true, "is_named": false}}}, "it": {"text": "breve", "linguisticInfo": {"breve": {"lemma": "breve", "pos": "A", "is_stop": false, "is_named": false}}}}, "obj": {"type": "Event", "pt": {"text": "far\u00e1", "linguisticInfo": {"far\u00e1": {"lemma": "fazer", "pos": "VERB", "is_stop": true, "is_named": false}}}, "it": {"text": "faranno", "linguisticInfo": {"faranno": {"lemma": "fare", "pos": "V", "is_stop": true, "is_named": false}}}}}]}, "sentences_9": {"itText": "NULL il new york times , intanto , ha rivelato che ieri , poco dopo gli attacchi agli aeroporti di roma e di vienna , l \u2019 ambasciatore americano wlliam wilson si \u00e8 recato a tripoli per un incontro segreto , non autorizzato dai responsabili libici .", "ptText": "entretanto , o new york times revelou ontem que o embaixador norte-americano william wilson se deslocou a tripoli para um encontro secreto n\u00e3o autorizado com respons\u00e1veis l\u00edbios , pouco depois dos ataques nos aeroportos de roma e viena . \n", "relations": [{"id": "R55", "subj": {"type": "Human_Agent", "pt": {"text": "o New York Times", "linguisticInfo": {"o": {"lemma": "o", "pos": "DET", "is_stop": true, "is_named": false}, "New": {"lemma": "New", "pos": "PROPN", "is_stop": false, "is_named": true}, "York": {"lemma": "York", "pos": "PROPN", "is_stop": false, "is_named": true}, "Times": {"lemma": "Times", "pos": "PROPN", "is_stop": false, "is_named": true}}}, "it": {"text": "il new york times", "linguisticInfo": {"il": {"lemma": "il", "pos": "RD", "is_stop": true, "is_named": false}, "new": {"lemma": "new", "pos": "SP", "is_stop": false, "is_named": false}, "york": {"lemma": "york", "pos": "SP", "is_stop": false, "is_named": false}, "times": {"lemma": "times", "pos": "E", "is_stop": false, "is_named": false}}}}, "obj": {"type": "Event", "pt": {"text": "revelou", "linguisticInfo": {"revelou": {"lemma": "revelar", "pos": "VERB", "is_stop": false, "is_named": false}}}, "it": {"text": "rivelato", "linguisticInfo": {"rivelato": {"lemma": "rivelare", "pos": "V", "is_stop": false, "is_named": false}}}}}, {"id": "R56", "subj": {"type": "Time", "pt": {"text": "ontem", "linguisticInfo": {"ontem": {"lemma": "ontem", "pos": "ADV", "is_stop": true, "is_named": false}}}, "it": {"text": "ieri", "linguisticInfo": {"ieri": {"lemma": "ieri", "pos": "B", "is_stop": true, "is_named": false}}}}, "obj": {"type": "Event", "pt": {"text": "revelou", "linguisticInfo": {"revelou": {"lemma": "revelar", "pos": "VERB", "is_stop": false, "is_named": false}}}, "it": {"text": "rivelato", "linguisticInfo": {"rivelato": {"lemma": "rivelare", "pos": "V", "is_stop": false, "is_named": false}}}}}, {"id": "R57", "subj": {"type": "Non-human_Oth_participant", "pt": {"text": "que o embaixador norte-americano William Wilson se deslocou a Tripoli para um encontro secreto n\u00e3o autorizado com respons\u00e1veis l\u00edbios , pouco depois dos ataques nos aeroportos de Roma e Viena", "linguisticInfo": {"que": {"lemma": "que", "pos": "SCONJ", "is_stop": true, "is_named": false}, "o": {"lemma": "o", "pos": "DET", "is_stop": true, "is_named": false}, "embaixador": {"lemma": "embaixador", "pos": "NOUN", "is_stop": false, "is_named": false}, "norte-americano": {"lemma": "norte-americano", "pos": "ADJ", "is_stop": false, "is_named": false}, "William": {"lemma": "William", "pos": "PROPN", "is_stop": false, "is_named": true}, "Wilson": {"lemma": "Wilson", "pos": "PROPN", "is_stop": false, "is_named": true}, "se": {"lemma": "se", "pos": "PRON", "is_stop": true, "is_named": false}, "deslocou": {"lemma": "deslocar", "pos": "VERB", "is_stop": false, "is_named": false}, "a": {"lemma": "o", "pos": "ADP", "is_stop": true, "is_named": false}, "Tripoli": {"lemma": "Tripoli", "pos": "PROPN", "is_stop": false, "is_named": true}, "para": {"lemma": "parir", "pos": "ADP", "is_stop": true, "is_named": false}, "um": {"lemma": "um", "pos": "DET", "is_stop": true, "is_named": false}, "encontro": {"lemma": "encontrar", "pos": "NOUN", "is_stop": false, "is_named": false}, "secreto": {"lemma": "secreto", "pos": "ADJ", "is_stop": false, "is_named": false}, "n\u00e3o": {"lemma": "n\u00e3o", "pos": "ADV", "is_stop": true, "is_named": false}, "autorizado": {"lemma": "autorizar", "pos": "VERB", "is_stop": false, "is_named": false}, "com": {"lemma": "com", "pos": "ADP", "is_stop": true, "is_named": false}, "respons\u00e1veis": {"lemma": "respons\u00e1vel", "pos": "ADJ", "is_stop": false, "is_named": false}, "l\u00edbios": {"lemma": "l\u00edbio", "pos": "NOUN", "is_stop": false, "is_named": false}, ",": {"lemma": ",", "pos": "PUNCT", "is_stop": false, "is_named": false}, "pouco": {"lemma": "pouco", "pos": "ADV", "is_stop": true, "is_named": false}, "depois": {"lemma": "depois", "pos": "ADV", "is_stop": true, "is_named": false}, "dos": {"lemma": "dos", "pos": "ADP", "is_stop": true, "is_named": false}, "ataques": {"lemma": "ataque", "pos": "NOUN", "is_stop": false, "is_named": false}, "nos": {"lemma": "o", "pos": "ADP", "is_stop": true, "is_named": false}, "aeroportos": {"lemma": "aeroporto", "pos": "NOUN", "is_stop": false, "is_named": false}, "de": {"lemma": "de", "pos": "ADP", "is_stop": true, "is_named": false}, "Roma": {"lemma": "Roma", "pos": "PROPN", "is_stop": false, "is_named": true}, "e": {"lemma": "e", "pos": "CCONJ", "is_stop": true, "is_named": false}, "Viena": {"lemma": "Viena", "pos": "PROPN", "is_stop": false, "is_named": true}}}, "it": {"text": "il new l \u2019 ambasciatore americano wlliam wilson si", "linguisticInfo": {"il": {"lemma": "il", "pos": "RD", "is_stop": true, "is_named": false}, "new": {"lemma": "new", "pos": "SP", "is_stop": false, "is_named": false}, "l": {"lemma": "l", "pos": "RD", "is_stop": false, "is_named": false}, "\u2019": {"lemma": "\u2019", "pos": "V", "is_stop": false, "is_named": false}, "ambasciatore": {"lemma": "ambasciatore", "pos": "S", "is_stop": false, "is_named": false}, "americano": {"lemma": "americano", "pos": "A", "is_stop": false, "is_named": false}, "wlliam": {"lemma": "wlliam", "pos": "SP", "is_stop": false, "is_named": false}, "wilson": {"lemma": "wilson", "pos": "SP", "is_stop": false, "is_named": false}, "si": {"lemma": "si", "pos": "PC", "is_stop": true, "is_named": false}}}}, "obj": {"type": "Event", "pt": {"text": "revelou", "linguisticInfo": {"revelou": {"lemma": "revelar", "pos": "VERB", "is_stop": false, "is_named": false}}}, "it": {"text": "rivelato", "linguisticInfo": {"rivelato": {"lemma": "rivelare", "pos": "V", "is_stop": false, "is_named": false}}}}}, {"id": "R58", "subj": {"type": "Human_Agent", "pt": {"text": "o embaixador norte-americano William Wilson", "linguisticInfo": {"o": {"lemma": "o", "pos": "DET", "is_stop": true, "is_named": false}, "embaixador": {"lemma": "embaixador", "pos": "NOUN", "is_stop": false, "is_named": false}, "norte-americano": {"lemma": "norte-americano", "pos": "ADJ", "is_stop": false, "is_named": false}, "William": {"lemma": "William", "pos": "PROPN", "is_stop": false, "is_named": true}, "Wilson": {"lemma": "Wilson", "pos": "PROPN", "is_stop": false, "is_named": true}}}, "it": {"text": "l \u2019 ambasciatore americano wlliam wilson si", "linguisticInfo": {"l": {"lemma": "l", "pos": "PC", "is_stop": false, "is_named": false}, "\u2019": {"lemma": "\u2019", "pos": "V", "is_stop": false, "is_named": false}, "ambasciatore": {"lemma": "ambasciatore", "pos": "S", "is_stop": false, "is_named": false}, "americano": {"lemma": "americano", "pos": "A", "is_stop": false, "is_named": false}, "wlliam": {"lemma": "wlliam", "pos": "SP", "is_stop": false, "is_named": false}, "wilson": {"lemma": "wilson", "pos": "SP", "is_stop": false, "is_named": false}, "si": {"lemma": "si", "pos": "PC", "is_stop": true, "is_named": false}}}}, "obj": {"type": "Event", "pt": {"text": "se deslocou", "linguisticInfo": {"se": {"lemma": "se", "pos": "PRON", "is_stop": true, "is_named": false}, "deslocou": {"lemma": "deslocar", "pos": "VERB", "is_stop": false, "is_named": false}}}, "it": {"text": "si recato", "linguisticInfo": {"si": {"lemma": "si", "pos": "PC", "is_stop": true, "is_named": false}, "recato": {"lemma": "recare", "pos": "V", "is_stop": false, "is_named": false}}}}}, {"id": "R59", "subj": {"type": "Geo_location", "pt": {"text": "a Tripoli", "linguisticInfo": {"a": {"lemma": "o", "pos": "DET", "is_stop": true, "is_named": false}, "Tripoli": {"lemma": "Tripoli", "pos": "PROPN", "is_stop": false, "is_named": true}}}, "it": {"text": "a tripoli", "linguisticInfo": {"a": {"lemma": "a", "pos": "E", "is_stop": true, "is_named": false}, "tripoli": {"lemma": "tripoli", "pos": "DD", "is_stop": false, "is_named": false}}}}, "obj": {"type": "Event", "pt": {"text": "se deslocou", "linguisticInfo": {"se": {"lemma": "se", "pos": "PRON", "is_stop": true, "is_named": false}, "deslocou": {"lemma": "deslocar", "pos": "VERB", "is_stop": false, "is_named": false}}}, "it": {"text": "si recato", "linguisticInfo": {"si": {"lemma": "si", "pos": "PC", "is_stop": true, "is_named": false}, "recato": {"lemma": "recare", "pos": "V", "is_stop": false, "is_named": false}}}}}, {"id": "R60", "subj": {"type": "Non-human_Oth_participant", "pt": {"text": "para um encontro secreto n\u00e3o autorizado com respons\u00e1veis l\u00edbios", "linguisticInfo": {"para": {"lemma": "parir", "pos": "ADP", "is_stop": true, "is_named": false}, "um": {"lemma": "um", "pos": "DET", "is_stop": true, "is_named": false}, "encontro": {"lemma": "encontrar", "pos": "NOUN", "is_stop": false, "is_named": false}, "secreto": {"lemma": "secreto", "pos": "ADJ", "is_stop": false, "is_named": false}, "n\u00e3o": {"lemma": "n\u00e3o", "pos": "ADV", "is_stop": true, "is_named": false}, "autorizado": {"lemma": "autorizar", "pos": "VERB", "is_stop": false, "is_named": false}, "com": {"lemma": "com", "pos": "ADP", "is_stop": true, "is_named": false}, "respons\u00e1veis": {"lemma": "respons\u00e1vel", "pos": "ADJ", "is_stop": false, "is_named": false}, "l\u00edbios": {"lemma": "l\u00edbio", "pos": "ADJ", "is_stop": false, "is_named": false}}}, "it": {"text": "per un incontro segreto , non autorizzato dai responsabili", "linguisticInfo": {"per": {"lemma": "per", "pos": "E", "is_stop": true, "is_named": false}, "un": {"lemma": "uno", "pos": "RI", "is_stop": true, "is_named": false}, "incontro": {"lemma": "incontro", "pos": "S", "is_stop": false, "is_named": false}, "segreto": {"lemma": "segreto", "pos": "A", "is_stop": false, "is_named": false}, ",": {"lemma": ",", "pos": "FF", "is_stop": false, "is_named": false}, "non": {"lemma": "non", "pos": "BN", "is_stop": true, "is_named": false}, "autorizzato": {"lemma": "autorizzare", "pos": "V", "is_stop": false, "is_named": false}, "dai": {"lemma": "dal", "pos": "E_RD", "is_stop": true, "is_named": false}, "responsabili": {"lemma": "responsabile", "pos": "S", "is_stop": false, "is_named": false}}}}, "obj": {"type": "Event", "pt": {"text": "se deslocou", "linguisticInfo": {"se": {"lemma": "se", "pos": "PRON", "is_stop": true, "is_named": false}, "deslocou": {"lemma": "deslocar", "pos": "VERB", "is_stop": false, "is_named": false}}}, "it": {"text": "si recato", "linguisticInfo": {"si": {"lemma": "si", "pos": "PC", "is_stop": true, "is_named": false}, "recato": {"lemma": "recare", "pos": "V", "is_stop": false, "is_named": false}}}}}, {"id": "R61", "subj": {"type": "Time", "pt": {"text": "pouco depois dos ataques nos aeroportos de Roma e Viena", "linguisticInfo": {"pouco": {"lemma": "pouco", "pos": "ADV", "is_stop": true, "is_named": false}, "depois": {"lemma": "depois", "pos": "ADV", "is_stop": true, "is_named": false}, "dos": {"lemma": "dos", "pos": "ADP", "is_stop": true, "is_named": false}, "ataques": {"lemma": "ataque", "pos": "NOUN", "is_stop": false, "is_named": false}, "nos": {"lemma": "o", "pos": "ADP", "is_stop": true, "is_named": false}, "aeroportos": {"lemma": "aeroporto", "pos": "NOUN", "is_stop": false, "is_named": false}, "de": {"lemma": "de", "pos": "ADP", "is_stop": true, "is_named": false}, "Roma": {"lemma": "Roma", "pos": "PROPN", "is_stop": false, "is_named": true}, "e": {"lemma": "e", "pos": "CCONJ", "is_stop": true, "is_named": false}, "Viena": {"lemma": "Viena", "pos": "PROPN", "is_stop": false, "is_named": true}}}, "it": {"text": "poco dopo gli attacchi agli aeroporti di roma e vienna", "linguisticInfo": {"poco": {"lemma": "poco", "pos": "B", "is_stop": true, "is_named": false}, "dopo": {"lemma": "dopo", "pos": "E", "is_stop": true, "is_named": false}, "gli": {"lemma": "il", "pos": "RD", "is_stop": true, "is_named": false}, "attacchi": {"lemma": "attacco", "pos": "S", "is_stop": false, "is_named": false}, "agli": {"lemma": "al", "pos": "E_RD", "is_stop": true, "is_named": false}, "aeroporti": {"lemma": "aeroporto", "pos": "S", "is_stop": false, "is_named": false}, "di": {"lemma": "di", "pos": "E", "is_stop": true, "is_named": false}, "roma": {"lemma": "roma", "pos": "SP", "is_stop": false, "is_named": false}, "e": {"lemma": "e", "pos": "CC", "is_stop": false, "is_named": false}, "vienna": {"lemma": "vienna", "pos": "SP", "is_stop": false, "is_named": false}}}}, "obj": {"type": "Event", "pt": {"text": "se deslocou", "linguisticInfo": {"se": {"lemma": "se", "pos": "PRON", "is_stop": true, "is_named": false}, "deslocou": {"lemma": "deslocar", "pos": "VERB", "is_stop": false, "is_named": false}}}, "it": {"text": "si recato", "linguisticInfo": {"si": {"lemma": "si", "pos": "PC", "is_stop": true, "is_named": false}, "recato": {"lemma": "recare", "pos": "V", "is_stop": false, "is_named": false}}}}}, {"id": "R62", "subj": {"type": "Human_Patient", "pt": {"text": "com respons\u00e1veis l\u00edbios", "linguisticInfo": {"com": {"lemma": "com", "pos": "ADP", "is_stop": true, "is_named": false}, "respons\u00e1veis": {"lemma": "respons\u00e1vel", "pos": "ADJ", "is_stop": false, "is_named": false}, "l\u00edbios": {"lemma": "l\u00edbio", "pos": "NOUN", "is_stop": false, "is_named": false}}}, "it": {"text": "responsabili libici", "linguisticInfo": {"responsabili": {"lemma": "responsabile", "pos": "S", "is_stop": false, "is_named": false}, "libici": {"lemma": "libico", "pos": "A", "is_stop": false, "is_named": false}}}}, "obj": {"type": "Event", "pt": {"text": "um encontro secreto n\u00e3o autorizado", "linguisticInfo": {"um": {"lemma": "um", "pos": "DET", "is_stop": true, "is_named": false}, "encontro": {"lemma": "encontrar", "pos": "NOUN", "is_stop": false, "is_named": false}, "secreto": {"lemma": "secreto", "pos": "ADJ", "is_stop": false, "is_named": false}, "n\u00e3o": {"lemma": "n\u00e3o", "pos": "ADV", "is_stop": true, "is_named": false}, "autorizado": {"lemma": "autorizar", "pos": "VERB", "is_stop": false, "is_named": false}}}, "it": {"text": "un incontro segreto non autorizzato", "linguisticInfo": {"un": {"lemma": "uno", "pos": "RI", "is_stop": true, "is_named": false}, "incontro": {"lemma": "incontro", "pos": "S", "is_stop": false, "is_named": false}, "segreto": {"lemma": "segreto", "pos": "A", "is_stop": false, "is_named": false}, "non": {"lemma": "non", "pos": "BN", "is_stop": true, "is_named": false}, "autorizzato": {"lemma": "autorizzare", "pos": "V", "is_stop": false, "is_named": false}}}}}]}, "sentences_10": {"itText": "NULL citando funzionari non meglio identificati della casa bianca e del dipartimento di stato , il giornale afferma che il segretario di stato george shultz ha rimproverato wilson , ambasciatore in vaticano e membro del consiglio di amministrazione della compagnia pennzoil .", "ptText": "citando funcion\u00e1rios n\u00e3o identificados da casa branca e do departamento de estado , o jornal afirma que o secret\u00e1rio de estado , george shultz , repreendeu wilson , embaixador no vaticano e membro da direc\u00e7\u00e3o da empresa pennzoil . \n", "relations": [{"id": "R64", "subj": {"type": "Human_Agent", "pt": {"text": "o jornal", "linguisticInfo": {"o": {"lemma": "o", "pos": "DET", "is_stop": true, "is_named": false}, "jornal": {"lemma": "jornal", "pos": "NOUN", "is_stop": false, "is_named": false}}}, "it": {"text": "il giornale", "linguisticInfo": {"il": {"lemma": "il", "pos": "RD", "is_stop": true, "is_named": false}, "giornale": {"lemma": "giornale", "pos": "S", "is_stop": false, "is_named": false}}}}, "obj": {"type": "Event", "pt": {"text": "afirma", "linguisticInfo": {"afirma": {"lemma": "afirmar", "pos": "VERB", "is_stop": false, "is_named": false}}}, "it": {"text": "afferma", "linguisticInfo": {"afferma": {"lemma": "affermare", "pos": "V", "is_stop": false, "is_named": false}}}}}, {"id": "R65", "subj": {"type": "Non-human_Oth_participant", "pt": {"text": "que o secret\u00e1rio de Estado , George Shultz , repreendeu Wilson , embaixador no Vaticano e membro da direc\u00e7\u00e3o da empresa Pennzoil", "linguisticInfo": {"que": {"lemma": "que", "pos": "SCONJ", "is_stop": true, "is_named": false}, "o": {"lemma": "o", "pos": "DET", "is_stop": true, "is_named": false}, "secret\u00e1rio": {"lemma": "secret\u00e1rio", "pos": "NOUN", "is_stop": false, "is_named": false}, "de": {"lemma": "de", "pos": "ADP", "is_stop": true, "is_named": false}, "Estado": {"lemma": "Estado", "pos": "NOUN", "is_stop": true, "is_named": true}, ",": {"lemma": ",", "pos": "PUNCT", "is_stop": false, "is_named": false}, "George": {"lemma": "George", "pos": "PROPN", "is_stop": false, "is_named": true}, "Shultz": {"lemma": "Shultz", "pos": "PROPN", "is_stop": false, "is_named": true}, "repreendeu": {"lemma": "repreender", "pos": "VERB", "is_stop": false, "is_named": false}, "Wilson": {"lemma": "Wilson", "pos": "PROPN", "is_stop": false, "is_named": true}, "embaixador": {"lemma": "embaixador", "pos": "NOUN", "is_stop": false, "is_named": false}, "no": {"lemma": "o", "pos": "ADP", "is_stop": true, "is_named": false}, "Vaticano": {"lemma": "Vaticano", "pos": "PROPN", "is_stop": false, "is_named": true}, "e": {"lemma": "e", "pos": "CCONJ", "is_stop": true, "is_named": false}, "membro": {"lemma": "membro", "pos": "NOUN", "is_stop": false, "is_named": false}, "da": {"lemma": "da", "pos": "ADP", "is_stop": true, "is_named": false}, "direc\u00e7\u00e3o": {"lemma": "direc\u00e7\u00e3o", "pos": "NOUN", "is_stop": false, "is_named": false}, "empresa": {"lemma": "empresar", "pos": "NOUN", "is_stop": false, "is_named": false}, "Pennzoil": {"lemma": "Pennzoil", "pos": "PROPN", "is_stop": false, "is_named": true}}}, "it": {"text": "che il segretario di stato george shultz", "linguisticInfo": {"che": {"lemma": "che", "pos": "CS", "is_stop": true, "is_named": false}, "il": {"lemma": "il", "pos": "RD", "is_stop": true, "is_named": false}, "segretario": {"lemma": "segretario", "pos": "S", "is_stop": false, "is_named": false}, "di": {"lemma": "di", "pos": "E", "is_stop": true, "is_named": false}, "stato": {"lemma": "stato", "pos": "S", "is_stop": true, "is_named": false}, "george": {"lemma": "george", "pos": "SP", "is_stop": false, "is_named": false}, "shultz": {"lemma": "shultz", "pos": "SP", "is_stop": false, "is_named": false}}}}, "obj": {"type": "Event", "pt": {"text": "afirma", "linguisticInfo": {"afirma": {"lemma": "afirmar", "pos": "VERB", "is_stop": false, "is_named": false}}}, "it": {"text": "afferma", "linguisticInfo": {"afferma": {"lemma": "affermare", "pos": "V", "is_stop": false, "is_named": false}}}}}, {"id": "R66", "subj": {"type": "Human_Agent", "pt": {"text": "o secret\u00e1rio de Estado , George Shultz", "linguisticInfo": {"o": {"lemma": "o", "pos": "DET", "is_stop": true, "is_named": false}, "secret\u00e1rio": {"lemma": "secret\u00e1rio", "pos": "NOUN", "is_stop": false, "is_named": false}, "de": {"lemma": "de", "pos": "ADP", "is_stop": true, "is_named": false}, "Estado": {"lemma": "Estado", "pos": "NOUN", "is_stop": true, "is_named": true}, ",": {"lemma": ",", "pos": "PUNCT", "is_stop": false, "is_named": false}, "George": {"lemma": "George", "pos": "PROPN", "is_stop": false, "is_named": true}, "Shultz": {"lemma": "Shultz", "pos": "PROPN", "is_stop": false, "is_named": true}}}, "it": {"text": "il giornale afferma segretario di stato george shultz", "linguisticInfo": {"il": {"lemma": "il", "pos": "RD", "is_stop": true, "is_named": false}, "giornale": {"lemma": "giornale", "pos": "S", "is_stop": false, "is_named": false}, "afferma": {"lemma": "affermare", "pos": "V", "is_stop": false, "is_named": false}, "segretario": {"lemma": "segretario", "pos": "S", "is_stop": false, "is_named": false}, "di": {"lemma": "di", "pos": "E", "is_stop": true, "is_named": false}, "stato": {"lemma": "stato", "pos": "S", "is_stop": true, "is_named": false}, "george": {"lemma": "george", "pos": "SP", "is_stop": false, "is_named": false}, "shultz": {"lemma": "shultz", "pos": "SP", "is_stop": false, "is_named": false}}}}, "obj": {"type": "Event", "pt": {"text": "repreendeu", "linguisticInfo": {"repreendeu": {"lemma": "repreender", "pos": "VERB", "is_stop": false, "is_named": false}}}, "it": {"text": "rimproverato", "linguisticInfo": {"rimproverato": {"lemma": "rimproverare", "pos": "V", "is_stop": false, "is_named": false}}}}}, {"id": "R67", "subj": {"type": "Human_Patient", "pt": {"text": "Wilson , embaixador no Vaticano e membro da direc\u00e7\u00e3o da empresa Pennzoil", "linguisticInfo": {"Wilson": {"lemma": "Wilson", "pos": "PROPN", "is_stop": false, "is_named": true}, ",": {"lemma": ",", "pos": "PUNCT", "is_stop": false, "is_named": false}, "embaixador": {"lemma": "embaixador", "pos": "NOUN", "is_stop": false, "is_named": false}, "no": {"lemma": "o", "pos": "ADP", "is_stop": true, "is_named": false}, "Vaticano": {"lemma": "Vaticano", "pos": "PROPN", "is_stop": false, "is_named": true}, "e": {"lemma": "e", "pos": "CCONJ", "is_stop": true, "is_named": false}, "membro": {"lemma": "membro", "pos": "NOUN", "is_stop": false, "is_named": false}, "da": {"lemma": "da", "pos": "ADP", "is_stop": true, "is_named": false}, "direc\u00e7\u00e3o": {"lemma": "direc\u00e7\u00e3o", "pos": "NOUN", "is_stop": false, "is_named": false}, "empresa": {"lemma": "empresar", "pos": "NOUN", "is_stop": false, "is_named": false}, "Pennzoil": {"lemma": "Pennzoil", "pos": "PROPN", "is_stop": false, "is_named": true}}}, "it": {"text": "wilson , ambasciatore in vaticano e membro del consiglio della compagnia pennzoil .", "linguisticInfo": {"wilson": {"lemma": "wilson", "pos": "S", "is_stop": false, "is_named": false}, ",": {"lemma": ",", "pos": "FF", "is_stop": false, "is_named": false}, "ambasciatore": {"lemma": "ambasciatore", "pos": "S", "is_stop": false, "is_named": false}, "in": {"lemma": "in", "pos": "E", "is_stop": true, "is_named": false}, "vaticano": {"lemma": "vaticano", "pos": "SP", "is_stop": false, "is_named": false}, "e": {"lemma": "e", "pos": "CC", "is_stop": false, "is_named": false}, "membro": {"lemma": "membro", "pos": "S", "is_stop": false, "is_named": false}, "del": {"lemma": "del", "pos": "E_RD", "is_stop": true, "is_named": false}, "consiglio": {"lemma": "consiglio", "pos": "S", "is_stop": true, "is_named": false}, "della": {"lemma": "della", "pos": "E_RD", "is_stop": true, "is_named": false}, "compagnia": {"lemma": "compagnia", "pos": "S", "is_stop": false, "is_named": false}, "pennzoil": {"lemma": "pennzoil", "pos": "A", "is_stop": false, "is_named": false}, ".": {"lemma": ".", "pos": "FS", "is_stop": false, "is_named": false}}}}, "obj": {"type": "Event", "pt": {"text": "repreendeu", "linguisticInfo": {"repreendeu": {"lemma": "repreender", "pos": "VERB", "is_stop": false, "is_named": false}}}, "it": {"text": "rimproverato", "linguisticInfo": {"rimproverato": {"lemma": "rimproverare", "pos": "V", "is_stop": false, "is_named": false}}}}}]}}