{"sentences_0": {"itText": "NULL il settimanale spagnolo , la revista , ha pubblicato un&apos; intervista di quattro pagine alla moglie del presidente della repubblica m\u00e1rio soares , in cui si definisce \u201c essenzialmente moderata \u201d . l \u2019 intervista , accompagnata da fotografie di maria barroso e mario soares con i figli e i nipoti , descrive la moglie del presidente della repubblica come \u00ab un \u2019 amante della cultura \u00bb , che si lascia facilmente ammaliare dalle canzoni romantiche .", "ptText": "la revista , publica\u00e7\u00e3o semanal espanhola , publicou uma entrevista de quatro p\u00e1ginas com a mulher do presidente da rep\u00fablica , m\u00e1rio soares , onde se define como \u00ab essencialmente moderada \u00bb . a entrevista \u00e9 ilustrada com fotografias de maria barroso , m\u00e1rio soares , seus filhos e netos , e classifica a mulher do presidente da rep\u00fablica como \u00ab uma apaixonada da cultura \u00bb , que facilmente se encanta com as can\u00e7\u00f5es rom\u00e2nticas . \n", "relations": [{"id": "R1", "subj": {"type": "Human_Agent", "pt": {"text": "La Revista , publica\u00e7\u00e3o semanal espanhola", "linguisticInfo": {"La": {"lemma": "La", "pos": "PROPN", "is_stop": false, "is_named": true}, "Revista": {"lemma": "Revista", "pos": "PROPN", "is_stop": false, "is_named": true}, ",": {"lemma": ",", "pos": "PUNCT", "is_stop": false, "is_named": false}, "publica\u00e7\u00e3o": {"lemma": "publica\u00e7\u00e3o", "pos": "NOUN", "is_stop": false, "is_named": false}, "semanal": {"lemma": "semanal", "pos": "ADJ", "is_stop": false, "is_named": false}, "espanhola": {"lemma": "espanholar", "pos": "ADJ", "is_stop": false, "is_named": false}}}, "it": {"text": "revista , ha", "linguisticInfo": {"revista": {"lemma": "revista", "pos": "S", "is_stop": false, "is_named": false}, ",": {"lemma": ",", "pos": "FF", "is_stop": false, "is_named": false}, "ha": {"lemma": "avere", "pos": "V", "is_stop": true, "is_named": false}}}}, "obj": {"type": "Event", "pt": {"text": "publicou", "linguisticInfo": {"publicou": {"lemma": "publicar", "pos": "VERB", "is_stop": false, "is_named": false}}}, "it": {"text": "revista", "linguisticInfo": {"revista": {"lemma": "revista", "pos": "S", "is_stop": false, "is_named": false}}}}}, {"id": "R3", "subj": {"type": "Human_Patient", "pt": {"text": "com a mulher do Presidente da Rep\u00fablica , M\u00e1rio Soares", "linguisticInfo": {"com": {"lemma": "com", "pos": "ADP", "is_stop": true, "is_named": false}, "a": {"lemma": "o", "pos": "DET", "is_stop": true, "is_named": false}, "mulher": {"lemma": "mulher", "pos": "NOUN", "is_stop": false, "is_named": false}, "do": {"lemma": "do", "pos": "ADP", "is_stop": true, "is_named": false}, "Presidente": {"lemma": "Presidente", "pos": "PROPN", "is_stop": false, "is_named": true}, "da": {"lemma": "da", "pos": "ADP", "is_stop": true, "is_named": false}, "Rep\u00fablica": {"lemma": "Rep\u00fablica", "pos": "PROPN", "is_stop": false, "is_named": true}, ",": {"lemma": ",", "pos": "PUNCT", "is_stop": false, "is_named": false}, "M\u00e1rio": {"lemma": "M\u00e1rio", "pos": "PROPN", "is_stop": false, "is_named": true}, "Soares": {"lemma": "Soares", "pos": "PROPN", "is_stop": false, "is_named": true}}}, "it": {"text": "il settimanale", "linguisticInfo": {"il": {"lemma": "il", "pos": "RD", "is_stop": true, "is_named": false}, "settimanale": {"lemma": "settimanale", "pos": "S", "is_stop": false, "is_named": false}}}}, "obj": {"type": "Event", "pt": {"text": "uma entrevista de quatro p\u00e1ginas", "linguisticInfo": {"uma": {"lemma": "umar", "pos": "DET", "is_stop": true, "is_named": false}, "entrevista": {"lemma": "entrevisto", "pos": "NOUN", "is_stop": false, "is_named": false}, "de": {"lemma": "de", "pos": "ADP", "is_stop": true, "is_named": false}, "quatro": {"lemma": "quatro", "pos": "NUM", "is_stop": true, "is_named": false}, "p\u00e1ginas": {"lemma": "p\u00e1gina", "pos": "NOUN", "is_stop": false, "is_named": false}}}, "it": {"text": "un&apos; intervista di quattro pagine", "linguisticInfo": {"un&apos": {"lemma": "un&apos", "pos": "B", "is_stop": false, "is_named": false}, ";": {"lemma": ";", "pos": "FC", "is_stop": false, "is_named": false}, "intervista": {"lemma": "intervista", "pos": "S", "is_stop": false, "is_named": false}, "di": {"lemma": "di", "pos": "E", "is_stop": true, "is_named": false}, "quattro": {"lemma": "quattro", "pos": "N", "is_stop": true, "is_named": false}, "pagine": {"lemma": "pagina", "pos": "S", "is_stop": false, "is_named": false}}}}}, {"id": "R12", "subj": {"type": "Non-human_Oth_participant", "pt": {"text": "com as can\u00e7\u00f5es rom\u00e2nticas", "linguisticInfo": {"com": {"lemma": "com", "pos": "ADP", "is_stop": true, "is_named": false}, "as": {"lemma": "o", "pos": "DET", "is_stop": true, "is_named": false}, "can\u00e7\u00f5es": {"lemma": "can\u00e7\u00e3o", "pos": "NOUN", "is_stop": false, "is_named": false}, "rom\u00e2nticas": {"lemma": "rom\u00e2ntico", "pos": "ADJ", "is_stop": false, "is_named": false}}}, "it": {"text": "dalle canzoni romantiche", "linguisticInfo": {"dalle": {"lemma": "dalla", "pos": "E_RD", "is_stop": true, "is_named": false}, "canzoni": {"lemma": "canzone", "pos": "S", "is_stop": false, "is_named": false}, "romantiche": {"lemma": "romantico", "pos": "A", "is_stop": false, "is_named": false}}}}, "obj": {"type": "Event", "pt": {"text": "se encanta", "linguisticInfo": {"se": {"lemma": "se", "pos": "PRON", "is_stop": true, "is_named": false}, "encanta": {"lemma": "encantar", "pos": "VERB", "is_stop": false, "is_named": false}}}, "it": {"text": "lascia ammaliare", "linguisticInfo": {"lascia": {"lemma": "lasciare", "pos": "V", "is_stop": false, "is_named": false}, "ammaliare": {"lemma": "ammaliare", "pos": "V", "is_stop": false, "is_named": false}}}}}, {"id": "R13", "subj": {"type": "Human_Agent", "pt": {"text": "que", "linguisticInfo": {"que": {"lemma": "que", "pos": "SCONJ", "is_stop": true, "is_named": false}}}, "it": {"text": "che", "linguisticInfo": {"che": {"lemma": "che", "pos": "CS", "is_stop": true, "is_named": false}}}}, "obj": {"type": "Event", "pt": {"text": "se encanta", "linguisticInfo": {"se": {"lemma": "se", "pos": "PRON", "is_stop": true, "is_named": false}, "encanta": {"lemma": "encantar", "pos": "VERB", "is_stop": false, "is_named": false}}}, "it": {"text": "lascia ammaliare", "linguisticInfo": {"lascia": {"lemma": "lasciare", "pos": "V", "is_stop": false, "is_named": false}, "ammaliare": {"lemma": "ammaliare", "pos": "V", "is_stop": false, "is_named": false}}}}}]}, "sentences_1": {"itText": "NULL le elezioni indette per la nomina degli organi distrettuali del partito socialdemocratico di aveiro , sono state segnate dalla vittoria di silva marques per la presidenza del comitato politico distrettuale . silva marques \u00e8 stato eletto con 68 voti a favore , sei contro , tre voti in bianco e uno annullato . alla presidenza del consiglio distrettuale , invece , \u00e8 stato nominato fernando mouga , con 71 voti a favore , tre contro e quattro in bianco . alle elezioni si \u00e8 presentata una lista unica .", "ptText": "as elei\u00e7\u00f5es realizadas para os \u00f3rg\u00e3os distritais do psd , em aveiro , reconduziram silva marques no cargo de presidente da comiss\u00e3o pol\u00edtica distrital . silva marques foi eleito com 68 votos a favor , seis contra , tr\u00eas brancos e um nulo . para presidente da mesa da assembleia distrital foi eleito fernando mouga , com 71 votos a favor , tr\u00eas contra e quatro brancos . apenas uma lista se apresentou a estas elei\u00e7\u00f5es . \n", "relations": [{"id": "R14", "subj": {"type": "Geo_location", "pt": {"text": "em Aveiro", "linguisticInfo": {"em": {"lemma": "em", "pos": "ADP", "is_stop": true, "is_named": false}, "Aveiro": {"lemma": "Aveiro", "pos": "PROPN", "is_stop": false, "is_named": true}}}, "it": {"text": "aveiro", "linguisticInfo": {"aveiro": {"lemma": "aveiro", "pos": "S", "is_stop": false, "is_named": false}}}}, "obj": {"type": "Event", "pt": {"text": "As elei\u00e7\u00f5es realizadas", "linguisticInfo": {"As": {"lemma": "As", "pos": "DET", "is_stop": true, "is_named": true}, "elei\u00e7\u00f5es": {"lemma": "elei\u00e7\u00e3o", "pos": "NOUN", "is_stop": false, "is_named": false}, "realizadas": {"lemma": "realizar", "pos": "VERB", "is_stop": false, "is_named": false}}}, "it": {"text": "le elezioni indette", "linguisticInfo": {"le": {"lemma": "il", "pos": "RD", "is_stop": true, "is_named": false}, "elezioni": {"lemma": "elezione", "pos": "S", "is_stop": false, "is_named": false}, "indette": {"lemma": "indette", "pos": "A", "is_stop": false, "is_named": false}}}}}, {"id": "R15", "subj": {"type": "Non-human_Patient", "pt": {"text": "para os \u00f3rg\u00e3os distritais do PSD", "linguisticInfo": {"para": {"lemma": "parir", "pos": "ADP", "is_stop": true, "is_named": false}, "os": {"lemma": "o", "pos": "DET", "is_stop": true, "is_named": false}, "\u00f3rg\u00e3os": {"lemma": "\u00f3rg\u00e3o", "pos": "NOUN", "is_stop": false, "is_named": false}, "distritais": {"lemma": "distrital", "pos": "ADJ", "is_stop": false, "is_named": false}, "do": {"lemma": "do", "pos": "ADP", "is_stop": true, "is_named": false}, "PSD": {"lemma": "PSD", "pos": "PROPN", "is_stop": false, "is_named": true}}}, "it": {"text": "per la nomina", "linguisticInfo": {"per": {"lemma": "per", "pos": "E", "is_stop": true, "is_named": false}, "la": {"lemma": "il", "pos": "RD", "is_stop": true, "is_named": false}, "nomina": {"lemma": "nomina", "pos": "S", "is_stop": false, "is_named": false}}}}, "obj": {"type": "Event", "pt": {"text": "As elei\u00e7\u00f5es realizadas", "linguisticInfo": {"As": {"lemma": "As", "pos": "DET", "is_stop": true, "is_named": true}, "elei\u00e7\u00f5es": {"lemma": "elei\u00e7\u00e3o", "pos": "NOUN", "is_stop": false, "is_named": false}, "realizadas": {"lemma": "realizar", "pos": "VERB", "is_stop": false, "is_named": false}}}, "it": {"text": "le elezioni indette", "linguisticInfo": {"le": {"lemma": "il", "pos": "RD", "is_stop": true, "is_named": false}, "elezioni": {"lemma": "elezione", "pos": "S", "is_stop": false, "is_named": false}, "indette": {"lemma": "indette", "pos": "A", "is_stop": false, "is_named": false}}}}}, {"id": "R16", "subj": {"type": "Non-human_Oth_participant", "pt": {"text": "no cargo de presidente da Comiss\u00e3o Pol\u00edtica Distrital", "linguisticInfo": {"no": {"lemma": "o", "pos": "ADP", "is_stop": true, "is_named": false}, "cargo": {"lemma": "cargo", "pos": "NOUN", "is_stop": false, "is_named": false}, "de": {"lemma": "de", "pos": "ADP", "is_stop": true, "is_named": false}, "presidente": {"lemma": "presidente", "pos": "NOUN", "is_stop": false, "is_named": false}, "da": {"lemma": "da", "pos": "ADP", "is_stop": true, "is_named": false}, "Comiss\u00e3o": {"lemma": "Comiss\u00e3o", "pos": "NOUN", "is_stop": false, "is_named": true}, "Pol\u00edtica": {"lemma": "Pol\u00edtica", "pos": "PROPN", "is_stop": false, "is_named": true}, "Distrital": {"lemma": "Distrital", "pos": "PROPN", "is_stop": false, "is_named": true}}}, "it": {"text": "le elezioni nominato fernando mouga", "linguisticInfo": {"le": {"lemma": "il", "pos": "RD", "is_stop": true, "is_named": false}, "elezioni": {"lemma": "elezione", "pos": "S", "is_stop": false, "is_named": false}, "nominato": {"lemma": "nominare", "pos": "V", "is_stop": false, "is_named": false}, "fernando": {"lemma": "fernando", "pos": "V", "is_stop": false, "is_named": false}, "mouga": {"lemma": "mouga", "pos": "A", "is_stop": false, "is_named": false}}}}, "obj": {"type": "Event", "pt": {"text": "reconduziram", "linguisticInfo": {"reconduziram": {"lemma": "reconduzir", "pos": "VERB", "is_stop": false, "is_named": false}}}, "it": {"text": "68", "linguisticInfo": {"68": {"lemma": "68", "pos": "N", "is_stop": false, "is_named": false}}}}}, {"id": "R17", "subj": {"type": "Human_Patient", "pt": {"text": "Silva Marques", "linguisticInfo": {"Silva": {"lemma": "Silva", "pos": "PROPN", "is_stop": false, "is_named": true}, "Marques": {"lemma": "Marques", "pos": "PROPN", "is_stop": false, "is_named": true}}}, "it": {"text": "silva marques", "linguisticInfo": {"silva": {"lemma": "silva", "pos": "V", "is_stop": false, "is_named": false}, "marques": {"lemma": "marques", "pos": "SW", "is_stop": false, "is_named": false}}}}, "obj": {"type": "Event", "pt": {"text": "reconduziram", "linguisticInfo": {"reconduziram": {"lemma": "reconduzir", "pos": "VERB", "is_stop": false, "is_named": false}}}, "it": {"text": "68", "linguisticInfo": {"68": {"lemma": "68", "pos": "N", "is_stop": false, "is_named": false}}}}}, {"id": "R18", "subj": {"type": "Oth_argument", "pt": {"text": "com 68 votos a favor , seis contra , tr\u00eas brancos e um nulo", "linguisticInfo": {"com": {"lemma": "com", "pos": "ADP", "is_stop": true, "is_named": false}, "68": {"lemma": "68", "pos": "NUM", "is_stop": false, "is_named": false}, "votos": {"lemma": "voto", "pos": "NOUN", "is_stop": false, "is_named": false}, "a": {"lemma": "o", "pos": "ADP", "is_stop": true, "is_named": false}, "favor": {"lemma": "favor", "pos": "NOUN", "is_stop": true, "is_named": false}, ",": {"lemma": ",", "pos": "PUNCT", "is_stop": false, "is_named": false}, "seis": {"lemma": "seis", "pos": "NUM", "is_stop": true, "is_named": false}, "contra": {"lemma": "contra", "pos": "ADP", "is_stop": true, "is_named": false}, "tr\u00eas": {"lemma": "tr\u00eas", "pos": "NUM", "is_stop": true, "is_named": false}, "brancos": {"lemma": "branco", "pos": "NOUN", "is_stop": false, "is_named": false}, "e": {"lemma": "e", "pos": "CCONJ", "is_stop": true, "is_named": false}, "um": {"lemma": "um", "pos": "DET", "is_stop": true, "is_named": false}, "nulo": {"lemma": "nulo", "pos": "NOUN", "is_stop": false, "is_named": false}}}, "it": {"text": "con 68 voti a favore , sei contro , tre voti in", "linguisticInfo": {"con": {"lemma": "con", "pos": "E", "is_stop": true, "is_named": false}, "68": {"lemma": "68", "pos": "N", "is_stop": false, "is_named": false}, "voti": {"lemma": "voto", "pos": "S", "is_stop": false, "is_named": false}, "a": {"lemma": "a", "pos": "E", "is_stop": true, "is_named": false}, "favore": {"lemma": "favore", "pos": "S", "is_stop": true, "is_named": false}, ",": {"lemma": ",", "pos": "FF", "is_stop": false, "is_named": false}, "sei": {"lemma": "essere", "pos": "N", "is_stop": true, "is_named": false}, "contro": {"lemma": "contro", "pos": "B", "is_stop": true, "is_named": false}, "tre": {"lemma": "tre", "pos": "N", "is_stop": true, "is_named": false}, "in": {"lemma": "in", "pos": "E", "is_stop": true, "is_named": false}}}}, "obj": {"type": "Event", "pt": {"text": "foi eleito", "linguisticInfo": {"foi": {"lemma": "ser", "pos": "AUX", "is_stop": true, "is_named": false}, "eleito": {"lemma": "eleito", "pos": "VERB", "is_stop": false, "is_named": false}}}, "it": {"text": "stato eletto", "linguisticInfo": {"stato": {"lemma": "stare", "pos": "VA", "is_stop": true, "is_named": false}, "eletto": {"lemma": "eleggere", "pos": "V", "is_stop": false, "is_named": false}}}}}, {"id": "R19", "subj": {"type": "Human_Patient", "pt": {"text": "Silva Marques", "linguisticInfo": {"Silva": {"lemma": "Silva", "pos": "PROPN", "is_stop": false, "is_named": true}, "Marques": {"lemma": "Marques", "pos": "PROPN", "is_stop": false, "is_named": true}}}, "it": {"text": "silva marques", "linguisticInfo": {"silva": {"lemma": "silva", "pos": "V", "is_stop": false, "is_named": false}, "marques": {"lemma": "marques", "pos": "SW", "is_stop": false, "is_named": false}}}}, "obj": {"type": "Event", "pt": {"text": "foi eleito", "linguisticInfo": {"foi": {"lemma": "ser", "pos": "AUX", "is_stop": true, "is_named": false}, "eleito": {"lemma": "eleito", "pos": "VERB", "is_stop": false, "is_named": false}}}, "it": {"text": "stato eletto", "linguisticInfo": {"stato": {"lemma": "stare", "pos": "VA", "is_stop": true, "is_named": false}, "eletto": {"lemma": "eleggere", "pos": "V", "is_stop": false, "is_named": false}}}}}, {"id": "R20", "subj": {"type": "Human_Patient", "pt": {"text": "Fernando Mouga", "linguisticInfo": {"Fernando": {"lemma": "Fernando", "pos": "PROPN", "is_stop": false, "is_named": true}, "Mouga": {"lemma": "Mouga", "pos": "PROPN", "is_stop": false, "is_named": true}}}, "it": {"text": "fernando mouga", "linguisticInfo": {"fernando": {"lemma": "fernando", "pos": "V", "is_stop": false, "is_named": false}, "mouga": {"lemma": "mouga", "pos": "A", "is_stop": false, "is_named": false}}}}, "obj": {"type": "Event", "pt": {"text": "foi eleito", "linguisticInfo": {"foi": {"lemma": "ser", "pos": "AUX", "is_stop": true, "is_named": false}, "eleito": {"lemma": "eleito", "pos": "VERB", "is_stop": false, "is_named": false}}}, "it": {"text": "stato eletto", "linguisticInfo": {"stato": {"lemma": "stare", "pos": "VA", "is_stop": true, "is_named": false}, "eletto": {"lemma": "eleggere", "pos": "V", "is_stop": false, "is_named": false}}}}}, {"id": "R21", "subj": {"type": "Oth_argument", "pt": {"text": "com 71 votos a favor , tr\u00eas contra e quatro brancos", "linguisticInfo": {"com": {"lemma": "com", "pos": "ADP", "is_stop": true, "is_named": false}, "71": {"lemma": "71", "pos": "NUM", "is_stop": false, "is_named": false}, "votos": {"lemma": "voto", "pos": "NOUN", "is_stop": false, "is_named": false}, "a": {"lemma": "o", "pos": "ADP", "is_stop": true, "is_named": false}, "favor": {"lemma": "favor", "pos": "NOUN", "is_stop": true, "is_named": false}, ",": {"lemma": ",", "pos": "PUNCT", "is_stop": false, "is_named": false}, "tr\u00eas": {"lemma": "tr\u00eas", "pos": "NUM", "is_stop": true, "is_named": false}, "contra": {"lemma": "contra", "pos": "ADP", "is_stop": true, "is_named": false}, "e": {"lemma": "e", "pos": "CCONJ", "is_stop": true, "is_named": false}, "quatro": {"lemma": "quatro", "pos": "NUM", "is_stop": true, "is_named": false}, "brancos": {"lemma": "branco", "pos": "NOUN", "is_stop": false, "is_named": false}}}, "it": {"text": "con 68 voti 71 voti a favore , tre contro e quattro in bianco", "linguisticInfo": {"con": {"lemma": "con", "pos": "E", "is_stop": true, "is_named": false}, "68": {"lemma": "68", "pos": "N", "is_stop": false, "is_named": false}, "voti": {"lemma": "voto", "pos": "S", "is_stop": false, "is_named": false}, "71": {"lemma": "71", "pos": "N", "is_stop": false, "is_named": false}, "a": {"lemma": "a", "pos": "E", "is_stop": true, "is_named": false}, "favore": {"lemma": "favore", "pos": "S", "is_stop": true, "is_named": false}, ",": {"lemma": ",", "pos": "FF", "is_stop": false, "is_named": false}, "tre": {"lemma": "tre", "pos": "N", "is_stop": true, "is_named": false}, "contro": {"lemma": "contro", "pos": "S", "is_stop": true, "is_named": false}, "e": {"lemma": "e", "pos": "CC", "is_stop": false, "is_named": false}, "quattro": {"lemma": "quattro", "pos": "N", "is_stop": true, "is_named": false}, "in": {"lemma": "in", "pos": "E", "is_stop": true, "is_named": false}, "bianco": {"lemma": "bianco", "pos": "A", "is_stop": false, "is_named": false}}}}, "obj": {"type": "Event", "pt": {"text": "foi eleito", "linguisticInfo": {"foi": {"lemma": "ser", "pos": "AUX", "is_stop": true, "is_named": false}, "eleito": {"lemma": "eleito", "pos": "VERB", "is_stop": false, "is_named": false}}}, "it": {"text": "stato eletto", "linguisticInfo": {"stato": {"lemma": "stare", "pos": "VA", "is_stop": true, "is_named": false}, "eletto": {"lemma": "eleggere", "pos": "V", "is_stop": false, "is_named": false}}}}}, {"id": "R22", "subj": {"type": "Oth_argument", "pt": {"text": "Para presidente da Mesa da Assembleia Distrital", "linguisticInfo": {"Para": {"lemma": "Para", "pos": "ADP", "is_stop": true, "is_named": true}, "presidente": {"lemma": "presidente", "pos": "NOUN", "is_stop": false, "is_named": false}, "da": {"lemma": "da", "pos": "ADP", "is_stop": true, "is_named": false}, "Mesa": {"lemma": "Mesa", "pos": "PROPN", "is_stop": false, "is_named": true}, "Assembleia": {"lemma": "Assembleia", "pos": "PROPN", "is_stop": false, "is_named": true}, "Distrital": {"lemma": "Distrital", "pos": "PROPN", "is_stop": false, "is_named": true}}}, "it": {"text": "le elezioni mouga , con", "linguisticInfo": {"le": {"lemma": "il", "pos": "RD", "is_stop": true, "is_named": false}, "elezioni": {"lemma": "elezione", "pos": "S", "is_stop": false, "is_named": false}, "mouga": {"lemma": "mouga", "pos": "A", "is_stop": false, "is_named": false}, ",": {"lemma": ",", "pos": "FF", "is_stop": false, "is_named": false}, "con": {"lemma": "con", "pos": "E", "is_stop": true, "is_named": false}}}}, "obj": {"type": "Event", "pt": {"text": "foi eleito", "linguisticInfo": {"foi": {"lemma": "ser", "pos": "AUX", "is_stop": true, "is_named": false}, "eleito": {"lemma": "eleito", "pos": "VERB", "is_stop": false, "is_named": false}}}, "it": {"text": "stato eletto", "linguisticInfo": {"stato": {"lemma": "stare", "pos": "VA", "is_stop": true, "is_named": false}, "eletto": {"lemma": "eleggere", "pos": "V", "is_stop": false, "is_named": false}}}}}, {"id": "R23", "subj": {"type": "Non-human_Oth_participant", "pt": {"text": "a estas elei\u00e7\u00f5es", "linguisticInfo": {"a": {"lemma": "o", "pos": "ADP", "is_stop": true, "is_named": false}, "estas": {"lemma": "este", "pos": "DET", "is_stop": true, "is_named": false}, "elei\u00e7\u00f5es": {"lemma": "elei\u00e7\u00e3o", "pos": "NOUN", "is_stop": false, "is_named": false}}}, "it": {"text": "le elezioni", "linguisticInfo": {"le": {"lemma": "il", "pos": "RD", "is_stop": true, "is_named": false}, "elezioni": {"lemma": "elezione", "pos": "S", "is_stop": false, "is_named": false}}}}, "obj": {"type": "Event", "pt": {"text": "se apresentou", "linguisticInfo": {"se": {"lemma": "se", "pos": "PRON", "is_stop": true, "is_named": false}, "apresentou": {"lemma": "apresentar", "pos": "VERB", "is_stop": false, "is_named": false}}}, "it": {"text": "si \u00e8 presentata", "linguisticInfo": {"si": {"lemma": "si", "pos": "PC", "is_stop": true, "is_named": false}, "\u00e8": {"lemma": "essere", "pos": "VA", "is_stop": false, "is_named": false}, "presentata": {"lemma": "presentare", "pos": "V", "is_stop": false, "is_named": false}}}}}, {"id": "R24", "subj": {"type": "Human_Agent", "pt": {"text": "Apenas uma lista", "linguisticInfo": {"Apenas": {"lemma": "Apenas", "pos": "ADV", "is_stop": true, "is_named": true}, "uma": {"lemma": "umar", "pos": "NUM", "is_stop": true, "is_named": false}, "lista": {"lemma": "lista", "pos": "NOUN", "is_stop": false, "is_named": false}}}, "it": {"text": "71 una lista", "linguisticInfo": {"71": {"lemma": "71", "pos": "N", "is_stop": false, "is_named": false}, "una": {"lemma": "uno", "pos": "RI", "is_stop": true, "is_named": false}, "lista": {"lemma": "lista", "pos": "S", "is_stop": false, "is_named": false}}}}, "obj": {"type": "Event", "pt": {"text": "se apresentou", "linguisticInfo": {"se": {"lemma": "se", "pos": "PRON", "is_stop": true, "is_named": false}, "apresentou": {"lemma": "apresentar", "pos": "VERB", "is_stop": false, "is_named": false}}}, "it": {"text": "si \u00e8 presentata", "linguisticInfo": {"si": {"lemma": "si", "pos": "PC", "is_stop": true, "is_named": false}, "\u00e8": {"lemma": "essere", "pos": "VA", "is_stop": false, "is_named": false}, "presentata": {"lemma": "presentare", "pos": "V", "is_stop": false, "is_named": false}}}}}, {"id": "R76", "subj": {"type": "Non-human_Agent", "pt": {"text": "As elei\u00e7\u00f5es realizadas para os \u00f3rg\u00e3os distritais do PSD , em Aveiro", "linguisticInfo": {"As": {"lemma": "As", "pos": "DET", "is_stop": true, "is_named": true}, "elei\u00e7\u00f5es": {"lemma": "elei\u00e7\u00e3o", "pos": "NOUN", "is_stop": false, "is_named": false}, "realizadas": {"lemma": "realizar", "pos": "VERB", "is_stop": false, "is_named": false}, "para": {"lemma": "parir", "pos": "ADP", "is_stop": true, "is_named": false}, "os": {"lemma": "o", "pos": "DET", "is_stop": true, "is_named": false}, "\u00f3rg\u00e3os": {"lemma": "\u00f3rg\u00e3o", "pos": "NOUN", "is_stop": false, "is_named": false}, "distritais": {"lemma": "distrital", "pos": "ADJ", "is_stop": false, "is_named": false}, "do": {"lemma": "do", "pos": "ADP", "is_stop": true, "is_named": false}, "PSD": {"lemma": "PSD", "pos": "PROPN", "is_stop": false, "is_named": true}, ",": {"lemma": ",", "pos": "PUNCT", "is_stop": false, "is_named": false}, "em": {"lemma": "em", "pos": "ADP", "is_stop": true, "is_named": false}, "Aveiro": {"lemma": "Aveiro", "pos": "PROPN", "is_stop": false, "is_named": true}}}, "it": {"text": "le elezioni indette per la nomina", "linguisticInfo": {"le": {"lemma": "il", "pos": "RD", "is_stop": true, "is_named": false}, "elezioni": {"lemma": "elezione", "pos": "S", "is_stop": false, "is_named": false}, "indette": {"lemma": "indette", "pos": "A", "is_stop": false, "is_named": false}, "per": {"lemma": "per", "pos": "E", "is_stop": true, "is_named": false}, "la": {"lemma": "il", "pos": "RD", "is_stop": true, "is_named": false}, "nomina": {"lemma": "nomina", "pos": "S", "is_stop": false, "is_named": false}}}}, "obj": {"type": "Event", "pt": {"text": "reconduziram", "linguisticInfo": {"reconduziram": {"lemma": "reconduzir", "pos": "VERB", "is_stop": false, "is_named": false}}}, "it": {"text": "68", "linguisticInfo": {"68": {"lemma": "68", "pos": "N", "is_stop": false, "is_named": false}}}}}]}, "sentences_2": {"itText": "NULL il comitato per le commemorazioni del giorno del portogallo a johannesburg ha invitato il sindaco di lisbona a presiedere le cerimonie del 10 giugno . \u00e9 prevista anche l \u2019 inaugurazione della rua de lisboa ( via di lisbona ) nel quartiere de la rochelle , a johannesburg , abitato da migliaia di portoghesi .", "ptText": "a comiss\u00e3o das comemora\u00e7\u00f5es do dia de portugal em joanesburgo convidou o presidente da c\u00e2mara municipal de lisboa para presidir \u00e0s cerim\u00f3nias do 10 de junho . est\u00e1 igualmente previsto que nuno abecasis proceda \u00e0 abertura oficial da rua de lisboa , no bairro de la rochelle , em joanesburgo , onde vivem milhares de portugueses . \n", "relations": [{"id": "R25", "subj": {"type": "Non-human_Oth_participant", "pt": {"text": "para presidir \u00e0s cerim\u00f3nias do 10 de Junho", "linguisticInfo": {"para": {"lemma": "parir", "pos": "SCONJ", "is_stop": true, "is_named": false}, "presidir": {"lemma": "presidir", "pos": "VERB", "is_stop": false, "is_named": false}, "\u00e0s": {"lemma": "\u00e0s", "pos": "ADP", "is_stop": true, "is_named": false}, "cerim\u00f3nias": {"lemma": "cerim\u00f3nia", "pos": "NOUN", "is_stop": false, "is_named": false}, "do": {"lemma": "do", "pos": "ADP", "is_stop": true, "is_named": false}, "10": {"lemma": "10", "pos": "NUM", "is_stop": false, "is_named": false}, "de": {"lemma": "de", "pos": "ADP", "is_stop": true, "is_named": false}, "Junho": {"lemma": "Junho", "pos": "NOUN", "is_stop": false, "is_named": true}}}, "it": {"text": "a johannesburg ha presiedere le cerimonie del 10 giugno .", "linguisticInfo": {"a": {"lemma": "a", "pos": "E", "is_stop": true, "is_named": false}, "johannesburg": {"lemma": "johannesburg", "pos": "SP", "is_stop": false, "is_named": false}, "ha": {"lemma": "avere", "pos": "VA", "is_stop": true, "is_named": false}, "presiedere": {"lemma": "presiedere", "pos": "V", "is_stop": false, "is_named": false}, "le": {"lemma": "il", "pos": "RD", "is_stop": true, "is_named": false}, "cerimonie": {"lemma": "cerimonia", "pos": "S", "is_stop": false, "is_named": false}, "del": {"lemma": "del", "pos": "E_RD", "is_stop": true, "is_named": false}, "10": {"lemma": "10", "pos": "N", "is_stop": false, "is_named": false}, "giugno": {"lemma": "giugno", "pos": "S", "is_stop": false, "is_named": false}, ".": {"lemma": ".", "pos": "FS", "is_stop": false, "is_named": false}}}}, "obj": {"type": "Event", "pt": {"text": "convidou", "linguisticInfo": {"convidou": {"lemma": "convidar", "pos": "VERB", "is_stop": false, "is_named": false}}}, "it": {"text": "invitato", "linguisticInfo": {"invitato": {"lemma": "invitare", "pos": "V", "is_stop": false, "is_named": false}}}}}, {"id": "R26", "subj": {"type": "Human_Patient", "pt": {"text": "o presidente da C\u00e2mara Municipal de Lisboa", "linguisticInfo": {"o": {"lemma": "o", "pos": "DET", "is_stop": true, "is_named": false}, "presidente": {"lemma": "presidente", "pos": "NOUN", "is_stop": false, "is_named": false}, "da": {"lemma": "da", "pos": "ADP", "is_stop": true, "is_named": false}, "C\u00e2mara": {"lemma": "C\u00e2mara", "pos": "NOUN", "is_stop": false, "is_named": true}, "Municipal": {"lemma": "Municipal", "pos": "PROPN", "is_stop": false, "is_named": true}, "de": {"lemma": "de", "pos": "ADP", "is_stop": true, "is_named": false}, "Lisboa": {"lemma": "Lisboa", "pos": "PROPN", "is_stop": false, "is_named": true}}}, "it": {"text": "il comitato per sindaco di lisbona", "linguisticInfo": {"il": {"lemma": "il", "pos": "RD", "is_stop": true, "is_named": false}, "comitato": {"lemma": "comitato", "pos": "S", "is_stop": false, "is_named": false}, "per": {"lemma": "per", "pos": "E", "is_stop": true, "is_named": false}, "sindaco": {"lemma": "sindaco", "pos": "S", "is_stop": false, "is_named": false}, "di": {"lemma": "di", "pos": "E", "is_stop": true, "is_named": false}, "lisbona": {"lemma": "lisbona", "pos": "SP", "is_stop": false, "is_named": false}}}}, "obj": {"type": "Event", "pt": {"text": "convidou", "linguisticInfo": {"convidou": {"lemma": "convidar", "pos": "VERB", "is_stop": false, "is_named": false}}}, "it": {"text": "invitato", "linguisticInfo": {"invitato": {"lemma": "invitare", "pos": "V", "is_stop": false, "is_named": false}}}}}, {"id": "R27", "subj": {"type": "Human_Agent", "pt": {"text": "A Comiss\u00e3o das comemora\u00e7\u00f5es do Dia de Portugal em Joanesburgo", "linguisticInfo": {"A": {"lemma": "A", "pos": "DET", "is_stop": true, "is_named": true}, "Comiss\u00e3o": {"lemma": "Comiss\u00e3o", "pos": "PROPN", "is_stop": false, "is_named": true}, "das": {"lemma": "das", "pos": "ADP", "is_stop": true, "is_named": false}, "comemora\u00e7\u00f5es": {"lemma": "comemora\u00e7\u00e3o", "pos": "NOUN", "is_stop": false, "is_named": false}, "do": {"lemma": "do", "pos": "ADP", "is_stop": true, "is_named": false}, "Dia": {"lemma": "Dia", "pos": "PROPN", "is_stop": false, "is_named": true}, "de": {"lemma": "de", "pos": "ADP", "is_stop": true, "is_named": false}, "Portugal": {"lemma": "Portugal", "pos": "PROPN", "is_stop": false, "is_named": true}, "em": {"lemma": "em", "pos": "ADP", "is_stop": true, "is_named": false}, "Joanesburgo": {"lemma": "Joanesburgo", "pos": "PROPN", "is_stop": false, "is_named": true}}}, "it": {"text": "il comitato per le commemorazioni del giorno del portogallo", "linguisticInfo": {"il": {"lemma": "il", "pos": "RD", "is_stop": true, "is_named": false}, "comitato": {"lemma": "comitato", "pos": "S", "is_stop": false, "is_named": false}, "per": {"lemma": "per", "pos": "E", "is_stop": true, "is_named": false}, "le": {"lemma": "il", "pos": "RD", "is_stop": true, "is_named": false}, "commemorazioni": {"lemma": "commemorazione", "pos": "S", "is_stop": false, "is_named": false}, "del": {"lemma": "del", "pos": "E_RD", "is_stop": true, "is_named": false}, "giorno": {"lemma": "giorno", "pos": "S", "is_stop": true, "is_named": false}, "portogallo": {"lemma": "portogallo", "pos": "S", "is_stop": false, "is_named": false}}}}, "obj": {"type": "Event", "pt": {"text": "convidou", "linguisticInfo": {"convidou": {"lemma": "convidar", "pos": "VERB", "is_stop": false, "is_named": false}}}, "it": {"text": "invitato", "linguisticInfo": {"invitato": {"lemma": "invitare", "pos": "V", "is_stop": false, "is_named": false}}}}}, {"id": "R28", "subj": {"type": "Geo_location", "pt": {"text": "no Bairro de La Rochelle , em Joanesburgo , onde vivem milhares de portugueses", "linguisticInfo": {"no": {"lemma": "o", "pos": "ADP", "is_stop": true, "is_named": false}, "Bairro": {"lemma": "Bairro", "pos": "PROPN", "is_stop": false, "is_named": true}, "de": {"lemma": "de", "pos": "ADP", "is_stop": true, "is_named": false}, "La": {"lemma": "La", "pos": "PROPN", "is_stop": false, "is_named": true}, "Rochelle": {"lemma": "Rochelle", "pos": "PROPN", "is_stop": false, "is_named": true}, ",": {"lemma": ",", "pos": "PUNCT", "is_stop": false, "is_named": false}, "em": {"lemma": "em", "pos": "ADP", "is_stop": true, "is_named": false}, "Joanesburgo": {"lemma": "Joanesburgo", "pos": "PROPN", "is_stop": false, "is_named": true}, "onde": {"lemma": "onde", "pos": "PRON", "is_stop": true, "is_named": false}, "vivem": {"lemma": "viver", "pos": "VERB", "is_stop": false, "is_named": false}, "milhares": {"lemma": "milhar", "pos": "NOUN", "is_stop": false, "is_named": false}, "portugueses": {"lemma": "portuguesar", "pos": "NOUN", "is_stop": false, "is_named": false}}}, "it": {"text": "nel quartiere de la", "linguisticInfo": {"nel": {"lemma": "nel", "pos": "E_RD", "is_stop": true, "is_named": false}, "quartiere": {"lemma": "quartiere", "pos": "S", "is_stop": false, "is_named": false}, "de": {"lemma": "de", "pos": "E", "is_stop": false, "is_named": false}, "la": {"lemma": "il", "pos": "RD", "is_stop": true, "is_named": false}}}}, "obj": {"type": "Event", "pt": {"text": "proceda \u00e0 abertura oficial", "linguisticInfo": {"proceda": {"lemma": "proceder", "pos": "NOUN", "is_stop": false, "is_named": false}, "\u00e0": {"lemma": "\u00e0", "pos": "ADP", "is_stop": true, "is_named": false}, "abertura": {"lemma": "abertura", "pos": "NOUN", "is_stop": false, "is_named": false}, "oficial": {"lemma": "oficial", "pos": "ADJ", "is_stop": false, "is_named": false}}}, "it": {"text": "10 giugno .", "linguisticInfo": {"10": {"lemma": "10", "pos": "N", "is_stop": false, "is_named": false}, "giugno": {"lemma": "giugno", "pos": "S", "is_stop": false, "is_named": false}, ".": {"lemma": ".", "pos": "FS", "is_stop": false, "is_named": false}}}}}, {"id": "R30", "subj": {"type": "Human_Agent", "pt": {"text": "Nuno Abecasis", "linguisticInfo": {"Nuno": {"lemma": "Nuno", "pos": "PROPN", "is_stop": false, "is_named": true}, "Abecasis": {"lemma": "Abecasis", "pos": "PROPN", "is_stop": false, "is_named": true}}}, "it": {"text": "10 giugno .", "linguisticInfo": {"10": {"lemma": "10", "pos": "N", "is_stop": false, "is_named": false}, "giugno": {"lemma": "giugno", "pos": "S", "is_stop": false, "is_named": false}, ".": {"lemma": ".", "pos": "FS", "is_stop": false, "is_named": false}}}}, "obj": {"type": "Event", "pt": {"text": "proceda \u00e0 abertura oficial", "linguisticInfo": {"proceda": {"lemma": "proceder", "pos": "NOUN", "is_stop": false, "is_named": false}, "\u00e0": {"lemma": "\u00e0", "pos": "ADP", "is_stop": true, "is_named": false}, "abertura": {"lemma": "abertura", "pos": "NOUN", "is_stop": false, "is_named": false}, "oficial": {"lemma": "oficial", "pos": "ADJ", "is_stop": false, "is_named": false}}}, "it": {"text": "10 giugno .", "linguisticInfo": {"10": {"lemma": "10", "pos": "N", "is_stop": false, "is_named": false}, "giugno": {"lemma": "giugno", "pos": "S", "is_stop": false, "is_named": false}, ".": {"lemma": ".", "pos": "FS", "is_stop": false, "is_named": false}}}}}]}, "sentences_3": {"itText": "NULL i rappresentanti comunisti delle azzorre , hanno affermato che le celebrazioni unificate del 25 aprile rappresenteranno \u00ab un momento importante per consolidare la sconfitta della destra raggiunta con la mancata elezione di freitas do amaral a presidente della repubblica . i dirigenti del partito comunista portoghese ( pcp ) delle azzorre hanno contestato , in conferenza stampa a ponta delgada , la presa di posizione del psd all \u2019 interno del parlamento regionale di non appoggiare la proposta dei comunisti per le celebrazioni del prossimo anniversario della rivoluzione dei garofani .", "ptText": "os comunistas a\u00e7orianos considerara que comemora\u00e7\u00f5es unit\u00e1rias do 25 de abril ser\u00e3o \u00ab uma importante forma de consolidar a derrota da direita conseguida com a n\u00e3o elei\u00e7\u00e3o de freitas do amaral para presidente da rep\u00fablica . numa confer\u00eancia de imprensa , em ponta delgada , a direc\u00e7\u00e3o do pcp dos a\u00e7ores contestou , tamb\u00e9m , a posi\u00e7\u00e3o assumida pelo psd no parlamento regional , de recusa de um voto de congratula\u00e7\u00e3o proposto pelo comunistas sobre a passagem do pr\u00f3ximo anivers\u00e1rio da revolu\u00e7\u00e3o dos cravos . \n", "relations": [{"id": "R34", "subj": {"type": "Human_Oth_participant", "pt": {"text": "para Presidente da Rep\u00fablica", "linguisticInfo": {"para": {"lemma": "parir", "pos": "ADP", "is_stop": true, "is_named": false}, "Presidente": {"lemma": "Presidente", "pos": "PROPN", "is_stop": false, "is_named": true}, "da": {"lemma": "da", "pos": "ADP", "is_stop": true, "is_named": false}, "Rep\u00fablica": {"lemma": "Rep\u00fablica", "pos": "PROPN", "is_stop": false, "is_named": true}}}, "it": {"text": "a presidente della repubblica", "linguisticInfo": {"a": {"lemma": "a", "pos": "E", "is_stop": true, "is_named": false}, "presidente": {"lemma": "presidente", "pos": "S", "is_stop": false, "is_named": false}, "della": {"lemma": "della", "pos": "E_RD", "is_stop": true, "is_named": false}, "repubblica": {"lemma": "repubblica", "pos": "S", "is_stop": false, "is_named": false}}}}, "obj": {"type": "Event", "pt": {"text": "a n\u00e3o elei\u00e7\u00e3o", "linguisticInfo": {"a": {"lemma": "o", "pos": "DET", "is_stop": true, "is_named": false}, "n\u00e3o": {"lemma": "n\u00e3o", "pos": "ADV", "is_stop": true, "is_named": false}, "elei\u00e7\u00e3o": {"lemma": "elei\u00e7\u00e3o", "pos": "NOUN", "is_stop": false, "is_named": false}}}, "it": {"text": "la mancata elezione", "linguisticInfo": {"la": {"lemma": "il", "pos": "RD", "is_stop": true, "is_named": false}, "mancata": {"lemma": "mancato", "pos": "A", "is_stop": false, "is_named": false}, "elezione": {"lemma": "elezione", "pos": "S", "is_stop": false, "is_named": false}}}}}, {"id": "R35", "subj": {"type": "Human_Patient", "pt": {"text": "Freitas do Amaral", "linguisticInfo": {"Freitas": {"lemma": "Freitas", "pos": "PROPN", "is_stop": false, "is_named": true}, "do": {"lemma": "do", "pos": "ADP", "is_stop": true, "is_named": false}, "Amaral": {"lemma": "Amaral", "pos": "PROPN", "is_stop": false, "is_named": true}}}, "it": {"text": "freitas do amaral", "linguisticInfo": {"freitas": {"lemma": "freitas", "pos": "SP", "is_stop": false, "is_named": false}, "do": {"lemma": "do", "pos": "E", "is_stop": false, "is_named": false}, "amaral": {"lemma": "amaral", "pos": "PI", "is_stop": false, "is_named": false}}}}, "obj": {"type": "Event", "pt": {"text": "a n\u00e3o elei\u00e7\u00e3o", "linguisticInfo": {"a": {"lemma": "o", "pos": "DET", "is_stop": true, "is_named": false}, "n\u00e3o": {"lemma": "n\u00e3o", "pos": "ADV", "is_stop": true, "is_named": false}, "elei\u00e7\u00e3o": {"lemma": "elei\u00e7\u00e3o", "pos": "NOUN", "is_stop": false, "is_named": false}}}, "it": {"text": "la mancata elezione", "linguisticInfo": {"la": {"lemma": "il", "pos": "RD", "is_stop": true, "is_named": false}, "mancata": {"lemma": "mancato", "pos": "A", "is_stop": false, "is_named": false}, "elezione": {"lemma": "elezione", "pos": "S", "is_stop": false, "is_named": false}}}}}, {"id": "R36", "subj": {"type": "Non-human_Oth_participant", "pt": {"text": "com a n\u00e3o elei\u00e7\u00e3o de Freitas do Amaral para Presidente da Rep\u00fablica", "linguisticInfo": {"com": {"lemma": "com", "pos": "ADP", "is_stop": true, "is_named": false}, "a": {"lemma": "o", "pos": "DET", "is_stop": true, "is_named": false}, "n\u00e3o": {"lemma": "n\u00e3o", "pos": "ADV", "is_stop": true, "is_named": false}, "elei\u00e7\u00e3o": {"lemma": "elei\u00e7\u00e3o", "pos": "NOUN", "is_stop": false, "is_named": false}, "de": {"lemma": "de", "pos": "ADP", "is_stop": true, "is_named": false}, "Freitas": {"lemma": "Freitas", "pos": "PROPN", "is_stop": false, "is_named": true}, "do": {"lemma": "do", "pos": "ADP", "is_stop": true, "is_named": false}, "Amaral": {"lemma": "Amaral", "pos": "PROPN", "is_stop": false, "is_named": true}, "para": {"lemma": "parir", "pos": "ADP", "is_stop": true, "is_named": false}, "Presidente": {"lemma": "Presidente", "pos": "PROPN", "is_stop": false, "is_named": true}, "da": {"lemma": "da", "pos": "ADP", "is_stop": true, "is_named": false}, "Rep\u00fablica": {"lemma": "Rep\u00fablica", "pos": "PROPN", "is_stop": false, "is_named": true}}}, "it": {"text": "con la mancata elezione di freitas do amaral a presidente della repubblica", "linguisticInfo": {"con": {"lemma": "con", "pos": "E", "is_stop": true, "is_named": false}, "la": {"lemma": "il", "pos": "RD", "is_stop": true, "is_named": false}, "mancata": {"lemma": "mancato", "pos": "A", "is_stop": false, "is_named": false}, "elezione": {"lemma": "elezione", "pos": "S", "is_stop": false, "is_named": false}, "di": {"lemma": "di", "pos": "E", "is_stop": true, "is_named": false}, "freitas": {"lemma": "freitas", "pos": "SP", "is_stop": false, "is_named": false}, "do": {"lemma": "do", "pos": "E", "is_stop": false, "is_named": false}, "amaral": {"lemma": "amaral", "pos": "S", "is_stop": false, "is_named": false}, "a": {"lemma": "a", "pos": "E", "is_stop": true, "is_named": false}, "presidente": {"lemma": "presidente", "pos": "S", "is_stop": false, "is_named": false}, "della": {"lemma": "della", "pos": "E_RD", "is_stop": true, "is_named": false}, "repubblica": {"lemma": "repubblica", "pos": "S", "is_stop": false, "is_named": false}}}}, "obj": {"type": "Event", "pt": {"text": "a derrota da direita conseguida", "linguisticInfo": {"a": {"lemma": "o", "pos": "DET", "is_stop": true, "is_named": false}, "derrota": {"lemma": "derrotar", "pos": "NOUN", "is_stop": false, "is_named": false}, "da": {"lemma": "da", "pos": "ADP", "is_stop": true, "is_named": false}, "direita": {"lemma": "direito", "pos": "NOUN", "is_stop": true, "is_named": false}, "conseguida": {"lemma": "conseguir", "pos": "VERB", "is_stop": false, "is_named": false}}}, "it": {"text": "la sconfitta della destra raggiunta", "linguisticInfo": {"la": {"lemma": "il", "pos": "RD", "is_stop": true, "is_named": false}, "sconfitta": {"lemma": "sconfitta", "pos": "S", "is_stop": false, "is_named": false}, "della": {"lemma": "della", "pos": "E_RD", "is_stop": true, "is_named": false}, "destra": {"lemma": "destra", "pos": "S", "is_stop": false, "is_named": false}, "raggiunta": {"lemma": "raggiungere", "pos": "V", "is_stop": false, "is_named": false}}}}}, {"id": "R38", "subj": {"type": "Human_Agent", "pt": {"text": "a direc\u00e7\u00e3o do PCP dos A\u00e7ores", "linguisticInfo": {"a": {"lemma": "o", "pos": "DET", "is_stop": true, "is_named": false}, "direc\u00e7\u00e3o": {"lemma": "direc\u00e7\u00e3o", "pos": "NOUN", "is_stop": false, "is_named": false}, "do": {"lemma": "do", "pos": "ADP", "is_stop": true, "is_named": false}, "PCP": {"lemma": "PCP", "pos": "PROPN", "is_stop": false, "is_named": true}, "dos": {"lemma": "dos", "pos": "ADP", "is_stop": true, "is_named": false}, "A\u00e7ores": {"lemma": "A\u00e7ores", "pos": "PROPN", "is_stop": false, "is_named": true}}}, "it": {"text": "la sconfitta della presa di posizione del psd all", "linguisticInfo": {"la": {"lemma": "il", "pos": "RD", "is_stop": true, "is_named": false}, "sconfitta": {"lemma": "sconfitta", "pos": "S", "is_stop": false, "is_named": false}, "della": {"lemma": "della", "pos": "E_RD", "is_stop": true, "is_named": false}, "presa": {"lemma": "presa", "pos": "S", "is_stop": true, "is_named": false}, "di": {"lemma": "di", "pos": "E", "is_stop": true, "is_named": false}, "posizione": {"lemma": "posizione", "pos": "S", "is_stop": false, "is_named": false}, "del": {"lemma": "del", "pos": "E_RD", "is_stop": true, "is_named": false}, "psd": {"lemma": "psd", "pos": "S", "is_stop": false, "is_named": false}, "all": {"lemma": "all", "pos": "S", "is_stop": true, "is_named": false}}}}, "obj": {"type": "Event", "pt": {"text": "contestou", "linguisticInfo": {"contestou": {"lemma": "contestar", "pos": "VERB", "is_stop": false, "is_named": false}}}, "it": {"text": "contestato", "linguisticInfo": {"contestato": {"lemma": "contestare", "pos": "V", "is_stop": false, "is_named": false}}}}}, {"id": "R39", "subj": {"type": "Geo_location", "pt": {"text": "em Ponta Delgada", "linguisticInfo": {"em": {"lemma": "em", "pos": "ADP", "is_stop": true, "is_named": false}, "Ponta": {"lemma": "Ponta", "pos": "PROPN", "is_stop": false, "is_named": true}, "Delgada": {"lemma": "Delgada", "pos": "PROPN", "is_stop": false, "is_named": true}}}, "it": {"text": "a ponta delgada", "linguisticInfo": {"a": {"lemma": "a", "pos": "E", "is_stop": true, "is_named": false}, "ponta": {"lemma": "ponta", "pos": "A", "is_stop": false, "is_named": false}, "delgada": {"lemma": "delgada", "pos": "S", "is_stop": false, "is_named": false}}}}, "obj": {"type": "Event", "pt": {"text": "contestou", "linguisticInfo": {"contestou": {"lemma": "contestar", "pos": "VERB", "is_stop": false, "is_named": false}}}, "it": {"text": "contestato", "linguisticInfo": {"contestato": {"lemma": "contestare", "pos": "V", "is_stop": false, "is_named": false}}}}}, {"id": "R40", "subj": {"type": "Time", "pt": {"text": "numa confer\u00eancia de Imprensa", "linguisticInfo": {"numa": {"lemma": "numa", "pos": "ADP", "is_stop": true, "is_named": false}, "confer\u00eancia": {"lemma": "confer\u00eancia", "pos": "NOUN", "is_stop": false, "is_named": false}, "de": {"lemma": "de", "pos": "ADP", "is_stop": true, "is_named": false}, "Imprensa": {"lemma": "Imprensa", "pos": "NOUN", "is_stop": false, "is_named": true}}}, "it": {"text": "in conferenza stampa a", "linguisticInfo": {"in": {"lemma": "in", "pos": "E", "is_stop": true, "is_named": false}, "conferenza": {"lemma": "conferenza", "pos": "S", "is_stop": false, "is_named": false}, "stampa": {"lemma": "stampa", "pos": "S", "is_stop": false, "is_named": false}, "a": {"lemma": "a", "pos": "E", "is_stop": true, "is_named": false}}}}, "obj": {"type": "Event", "pt": {"text": "contestou", "linguisticInfo": {"contestou": {"lemma": "contestar", "pos": "VERB", "is_stop": false, "is_named": false}}}, "it": {"text": "contestato", "linguisticInfo": {"contestato": {"lemma": "contestare", "pos": "V", "is_stop": false, "is_named": false}}}}}, {"id": "R41", "subj": {"type": "Non-human_Patient", "pt": {"text": "a posi\u00e7\u00e3o", "linguisticInfo": {"a": {"lemma": "o", "pos": "DET", "is_stop": true, "is_named": false}, "posi\u00e7\u00e3o": {"lemma": "posi\u00e7\u00e3o", "pos": "NOUN", "is_stop": true, "is_named": false}}}, "it": {"text": "la posizione", "linguisticInfo": {"la": {"lemma": "il", "pos": "RD", "is_stop": true, "is_named": false}, "posizione": {"lemma": "posizione", "pos": "S", "is_stop": false, "is_named": false}}}}, "obj": {"type": "Event", "pt": {"text": "assumida", "linguisticInfo": {"assumida": {"lemma": "assumir", "pos": "VERB", "is_stop": false, "is_named": false}}}, "it": {"text": "presa", "linguisticInfo": {"presa": {"lemma": "prendere", "pos": "V", "is_stop": true, "is_named": false}}}}}, {"id": "R43", "subj": {"type": "Oth_location", "pt": {"text": "no Parlamento regional", "linguisticInfo": {"no": {"lemma": "o", "pos": "ADP", "is_stop": true, "is_named": false}, "Parlamento": {"lemma": "Parlamento", "pos": "NOUN", "is_stop": false, "is_named": true}, "regional": {"lemma": "regional", "pos": "ADJ", "is_stop": false, "is_named": false}}}, "it": {"text": "all parlamento regionale", "linguisticInfo": {"all": {"lemma": "all", "pos": "S", "is_stop": true, "is_named": false}, "parlamento": {"lemma": "parlamento", "pos": "S", "is_stop": false, "is_named": false}, "regionale": {"lemma": "regionale", "pos": "A", "is_stop": false, "is_named": false}}}}, "obj": {"type": "Event", "pt": {"text": "assumida", "linguisticInfo": {"assumida": {"lemma": "assumir", "pos": "VERB", "is_stop": false, "is_named": false}}}, "it": {"text": "presa", "linguisticInfo": {"presa": {"lemma": "prendere", "pos": "V", "is_stop": true, "is_named": false}}}}}, {"id": "R44", "subj": {"type": "Non-human_Patient", "pt": {"text": "um voto de congratula\u00e7\u00e3o proposto pelo comunistas sobre a passagem do pr\u00f3ximo anivers\u00e1rio da Revolu\u00e7\u00e3o dos Cravos", "linguisticInfo": {"um": {"lemma": "um", "pos": "DET", "is_stop": true, "is_named": false}, "voto": {"lemma": "votar", "pos": "NOUN", "is_stop": false, "is_named": false}, "de": {"lemma": "de", "pos": "ADP", "is_stop": true, "is_named": false}, "congratula\u00e7\u00e3o": {"lemma": "congratula\u00e7\u00e3o", "pos": "NOUN", "is_stop": false, "is_named": false}, "proposto": {"lemma": "propor", "pos": "VERB", "is_stop": false, "is_named": false}, "pelo": {"lemma": "pelar", "pos": "ADP", "is_stop": true, "is_named": false}, "comunistas": {"lemma": "comunista", "pos": "NOUN", "is_stop": false, "is_named": false}, "sobre": {"lemma": "sobrar", "pos": "ADP", "is_stop": true, "is_named": false}, "a": {"lemma": "o", "pos": "DET", "is_stop": true, "is_named": false}, "passagem": {"lemma": "passagem", "pos": "NOUN", "is_stop": false, "is_named": false}, "do": {"lemma": "do", "pos": "ADP", "is_stop": true, "is_named": false}, "pr\u00f3ximo": {"lemma": "pr\u00f3ximo", "pos": "ADJ", "is_stop": true, "is_named": false}, "anivers\u00e1rio": {"lemma": "anivers\u00e1rio", "pos": "NOUN", "is_stop": false, "is_named": false}, "da": {"lemma": "da", "pos": "ADP", "is_stop": true, "is_named": false}, "Revolu\u00e7\u00e3o": {"lemma": "Revolu\u00e7\u00e3o", "pos": "PROPN", "is_stop": false, "is_named": true}, "dos": {"lemma": "dos", "pos": "ADP", "is_stop": true, "is_named": false}, "Cravos": {"lemma": "Cravos", "pos": "PROPN", "is_stop": false, "is_named": true}}}, "it": {"text": "i rappresentanti appoggiare la proposta", "linguisticInfo": {"i": {"lemma": "il", "pos": "RD", "is_stop": false, "is_named": false}, "rappresentanti": {"lemma": "rappresentante", "pos": "S", "is_stop": false, "is_named": false}, "appoggiare": {"lemma": "appoggiare", "pos": "V", "is_stop": false, "is_named": false}, "la": {"lemma": "il", "pos": "RD", "is_stop": true, "is_named": false}, "proposta": {"lemma": "proposta", "pos": "S", "is_stop": false, "is_named": false}}}}, "obj": {"type": "Event", "pt": {"text": "recusa", "linguisticInfo": {"recusa": {"lemma": "recusar", "pos": "NOUN", "is_stop": false, "is_named": false}}}, "it": {"text": "appoggiare", "linguisticInfo": {"appoggiare": {"lemma": "appoggiare", "pos": "V", "is_stop": false, "is_named": false}}}}}, {"id": "R45", "subj": {"type": "Non-human_Patient", "pt": {"text": "um voto de congratula\u00e7\u00e3o", "linguisticInfo": {"um": {"lemma": "um", "pos": "DET", "is_stop": true, "is_named": false}, "voto": {"lemma": "votar", "pos": "NOUN", "is_stop": false, "is_named": false}, "de": {"lemma": "de", "pos": "ADP", "is_stop": true, "is_named": false}, "congratula\u00e7\u00e3o": {"lemma": "congratula\u00e7\u00e3o", "pos": "NOUN", "is_stop": false, "is_named": false}}}, "it": {"text": "i rappresentanti appoggiare la proposta", "linguisticInfo": {"i": {"lemma": "il", "pos": "RD", "is_stop": false, "is_named": false}, "rappresentanti": {"lemma": "rappresentante", "pos": "S", "is_stop": false, "is_named": false}, "appoggiare": {"lemma": "appoggiare", "pos": "V", "is_stop": false, "is_named": false}, "la": {"lemma": "il", "pos": "RD", "is_stop": true, "is_named": false}, "proposta": {"lemma": "proposta", "pos": "S", "is_stop": false, "is_named": false}}}}, "obj": {"type": "Event", "pt": {"text": "proposto", "linguisticInfo": {"proposto": {"lemma": "propor", "pos": "VERB", "is_stop": false, "is_named": false}}}, "it": {"text": "proposta", "linguisticInfo": {"proposta": {"lemma": "proposta", "pos": "S", "is_stop": false, "is_named": false}}}}}, {"id": "R79", "subj": {"type": "Oth_argument", "pt": {"text": "sobre a passagem do pr\u00f3ximo anivers\u00e1rio da Revolu\u00e7\u00e3o dos Cravos", "linguisticInfo": {"sobre": {"lemma": "sobrar", "pos": "ADP", "is_stop": true, "is_named": false}, "a": {"lemma": "o", "pos": "DET", "is_stop": true, "is_named": false}, "passagem": {"lemma": "passagem", "pos": "NOUN", "is_stop": false, "is_named": false}, "do": {"lemma": "do", "pos": "ADP", "is_stop": true, "is_named": false}, "pr\u00f3ximo": {"lemma": "pr\u00f3ximo", "pos": "ADJ", "is_stop": true, "is_named": false}, "anivers\u00e1rio": {"lemma": "anivers\u00e1rio", "pos": "NOUN", "is_stop": false, "is_named": false}, "da": {"lemma": "da", "pos": "ADP", "is_stop": true, "is_named": false}, "Revolu\u00e7\u00e3o": {"lemma": "Revolu\u00e7\u00e3o", "pos": "PROPN", "is_stop": false, "is_named": true}, "dos": {"lemma": "dos", "pos": "ADP", "is_stop": true, "is_named": false}, "Cravos": {"lemma": "Cravos", "pos": "PROPN", "is_stop": false, "is_named": true}}}, "it": {"text": "25 aprile rappresenteranno", "linguisticInfo": {"25": {"lemma": "25", "pos": "N", "is_stop": false, "is_named": false}, "aprile": {"lemma": "aprile", "pos": "S", "is_stop": false, "is_named": false}, "rappresenteranno": {"lemma": "rappresentare", "pos": "V", "is_stop": false, "is_named": false}}}}, "obj": {"type": "Event", "pt": {"text": "proposto", "linguisticInfo": {"proposto": {"lemma": "propor", "pos": "VERB", "is_stop": false, "is_named": false}}}, "it": {"text": "proposta", "linguisticInfo": {"proposta": {"lemma": "proposta", "pos": "S", "is_stop": false, "is_named": false}}}}}]}, "sentences_4": {"itText": "NULL la banca europea per gli investimenti ( bei ) prender\u00e0 in analisi la possibilit\u00e0 di finanziare parte dei progetti presentati dal governo regionale di madera . fonti ufficiali aggiungono che la visita ufficiale a madera di rex speller , direttore della bei e responsabile della cooperazione con il portogallo , non aveva pretese di essere risolutiva , era tuttalpi\u00f9 destinata a conoscere meglio la realt\u00e0 della regione e il programma dell&apos; esecutivo locale per i vari settori economici .", "ptText": "o banco europeu de investimentos vai analisar a possibilidade de financiar alguns dos projectos apresentados pelo governo regional da madeira . fontes oficiais acrescentaram que a visita oficial \u00e0 madeira de rex speller , director do bei e respons\u00e1vel pela coopera\u00e7\u00e3o com portugal , n\u00e3o teve um car\u00e1cter conclusivo , destinando -se antes a permitir uma identifica\u00e7\u00e3o com a realidade regional e um conhecimento do projecto do executivo local para v\u00e1rios sectores . \n", "relations": [{"id": "R47", "subj": {"type": "Human_Agent", "pt": {"text": "O Banco Europeu de Investimentos", "linguisticInfo": {"O": {"lemma": "O", "pos": "DET", "is_stop": true, "is_named": true}, "Banco": {"lemma": "Banco", "pos": "PROPN", "is_stop": false, "is_named": true}, "Europeu": {"lemma": "Europeu", "pos": "PROPN", "is_stop": false, "is_named": true}, "de": {"lemma": "de", "pos": "ADP", "is_stop": true, "is_named": false}, "Investimentos": {"lemma": "Investimentos", "pos": "PROPN", "is_stop": false, "is_named": true}}}, "it": {"text": "la banca europea per gli", "linguisticInfo": {"la": {"lemma": "il", "pos": "RD", "is_stop": true, "is_named": false}, "banca": {"lemma": "banca", "pos": "S", "is_stop": false, "is_named": false}, "europea": {"lemma": "europeo", "pos": "A", "is_stop": false, "is_named": false}, "per": {"lemma": "per", "pos": "E", "is_stop": true, "is_named": false}, "gli": {"lemma": "il", "pos": "RD", "is_stop": true, "is_named": false}}}}, "obj": {"type": "Event", "pt": {"text": "vai analisar", "linguisticInfo": {"vai": {"lemma": "ir", "pos": "AUX", "is_stop": true, "is_named": false}, "analisar": {"lemma": "analisar", "pos": "VERB", "is_stop": false, "is_named": false}}}, "it": {"text": "prender\u00e0 analisi", "linguisticInfo": {"prender\u00e0": {"lemma": "prendere", "pos": "V", "is_stop": false, "is_named": false}, "analisi": {"lemma": "analisi", "pos": "S", "is_stop": false, "is_named": false}}}}}, {"id": "R48", "subj": {"type": "Non-human_Patient", "pt": {"text": "a possibilidade de financiar alguns dos projectos apresentados pelo Governo Regional da Madeira", "linguisticInfo": {"a": {"lemma": "o", "pos": "DET", "is_stop": true, "is_named": false}, "possibilidade": {"lemma": "possibilidade", "pos": "NOUN", "is_stop": false, "is_named": false}, "de": {"lemma": "de", "pos": "SCONJ", "is_stop": true, "is_named": false}, "financiar": {"lemma": "financiar", "pos": "VERB", "is_stop": false, "is_named": false}, "alguns": {"lemma": "algum", "pos": "PRON", "is_stop": true, "is_named": false}, "dos": {"lemma": "dos", "pos": "ADP", "is_stop": true, "is_named": false}, "projectos": {"lemma": "projecto", "pos": "NOUN", "is_stop": false, "is_named": false}, "apresentados": {"lemma": "apresentar", "pos": "VERB", "is_stop": false, "is_named": false}, "pelo": {"lemma": "pelar", "pos": "ADP", "is_stop": true, "is_named": false}, "Governo": {"lemma": "Governo", "pos": "PROPN", "is_stop": false, "is_named": true}, "Regional": {"lemma": "Regional", "pos": "PROPN", "is_stop": false, "is_named": true}, "da": {"lemma": "da", "pos": "ADP", "is_stop": true, "is_named": false}, "Madeira": {"lemma": "Madeira", "pos": "PROPN", "is_stop": false, "is_named": true}}}, "it": {"text": "la banca europea possibilit\u00e0 di finanziare parte dei speller , direttore", "linguisticInfo": {"la": {"lemma": "il", "pos": "RD", "is_stop": true, "is_named": false}, "banca": {"lemma": "banca", "pos": "S", "is_stop": false, "is_named": false}, "europea": {"lemma": "europeo", "pos": "A", "is_stop": false, "is_named": false}, "possibilit\u00e0": {"lemma": "possibilit\u00e0", "pos": "S", "is_stop": false, "is_named": false}, "di": {"lemma": "di", "pos": "E", "is_stop": true, "is_named": false}, "finanziare": {"lemma": "finanziare", "pos": "V", "is_stop": false, "is_named": false}, "parte": {"lemma": "parte", "pos": "S", "is_stop": true, "is_named": false}, "dei": {"lemma": "del", "pos": "E_RD", "is_stop": true, "is_named": false}, "speller": {"lemma": "speller", "pos": "S", "is_stop": false, "is_named": false}, ",": {"lemma": ",", "pos": "FF", "is_stop": false, "is_named": false}, "direttore": {"lemma": "direttore", "pos": "S", "is_stop": false, "is_named": false}}}}, "obj": {"type": "Event", "pt": {"text": "vai analisar", "linguisticInfo": {"vai": {"lemma": "ir", "pos": "AUX", "is_stop": true, "is_named": false}, "analisar": {"lemma": "analisar", "pos": "VERB", "is_stop": false, "is_named": false}}}, "it": {"text": "prender\u00e0 analisi", "linguisticInfo": {"prender\u00e0": {"lemma": "prendere", "pos": "V", "is_stop": false, "is_named": false}, "analisi": {"lemma": "analisi", "pos": "S", "is_stop": false, "is_named": false}}}}}, {"id": "R49", "subj": {"type": "Non-human_Patient", "pt": {"text": "alguns dos projectos apresentados pelo Governo Regional da Madeira", "linguisticInfo": {"alguns": {"lemma": "algum", "pos": "PRON", "is_stop": true, "is_named": false}, "dos": {"lemma": "dos", "pos": "ADP", "is_stop": true, "is_named": false}, "projectos": {"lemma": "projecto", "pos": "NOUN", "is_stop": false, "is_named": false}, "apresentados": {"lemma": "apresentar", "pos": "VERB", "is_stop": false, "is_named": false}, "pelo": {"lemma": "pelar", "pos": "ADP", "is_stop": true, "is_named": false}, "Governo": {"lemma": "Governo", "pos": "PROPN", "is_stop": false, "is_named": true}, "Regional": {"lemma": "Regional", "pos": "PROPN", "is_stop": false, "is_named": true}, "da": {"lemma": "da", "pos": "ADP", "is_stop": true, "is_named": false}, "Madeira": {"lemma": "Madeira", "pos": "PROPN", "is_stop": false, "is_named": true}}}, "it": {"text": "speller , direttore", "linguisticInfo": {"speller": {"lemma": "speller", "pos": "S", "is_stop": false, "is_named": false}, ",": {"lemma": ",", "pos": "FF", "is_stop": false, "is_named": false}, "direttore": {"lemma": "direttore", "pos": "S", "is_stop": false, "is_named": false}}}}, "obj": {"type": "Event", "pt": {"text": "financiar", "linguisticInfo": {"financiar": {"lemma": "financiar", "pos": "VERB", "is_stop": false, "is_named": false}}}, "it": {"text": "finanziare", "linguisticInfo": {"finanziare": {"lemma": "finanziare", "pos": "V", "is_stop": false, "is_named": false}}}}}, {"id": "R52", "subj": {"type": "Human_Agent", "pt": {"text": "Fontes oficiais", "linguisticInfo": {"Fontes": {"lemma": "Fontes", "pos": "NOUN", "is_stop": false, "is_named": true}, "oficiais": {"lemma": "oficiar", "pos": "ADJ", "is_stop": false, "is_named": false}}}, "it": {"text": "fonti ufficiali", "linguisticInfo": {"fonti": {"lemma": "fonte", "pos": "S", "is_stop": false, "is_named": false}, "ufficiali": {"lemma": "ufficiale", "pos": "A", "is_stop": false, "is_named": false}}}}, "obj": {"type": "Event", "pt": {"text": "acrescentaram", "linguisticInfo": {"acrescentaram": {"lemma": "acrescentar", "pos": "VERB", "is_stop": false, "is_named": false}}}, "it": {"text": "aggiungono", "linguisticInfo": {"aggiungono": {"lemma": "aggiungere", "pos": "V", "is_stop": false, "is_named": false}}}}}, {"id": "R54", "subj": {"type": "Human_Agent", "pt": {"text": "Rex Speller , director do BEI e respons\u00e1vel pela coopera\u00e7\u00e3o com Portugal", "linguisticInfo": {"Rex": {"lemma": "Rex", "pos": "PROPN", "is_stop": false, "is_named": true}, "Speller": {"lemma": "Speller", "pos": "PROPN", "is_stop": false, "is_named": true}, ",": {"lemma": ",", "pos": "PUNCT", "is_stop": false, "is_named": false}, "director": {"lemma": "director", "pos": "NOUN", "is_stop": false, "is_named": false}, "do": {"lemma": "do", "pos": "ADP", "is_stop": true, "is_named": false}, "BEI": {"lemma": "BEI", "pos": "NOUN", "is_stop": false, "is_named": true}, "e": {"lemma": "e", "pos": "CCONJ", "is_stop": true, "is_named": false}, "respons\u00e1vel": {"lemma": "respons\u00e1vel", "pos": "ADJ", "is_stop": false, "is_named": false}, "pela": {"lemma": "pelar", "pos": "ADP", "is_stop": true, "is_named": false}, "coopera\u00e7\u00e3o": {"lemma": "coopera\u00e7\u00e3o", "pos": "NOUN", "is_stop": false, "is_named": false}, "com": {"lemma": "com", "pos": "ADP", "is_stop": true, "is_named": false}, "Portugal": {"lemma": "Portugal", "pos": "PROPN", "is_stop": false, "is_named": true}}}, "it": {"text": "rex speller , direttore della bei e responsabile della cooperazione con portogallo", "linguisticInfo": {"rex": {"lemma": "rex", "pos": "V", "is_stop": false, "is_named": false}, "speller": {"lemma": "speller", "pos": "S", "is_stop": false, "is_named": false}, ",": {"lemma": ",", "pos": "FF", "is_stop": false, "is_named": false}, "direttore": {"lemma": "direttore", "pos": "S", "is_stop": false, "is_named": false}, "della": {"lemma": "della", "pos": "E_RD", "is_stop": true, "is_named": false}, "bei": {"lemma": "bei", "pos": "S", "is_stop": false, "is_named": false}, "e": {"lemma": "e", "pos": "CC", "is_stop": false, "is_named": false}, "responsabile": {"lemma": "responsabile", "pos": "A", "is_stop": false, "is_named": false}, "cooperazione": {"lemma": "cooperazione", "pos": "S", "is_stop": false, "is_named": false}, "con": {"lemma": "con", "pos": "E", "is_stop": true, "is_named": false}, "portogallo": {"lemma": "portogallo", "pos": "S", "is_stop": false, "is_named": false}}}}, "obj": {"type": "Event", "pt": {"text": "a visita oficial", "linguisticInfo": {"a": {"lemma": "o", "pos": "DET", "is_stop": true, "is_named": false}, "visita": {"lemma": "visitar", "pos": "NOUN", "is_stop": false, "is_named": false}, "oficial": {"lemma": "oficial", "pos": "ADJ", "is_stop": false, "is_named": false}}}, "it": {"text": "la visita ufficiale", "linguisticInfo": {"la": {"lemma": "il", "pos": "RD", "is_stop": true, "is_named": false}, "visita": {"lemma": "visita", "pos": "S", "is_stop": false, "is_named": false}, "ufficiale": {"lemma": "ufficiale", "pos": "A", "is_stop": false, "is_named": false}}}}}, {"id": "R55", "subj": {"type": "Geo_location", "pt": {"text": "\u00e0 Madeira", "linguisticInfo": {"\u00e0": {"lemma": "\u00e0", "pos": "ADP", "is_stop": true, "is_named": false}, "Madeira": {"lemma": "Madeira", "pos": "PROPN", "is_stop": false, "is_named": true}}}, "it": {"text": "a madera", "linguisticInfo": {"a": {"lemma": "a", "pos": "E", "is_stop": true, "is_named": false}, "madera": {"lemma": "madera", "pos": "SP", "is_stop": false, "is_named": false}}}}, "obj": {"type": "Event", "pt": {"text": "a visita oficial", "linguisticInfo": {"a": {"lemma": "o", "pos": "DET", "is_stop": true, "is_named": false}, "visita": {"lemma": "visitar", "pos": "NOUN", "is_stop": false, "is_named": false}, "oficial": {"lemma": "oficial", "pos": "ADJ", "is_stop": false, "is_named": false}}}, "it": {"text": "la visita ufficiale", "linguisticInfo": {"la": {"lemma": "il", "pos": "RD", "is_stop": true, "is_named": false}, "visita": {"lemma": "visita", "pos": "S", "is_stop": false, "is_named": false}, "ufficiale": {"lemma": "ufficiale", "pos": "A", "is_stop": false, "is_named": false}}}}}, {"id": "R56", "subj": {"type": "Non-human_Patient", "pt": {"text": "com a realidade regional", "linguisticInfo": {"com": {"lemma": "com", "pos": "ADP", "is_stop": true, "is_named": false}, "a": {"lemma": "o", "pos": "DET", "is_stop": true, "is_named": false}, "realidade": {"lemma": "realidade", "pos": "NOUN", "is_stop": false, "is_named": false}, "regional": {"lemma": "regional", "pos": "ADJ", "is_stop": false, "is_named": false}}}, "it": {"text": "meglio la realt\u00e0 regione", "linguisticInfo": {"meglio": {"lemma": "meglio", "pos": "B", "is_stop": true, "is_named": false}, "la": {"lemma": "il", "pos": "RD", "is_stop": true, "is_named": false}, "realt\u00e0": {"lemma": "realt\u00e0", "pos": "S", "is_stop": false, "is_named": false}, "regione": {"lemma": "regione", "pos": "A", "is_stop": false, "is_named": false}}}}, "obj": {"type": "Event", "pt": {"text": "permitir uma identifica\u00e7\u00e3o", "linguisticInfo": {"permitir": {"lemma": "permitir", "pos": "VERB", "is_stop": false, "is_named": false}, "uma": {"lemma": "umar", "pos": "DET", "is_stop": true, "is_named": false}, "identifica\u00e7\u00e3o": {"lemma": "identifica\u00e7\u00e3o", "pos": "NOUN", "is_stop": false, "is_named": false}}}, "it": {"text": "conoscere meglio la", "linguisticInfo": {"conoscere": {"lemma": "conoscere", "pos": "V", "is_stop": false, "is_named": false}, "meglio": {"lemma": "meglio", "pos": "B", "is_stop": true, "is_named": false}, "la": {"lemma": "il", "pos": "RD", "is_stop": true, "is_named": false}}}}}]}, "sentences_5": {"itText": "NULL jos\u00e9 ribeiro e castro ha annunciato che la fondazione portogallo xxi secolo , promossa da freitas amaral , sar\u00e0 inaugurata \u00ab non oltre \u00bb l&apos; inizio di aprile , con la squadra di lavoro gi\u00e0 al completo . il direttore esecutivo di quello che fu il consiglio politico per la candidatura di freitas do amaral alla presidenza ha confermato che sono gi\u00e0 iniziati ad arrivare \u00ab contributi spontanei \u00bb per la fondazione dall \u2019 antica sede della campagna elettorale .", "ptText": "a funda\u00e7\u00e3o portugal s\u00e9culo xxi , promovida por freitas do amaral , arranca \u00ab o mais tardar \u00bb no princ\u00edpio de abril , e poder\u00e1 ter de imediato a sua comiss\u00e3o instaladora , disse jos\u00e9 ribeiro e castro . o director executivo do extinto conselho pol\u00edtico da candidatura de freitas do amaral \u00e0 presid\u00eancia disse que na antiga sede da candidatura come\u00e7aram j\u00e1 a surgir \u00ab contribui\u00e7\u00f5es espont\u00e2neas \u00bb para a funda\u00e7\u00e3o . \n", "relations": [{"id": "R59", "subj": {"type": "Human_Agent", "pt": {"text": "A Funda\u00e7\u00e3o Portugal S\u00e9culo XXI , promovida por Freitas do Amaral", "linguisticInfo": {"A": {"lemma": "A", "pos": "DET", "is_stop": true, "is_named": true}, "Funda\u00e7\u00e3o": {"lemma": "Funda\u00e7\u00e3o", "pos": "PROPN", "is_stop": false, "is_named": true}, "Portugal": {"lemma": "Portugal", "pos": "PROPN", "is_stop": false, "is_named": true}, "S\u00e9culo": {"lemma": "S\u00e9culo", "pos": "PROPN", "is_stop": false, "is_named": true}, "XXI": {"lemma": "XXI", "pos": "ADJ", "is_stop": false, "is_named": true}, ",": {"lemma": ",", "pos": "PUNCT", "is_stop": false, "is_named": false}, "promovida": {"lemma": "promovido", "pos": "VERB", "is_stop": false, "is_named": false}, "por": {"lemma": "por", "pos": "ADP", "is_stop": true, "is_named": false}, "Freitas": {"lemma": "Freitas", "pos": "PROPN", "is_stop": false, "is_named": true}, "do": {"lemma": "do", "pos": "ADP", "is_stop": true, "is_named": false}, "Amaral": {"lemma": "Amaral", "pos": "PROPN", "is_stop": false, "is_named": true}}}, "it": {"text": "la fondazione portogallo xxi secolo , promossa", "linguisticInfo": {"la": {"lemma": "il", "pos": "RD", "is_stop": true, "is_named": false}, "fondazione": {"lemma": "fondazione", "pos": "S", "is_stop": false, "is_named": false}, "portogallo": {"lemma": "portogallo", "pos": "A", "is_stop": false, "is_named": false}, "xxi": {"lemma": "xxi", "pos": "DI", "is_stop": false, "is_named": false}, "secolo": {"lemma": "secolo", "pos": "S", "is_stop": false, "is_named": false}, ",": {"lemma": ",", "pos": "FF", "is_stop": false, "is_named": false}, "promossa": {"lemma": "promuovere", "pos": "V", "is_stop": false, "is_named": false}}}}, "obj": {"type": "Event", "pt": {"text": "arranca", "linguisticInfo": {"arranca": {"lemma": "arrancar", "pos": "VERB", "is_stop": false, "is_named": false}}}, "it": {"text": "sar\u00e0", "linguisticInfo": {"sar\u00e0": {"lemma": "essere", "pos": "V", "is_stop": true, "is_named": false}}}}}, {"id": "R60", "subj": {"type": "Human_Agent", "pt": {"text": "por Freitas do Amaral", "linguisticInfo": {"por": {"lemma": "por", "pos": "ADP", "is_stop": true, "is_named": false}, "Freitas": {"lemma": "Freitas", "pos": "PROPN", "is_stop": false, "is_named": true}, "do": {"lemma": "do", "pos": "ADP", "is_stop": true, "is_named": false}, "Amaral": {"lemma": "Amaral", "pos": "PROPN", "is_stop": false, "is_named": true}}}, "it": {"text": "da freitas amaral ,", "linguisticInfo": {"da": {"lemma": "da", "pos": "E", "is_stop": true, "is_named": false}, "freitas": {"lemma": "freitas", "pos": "SP", "is_stop": false, "is_named": false}, "amaral": {"lemma": "amaral", "pos": "SP", "is_stop": false, "is_named": false}, ",": {"lemma": ",", "pos": "FF", "is_stop": false, "is_named": false}}}}, "obj": {"type": "Event", "pt": {"text": "promovida", "linguisticInfo": {"promovida": {"lemma": "promovido", "pos": "VERB", "is_stop": false, "is_named": false}}}, "it": {"text": "promossa", "linguisticInfo": {"promossa": {"lemma": "promuovere", "pos": "V", "is_stop": false, "is_named": false}}}}}, {"id": "R61", "subj": {"type": "Human_Patient", "pt": {"text": "A Funda\u00e7\u00e3o Portugal S\u00e9culo XXI", "linguisticInfo": {"A": {"lemma": "A", "pos": "DET", "is_stop": true, "is_named": true}, "Funda\u00e7\u00e3o": {"lemma": "Funda\u00e7\u00e3o", "pos": "PROPN", "is_stop": false, "is_named": true}, "Portugal": {"lemma": "Portugal", "pos": "PROPN", "is_stop": false, "is_named": true}, "S\u00e9culo": {"lemma": "S\u00e9culo", "pos": "PROPN", "is_stop": false, "is_named": true}, "XXI": {"lemma": "XXI", "pos": "ADJ", "is_stop": false, "is_named": true}}}, "it": {"text": "la fondazione portogallo xxi secolo , promossa", "linguisticInfo": {"la": {"lemma": "il", "pos": "RD", "is_stop": true, "is_named": false}, "fondazione": {"lemma": "fondazione", "pos": "S", "is_stop": false, "is_named": false}, "portogallo": {"lemma": "portogallo", "pos": "A", "is_stop": false, "is_named": false}, "xxi": {"lemma": "xxi", "pos": "DI", "is_stop": false, "is_named": false}, "secolo": {"lemma": "secolo", "pos": "S", "is_stop": false, "is_named": false}, ",": {"lemma": ",", "pos": "FF", "is_stop": false, "is_named": false}, "promossa": {"lemma": "promuovere", "pos": "V", "is_stop": false, "is_named": false}}}}, "obj": {"type": "Event", "pt": {"text": "promovida", "linguisticInfo": {"promovida": {"lemma": "promovido", "pos": "VERB", "is_stop": false, "is_named": false}}}, "it": {"text": "promossa", "linguisticInfo": {"promossa": {"lemma": "promuovere", "pos": "V", "is_stop": false, "is_named": false}}}}}, {"id": "R62", "subj": {"type": "Human_Agent", "pt": {"text": "A Funda\u00e7\u00e3o Portugal S\u00e9culo XXI , promovida por Freitas do Amaral", "linguisticInfo": {"A": {"lemma": "A", "pos": "DET", "is_stop": true, "is_named": true}, "Funda\u00e7\u00e3o": {"lemma": "Funda\u00e7\u00e3o", "pos": "PROPN", "is_stop": false, "is_named": true}, "Portugal": {"lemma": "Portugal", "pos": "PROPN", "is_stop": false, "is_named": true}, "S\u00e9culo": {"lemma": "S\u00e9culo", "pos": "PROPN", "is_stop": false, "is_named": true}, "XXI": {"lemma": "XXI", "pos": "ADJ", "is_stop": false, "is_named": true}, ",": {"lemma": ",", "pos": "PUNCT", "is_stop": false, "is_named": false}, "promovida": {"lemma": "promovido", "pos": "VERB", "is_stop": false, "is_named": false}, "por": {"lemma": "por", "pos": "ADP", "is_stop": true, "is_named": false}, "Freitas": {"lemma": "Freitas", "pos": "PROPN", "is_stop": false, "is_named": true}, "do": {"lemma": "do", "pos": "ADP", "is_stop": true, "is_named": false}, "Amaral": {"lemma": "Amaral", "pos": "PROPN", "is_stop": false, "is_named": true}}}, "it": {"text": "la fondazione portogallo xxi secolo , promossa", "linguisticInfo": {"la": {"lemma": "il", "pos": "RD", "is_stop": true, "is_named": false}, "fondazione": {"lemma": "fondazione", "pos": "S", "is_stop": false, "is_named": false}, "portogallo": {"lemma": "portogallo", "pos": "A", "is_stop": false, "is_named": false}, "xxi": {"lemma": "xxi", "pos": "DI", "is_stop": false, "is_named": false}, "secolo": {"lemma": "secolo", "pos": "S", "is_stop": false, "is_named": false}, ",": {"lemma": ",", "pos": "FF", "is_stop": false, "is_named": false}, "promossa": {"lemma": "promuovere", "pos": "V", "is_stop": false, "is_named": false}}}}, "obj": {"type": "Event", "pt": {"text": "poder\u00e1 ter de imediato", "linguisticInfo": {"poder\u00e1": {"lemma": "poder", "pos": "VERB", "is_stop": true, "is_named": false}, "ter": {"lemma": "ter", "pos": "VERB", "is_stop": true, "is_named": false}, "de": {"lemma": "de", "pos": "ADP", "is_stop": true, "is_named": false}, "imediato": {"lemma": "imediato", "pos": "NOUN", "is_stop": false, "is_named": false}}}, "it": {"text": "squadra di lavoro", "linguisticInfo": {"squadra": {"lemma": "squadra", "pos": "S", "is_stop": false, "is_named": false}, "di": {"lemma": "di", "pos": "E", "is_stop": true, "is_named": false}, "lavoro": {"lemma": "lavoro", "pos": "S", "is_stop": true, "is_named": false}}}}}, {"id": "R63", "subj": {"type": "Human_Patient", "pt": {"text": "a sua comiss\u00e3o instaladora", "linguisticInfo": {"a": {"lemma": "o", "pos": "DET", "is_stop": true, "is_named": false}, "sua": {"lemma": "suar", "pos": "DET", "is_stop": true, "is_named": false}, "comiss\u00e3o": {"lemma": "comiss\u00e3o", "pos": "NOUN", "is_stop": false, "is_named": false}, "instaladora": {"lemma": "instalador", "pos": "ADJ", "is_stop": false, "is_named": false}}}, "it": {"text": "jos\u00e9 ribeiro la fondazione portogallo squadra di lavoro", "linguisticInfo": {"jos\u00e9": {"lemma": "jos\u00e9", "pos": "SP", "is_stop": false, "is_named": false}, "ribeiro": {"lemma": "ribeiro", "pos": "SP", "is_stop": false, "is_named": false}, "la": {"lemma": "il", "pos": "RD", "is_stop": true, "is_named": false}, "fondazione": {"lemma": "fondazione", "pos": "S", "is_stop": false, "is_named": false}, "portogallo": {"lemma": "portogallo", "pos": "A", "is_stop": false, "is_named": false}, "squadra": {"lemma": "squadra", "pos": "A", "is_stop": false, "is_named": false}, "di": {"lemma": "di", "pos": "E", "is_stop": true, "is_named": false}, "lavoro": {"lemma": "lavoro", "pos": "S", "is_stop": true, "is_named": false}}}}, "obj": {"type": "Event", "pt": {"text": "poder\u00e1 ter de imediato", "linguisticInfo": {"poder\u00e1": {"lemma": "poder", "pos": "VERB", "is_stop": true, "is_named": false}, "ter": {"lemma": "ter", "pos": "VERB", "is_stop": true, "is_named": false}, "de": {"lemma": "de", "pos": "ADP", "is_stop": true, "is_named": false}, "imediato": {"lemma": "imediato", "pos": "NOUN", "is_stop": false, "is_named": false}}}, "it": {"text": "squadra di lavoro", "linguisticInfo": {"squadra": {"lemma": "squadra", "pos": "S", "is_stop": false, "is_named": false}, "di": {"lemma": "di", "pos": "E", "is_stop": true, "is_named": false}, "lavoro": {"lemma": "lavoro", "pos": "S", "is_stop": true, "is_named": false}}}}}, {"id": "R64", "subj": {"type": "Human_Agent", "pt": {"text": "Jos\u00e9 Ribeiro e Castro", "linguisticInfo": {"Jos\u00e9": {"lemma": "Jos\u00e9", "pos": "PROPN", "is_stop": false, "is_named": true}, "Ribeiro": {"lemma": "Ribeiro", "pos": "PROPN", "is_stop": false, "is_named": true}, "e": {"lemma": "e", "pos": "CCONJ", "is_stop": true, "is_named": false}, "Castro": {"lemma": "Castro", "pos": "PROPN", "is_stop": false, "is_named": true}}}, "it": {"text": "jos\u00e9 ribeiro e castro", "linguisticInfo": {"jos\u00e9": {"lemma": "jos\u00e9", "pos": "SP", "is_stop": false, "is_named": false}, "ribeiro": {"lemma": "ribeiro", "pos": "SP", "is_stop": false, "is_named": false}, "e": {"lemma": "e", "pos": "CC", "is_stop": false, "is_named": false}, "castro": {"lemma": "castrare", "pos": "SP", "is_stop": false, "is_named": false}}}}, "obj": {"type": "Event", "pt": {"text": "disse", "linguisticInfo": {"disse": {"lemma": "dizer", "pos": "VERB", "is_stop": false, "is_named": false}}}, "it": {"text": "ha", "linguisticInfo": {"ha": {"lemma": "avere", "pos": "V", "is_stop": true, "is_named": false}}}}}, {"id": "R67", "subj": {"type": "Human_Agent", "pt": {"text": "O director executivo do extinto Conselho Pol\u00edtico da Candidatura de Freitas do Amaral \u00e0 Presid\u00eancia", "linguisticInfo": {"O": {"lemma": "O", "pos": "DET", "is_stop": true, "is_named": true}, "director": {"lemma": "director", "pos": "NOUN", "is_stop": false, "is_named": false}, "executivo": {"lemma": "executivo", "pos": "ADJ", "is_stop": false, "is_named": false}, "do": {"lemma": "do", "pos": "ADP", "is_stop": true, "is_named": false}, "extinto": {"lemma": "extinguir", "pos": "NOUN", "is_stop": false, "is_named": false}, "Conselho": {"lemma": "Conselho", "pos": "PROPN", "is_stop": true, "is_named": true}, "Pol\u00edtico": {"lemma": "Pol\u00edtico", "pos": "PROPN", "is_stop": false, "is_named": true}, "da": {"lemma": "da", "pos": "ADP", "is_stop": true, "is_named": false}, "Candidatura": {"lemma": "Candidatura", "pos": "NOUN", "is_stop": false, "is_named": true}, "de": {"lemma": "de", "pos": "ADP", "is_stop": true, "is_named": false}, "Freitas": {"lemma": "Freitas", "pos": "PROPN", "is_stop": false, "is_named": true}, "Amaral": {"lemma": "Amaral", "pos": "PROPN", "is_stop": false, "is_named": true}, "\u00e0": {"lemma": "\u00e0", "pos": "ADP", "is_stop": true, "is_named": false}, "Presid\u00eancia": {"lemma": "Presid\u00eancia", "pos": "NOUN", "is_stop": false, "is_named": true}}}, "it": {"text": "il direttore esecutivo di quello", "linguisticInfo": {"il": {"lemma": "il", "pos": "RD", "is_stop": true, "is_named": false}, "direttore": {"lemma": "direttore", "pos": "S", "is_stop": false, "is_named": false}, "esecutivo": {"lemma": "esecutivo", "pos": "A", "is_stop": false, "is_named": false}, "di": {"lemma": "di", "pos": "E", "is_stop": true, "is_named": false}, "quello": {"lemma": "quello", "pos": "PD", "is_stop": true, "is_named": false}}}}, "obj": {"type": "Event", "pt": {"text": "disse", "linguisticInfo": {"disse": {"lemma": "dizer", "pos": "VERB", "is_stop": false, "is_named": false}}}, "it": {"text": "ha", "linguisticInfo": {"ha": {"lemma": "avere", "pos": "V", "is_stop": true, "is_named": false}}}}}, {"id": "R68", "subj": {"type": "Non-human_Oth_participant", "pt": {"text": "para a Funda\u00e7\u00e3o", "linguisticInfo": {"para": {"lemma": "parir", "pos": "ADP", "is_stop": true, "is_named": false}, "a": {"lemma": "o", "pos": "DET", "is_stop": true, "is_named": false}, "Funda\u00e7\u00e3o": {"lemma": "Funda\u00e7\u00e3o", "pos": "PROPN", "is_stop": false, "is_named": true}}}, "it": {"text": "per la fondazione", "linguisticInfo": {"per": {"lemma": "per", "pos": "E", "is_stop": true, "is_named": false}, "la": {"lemma": "il", "pos": "RD", "is_stop": true, "is_named": false}, "fondazione": {"lemma": "fondazione", "pos": "S", "is_stop": false, "is_named": false}}}}, "obj": {"type": "Event", "pt": {"text": "come\u00e7aram j\u00e1 a surgir", "linguisticInfo": {"come\u00e7aram": {"lemma": "come\u00e7ar", "pos": "VERB", "is_stop": false, "is_named": false}, "j\u00e1": {"lemma": "j\u00e1", "pos": "ADV", "is_stop": true, "is_named": false}, "a": {"lemma": "o", "pos": "SCONJ", "is_stop": true, "is_named": false}, "surgir": {"lemma": "surgir", "pos": "VERB", "is_stop": false, "is_named": false}}}, "it": {"text": "iniziati ad arrivare", "linguisticInfo": {"iniziati": {"lemma": "iniziare", "pos": "V", "is_stop": false, "is_named": false}, "ad": {"lemma": "ad", "pos": "E", "is_stop": true, "is_named": false}, "arrivare": {"lemma": "arrivare", "pos": "V", "is_stop": false, "is_named": false}}}}}, {"id": "R69", "subj": {"type": "Non-human_Patient", "pt": {"text": "contribui\u00e7\u00f5es espont\u00e2neas", "linguisticInfo": {"contribui\u00e7\u00f5es": {"lemma": "contribui\u00e7\u00e3o", "pos": "NOUN", "is_stop": false, "is_named": false}, "espont\u00e2neas": {"lemma": "espont\u00e2neo", "pos": "ADJ", "is_stop": false, "is_named": false}}}, "it": {"text": "contributi spontanei", "linguisticInfo": {"contributi": {"lemma": "contributo", "pos": "S", "is_stop": false, "is_named": false}, "spontanei": {"lemma": "spontaneo", "pos": "A", "is_stop": false, "is_named": false}}}}, "obj": {"type": "Event", "pt": {"text": "come\u00e7aram j\u00e1 a surgir", "linguisticInfo": {"come\u00e7aram": {"lemma": "come\u00e7ar", "pos": "VERB", "is_stop": false, "is_named": false}, "j\u00e1": {"lemma": "j\u00e1", "pos": "ADV", "is_stop": true, "is_named": false}, "a": {"lemma": "o", "pos": "SCONJ", "is_stop": true, "is_named": false}, "surgir": {"lemma": "surgir", "pos": "VERB", "is_stop": false, "is_named": false}}}, "it": {"text": "iniziati ad arrivare", "linguisticInfo": {"iniziati": {"lemma": "iniziare", "pos": "V", "is_stop": false, "is_named": false}, "ad": {"lemma": "ad", "pos": "E", "is_stop": true, "is_named": false}, "arrivare": {"lemma": "arrivare", "pos": "V", "is_stop": false, "is_named": false}}}}}, {"id": "R70", "subj": {"type": "Oth_location", "pt": {"text": "na antiga sede da candidatura", "linguisticInfo": {"na": {"lemma": "o", "pos": "ADP", "is_stop": true, "is_named": false}, "antiga": {"lemma": "antigo", "pos": "ADJ", "is_stop": false, "is_named": false}, "sede": {"lemma": "ser", "pos": "NOUN", "is_stop": false, "is_named": false}, "da": {"lemma": "da", "pos": "ADP", "is_stop": true, "is_named": false}, "candidatura": {"lemma": "candidatura", "pos": "NOUN", "is_stop": false, "is_named": false}}}, "it": {"text": "antica sede della campagna", "linguisticInfo": {"antica": {"lemma": "antico", "pos": "A", "is_stop": false, "is_named": false}, "sede": {"lemma": "sede", "pos": "S", "is_stop": false, "is_named": false}, "della": {"lemma": "della", "pos": "E_RD", "is_stop": true, "is_named": false}, "campagna": {"lemma": "campagna", "pos": "S", "is_stop": false, "is_named": false}}}}, "obj": {"type": "Event", "pt": {"text": "come\u00e7aram j\u00e1 a surgir", "linguisticInfo": {"come\u00e7aram": {"lemma": "come\u00e7ar", "pos": "VERB", "is_stop": false, "is_named": false}, "j\u00e1": {"lemma": "j\u00e1", "pos": "ADV", "is_stop": true, "is_named": false}, "a": {"lemma": "o", "pos": "SCONJ", "is_stop": true, "is_named": false}, "surgir": {"lemma": "surgir", "pos": "VERB", "is_stop": false, "is_named": false}}}, "it": {"text": "iniziati ad arrivare", "linguisticInfo": {"iniziati": {"lemma": "iniziare", "pos": "V", "is_stop": false, "is_named": false}, "ad": {"lemma": "ad", "pos": "E", "is_stop": true, "is_named": false}, "arrivare": {"lemma": "arrivare", "pos": "V", "is_stop": false, "is_named": false}}}}}]}, "sentences_6": {"itText": "NULL l&apos; associazione nazionale di amicizia portogallo-portogallo , il cui obiettivo \u00ab \u00e8 quello di porre le basi ed incentivare l \u2019 amicizia tra tutti i portoghesi e fomentarne le attivit\u00e0 culturali \u00bb , ha gi\u00e0 esistenza legale . alla luce di ci\u00f2 , la gazzetta ufficiale ne ha appena pubblicato i rispettivi statuti .", "ptText": "a associa\u00e7\u00e3o de amizade portugal-portugal , cujo objectivo \u00e9 \u00ab estabelecer e incentivar a amizade entre todos os portugueses e fomentar a suas actividades culturais \u00bb , tem j\u00e1 exist\u00eancia legal . com efeito , o di\u00e1rio da rep\u00fablica acaba de publicar os respectivos estatutos . \n", "relations": [{"id": "R71", "subj": {"type": "Non-human_Patient", "pt": {"text": "a suas actividades culturais", "linguisticInfo": {"a": {"lemma": "o", "pos": "ADP", "is_stop": true, "is_named": false}, "suas": {"lemma": "suar", "pos": "DET", "is_stop": true, "is_named": false}, "actividades": {"lemma": "actividade", "pos": "NOUN", "is_stop": false, "is_named": false}, "culturais": {"lemma": "cultural", "pos": "ADJ", "is_stop": false, "is_named": false}}}, "it": {"text": "le attivit\u00e0 culturali", "linguisticInfo": {"le": {"lemma": "il", "pos": "RD", "is_stop": true, "is_named": false}, "attivit\u00e0": {"lemma": "attivit\u00e0", "pos": "S", "is_stop": false, "is_named": false}, "culturali": {"lemma": "culturale", "pos": "A", "is_stop": false, "is_named": false}}}}, "obj": {"type": "Event", "pt": {"text": "fomentar", "linguisticInfo": {"fomentar": {"lemma": "fomentar", "pos": "VERB", "is_stop": false, "is_named": false}}}, "it": {"text": "fomentarne", "linguisticInfo": {"fomentarne": {"lemma": "fomentarne", "pos": "V_PC", "is_stop": false, "is_named": false}}}}}, {"id": "R72", "subj": {"type": "Non-human_Patient", "pt": {"text": "a amizade entre todos os portugueses", "linguisticInfo": {"a": {"lemma": "o", "pos": "DET", "is_stop": true, "is_named": false}, "amizade": {"lemma": "amizade", "pos": "NOUN", "is_stop": false, "is_named": false}, "entre": {"lemma": "entrar", "pos": "ADP", "is_stop": true, "is_named": false}, "todos": {"lemma": "todo", "pos": "DET", "is_stop": true, "is_named": false}, "os": {"lemma": "o", "pos": "DET", "is_stop": true, "is_named": false}, "portugueses": {"lemma": "portuguesar", "pos": "NOUN", "is_stop": false, "is_named": false}}}, "it": {"text": "l amicizia tra tutti i portoghesi", "linguisticInfo": {"l": {"lemma": "l", "pos": "RD", "is_stop": false, "is_named": false}, "amicizia": {"lemma": "amicizia", "pos": "S", "is_stop": false, "is_named": false}, "tra": {"lemma": "tra", "pos": "E", "is_stop": true, "is_named": false}, "tutti": {"lemma": "tutto", "pos": "T", "is_stop": true, "is_named": false}, "i": {"lemma": "il", "pos": "RD", "is_stop": false, "is_named": false}, "portoghesi": {"lemma": "portoghese", "pos": "S", "is_stop": false, "is_named": false}}}}, "obj": {"type": "Event", "pt": {"text": "incentivar", "linguisticInfo": {"incentivar": {"lemma": "incentivar", "pos": "VERB", "is_stop": false, "is_named": false}}}, "it": {"text": "incentivare", "linguisticInfo": {"incentivare": {"lemma": "incentivare", "pos": "V", "is_stop": false, "is_named": false}}}}}, {"id": "R73", "subj": {"type": "Non-human_Patient", "pt": {"text": "a amizade entre todos os portugueses", "linguisticInfo": {"a": {"lemma": "o", "pos": "DET", "is_stop": true, "is_named": false}, "amizade": {"lemma": "amizade", "pos": "NOUN", "is_stop": false, "is_named": false}, "entre": {"lemma": "entrar", "pos": "ADP", "is_stop": true, "is_named": false}, "todos": {"lemma": "todo", "pos": "DET", "is_stop": true, "is_named": false}, "os": {"lemma": "o", "pos": "DET", "is_stop": true, "is_named": false}, "portugueses": {"lemma": "portuguesar", "pos": "NOUN", "is_stop": false, "is_named": false}}}, "it": {"text": "l amicizia tra tutti i portoghesi", "linguisticInfo": {"l": {"lemma": "l", "pos": "RD", "is_stop": false, "is_named": false}, "amicizia": {"lemma": "amicizia", "pos": "S", "is_stop": false, "is_named": false}, "tra": {"lemma": "tra", "pos": "E", "is_stop": true, "is_named": false}, "tutti": {"lemma": "tutto", "pos": "T", "is_stop": true, "is_named": false}, "i": {"lemma": "il", "pos": "RD", "is_stop": false, "is_named": false}, "portoghesi": {"lemma": "portoghese", "pos": "S", "is_stop": false, "is_named": false}}}}, "obj": {"type": "Event", "pt": {"text": "estabelecer", "linguisticInfo": {"estabelecer": {"lemma": "estabelecer", "pos": "VERB", "is_stop": false, "is_named": false}}}, "it": {"text": "porre", "linguisticInfo": {"porre": {"lemma": "porre", "pos": "V", "is_stop": false, "is_named": false}}}}}, {"id": "R74", "subj": {"type": "Non-human_Patient", "pt": {"text": "os respectivos estatutos", "linguisticInfo": {"os": {"lemma": "o", "pos": "DET", "is_stop": true, "is_named": false}, "respectivos": {"lemma": "respectivo", "pos": "ADJ", "is_stop": false, "is_named": false}, "estatutos": {"lemma": "estatuto", "pos": "NOUN", "is_stop": false, "is_named": false}}}, "it": {"text": "i rispettivi statuti", "linguisticInfo": {"i": {"lemma": "il", "pos": "RD", "is_stop": false, "is_named": false}, "rispettivi": {"lemma": "rispettivo", "pos": "A", "is_stop": false, "is_named": false}, "statuti": {"lemma": "statuto", "pos": "S", "is_stop": false, "is_named": false}}}}, "obj": {"type": "Event", "pt": {"text": "acaba de publicar", "linguisticInfo": {"acaba": {"lemma": "acabar", "pos": "VERB", "is_stop": false, "is_named": false}, "de": {"lemma": "de", "pos": "SCONJ", "is_stop": true, "is_named": false}, "publicar": {"lemma": "publicar", "pos": "VERB", "is_stop": false, "is_named": false}}}, "it": {"text": "portogallo-portogallo , il", "linguisticInfo": {"portogallo": {"lemma": "portogallo", "pos": "S", "is_stop": false, "is_named": false}, "-": {"lemma": "-", "pos": "FF", "is_stop": false, "is_named": false}, ",": {"lemma": ",", "pos": "FF", "is_stop": false, "is_named": false}, "il": {"lemma": "il", "pos": "RD", "is_stop": true, "is_named": false}}}}}, {"id": "R75", "subj": {"type": "Human_Agent", "pt": {"text": "o Di\u00e1rio da Rep\u00fablica", "linguisticInfo": {"o": {"lemma": "o", "pos": "DET", "is_stop": true, "is_named": false}, "Di\u00e1rio": {"lemma": "Di\u00e1rio", "pos": "PROPN", "is_stop": false, "is_named": true}, "da": {"lemma": "da", "pos": "ADP", "is_stop": true, "is_named": false}, "Rep\u00fablica": {"lemma": "Rep\u00fablica", "pos": "PROPN", "is_stop": false, "is_named": true}}}, "it": {"text": "il cui obiettivo gazzetta ufficiale ne", "linguisticInfo": {"il": {"lemma": "il", "pos": "RD", "is_stop": true, "is_named": false}, "cui": {"lemma": "cui", "pos": "DR", "is_stop": true, "is_named": false}, "obiettivo": {"lemma": "obiettivo", "pos": "S", "is_stop": false, "is_named": false}, "gazzetta": {"lemma": "gazzetta", "pos": "V", "is_stop": false, "is_named": false}, "ufficiale": {"lemma": "ufficiale", "pos": "A", "is_stop": false, "is_named": false}, "ne": {"lemma": "ne", "pos": "PC", "is_stop": true, "is_named": false}}}}, "obj": {"type": "Event", "pt": {"text": "acaba de publicar", "linguisticInfo": {"acaba": {"lemma": "acabar", "pos": "VERB", "is_stop": false, "is_named": false}, "de": {"lemma": "de", "pos": "SCONJ", "is_stop": true, "is_named": false}, "publicar": {"lemma": "publicar", "pos": "VERB", "is_stop": false, "is_named": false}}}, "it": {"text": "portogallo-portogallo , il", "linguisticInfo": {"portogallo": {"lemma": "portogallo", "pos": "S", "is_stop": false, "is_named": false}, "-": {"lemma": "-", "pos": "FF", "is_stop": false, "is_named": false}, ",": {"lemma": ",", "pos": "FF", "is_stop": false, "is_named": false}, "il": {"lemma": "il", "pos": "RD", "is_stop": true, "is_named": false}}}}}]}}