{"sentences_0": {"itText": "NULL il presidente filippino ferdinando marcos ha annunciato ieri di aver smascherato una congiura che mirava ad assassinarlo prima delle elezioni presidenziali del 7 .", "ptText": "o presidente filipino ferdinando marcos anunciou ontem ter detectado de uma conjura para o assassinar antes das elei\u00e7\u00f5es presidenciais de 7 deste m\u00eas . \n", "relations": [{"id": "R1", "subj": {"type": "Time", "pt": {"text": "ontem", "linguisticInfo": {"ontem": {"lemma": "ontem", "pos": "ADV", "is_stop": true, "is_named": false}}}, "it": {"text": "ieri", "linguisticInfo": {"ieri": {"lemma": "ieri", "pos": "B", "is_stop": true, "is_named": false}}}}, "obj": {"type": "Event", "pt": {"text": "anunciou", "linguisticInfo": {"anunciou": {"lemma": "anunciar", "pos": "VERB", "is_stop": false, "is_named": false}}}, "it": {"text": "annunciato", "linguisticInfo": {"annunciato": {"lemma": "annunciare", "pos": "V", "is_stop": false, "is_named": false}}}}}, {"id": "R2", "subj": {"type": "Human_Agent", "pt": {"text": "O PRESIDENTE filipino Ferdinando Marcos", "linguisticInfo": {"O": {"lemma": "O", "pos": "DET", "is_stop": true, "is_named": true}, "PRESIDENTE": {"lemma": "PRESIDENTE", "pos": "NOUN", "is_stop": false, "is_named": true}, "filipino": {"lemma": "filipino", "pos": "ADJ", "is_stop": false, "is_named": false}, "Ferdinando": {"lemma": "Ferdinando", "pos": "PROPN", "is_stop": false, "is_named": true}, "Marcos": {"lemma": "Marcos", "pos": "PROPN", "is_stop": false, "is_named": true}}}, "it": {"text": "il presidente filippino ferdinando marcos", "linguisticInfo": {"il": {"lemma": "il", "pos": "RD", "is_stop": true, "is_named": false}, "presidente": {"lemma": "presidente", "pos": "S", "is_stop": false, "is_named": false}, "filippino": {"lemma": "filippino", "pos": "A", "is_stop": false, "is_named": false}, "ferdinando": {"lemma": "ferdinando", "pos": "V", "is_stop": false, "is_named": false}, "marcos": {"lemma": "marcos", "pos": "S", "is_stop": false, "is_named": false}}}}, "obj": {"type": "Event", "pt": {"text": "anunciou", "linguisticInfo": {"anunciou": {"lemma": "anunciar", "pos": "VERB", "is_stop": false, "is_named": false}}}, "it": {"text": "annunciato", "linguisticInfo": {"annunciato": {"lemma": "annunciare", "pos": "V", "is_stop": false, "is_named": false}}}}}, {"id": "R4", "subj": {"type": "Non-human_Patient", "pt": {"text": "uma conjura para o assassinar antes das elei\u00e7\u00f5es presidenciais de 7 deste m\u00eas", "linguisticInfo": {"uma": {"lemma": "umar", "pos": "DET", "is_stop": true, "is_named": false}, "conjura": {"lemma": "conjurar", "pos": "NOUN", "is_stop": false, "is_named": false}, "para": {"lemma": "parir", "pos": "SCONJ", "is_stop": true, "is_named": false}, "o": {"lemma": "o", "pos": "PRON", "is_stop": true, "is_named": false}, "assassinar": {"lemma": "assassinar", "pos": "VERB", "is_stop": false, "is_named": false}, "antes": {"lemma": "antar", "pos": "ADV", "is_stop": true, "is_named": false}, "das": {"lemma": "das", "pos": "ADP", "is_stop": true, "is_named": false}, "elei\u00e7\u00f5es": {"lemma": "elei\u00e7\u00e3o", "pos": "NOUN", "is_stop": false, "is_named": false}, "presidenciais": {"lemma": "presidencial", "pos": "ADJ", "is_stop": false, "is_named": false}, "de": {"lemma": "de", "pos": "ADP", "is_stop": true, "is_named": false}, "7": {"lemma": "7", "pos": "NUM", "is_stop": false, "is_named": false}, "deste": {"lemma": "dar", "pos": "ADP", "is_stop": true, "is_named": false}, "m\u00eas": {"lemma": "m\u00eas", "pos": "NOUN", "is_stop": true, "is_named": false}}}, "it": {"text": "una congiura che mirava ad assassinarlo", "linguisticInfo": {"una": {"lemma": "uno", "pos": "RI", "is_stop": true, "is_named": false}, "congiura": {"lemma": "congiura", "pos": "S", "is_stop": false, "is_named": false}, "che": {"lemma": "che", "pos": "PR", "is_stop": true, "is_named": false}, "mirava": {"lemma": "mirare", "pos": "V", "is_stop": false, "is_named": false}, "ad": {"lemma": "ad", "pos": "E", "is_stop": true, "is_named": false}, "assassinarlo": {"lemma": "assassinare", "pos": "V_PC", "is_stop": false, "is_named": false}}}}, "obj": {"type": "Event", "pt": {"text": "ter detectado", "linguisticInfo": {"ter": {"lemma": "ter", "pos": "AUX", "is_stop": true, "is_named": false}, "detectado": {"lemma": "detectar", "pos": "VERB", "is_stop": false, "is_named": false}}}, "it": {"text": "aver smascherato", "linguisticInfo": {"aver": {"lemma": "avere", "pos": "VA", "is_stop": true, "is_named": false}, "smascherato": {"lemma": "smascherare", "pos": "V", "is_stop": false, "is_named": false}}}}}, {"id": "R5", "subj": {"type": "Non-human_Oth_participant", "pt": {"text": "para o assassinar antes das elei\u00e7\u00f5es presidenciais de 7 deste m\u00eas", "linguisticInfo": {"para": {"lemma": "parir", "pos": "SCONJ", "is_stop": true, "is_named": false}, "o": {"lemma": "o", "pos": "PRON", "is_stop": true, "is_named": false}, "assassinar": {"lemma": "assassinar", "pos": "VERB", "is_stop": false, "is_named": false}, "antes": {"lemma": "antar", "pos": "ADV", "is_stop": true, "is_named": false}, "das": {"lemma": "das", "pos": "ADP", "is_stop": true, "is_named": false}, "elei\u00e7\u00f5es": {"lemma": "elei\u00e7\u00e3o", "pos": "NOUN", "is_stop": false, "is_named": false}, "presidenciais": {"lemma": "presidencial", "pos": "ADJ", "is_stop": false, "is_named": false}, "de": {"lemma": "de", "pos": "ADP", "is_stop": true, "is_named": false}, "7": {"lemma": "7", "pos": "NUM", "is_stop": false, "is_named": false}, "deste": {"lemma": "dar", "pos": "ADP", "is_stop": true, "is_named": false}, "m\u00eas": {"lemma": "m\u00eas", "pos": "NOUN", "is_stop": true, "is_named": false}}}, "it": {"text": "mirava ad assassinarlo", "linguisticInfo": {"mirava": {"lemma": "mirare", "pos": "V", "is_stop": false, "is_named": false}, "ad": {"lemma": "ad", "pos": "E", "is_stop": true, "is_named": false}, "assassinarlo": {"lemma": "assassinare", "pos": "V_PC", "is_stop": false, "is_named": false}}}}, "obj": {"type": "Event", "pt": {"text": "uma conjura", "linguisticInfo": {"uma": {"lemma": "umar", "pos": "DET", "is_stop": true, "is_named": false}, "conjura": {"lemma": "conjurar", "pos": "NOUN", "is_stop": false, "is_named": false}}}, "it": {"text": "una congiura", "linguisticInfo": {"una": {"lemma": "uno", "pos": "RI", "is_stop": true, "is_named": false}, "congiura": {"lemma": "congiura", "pos": "S", "is_stop": false, "is_named": false}}}}}, {"id": "R6", "subj": {"type": "Human_Patient", "pt": {"text": "o", "linguisticInfo": {"o": {"lemma": "o", "pos": "DET", "is_stop": true, "is_named": false}}}, "it": {"text": "il", "linguisticInfo": {"il": {"lemma": "il", "pos": "RD", "is_stop": true, "is_named": false}}}}, "obj": {"type": "Event", "pt": {"text": "assassinar", "linguisticInfo": {"assassinar": {"lemma": "assassinar", "pos": "VERB", "is_stop": false, "is_named": false}}}, "it": {"text": "assassinarlo", "linguisticInfo": {"assassinarlo": {"lemma": "assassinare", "pos": "V_PC", "is_stop": false, "is_named": false}}}}}, {"id": "R7", "subj": {"type": "Time", "pt": {"text": "antes das elei\u00e7\u00f5es presidenciais de 7 deste m\u00eas", "linguisticInfo": {"antes": {"lemma": "antar", "pos": "ADV", "is_stop": true, "is_named": false}, "das": {"lemma": "das", "pos": "ADP", "is_stop": true, "is_named": false}, "elei\u00e7\u00f5es": {"lemma": "elei\u00e7\u00e3o", "pos": "NOUN", "is_stop": false, "is_named": false}, "presidenciais": {"lemma": "presidencial", "pos": "ADJ", "is_stop": false, "is_named": false}, "de": {"lemma": "de", "pos": "ADP", "is_stop": true, "is_named": false}, "7": {"lemma": "7", "pos": "NUM", "is_stop": false, "is_named": false}, "deste": {"lemma": "dar", "pos": "ADP", "is_stop": true, "is_named": false}, "m\u00eas": {"lemma": "m\u00eas", "pos": "NOUN", "is_stop": true, "is_named": false}}}, "it": {"text": "prima delle elezioni presidenziali del 7", "linguisticInfo": {"prima": {"lemma": "prima", "pos": "B", "is_stop": true, "is_named": false}, "delle": {"lemma": "della", "pos": "E_RD", "is_stop": true, "is_named": false}, "elezioni": {"lemma": "elezione", "pos": "S", "is_stop": false, "is_named": false}, "presidenziali": {"lemma": "presidenziale", "pos": "A", "is_stop": false, "is_named": false}, "del": {"lemma": "del", "pos": "E_RD", "is_stop": true, "is_named": false}, "7": {"lemma": "7", "pos": "N", "is_stop": false, "is_named": false}}}}, "obj": {"type": "Event", "pt": {"text": "assassinar", "linguisticInfo": {"assassinar": {"lemma": "assassinar", "pos": "VERB", "is_stop": false, "is_named": false}}}, "it": {"text": "assassinarlo", "linguisticInfo": {"assassinarlo": {"lemma": "assassinare", "pos": "V_PC", "is_stop": false, "is_named": false}}}}}, {"id": "R22", "subj": {"type": "Human_Agent", "pt": {"text": "O Presidente filipino", "linguisticInfo": {"O": {"lemma": "O", "pos": "DET", "is_stop": true, "is_named": true}, "Presidente": {"lemma": "Presidente", "pos": "NOUN", "is_stop": false, "is_named": true}, "filipino": {"lemma": "filipino", "pos": "ADJ", "is_stop": false, "is_named": false}}}, "it": {"text": "il presidente filippine", "linguisticInfo": {"il": {"lemma": "il", "pos": "RD", "is_stop": true, "is_named": false}, "presidente": {"lemma": "presidente", "pos": "S", "is_stop": false, "is_named": false}, "filippine": {"lemma": "filippina", "pos": "SP", "is_stop": false, "is_named": false}}}}, "obj": {"type": "Event", "pt": {"text": "anunciou", "linguisticInfo": {"anunciou": {"lemma": "anunciar", "pos": "VERB", "is_stop": false, "is_named": false}}}, "it": {"text": "annunciato", "linguisticInfo": {"annunciato": {"lemma": "annunciare", "pos": "V", "is_stop": false, "is_named": false}}}}}]}, "sentences_1": {"itText": "NULL marcos ha dichiarato che \u00e8 stato scovato un tunnel carico di esplosivo in localit\u00e0 iloilo , dove si sarebbe dovuto recare in visita il 27 gennaio in occasione dell \u2019 inaugurazione di una banca .", "ptText": "marcos disse ter sido descoberto um t\u00fanel repleto de explosivos na localidade de iloilo , que ele devia visitar a 27 de janeiro para inaugurar um banco . \n", "relations": [{"id": "R8", "subj": {"type": "Non-human_Oth_participant", "pt": {"text": "ter sido descoberto um t\u00fanel repleto de explosivos na localidade de Iloilo , que ele devia visitar a 27 de Janeiro para inaugurar um banco", "linguisticInfo": {"ter": {"lemma": "ter", "pos": "AUX", "is_stop": true, "is_named": false}, "sido": {"lemma": "ser", "pos": "AUX", "is_stop": false, "is_named": false}, "descoberto": {"lemma": "descobrir", "pos": "VERB", "is_stop": false, "is_named": false}, "um": {"lemma": "um", "pos": "DET", "is_stop": true, "is_named": false}, "t\u00fanel": {"lemma": "t\u00fanel", "pos": "NOUN", "is_stop": false, "is_named": false}, "repleto": {"lemma": "repletar", "pos": "ADJ", "is_stop": false, "is_named": false}, "de": {"lemma": "de", "pos": "ADP", "is_stop": true, "is_named": false}, "explosivos": {"lemma": "explosivo", "pos": "NOUN", "is_stop": false, "is_named": false}, "na": {"lemma": "o", "pos": "ADP", "is_stop": true, "is_named": false}, "localidade": {"lemma": "localidade", "pos": "NOUN", "is_stop": false, "is_named": false}, "Iloilo": {"lemma": "Iloilo", "pos": "PROPN", "is_stop": false, "is_named": true}, ",": {"lemma": ",", "pos": "PUNCT", "is_stop": false, "is_named": false}, "que": {"lemma": "que", "pos": "PRON", "is_stop": true, "is_named": false}, "ele": {"lemma": "ele", "pos": "PRON", "is_stop": true, "is_named": false}, "devia": {"lemma": "dever", "pos": "VERB", "is_stop": false, "is_named": false}, "visitar": {"lemma": "visitar", "pos": "VERB", "is_stop": false, "is_named": false}, "a": {"lemma": "o", "pos": "ADP", "is_stop": true, "is_named": false}, "27": {"lemma": "27", "pos": "NUM", "is_stop": false, "is_named": false}, "Janeiro": {"lemma": "Janeiro", "pos": "NOUN", "is_stop": false, "is_named": true}, "para": {"lemma": "parir", "pos": "SCONJ", "is_stop": true, "is_named": false}, "inaugurar": {"lemma": "inaugurar", "pos": "VERB", "is_stop": false, "is_named": false}, "banco": {"lemma": "banco", "pos": "NOUN", "is_stop": false, "is_named": false}}}, "it": {"text": "scovato un tunnel", "linguisticInfo": {"scovato": {"lemma": "scovare", "pos": "V", "is_stop": false, "is_named": false}, "un": {"lemma": "uno", "pos": "RI", "is_stop": true, "is_named": false}, "tunnel": {"lemma": "tunnel", "pos": "S", "is_stop": false, "is_named": false}}}}, "obj": {"type": "Event", "pt": {"text": "disse", "linguisticInfo": {"disse": {"lemma": "dizer", "pos": "VERB", "is_stop": false, "is_named": false}}}, "it": {"text": "dichiarato", "linguisticInfo": {"dichiarato": {"lemma": "dichiarare", "pos": "V", "is_stop": false, "is_named": false}}}}}, {"id": "R9", "subj": {"type": "Human_Agent", "pt": {"text": "Marcos", "linguisticInfo": {"Marcos": {"lemma": "Marcos", "pos": "PROPN", "is_stop": false, "is_named": true}}}, "it": {"text": "sventato", "linguisticInfo": {"sventato": {"lemma": "sventare", "pos": "V", "is_stop": false, "is_named": false}}}}, "obj": {"type": "Event", "pt": {"text": "disse", "linguisticInfo": {"disse": {"lemma": "dizer", "pos": "VERB", "is_stop": false, "is_named": false}}}, "it": {"text": "sventato", "linguisticInfo": {"sventato": {"lemma": "sventare", "pos": "V", "is_stop": false, "is_named": false}}}}}, {"id": "R10", "subj": {"type": "Geo_location", "pt": {"text": "na localidade de Iloilo", "linguisticInfo": {"na": {"lemma": "o", "pos": "ADP", "is_stop": true, "is_named": false}, "localidade": {"lemma": "localidade", "pos": "NOUN", "is_stop": false, "is_named": false}, "de": {"lemma": "de", "pos": "ADP", "is_stop": true, "is_named": false}, "Iloilo": {"lemma": "Iloilo", "pos": "PROPN", "is_stop": false, "is_named": true}}}, "it": {"text": "in localit\u00e0 iloilo ,", "linguisticInfo": {"in": {"lemma": "in", "pos": "E", "is_stop": true, "is_named": false}, "localit\u00e0": {"lemma": "localit\u00e0", "pos": "S", "is_stop": false, "is_named": false}, "iloilo": {"lemma": "iloilo", "pos": "A", "is_stop": false, "is_named": false}, ",": {"lemma": ",", "pos": "FF", "is_stop": false, "is_named": false}}}}, "obj": {"type": "Event", "pt": {"text": "ter sido descoberto", "linguisticInfo": {"ter": {"lemma": "ter", "pos": "AUX", "is_stop": true, "is_named": false}, "sido": {"lemma": "ser", "pos": "AUX", "is_stop": false, "is_named": false}, "descoberto": {"lemma": "descobrir", "pos": "VERB", "is_stop": false, "is_named": false}}}, "it": {"text": "scovato un tunnel", "linguisticInfo": {"scovato": {"lemma": "scovare", "pos": "V", "is_stop": false, "is_named": false}, "un": {"lemma": "uno", "pos": "RI", "is_stop": true, "is_named": false}, "tunnel": {"lemma": "tunnel", "pos": "S", "is_stop": false, "is_named": false}}}}}, {"id": "R11", "subj": {"type": "Non-human_Patient", "pt": {"text": "um t\u00fanel repleto de explosivos", "linguisticInfo": {"um": {"lemma": "um", "pos": "DET", "is_stop": true, "is_named": false}, "t\u00fanel": {"lemma": "t\u00fanel", "pos": "NOUN", "is_stop": false, "is_named": false}, "repleto": {"lemma": "repletar", "pos": "ADJ", "is_stop": false, "is_named": false}, "de": {"lemma": "de", "pos": "ADP", "is_stop": true, "is_named": false}, "explosivos": {"lemma": "explosivo", "pos": "NOUN", "is_stop": false, "is_named": false}}}, "it": {"text": "un tunnel carico di esplosivo", "linguisticInfo": {"un": {"lemma": "uno", "pos": "RI", "is_stop": true, "is_named": false}, "tunnel": {"lemma": "tunnel", "pos": "S", "is_stop": false, "is_named": false}, "carico": {"lemma": "carico", "pos": "A", "is_stop": false, "is_named": false}, "di": {"lemma": "di", "pos": "E", "is_stop": true, "is_named": false}, "esplosivo": {"lemma": "esplosivo", "pos": "S", "is_stop": false, "is_named": false}}}}, "obj": {"type": "Event", "pt": {"text": "ter sido descoberto", "linguisticInfo": {"ter": {"lemma": "ter", "pos": "AUX", "is_stop": true, "is_named": false}, "sido": {"lemma": "ser", "pos": "AUX", "is_stop": false, "is_named": false}, "descoberto": {"lemma": "descobrir", "pos": "VERB", "is_stop": false, "is_named": false}}}, "it": {"text": "scovato un tunnel", "linguisticInfo": {"scovato": {"lemma": "scovare", "pos": "V", "is_stop": false, "is_named": false}, "un": {"lemma": "uno", "pos": "RI", "is_stop": true, "is_named": false}, "tunnel": {"lemma": "tunnel", "pos": "S", "is_stop": false, "is_named": false}}}}}, {"id": "R12", "subj": {"type": "Oth_argument", "pt": {"text": "para inaugurar um banco", "linguisticInfo": {"para": {"lemma": "parir", "pos": "SCONJ", "is_stop": true, "is_named": false}, "inaugurar": {"lemma": "inaugurar", "pos": "VERB", "is_stop": false, "is_named": false}, "um": {"lemma": "um", "pos": "DET", "is_stop": true, "is_named": false}, "banco": {"lemma": "banco", "pos": "NOUN", "is_stop": false, "is_named": false}}}, "it": {"text": "inaugurazione una banca", "linguisticInfo": {"inaugurazione": {"lemma": "inaugurazione", "pos": "V", "is_stop": false, "is_named": false}, "una": {"lemma": "uno", "pos": "RI", "is_stop": true, "is_named": false}, "banca": {"lemma": "banca", "pos": "S", "is_stop": false, "is_named": false}}}}, "obj": {"type": "Event", "pt": {"text": "devia visitar", "linguisticInfo": {"devia": {"lemma": "dever", "pos": "VERB", "is_stop": false, "is_named": false}, "visitar": {"lemma": "visitar", "pos": "VERB", "is_stop": false, "is_named": false}}}, "it": {"text": "sarebbe recare", "linguisticInfo": {"sarebbe": {"lemma": "essere", "pos": "V", "is_stop": true, "is_named": false}, "recare": {"lemma": "recare", "pos": "V", "is_stop": false, "is_named": false}}}}}, {"id": "R13", "subj": {"type": "Time", "pt": {"text": "a 27 de Janeiro", "linguisticInfo": {"a": {"lemma": "o", "pos": "ADP", "is_stop": true, "is_named": false}, "27": {"lemma": "27", "pos": "NUM", "is_stop": false, "is_named": false}, "de": {"lemma": "de", "pos": "ADP", "is_stop": true, "is_named": false}, "Janeiro": {"lemma": "Janeiro", "pos": "NOUN", "is_stop": false, "is_named": true}}}, "it": {"text": "marcos ha 27 gennaio in", "linguisticInfo": {"marcos": {"lemma": "marcos", "pos": "A", "is_stop": false, "is_named": false}, "ha": {"lemma": "avere", "pos": "V", "is_stop": true, "is_named": false}, "27": {"lemma": "27", "pos": "N", "is_stop": false, "is_named": false}, "gennaio": {"lemma": "gennaio", "pos": "S", "is_stop": false, "is_named": false}, "in": {"lemma": "in", "pos": "E", "is_stop": true, "is_named": false}}}}, "obj": {"type": "Event", "pt": {"text": "devia visitar", "linguisticInfo": {"devia": {"lemma": "dever", "pos": "VERB", "is_stop": false, "is_named": false}, "visitar": {"lemma": "visitar", "pos": "VERB", "is_stop": false, "is_named": false}}}, "it": {"text": "sarebbe recare", "linguisticInfo": {"sarebbe": {"lemma": "essere", "pos": "V", "is_stop": true, "is_named": false}, "recare": {"lemma": "recare", "pos": "V", "is_stop": false, "is_named": false}}}}}, {"id": "R14", "subj": {"type": "Human_Agent", "pt": {"text": "ele", "linguisticInfo": {"ele": {"lemma": "ele", "pos": "PRON", "is_stop": true, "is_named": false}}}, "it": {"text": "scovato", "linguisticInfo": {"scovato": {"lemma": "scovare", "pos": "V", "is_stop": false, "is_named": false}}}}, "obj": {"type": "Event", "pt": {"text": "devia visitar", "linguisticInfo": {"devia": {"lemma": "dever", "pos": "VERB", "is_stop": false, "is_named": false}, "visitar": {"lemma": "visitar", "pos": "VERB", "is_stop": false, "is_named": false}}}, "it": {"text": "sarebbe recare", "linguisticInfo": {"sarebbe": {"lemma": "essere", "pos": "V", "is_stop": true, "is_named": false}, "recare": {"lemma": "recare", "pos": "V", "is_stop": false, "is_named": false}}}}}, {"id": "R15", "subj": {"type": "Non-human_Patient", "pt": {"text": "que", "linguisticInfo": {"que": {"lemma": "que", "pos": "SCONJ", "is_stop": true, "is_named": false}}}, "it": {"text": "", "linguisticInfo": {}}}, "obj": {"type": "Event", "pt": {"text": "devia visitar", "linguisticInfo": {"devia": {"lemma": "dever", "pos": "VERB", "is_stop": false, "is_named": false}, "visitar": {"lemma": "visitar", "pos": "VERB", "is_stop": false, "is_named": false}}}, "it": {"text": "sarebbe recare", "linguisticInfo": {"sarebbe": {"lemma": "essere", "pos": "V", "is_stop": true, "is_named": false}, "recare": {"lemma": "recare", "pos": "V", "is_stop": false, "is_named": false}}}}}, {"id": "R16", "subj": {"type": "Non-human_Patient", "pt": {"text": "um banco", "linguisticInfo": {"um": {"lemma": "um", "pos": "DET", "is_stop": true, "is_named": false}, "banco": {"lemma": "banco", "pos": "NOUN", "is_stop": false, "is_named": false}}}, "it": {"text": "una banca", "linguisticInfo": {"una": {"lemma": "uno", "pos": "RI", "is_stop": true, "is_named": false}, "banca": {"lemma": "banca", "pos": "S", "is_stop": false, "is_named": false}}}}, "obj": {"type": "Event", "pt": {"text": "inaugurar", "linguisticInfo": {"inaugurar": {"lemma": "inaugurar", "pos": "VERB", "is_stop": false, "is_named": false}}}, "it": {"text": "inaugurazione", "linguisticInfo": {"inaugurazione": {"lemma": "inaugurazione", "pos": "S", "is_stop": false, "is_named": false}}}}}, {"id": "R19", "subj": {"type": "Human_Agent", "pt": {"text": "Marcos", "linguisticInfo": {"Marcos": {"lemma": "Marcos", "pos": "PROPN", "is_stop": false, "is_named": true}}}, "it": {"text": "sventato", "linguisticInfo": {"sventato": {"lemma": "sventare", "pos": "V", "is_stop": false, "is_named": false}}}}, "obj": {"type": "Event", "pt": {"text": "disse", "linguisticInfo": {"disse": {"lemma": "dizer", "pos": "VERB", "is_stop": false, "is_named": false}}}, "it": {"text": "sventato", "linguisticInfo": {"sventato": {"lemma": "sventare", "pos": "V", "is_stop": false, "is_named": false}}}}}]}, "sentences_2": {"itText": "NULL \u00ab il tunnel si trovava esattamente sotto la banca , con materiale necessario per un \u2019 esplosione di grandi dimensioni . i piani dei cospiratori , per\u00f2 sono per\u00f2 stati scoperti in tempo e l \u2019 attentato sventato \u00bb .", "ptText": "\u00ab o t\u00fanel situava -se precisamente sob o banco e tinha capacidade para uma grande carga explosiva , mas os planos dos conspiradores foram descobertos a tempo e o atentado fracassou \u00bb , disse marcos . \n", "relations": [{"id": "R9", "subj": {"type": "Human_Agent", "pt": {"text": "Marcos", "linguisticInfo": {"Marcos": {"lemma": "Marcos", "pos": "PROPN", "is_stop": false, "is_named": true}}}, "it": {"text": "sventato", "linguisticInfo": {"sventato": {"lemma": "sventare", "pos": "V", "is_stop": false, "is_named": false}}}}, "obj": {"type": "Event", "pt": {"text": "disse", "linguisticInfo": {"disse": {"lemma": "dizer", "pos": "VERB", "is_stop": false, "is_named": false}}}, "it": {"text": "sventato", "linguisticInfo": {"sventato": {"lemma": "sventare", "pos": "V", "is_stop": false, "is_named": false}}}}}, {"id": "R17", "subj": {"type": "Non-human_Patient", "pt": {"text": "os planos dos conspiradores", "linguisticInfo": {"os": {"lemma": "o", "pos": "DET", "is_stop": true, "is_named": false}, "planos": {"lemma": "plano", "pos": "NOUN", "is_stop": false, "is_named": false}, "dos": {"lemma": "dos", "pos": "ADP", "is_stop": true, "is_named": false}, "conspiradores": {"lemma": "conspirador", "pos": "NOUN", "is_stop": false, "is_named": false}}}, "it": {"text": "i piani dei cospiratori", "linguisticInfo": {"i": {"lemma": "il", "pos": "RD", "is_stop": false, "is_named": false}, "piani": {"lemma": "piano", "pos": "S", "is_stop": false, "is_named": false}, "dei": {"lemma": "del", "pos": "E_RD", "is_stop": true, "is_named": false}, "cospiratori": {"lemma": "cospiratore", "pos": "S", "is_stop": false, "is_named": false}}}}, "obj": {"type": "Event", "pt": {"text": "foram descobertos", "linguisticInfo": {"foram": {"lemma": "ser", "pos": "AUX", "is_stop": true, "is_named": false}, "descobertos": {"lemma": "descobrir", "pos": "VERB", "is_stop": false, "is_named": false}}}, "it": {"text": "stati scoperti", "linguisticInfo": {"stati": {"lemma": "stare", "pos": "VA", "is_stop": true, "is_named": false}, "scoperti": {"lemma": "scoprire", "pos": "V", "is_stop": false, "is_named": false}}}}}, {"id": "R18", "subj": {"type": "Oth_argument", "pt": {"text": "a tempo", "linguisticInfo": {"a": {"lemma": "o", "pos": "ADP", "is_stop": true, "is_named": false}, "tempo": {"lemma": "tempo", "pos": "NOUN", "is_stop": true, "is_named": false}}}, "it": {"text": "tempo", "linguisticInfo": {"tempo": {"lemma": "tempo", "pos": "S", "is_stop": true, "is_named": false}}}}, "obj": {"type": "Event", "pt": {"text": "foram descobertos", "linguisticInfo": {"foram": {"lemma": "ser", "pos": "AUX", "is_stop": true, "is_named": false}, "descobertos": {"lemma": "descobrir", "pos": "VERB", "is_stop": false, "is_named": false}}}, "it": {"text": "stati scoperti", "linguisticInfo": {"stati": {"lemma": "stare", "pos": "VA", "is_stop": true, "is_named": false}, "scoperti": {"lemma": "scoprire", "pos": "V", "is_stop": false, "is_named": false}}}}}, {"id": "R19", "subj": {"type": "Human_Agent", "pt": {"text": "Marcos", "linguisticInfo": {"Marcos": {"lemma": "Marcos", "pos": "PROPN", "is_stop": false, "is_named": true}}}, "it": {"text": "sventato", "linguisticInfo": {"sventato": {"lemma": "sventare", "pos": "V", "is_stop": false, "is_named": false}}}}, "obj": {"type": "Event", "pt": {"text": "disse", "linguisticInfo": {"disse": {"lemma": "dizer", "pos": "VERB", "is_stop": false, "is_named": false}}}, "it": {"text": "sventato", "linguisticInfo": {"sventato": {"lemma": "sventare", "pos": "V", "is_stop": false, "is_named": false}}}}}]}, "sentences_3": {"itText": "NULL il presidente delle filippine ha anche annunciato di aver fatto partire un \u2019 indagine per venire a capo delle fonti usate dai giornalisti americani per pubblicare un servizio sul suo operato durante la ii guerra mondiale .", "ptText": "o presidente filipino anunciou tamb\u00e9m ter ordenado uma investiga\u00e7\u00e3o sobre as fontes dos jornalistas norte-americanos que escreveram uma reportagem sobre a ac\u00e7\u00e3o de marcos durante a ii guerra mundial . \n", "relations": [{"id": "R21", "subj": {"type": "Non-human_Oth_participant", "pt": {"text": "ter ordenado uma investiga\u00e7\u00e3o sobre as fontes dos jornalistas norte-americanos que escreveram uma reportagem sobre a ac\u00e7\u00e3o de Marcos durante a II Guerra Mundial", "linguisticInfo": {"ter": {"lemma": "ter", "pos": "AUX", "is_stop": true, "is_named": false}, "ordenado": {"lemma": "ordenar", "pos": "VERB", "is_stop": false, "is_named": false}, "uma": {"lemma": "umar", "pos": "DET", "is_stop": true, "is_named": false}, "investiga\u00e7\u00e3o": {"lemma": "investiga\u00e7\u00e3o", "pos": "NOUN", "is_stop": false, "is_named": false}, "sobre": {"lemma": "sobrar", "pos": "ADP", "is_stop": true, "is_named": false}, "as": {"lemma": "o", "pos": "DET", "is_stop": true, "is_named": false}, "fontes": {"lemma": "fonte", "pos": "NOUN", "is_stop": false, "is_named": false}, "dos": {"lemma": "dos", "pos": "ADP", "is_stop": true, "is_named": false}, "jornalistas": {"lemma": "jornalista", "pos": "NOUN", "is_stop": false, "is_named": false}, "norte-americanos": {"lemma": "norte-americanos", "pos": "ADJ", "is_stop": false, "is_named": false}, "que": {"lemma": "que", "pos": "PRON", "is_stop": true, "is_named": false}, "escreveram": {"lemma": "escrever", "pos": "VERB", "is_stop": false, "is_named": false}, "reportagem": {"lemma": "reportagem", "pos": "NOUN", "is_stop": false, "is_named": false}, "a": {"lemma": "o", "pos": "DET", "is_stop": true, "is_named": false}, "ac\u00e7\u00e3o": {"lemma": "ac\u00e7\u00e3o", "pos": "NOUN", "is_stop": false, "is_named": false}, "de": {"lemma": "de", "pos": "ADP", "is_stop": true, "is_named": false}, "Marcos": {"lemma": "Marcos", "pos": "PROPN", "is_stop": false, "is_named": true}, "durante": {"lemma": "durante", "pos": "ADP", "is_stop": false, "is_named": false}, "II": {"lemma": "II", "pos": "PROPN", "is_stop": false, "is_named": true}, "Guerra": {"lemma": "Guerra", "pos": "PROPN", "is_stop": false, "is_named": true}, "Mundial": {"lemma": "Mundial", "pos": "PROPN", "is_stop": false, "is_named": true}}}, "it": {"text": "aver fatto partire operato durante la", "linguisticInfo": {"aver": {"lemma": "avere", "pos": "VA", "is_stop": true, "is_named": false}, "fatto": {"lemma": "fare", "pos": "V", "is_stop": true, "is_named": false}, "partire": {"lemma": "partire", "pos": "V", "is_stop": false, "is_named": false}, "operato": {"lemma": "operare", "pos": "V", "is_stop": false, "is_named": false}, "durante": {"lemma": "durante", "pos": "E", "is_stop": true, "is_named": false}, "la": {"lemma": "il", "pos": "RD", "is_stop": true, "is_named": false}}}}, "obj": {"type": "Event", "pt": {"text": "anunciou", "linguisticInfo": {"anunciou": {"lemma": "anunciar", "pos": "VERB", "is_stop": false, "is_named": false}}}, "it": {"text": "annunciato", "linguisticInfo": {"annunciato": {"lemma": "annunciare", "pos": "V", "is_stop": false, "is_named": false}}}}}, {"id": "R22", "subj": {"type": "Human_Agent", "pt": {"text": "O Presidente filipino", "linguisticInfo": {"O": {"lemma": "O", "pos": "DET", "is_stop": true, "is_named": true}, "Presidente": {"lemma": "Presidente", "pos": "NOUN", "is_stop": false, "is_named": true}, "filipino": {"lemma": "filipino", "pos": "ADJ", "is_stop": false, "is_named": false}}}, "it": {"text": "il presidente filippine", "linguisticInfo": {"il": {"lemma": "il", "pos": "RD", "is_stop": true, "is_named": false}, "presidente": {"lemma": "presidente", "pos": "S", "is_stop": false, "is_named": false}, "filippine": {"lemma": "filippina", "pos": "SP", "is_stop": false, "is_named": false}}}}, "obj": {"type": "Event", "pt": {"text": "anunciou", "linguisticInfo": {"anunciou": {"lemma": "anunciar", "pos": "VERB", "is_stop": false, "is_named": false}}}, "it": {"text": "annunciato", "linguisticInfo": {"annunciato": {"lemma": "annunciare", "pos": "V", "is_stop": false, "is_named": false}}}}}, {"id": "R23", "subj": {"type": "Non-human_Patient", "pt": {"text": "as fontes dos jornalistas norte-americanos que escreveram uma reportagem sobre a ac\u00e7\u00e3o de Marcos durante a II Guerra Mundial", "linguisticInfo": {"as": {"lemma": "o", "pos": "DET", "is_stop": true, "is_named": false}, "fontes": {"lemma": "fonte", "pos": "NOUN", "is_stop": false, "is_named": false}, "dos": {"lemma": "dos", "pos": "ADP", "is_stop": true, "is_named": false}, "jornalistas": {"lemma": "jornalista", "pos": "NOUN", "is_stop": false, "is_named": false}, "norte-americanos": {"lemma": "norte-americanos", "pos": "ADJ", "is_stop": false, "is_named": false}, "que": {"lemma": "que", "pos": "PRON", "is_stop": true, "is_named": false}, "escreveram": {"lemma": "escrever", "pos": "VERB", "is_stop": false, "is_named": false}, "uma": {"lemma": "umar", "pos": "DET", "is_stop": true, "is_named": false}, "reportagem": {"lemma": "reportagem", "pos": "NOUN", "is_stop": false, "is_named": false}, "sobre": {"lemma": "sobrar", "pos": "ADP", "is_stop": true, "is_named": false}, "a": {"lemma": "o", "pos": "DET", "is_stop": true, "is_named": false}, "ac\u00e7\u00e3o": {"lemma": "ac\u00e7\u00e3o", "pos": "NOUN", "is_stop": false, "is_named": false}, "de": {"lemma": "de", "pos": "ADP", "is_stop": true, "is_named": false}, "Marcos": {"lemma": "Marcos", "pos": "PROPN", "is_stop": false, "is_named": true}, "durante": {"lemma": "durante", "pos": "ADP", "is_stop": false, "is_named": false}, "II": {"lemma": "II", "pos": "PROPN", "is_stop": false, "is_named": true}, "Guerra": {"lemma": "Guerra", "pos": "PROPN", "is_stop": false, "is_named": true}, "Mundial": {"lemma": "Mundial", "pos": "PROPN", "is_stop": false, "is_named": true}}}, "it": {"text": "usate dai giornalisti", "linguisticInfo": {"usate": {"lemma": "usare", "pos": "V", "is_stop": false, "is_named": false}, "dai": {"lemma": "dal", "pos": "E_RD", "is_stop": true, "is_named": false}, "giornalisti": {"lemma": "giornalista", "pos": "S", "is_stop": false, "is_named": false}}}}, "obj": {"type": "Event", "pt": {"text": "ter ordenado uma investiga\u00e7\u00e3o", "linguisticInfo": {"ter": {"lemma": "ter", "pos": "AUX", "is_stop": true, "is_named": false}, "ordenado": {"lemma": "ordenar", "pos": "VERB", "is_stop": false, "is_named": false}, "uma": {"lemma": "umar", "pos": "DET", "is_stop": true, "is_named": false}, "investiga\u00e7\u00e3o": {"lemma": "investiga\u00e7\u00e3o", "pos": "NOUN", "is_stop": false, "is_named": false}}}, "it": {"text": "aver fatto partire operato durante la", "linguisticInfo": {"aver": {"lemma": "avere", "pos": "VA", "is_stop": true, "is_named": false}, "fatto": {"lemma": "fare", "pos": "V", "is_stop": true, "is_named": false}, "partire": {"lemma": "partire", "pos": "V", "is_stop": false, "is_named": false}, "operato": {"lemma": "operare", "pos": "V", "is_stop": false, "is_named": false}, "durante": {"lemma": "durante", "pos": "E", "is_stop": true, "is_named": false}, "la": {"lemma": "il", "pos": "RD", "is_stop": true, "is_named": false}}}}}, {"id": "R24", "subj": {"type": "Non-human_Patient", "pt": {"text": "uma reportagem sobre a ac\u00e7\u00e3o de Marcos durante a II Guerra Mundial", "linguisticInfo": {"uma": {"lemma": "umar", "pos": "DET", "is_stop": true, "is_named": false}, "reportagem": {"lemma": "reportagem", "pos": "NOUN", "is_stop": false, "is_named": false}, "sobre": {"lemma": "sobrar", "pos": "ADP", "is_stop": true, "is_named": false}, "a": {"lemma": "o", "pos": "DET", "is_stop": true, "is_named": false}, "ac\u00e7\u00e3o": {"lemma": "ac\u00e7\u00e3o", "pos": "NOUN", "is_stop": false, "is_named": false}, "de": {"lemma": "de", "pos": "ADP", "is_stop": true, "is_named": false}, "Marcos": {"lemma": "Marcos", "pos": "PROPN", "is_stop": false, "is_named": true}, "durante": {"lemma": "durante", "pos": "ADP", "is_stop": false, "is_named": false}, "II": {"lemma": "II", "pos": "PROPN", "is_stop": false, "is_named": true}, "Guerra": {"lemma": "Guerra", "pos": "PROPN", "is_stop": false, "is_named": true}, "Mundial": {"lemma": "Mundial", "pos": "PROPN", "is_stop": false, "is_named": true}}}, "it": {"text": "un \u2019 indagine pubblicare un servizio", "linguisticInfo": {"un": {"lemma": "uno", "pos": "RI", "is_stop": true, "is_named": false}, "\u2019": {"lemma": "\u2019", "pos": "NO", "is_stop": false, "is_named": false}, "indagine": {"lemma": "indagine", "pos": "S", "is_stop": false, "is_named": false}, "pubblicare": {"lemma": "pubblicare", "pos": "V", "is_stop": false, "is_named": false}, "servizio": {"lemma": "servizio", "pos": "S", "is_stop": false, "is_named": false}}}}, "obj": {"type": "Event", "pt": {"text": "escreveram", "linguisticInfo": {"escreveram": {"lemma": "escrever", "pos": "VERB", "is_stop": false, "is_named": false}}}, "it": {"text": "pubblicare", "linguisticInfo": {"pubblicare": {"lemma": "pubblicare", "pos": "V", "is_stop": false, "is_named": false}}}}}, {"id": "R25", "subj": {"type": "Human_Agent", "pt": {"text": "que", "linguisticInfo": {"que": {"lemma": "que", "pos": "SCONJ", "is_stop": true, "is_named": false}}}, "it": {"text": "", "linguisticInfo": {}}}, "obj": {"type": "Event", "pt": {"text": "escreveram", "linguisticInfo": {"escreveram": {"lemma": "escrever", "pos": "VERB", "is_stop": false, "is_named": false}}}, "it": {"text": "pubblicare", "linguisticInfo": {"pubblicare": {"lemma": "pubblicare", "pos": "V", "is_stop": false, "is_named": false}}}}}, {"id": "R26", "subj": {"type": "Human_Agent", "pt": {"text": "Marcos", "linguisticInfo": {"Marcos": {"lemma": "Marcos", "pos": "PROPN", "is_stop": false, "is_named": true}}}, "it": {"text": "operato", "linguisticInfo": {"operato": {"lemma": "operare", "pos": "V", "is_stop": false, "is_named": false}}}}, "obj": {"type": "Event", "pt": {"text": "a ac\u00e7\u00e3o", "linguisticInfo": {"a": {"lemma": "o", "pos": "DET", "is_stop": true, "is_named": false}, "ac\u00e7\u00e3o": {"lemma": "ac\u00e7\u00e3o", "pos": "NOUN", "is_stop": false, "is_named": false}}}, "it": {"text": "operato", "linguisticInfo": {"operato": {"lemma": "operare", "pos": "V", "is_stop": false, "is_named": false}}}}}, {"id": "R27", "subj": {"type": "Time", "pt": {"text": "durante a II Guerra Mundial", "linguisticInfo": {"durante": {"lemma": "durante", "pos": "ADP", "is_stop": false, "is_named": false}, "a": {"lemma": "o", "pos": "DET", "is_stop": true, "is_named": false}, "II": {"lemma": "II", "pos": "PROPN", "is_stop": false, "is_named": true}, "Guerra": {"lemma": "Guerra", "pos": "PROPN", "is_stop": false, "is_named": true}, "Mundial": {"lemma": "Mundial", "pos": "PROPN", "is_stop": false, "is_named": true}}}, "it": {"text": "durante la ii guerra mondiale", "linguisticInfo": {"durante": {"lemma": "durante", "pos": "E", "is_stop": true, "is_named": false}, "la": {"lemma": "il", "pos": "RD", "is_stop": true, "is_named": false}, "ii": {"lemma": "ii", "pos": "NO", "is_stop": false, "is_named": false}, "guerra": {"lemma": "guerra", "pos": "S", "is_stop": false, "is_named": false}, "mondiale": {"lemma": "mondiale", "pos": "A", "is_stop": false, "is_named": false}}}}, "obj": {"type": "Event", "pt": {"text": "a ac\u00e7\u00e3o", "linguisticInfo": {"a": {"lemma": "o", "pos": "DET", "is_stop": true, "is_named": false}, "ac\u00e7\u00e3o": {"lemma": "ac\u00e7\u00e3o", "pos": "NOUN", "is_stop": false, "is_named": false}}}, "it": {"text": "operato", "linguisticInfo": {"operato": {"lemma": "operare", "pos": "V", "is_stop": false, "is_named": false}}}}}]}, "sentences_4": {"itText": "NULL secondo marcos , il servizio che lo accusava di aver collaborato con le forze giapponesi durante l \u2019 occupazione , non \u00e8 altro che una \u00ab manovra politica \u00bb per impedirgli di venire rieletto il 7 febbraio .", "ptText": "para marcos , a reportagem , que o acusou de colabora\u00e7\u00e3o com as for\u00e7as japonesas de ocupa\u00e7\u00e3o , constitui uma \u00ab manobra pol\u00edtica \u00bb para impedir a sua reelei\u00e7\u00e3o a 7 de fevereiro . \n", "relations": [{"id": "R28", "subj": {"type": "Non-human_Oth_participant", "pt": {"text": "de colabora\u00e7\u00e3o com as for\u00e7as japonesas de ocupa\u00e7\u00e3o", "linguisticInfo": {"de": {"lemma": "de", "pos": "ADP", "is_stop": true, "is_named": false}, "colabora\u00e7\u00e3o": {"lemma": "colabora\u00e7\u00e3o", "pos": "NOUN", "is_stop": false, "is_named": false}, "com": {"lemma": "com", "pos": "ADP", "is_stop": true, "is_named": false}, "as": {"lemma": "o", "pos": "DET", "is_stop": true, "is_named": false}, "for\u00e7as": {"lemma": "for\u00e7ar", "pos": "NOUN", "is_stop": false, "is_named": false}, "japonesas": {"lemma": "japonesar", "pos": "ADJ", "is_stop": false, "is_named": false}, "ocupa\u00e7\u00e3o": {"lemma": "ocupa\u00e7\u00e3o", "pos": "NOUN", "is_stop": false, "is_named": false}}}, "it": {"text": "di aver collaborato con le forze giapponesi durante l", "linguisticInfo": {"di": {"lemma": "di", "pos": "E", "is_stop": true, "is_named": false}, "aver": {"lemma": "avere", "pos": "VA", "is_stop": true, "is_named": false}, "collaborato": {"lemma": "collaborare", "pos": "V", "is_stop": false, "is_named": false}, "con": {"lemma": "con", "pos": "E", "is_stop": true, "is_named": false}, "le": {"lemma": "il", "pos": "RD", "is_stop": true, "is_named": false}, "forze": {"lemma": "forza", "pos": "S", "is_stop": false, "is_named": false}, "giapponesi": {"lemma": "giapponese", "pos": "A", "is_stop": false, "is_named": false}, "durante": {"lemma": "durante", "pos": "E", "is_stop": true, "is_named": false}, "l": {"lemma": "l", "pos": "PC", "is_stop": false, "is_named": false}}}}, "obj": {"type": "Event", "pt": {"text": "acusou", "linguisticInfo": {"acusou": {"lemma": "acusar", "pos": "VERB", "is_stop": false, "is_named": false}}}, "it": {"text": "accusava", "linguisticInfo": {"accusava": {"lemma": "accusare", "pos": "V", "is_stop": false, "is_named": false}}}}}, {"id": "R29", "subj": {"type": "Human_Patient", "pt": {"text": "o", "linguisticInfo": {"o": {"lemma": "o", "pos": "DET", "is_stop": true, "is_named": false}}}, "it": {"text": "lo", "linguisticInfo": {"lo": {"lemma": "il", "pos": "RD", "is_stop": true, "is_named": false}}}}, "obj": {"type": "Event", "pt": {"text": "acusou", "linguisticInfo": {"acusou": {"lemma": "acusar", "pos": "VERB", "is_stop": false, "is_named": false}}}, "it": {"text": "accusava", "linguisticInfo": {"accusava": {"lemma": "accusare", "pos": "V", "is_stop": false, "is_named": false}}}}}, {"id": "R30", "subj": {"type": "Human_Agent", "pt": {"text": "que", "linguisticInfo": {"que": {"lemma": "que", "pos": "SCONJ", "is_stop": true, "is_named": false}}}, "it": {"text": "che", "linguisticInfo": {"che": {"lemma": "che", "pos": "CS", "is_stop": true, "is_named": false}}}}, "obj": {"type": "Event", "pt": {"text": "acusou", "linguisticInfo": {"acusou": {"lemma": "acusar", "pos": "VERB", "is_stop": false, "is_named": false}}}, "it": {"text": "accusava", "linguisticInfo": {"accusava": {"lemma": "accusare", "pos": "V", "is_stop": false, "is_named": false}}}}}, {"id": "R31", "subj": {"type": "Non-human_Patient", "pt": {"text": "com as for\u00e7as japonesas de ocupa\u00e7\u00e3o", "linguisticInfo": {"com": {"lemma": "com", "pos": "ADP", "is_stop": true, "is_named": false}, "as": {"lemma": "o", "pos": "DET", "is_stop": true, "is_named": false}, "for\u00e7as": {"lemma": "for\u00e7ar", "pos": "NOUN", "is_stop": false, "is_named": false}, "japonesas": {"lemma": "japonesar", "pos": "ADJ", "is_stop": false, "is_named": false}, "de": {"lemma": "de", "pos": "ADP", "is_stop": true, "is_named": false}, "ocupa\u00e7\u00e3o": {"lemma": "ocupa\u00e7\u00e3o", "pos": "NOUN", "is_stop": false, "is_named": false}}}, "it": {"text": "con le forze giapponesi durante l", "linguisticInfo": {"con": {"lemma": "con", "pos": "E", "is_stop": true, "is_named": false}, "le": {"lemma": "il", "pos": "RD", "is_stop": true, "is_named": false}, "forze": {"lemma": "forza", "pos": "S", "is_stop": false, "is_named": false}, "giapponesi": {"lemma": "giapponese", "pos": "A", "is_stop": false, "is_named": false}, "durante": {"lemma": "durante", "pos": "E", "is_stop": true, "is_named": false}, "l": {"lemma": "l", "pos": "PC", "is_stop": false, "is_named": false}}}}, "obj": {"type": "Event", "pt": {"text": "colabora\u00e7\u00e3o", "linguisticInfo": {"colabora\u00e7\u00e3o": {"lemma": "colabora\u00e7\u00e3o", "pos": "NOUN", "is_stop": false, "is_named": false}}}, "it": {"text": "collaborato", "linguisticInfo": {"collaborato": {"lemma": "collaborare", "pos": "V", "is_stop": false, "is_named": false}}}}}, {"id": "R35", "subj": {"type": "Non-human_Patient", "pt": {"text": "a sua reelei\u00e7\u00e3o a 7 de Fevereiro", "linguisticInfo": {"a": {"lemma": "o", "pos": "ADP", "is_stop": true, "is_named": false}, "sua": {"lemma": "suar", "pos": "DET", "is_stop": true, "is_named": false}, "reelei\u00e7\u00e3o": {"lemma": "reelei\u00e7\u00e3o", "pos": "NOUN", "is_stop": false, "is_named": false}, "7": {"lemma": "7", "pos": "NUM", "is_stop": false, "is_named": false}, "de": {"lemma": "de", "pos": "ADP", "is_stop": true, "is_named": false}, "Fevereiro": {"lemma": "Fevereiro", "pos": "NOUN", "is_stop": false, "is_named": true}}}, "it": {"text": "secondo marcos venire rieletto il 7", "linguisticInfo": {"secondo": {"lemma": "secondo", "pos": "E", "is_stop": true, "is_named": false}, "marcos": {"lemma": "marcos", "pos": "S", "is_stop": false, "is_named": false}, "venire": {"lemma": "venire", "pos": "VA", "is_stop": false, "is_named": false}, "rieletto": {"lemma": "rieleggere", "pos": "V", "is_stop": false, "is_named": false}, "il": {"lemma": "il", "pos": "RD", "is_stop": true, "is_named": false}, "7": {"lemma": "7", "pos": "N", "is_stop": false, "is_named": false}}}}, "obj": {"type": "Event", "pt": {"text": "impedir", "linguisticInfo": {"impedir": {"lemma": "impedir", "pos": "VERB", "is_stop": false, "is_named": false}}}, "it": {"text": "impedirgli", "linguisticInfo": {"impedirgli": {"lemma": "impedirgli", "pos": "S", "is_stop": false, "is_named": false}}}}}, {"id": "R36", "subj": {"type": "Time", "pt": {"text": "a 7 de Fevereiro", "linguisticInfo": {"a": {"lemma": "o", "pos": "ADP", "is_stop": true, "is_named": false}, "7": {"lemma": "7", "pos": "NUM", "is_stop": false, "is_named": false}, "de": {"lemma": "de", "pos": "ADP", "is_stop": true, "is_named": false}, "Fevereiro": {"lemma": "Fevereiro", "pos": "NOUN", "is_stop": false, "is_named": true}}}, "it": {"text": "secondo marcos 7 febbraio .", "linguisticInfo": {"secondo": {"lemma": "secondo", "pos": "E", "is_stop": true, "is_named": false}, "marcos": {"lemma": "marcos", "pos": "S", "is_stop": false, "is_named": false}, "7": {"lemma": "7", "pos": "N", "is_stop": false, "is_named": false}, "febbraio": {"lemma": "febbraio", "pos": "S", "is_stop": false, "is_named": false}, ".": {"lemma": ".", "pos": "FS", "is_stop": false, "is_named": false}}}}, "obj": {"type": "Event", "pt": {"text": "reelei\u00e7\u00e3o", "linguisticInfo": {"reelei\u00e7\u00e3o": {"lemma": "reelei\u00e7\u00e3o", "pos": "NOUN", "is_stop": false, "is_named": false}}}, "it": {"text": "rieletto", "linguisticInfo": {"rieletto": {"lemma": "rieleggere", "pos": "V", "is_stop": false, "is_named": false}}}}}, {"id": "R37", "subj": {"type": "Human_Patient", "pt": {"text": "a sua", "linguisticInfo": {"a": {"lemma": "o", "pos": "DET", "is_stop": true, "is_named": false}, "sua": {"lemma": "suar", "pos": "DET", "is_stop": true, "is_named": false}}}, "it": {"text": "venire", "linguisticInfo": {"venire": {"lemma": "venire", "pos": "V", "is_stop": false, "is_named": false}}}}, "obj": {"type": "Event", "pt": {"text": "reelei\u00e7\u00e3o", "linguisticInfo": {"reelei\u00e7\u00e3o": {"lemma": "reelei\u00e7\u00e3o", "pos": "NOUN", "is_stop": false, "is_named": false}}}, "it": {"text": "rieletto", "linguisticInfo": {"rieletto": {"lemma": "rieleggere", "pos": "V", "is_stop": false, "is_named": false}}}}}]}, "sentences_5": {"itText": "NULL marcos ha smentito le voci sulle sue dimissioni a favore della moglie imelda , nel caso di una riconferma alla presidenza .", "ptText": "marcos desmentiu tencionar demitir -se a favor da mulher , imelda , depois da eventual reelei\u00e7\u00e3o para a presid\u00eancia . \n", "relations": [{"id": "R39", "subj": {"type": "Human_Agent", "pt": {"text": "Marcos", "linguisticInfo": {"Marcos": {"lemma": "Marcos", "pos": "PROPN", "is_stop": false, "is_named": true}}}, "it": {"text": "marcos", "linguisticInfo": {"marcos": {"lemma": "marcos", "pos": "A", "is_stop": false, "is_named": false}}}}, "obj": {"type": "Event", "pt": {"text": "desmentiu", "linguisticInfo": {"desmentiu": {"lemma": "desmentir", "pos": "VERB", "is_stop": false, "is_named": false}}}, "it": {"text": "smentito", "linguisticInfo": {"smentito": {"lemma": "smentire", "pos": "V", "is_stop": false, "is_named": false}}}}}]}, "sentences_6": {"itText": "NULL il capo di stato ha dichiarato che il governo continuer\u00e0 a lavorare affinch\u00e9 le elezioni possano realizzarsi nelle date previste , la cancellazione avverr\u00e0 solo in caso di \u00ab una grande offensiva che coinvolga diverse citt\u00e0 \u00bb", "ptText": "o chefe de estado disse que o governo est\u00e1 decidido a assegurar a realiza\u00e7\u00e3o do acto eleitoral na data prevista , o que s\u00f3 poderia ser inviabilizado por \u00ab uma grande ofensiva guerrilheira contra v\u00e1rias cidades \u00bb filipinas . \n", "relations": [{"id": "R43", "subj": {"type": "Human_Agent", "pt": {"text": "O Chefe de Estado", "linguisticInfo": {"O": {"lemma": "O", "pos": "DET", "is_stop": true, "is_named": true}, "Chefe": {"lemma": "Chefe", "pos": "PROPN", "is_stop": false, "is_named": true}, "de": {"lemma": "de", "pos": "ADP", "is_stop": true, "is_named": false}, "Estado": {"lemma": "Estado", "pos": "PROPN", "is_stop": true, "is_named": true}}}, "it": {"text": "il capo di stato", "linguisticInfo": {"il": {"lemma": "il", "pos": "RD", "is_stop": true, "is_named": false}, "capo": {"lemma": "capo", "pos": "S", "is_stop": false, "is_named": false}, "di": {"lemma": "di", "pos": "E", "is_stop": true, "is_named": false}, "stato": {"lemma": "stato", "pos": "S", "is_stop": true, "is_named": false}}}}, "obj": {"type": "Event", "pt": {"text": "disse", "linguisticInfo": {"disse": {"lemma": "dizer", "pos": "VERB", "is_stop": false, "is_named": false}}}, "it": {"text": "dichiarato", "linguisticInfo": {"dichiarato": {"lemma": "dichiarare", "pos": "V", "is_stop": false, "is_named": false}}}}}, {"id": "R44", "subj": {"type": "Time", "pt": {"text": "na data prevista", "linguisticInfo": {"na": {"lemma": "o", "pos": "ADP", "is_stop": true, "is_named": false}, "data": {"lemma": "datar", "pos": "NOUN", "is_stop": false, "is_named": false}, "prevista": {"lemma": "previsto", "pos": "VERB", "is_stop": false, "is_named": false}}}, "it": {"text": "date previste", "linguisticInfo": {"date": {"lemma": "dare", "pos": "V", "is_stop": false, "is_named": false}, "previste": {"lemma": "previsto", "pos": "V", "is_stop": false, "is_named": false}}}}, "obj": {"type": "Event", "pt": {"text": "a realiza\u00e7\u00e3o do acto eleitoral", "linguisticInfo": {"a": {"lemma": "o", "pos": "DET", "is_stop": true, "is_named": false}, "realiza\u00e7\u00e3o": {"lemma": "realiza\u00e7\u00e3o", "pos": "NOUN", "is_stop": false, "is_named": false}, "do": {"lemma": "do", "pos": "ADP", "is_stop": true, "is_named": false}, "acto": {"lemma": "acto", "pos": "NOUN", "is_stop": false, "is_named": false}, "eleitoral": {"lemma": "eleitoral", "pos": "ADJ", "is_stop": false, "is_named": false}}}, "it": {"text": "la cancellazione avverr\u00e0", "linguisticInfo": {"la": {"lemma": "il", "pos": "RD", "is_stop": true, "is_named": false}, "cancellazione": {"lemma": "cancellazione", "pos": "S", "is_stop": false, "is_named": false}, "avverr\u00e0": {"lemma": "avvenire", "pos": "V", "is_stop": false, "is_named": false}}}}}, {"id": "R45", "subj": {"type": "Non-human_Patient", "pt": {"text": "o que", "linguisticInfo": {"o": {"lemma": "o", "pos": "PRON", "is_stop": true, "is_named": false}, "que": {"lemma": "que", "pos": "PRON", "is_stop": true, "is_named": false}}}, "it": {"text": "che", "linguisticInfo": {"che": {"lemma": "che", "pos": "CS", "is_stop": true, "is_named": false}}}}, "obj": {"type": "Event", "pt": {"text": "s\u00f3 poderia ser inviabilizado", "linguisticInfo": {"s\u00f3": {"lemma": "s\u00f3", "pos": "ADV", "is_stop": true, "is_named": false}, "poderia": {"lemma": "poder", "pos": "VERB", "is_stop": false, "is_named": false}, "ser": {"lemma": "ser", "pos": "AUX", "is_stop": true, "is_named": false}, "inviabilizado": {"lemma": "inviabilizar", "pos": "VERB", "is_stop": false, "is_named": false}}}, "it": {"text": "avverr\u00e0 solo in coinvolga diverse citt\u00e0", "linguisticInfo": {"avverr\u00e0": {"lemma": "avvenire", "pos": "V", "is_stop": false, "is_named": false}, "solo": {"lemma": "solo", "pos": "B", "is_stop": true, "is_named": false}, "in": {"lemma": "in", "pos": "E", "is_stop": true, "is_named": false}, "coinvolga": {"lemma": "coinvolga", "pos": "S", "is_stop": false, "is_named": false}, "diverse": {"lemma": "diverse", "pos": "DI", "is_stop": false, "is_named": false}, "citt\u00e0": {"lemma": "citt\u00e0", "pos": "S", "is_stop": true, "is_named": false}}}}}]}, "sentences_7": {"itText": "NULL marcos , 68 anni , ha ignorato le notizie che lo definiscono gravemente malato .", "ptText": "marcos , de 68 anos , ignorou as not\u00edcias que o dizem gravemente doente . \n", "relations": [{"id": "R48", "subj": {"type": "Non-human_Patient", "pt": {"text": "as not\u00edcias que o dizem gravemente doente", "linguisticInfo": {"as": {"lemma": "o", "pos": "DET", "is_stop": true, "is_named": false}, "not\u00edcias": {"lemma": "not\u00edcia", "pos": "NOUN", "is_stop": false, "is_named": false}, "que": {"lemma": "que", "pos": "PRON", "is_stop": true, "is_named": false}, "o": {"lemma": "o", "pos": "PRON", "is_stop": true, "is_named": false}, "dizem": {"lemma": "dizer", "pos": "VERB", "is_stop": true, "is_named": false}, "gravemente": {"lemma": "gravemente", "pos": "ADV", "is_stop": false, "is_named": false}, "doente": {"lemma": "doente", "pos": "ADJ", "is_stop": false, "is_named": false}}}, "it": {"text": "le notizie che lo definiscono gravemente malato", "linguisticInfo": {"le": {"lemma": "il", "pos": "RD", "is_stop": true, "is_named": false}, "notizie": {"lemma": "notizia", "pos": "S", "is_stop": false, "is_named": false}, "che": {"lemma": "che", "pos": "PR", "is_stop": true, "is_named": false}, "lo": {"lemma": "lo", "pos": "PC", "is_stop": true, "is_named": false}, "definiscono": {"lemma": "definire", "pos": "VA", "is_stop": false, "is_named": false}, "gravemente": {"lemma": "gravemente", "pos": "B", "is_stop": false, "is_named": false}, "malato": {"lemma": "malato", "pos": "V", "is_stop": false, "is_named": false}}}}, "obj": {"type": "Event", "pt": {"text": "ignorou", "linguisticInfo": {"ignorou": {"lemma": "ignorar", "pos": "VERB", "is_stop": false, "is_named": false}}}, "it": {"text": "ignorato", "linguisticInfo": {"ignorato": {"lemma": "ignorare", "pos": "V", "is_stop": false, "is_named": false}}}}}, {"id": "R49", "subj": {"type": "Human_Agent", "pt": {"text": "Marcos , de 68 anos", "linguisticInfo": {"Marcos": {"lemma": "Marcos", "pos": "PROPN", "is_stop": false, "is_named": true}, ",": {"lemma": ",", "pos": "PUNCT", "is_stop": false, "is_named": false}, "de": {"lemma": "de", "pos": "ADP", "is_stop": true, "is_named": false}, "68": {"lemma": "68", "pos": "NUM", "is_stop": false, "is_named": false}, "anos": {"lemma": "ano", "pos": "NOUN", "is_stop": false, "is_named": false}}}, "it": {"text": "marcos , 68 anni", "linguisticInfo": {"marcos": {"lemma": "marcos", "pos": "A", "is_stop": false, "is_named": false}, ",": {"lemma": ",", "pos": "FF", "is_stop": false, "is_named": false}, "68": {"lemma": "68", "pos": "N", "is_stop": false, "is_named": false}, "anni": {"lemma": "anno", "pos": "S", "is_stop": true, "is_named": false}}}}, "obj": {"type": "Event", "pt": {"text": "ignorou", "linguisticInfo": {"ignorou": {"lemma": "ignorar", "pos": "VERB", "is_stop": false, "is_named": false}}}, "it": {"text": "ignorato", "linguisticInfo": {"ignorato": {"lemma": "ignorare", "pos": "V", "is_stop": false, "is_named": false}}}}}, {"id": "R70", "subj": {"type": "Human_Agent", "pt": {"text": "que", "linguisticInfo": {"que": {"lemma": "que", "pos": "SCONJ", "is_stop": true, "is_named": false}}}, "it": {"text": "che", "linguisticInfo": {"che": {"lemma": "che", "pos": "CS", "is_stop": true, "is_named": false}}}}, "obj": {"type": "Event", "pt": {"text": "dizem", "linguisticInfo": {"dizem": {"lemma": "dizer", "pos": "VERB", "is_stop": true, "is_named": false}}}, "it": {"text": "definiscono", "linguisticInfo": {"definiscono": {"lemma": "definire", "pos": "V", "is_stop": false, "is_named": false}}}}}, {"id": "R71", "subj": {"type": "Human_Patient", "pt": {"text": "o", "linguisticInfo": {"o": {"lemma": "o", "pos": "DET", "is_stop": true, "is_named": false}}}, "it": {"text": "lo", "linguisticInfo": {"lo": {"lemma": "il", "pos": "RD", "is_stop": true, "is_named": false}}}}, "obj": {"type": "Event", "pt": {"text": "dizem", "linguisticInfo": {"dizem": {"lemma": "dizer", "pos": "VERB", "is_stop": true, "is_named": false}}}, "it": {"text": "definiscono", "linguisticInfo": {"definiscono": {"lemma": "definire", "pos": "V", "is_stop": false, "is_named": false}}}}}, {"id": "R72", "subj": {"type": "Non-human_Oth_participant", "pt": {"text": "gravemente doente", "linguisticInfo": {"gravemente": {"lemma": "gravemente", "pos": "ADV", "is_stop": false, "is_named": false}, "doente": {"lemma": "doente", "pos": "ADJ", "is_stop": false, "is_named": false}}}, "it": {"text": "gravemente malato", "linguisticInfo": {"gravemente": {"lemma": "gravemente", "pos": "B", "is_stop": false, "is_named": false}, "malato": {"lemma": "malato", "pos": "V", "is_stop": false, "is_named": false}}}}, "obj": {"type": "Event", "pt": {"text": "dizem", "linguisticInfo": {"dizem": {"lemma": "dizer", "pos": "VERB", "is_stop": true, "is_named": false}}}, "it": {"text": "definiscono", "linguisticInfo": {"definiscono": {"lemma": "definire", "pos": "V", "is_stop": false, "is_named": false}}}}}]}, "sentences_8": {"itText": "NULL da parte sua , corazon aquino ha affermato che , in caso di vittoria , assumer\u00e0 pieno controllo delle forze militari e guider\u00e0 manifestazioni per le strade , in caso di sconfitta per brogli elettorali , invece , dice : \u00ab rabbia e frustrazione potranno portare ad atti di violenza . \u00bb", "ptText": "por seu lado , corazon aquino afirmou que os militares lhe obedecer\u00e3o se ganhar e prometeu que lideraria manifesta\u00e7\u00f5es de rua , caso seja derrotada com fraudes eleitorais , comentando : \u00ab pessoas frustradas e irritadas poder\u00e3o levar a cenas de viol\u00eancia . \u00bb \n", "relations": [{"id": "R50", "subj": {"type": "Non-human_Oth_participant", "pt": {"text": "que os militares lhe obedecer\u00e3o se ganhar", "linguisticInfo": {"que": {"lemma": "que", "pos": "SCONJ", "is_stop": true, "is_named": false}, "os": {"lemma": "o", "pos": "DET", "is_stop": true, "is_named": false}, "militares": {"lemma": "militar", "pos": "NOUN", "is_stop": false, "is_named": false}, "lhe": {"lemma": "lhe", "pos": "PRON", "is_stop": true, "is_named": false}, "obedecer\u00e3o": {"lemma": "obedecer", "pos": "AUX", "is_stop": false, "is_named": false}, "se": {"lemma": "se", "pos": "SCONJ", "is_stop": true, "is_named": false}, "ganhar": {"lemma": "ganhar", "pos": "VERB", "is_stop": false, "is_named": false}}}, "it": {"text": "che , in", "linguisticInfo": {"che": {"lemma": "che", "pos": "CS", "is_stop": true, "is_named": false}, ",": {"lemma": ",", "pos": "FF", "is_stop": false, "is_named": false}, "in": {"lemma": "in", "pos": "E", "is_stop": true, "is_named": false}}}}, "obj": {"type": "Event", "pt": {"text": "afirmou", "linguisticInfo": {"afirmou": {"lemma": "afirmar", "pos": "VERB", "is_stop": false, "is_named": false}}}, "it": {"text": "affermato", "linguisticInfo": {"affermato": {"lemma": "affermare", "pos": "V", "is_stop": false, "is_named": false}}}}}, {"id": "R51", "subj": {"type": "Human_Agent", "pt": {"text": "Corazon Aquino", "linguisticInfo": {"Corazon": {"lemma": "Corazon", "pos": "PROPN", "is_stop": false, "is_named": true}, "Aquino": {"lemma": "Aquino", "pos": "PROPN", "is_stop": false, "is_named": true}}}, "it": {"text": "corazon aquino", "linguisticInfo": {"corazon": {"lemma": "corazon", "pos": "SP", "is_stop": false, "is_named": false}, "aquino": {"lemma": "aquino", "pos": "SP", "is_stop": false, "is_named": false}}}}, "obj": {"type": "Event", "pt": {"text": "afirmou", "linguisticInfo": {"afirmou": {"lemma": "afirmar", "pos": "VERB", "is_stop": false, "is_named": false}}}, "it": {"text": "affermato", "linguisticInfo": {"affermato": {"lemma": "affermare", "pos": "V", "is_stop": false, "is_named": false}}}}}, {"id": "R52", "subj": {"type": "Human_Agent", "pt": {"text": "os militares", "linguisticInfo": {"os": {"lemma": "o", "pos": "DET", "is_stop": true, "is_named": false}, "militares": {"lemma": "militar", "pos": "NOUN", "is_stop": false, "is_named": false}}}, "it": {"text": "militari", "linguisticInfo": {"militari": {"lemma": "militare", "pos": "A", "is_stop": false, "is_named": false}}}}, "obj": {"type": "Event", "pt": {"text": "obedecer\u00e3o", "linguisticInfo": {"obedecer\u00e3o": {"lemma": "obedecer", "pos": "VERB", "is_stop": false, "is_named": false}}}, "it": {"text": ":", "linguisticInfo": {":": {"lemma": ":", "pos": "FC", "is_stop": false, "is_named": false}}}}}, {"id": "R53", "subj": {"type": "Human_Patient", "pt": {"text": "lhe", "linguisticInfo": {"lhe": {"lemma": "lhe", "pos": "PRON", "is_stop": true, "is_named": false}}}, "it": {"text": ":", "linguisticInfo": {":": {"lemma": ":", "pos": "FC", "is_stop": false, "is_named": false}}}}, "obj": {"type": "Event", "pt": {"text": "obedecer\u00e3o", "linguisticInfo": {"obedecer\u00e3o": {"lemma": "obedecer", "pos": "VERB", "is_stop": false, "is_named": false}}}, "it": {"text": ":", "linguisticInfo": {":": {"lemma": ":", "pos": "FC", "is_stop": false, "is_named": false}}}}}, {"id": "R54", "subj": {"type": "Human_Agent", "pt": {"text": "Corazon Aquino", "linguisticInfo": {"Corazon": {"lemma": "Corazon", "pos": "PROPN", "is_stop": false, "is_named": true}, "Aquino": {"lemma": "Aquino", "pos": "PROPN", "is_stop": false, "is_named": true}}}, "it": {"text": "corazon aquino", "linguisticInfo": {"corazon": {"lemma": "corazon", "pos": "SP", "is_stop": false, "is_named": false}, "aquino": {"lemma": "aquino", "pos": "SP", "is_stop": false, "is_named": false}}}}, "obj": {"type": "Event", "pt": {"text": "prometeu", "linguisticInfo": {"prometeu": {"lemma": "prometer", "pos": "VERB", "is_stop": false, "is_named": false}}}, "it": {"text": "guider\u00e0", "linguisticInfo": {"guider\u00e0": {"lemma": "guidare", "pos": "V", "is_stop": false, "is_named": false}}}}}, {"id": "R55", "subj": {"type": "Non-human_Patient", "pt": {"text": "que lideraria manifesta\u00e7\u00f5es de rua , caso seja derrotada com fraudes eleitorais", "linguisticInfo": {"que": {"lemma": "que", "pos": "SCONJ", "is_stop": true, "is_named": false}, "lideraria": {"lemma": "liderar", "pos": "VERB", "is_stop": false, "is_named": false}, "manifesta\u00e7\u00f5es": {"lemma": "manifesta\u00e7\u00e3o", "pos": "NOUN", "is_stop": false, "is_named": false}, "de": {"lemma": "de", "pos": "ADP", "is_stop": true, "is_named": false}, "rua": {"lemma": "ruir", "pos": "NOUN", "is_stop": false, "is_named": false}, ",": {"lemma": ",", "pos": "PUNCT", "is_stop": false, "is_named": false}, "caso": {"lemma": "casar", "pos": "SCONJ", "is_stop": false, "is_named": false}, "seja": {"lemma": "ser", "pos": "AUX", "is_stop": false, "is_named": false}, "derrotada": {"lemma": "derrotar", "pos": "VERB", "is_stop": false, "is_named": false}, "com": {"lemma": "com", "pos": "ADP", "is_stop": true, "is_named": false}, "fraudes": {"lemma": "fraude", "pos": "NOUN", "is_stop": false, "is_named": false}, "eleitorais": {"lemma": "eleitoral", "pos": "ADJ", "is_stop": false, "is_named": false}}}, "it": {"text": "da parte guider\u00e0 manifestazioni per le", "linguisticInfo": {"da": {"lemma": "da", "pos": "E", "is_stop": true, "is_named": false}, "parte": {"lemma": "parte", "pos": "S", "is_stop": true, "is_named": false}, "guider\u00e0": {"lemma": "guidare", "pos": "V", "is_stop": false, "is_named": false}, "manifestazioni": {"lemma": "manifestazione", "pos": "S", "is_stop": false, "is_named": false}, "per": {"lemma": "per", "pos": "E", "is_stop": true, "is_named": false}, "le": {"lemma": "il", "pos": "RD", "is_stop": true, "is_named": false}}}}, "obj": {"type": "Event", "pt": {"text": "prometeu", "linguisticInfo": {"prometeu": {"lemma": "prometer", "pos": "VERB", "is_stop": false, "is_named": false}}}, "it": {"text": "guider\u00e0", "linguisticInfo": {"guider\u00e0": {"lemma": "guidare", "pos": "V", "is_stop": false, "is_named": false}}}}}, {"id": "R56", "subj": {"type": "Non-human_Oth_participant", "pt": {"text": "com fraudes eleitorais", "linguisticInfo": {"com": {"lemma": "com", "pos": "ADP", "is_stop": true, "is_named": false}, "fraudes": {"lemma": "fraude", "pos": "NOUN", "is_stop": false, "is_named": false}, "eleitorais": {"lemma": "eleitoral", "pos": "ADJ", "is_stop": false, "is_named": false}}}, "it": {"text": "brogli elettorali", "linguisticInfo": {"brogli": {"lemma": "broglio", "pos": "S", "is_stop": false, "is_named": false}, "elettorali": {"lemma": "elettorale", "pos": "A", "is_stop": false, "is_named": false}}}}, "obj": {"type": "Event", "pt": {"text": "seja derrotada", "linguisticInfo": {"seja": {"lemma": "ser", "pos": "AUX", "is_stop": false, "is_named": false}, "derrotada": {"lemma": "derrotar", "pos": "VERB", "is_stop": false, "is_named": false}}}, "it": {"text": "caso sconfitta", "linguisticInfo": {"caso": {"lemma": "caso", "pos": "S", "is_stop": true, "is_named": false}, "sconfitta": {"lemma": "sconfitta", "pos": "S", "is_stop": false, "is_named": false}}}}}, {"id": "R57", "subj": {"type": "Non-human_Oth_participant", "pt": {"text": "Pessoas frustradas e irritadas poder\u00e3o levar a cenas de viol\u00eancia", "linguisticInfo": {"Pessoas": {"lemma": "Pessoas", "pos": "NOUN", "is_stop": false, "is_named": true}, "frustradas": {"lemma": "frustrar", "pos": "VERB", "is_stop": false, "is_named": false}, "e": {"lemma": "e", "pos": "CCONJ", "is_stop": true, "is_named": false}, "irritadas": {"lemma": "irritar", "pos": "NOUN", "is_stop": false, "is_named": false}, "poder\u00e3o": {"lemma": "poder", "pos": "VERB", "is_stop": false, "is_named": false}, "levar": {"lemma": "levar", "pos": "VERB", "is_stop": false, "is_named": false}, "a": {"lemma": "o", "pos": "ADP", "is_stop": true, "is_named": false}, "cenas": {"lemma": "cena", "pos": "NOUN", "is_stop": false, "is_named": false}, "de": {"lemma": "de", "pos": "ADP", "is_stop": true, "is_named": false}, "viol\u00eancia": {"lemma": "viol\u00eancia", "pos": "NOUN", "is_stop": false, "is_named": false}}}, "it": {"text": "rabbia e frustrazione", "linguisticInfo": {"rabbia": {"lemma": "rabbia", "pos": "S", "is_stop": false, "is_named": false}, "e": {"lemma": "e", "pos": "CC", "is_stop": false, "is_named": false}, "frustrazione": {"lemma": "frustrazione", "pos": "S", "is_stop": false, "is_named": false}}}}, "obj": {"type": "Event", "pt": {"text": "comentando", "linguisticInfo": {"comentando": {"lemma": "comentar", "pos": "VERB", "is_stop": false, "is_named": false}}}, "it": {"text": ":", "linguisticInfo": {":": {"lemma": ":", "pos": "FC", "is_stop": false, "is_named": false}}}}}, {"id": "R58", "subj": {"type": "Non-human_Patient", "pt": {"text": "a cenas de viol\u00eancia", "linguisticInfo": {"a": {"lemma": "o", "pos": "ADP", "is_stop": true, "is_named": false}, "cenas": {"lemma": "cena", "pos": "NOUN", "is_stop": false, "is_named": false}, "de": {"lemma": "de", "pos": "ADP", "is_stop": true, "is_named": false}, "viol\u00eancia": {"lemma": "viol\u00eancia", "pos": "NOUN", "is_stop": false, "is_named": false}}}, "it": {"text": "atti di violenza", "linguisticInfo": {"atti": {"lemma": "atto", "pos": "S", "is_stop": false, "is_named": false}, "di": {"lemma": "di", "pos": "E", "is_stop": true, "is_named": false}, "violenza": {"lemma": "violenza", "pos": "S", "is_stop": false, "is_named": false}}}}, "obj": {"type": "Event", "pt": {"text": "poder\u00e3o levar", "linguisticInfo": {"poder\u00e3o": {"lemma": "poder", "pos": "VERB", "is_stop": false, "is_named": false}, "levar": {"lemma": "levar", "pos": "VERB", "is_stop": false, "is_named": false}}}, "it": {"text": "potranno portare", "linguisticInfo": {"potranno": {"lemma": "potere", "pos": "VM", "is_stop": false, "is_named": false}, "portare": {"lemma": "portare", "pos": "V", "is_stop": false, "is_named": false}}}}}, {"id": "R59", "subj": {"type": "Human_Agent", "pt": {"text": "Pessoas frustradas e irritadas", "linguisticInfo": {"Pessoas": {"lemma": "Pessoas", "pos": "NOUN", "is_stop": false, "is_named": true}, "frustradas": {"lemma": "frustrar", "pos": "VERB", "is_stop": false, "is_named": false}, "e": {"lemma": "e", "pos": "CCONJ", "is_stop": true, "is_named": false}, "irritadas": {"lemma": "irritar", "pos": "ADJ", "is_stop": false, "is_named": false}}}, "it": {"text": "rabbia e frustrazione", "linguisticInfo": {"rabbia": {"lemma": "rabbia", "pos": "S", "is_stop": false, "is_named": false}, "e": {"lemma": "e", "pos": "CC", "is_stop": false, "is_named": false}, "frustrazione": {"lemma": "frustrazione", "pos": "S", "is_stop": false, "is_named": false}}}}, "obj": {"type": "Event", "pt": {"text": "poder\u00e3o levar", "linguisticInfo": {"poder\u00e3o": {"lemma": "poder", "pos": "VERB", "is_stop": false, "is_named": false}, "levar": {"lemma": "levar", "pos": "VERB", "is_stop": false, "is_named": false}}}, "it": {"text": "potranno portare", "linguisticInfo": {"potranno": {"lemma": "potere", "pos": "VM", "is_stop": false, "is_named": false}, "portare": {"lemma": "portare", "pos": "V", "is_stop": false, "is_named": false}}}}}]}, "sentences_9": {"itText": "NULL il presidente , nella conferenza stampa , ha poi ammesso che \u00ab sebbene esistano situazioni in cui \u00e8 impossibile evitare scene di violenza \u00bb , ha promesso che le votazioni avverranno in modo \u00ab trasparente , onesto e libero \u00bb .", "ptText": "o presidente , na confer\u00eancia de imprensa , considerou que \u00ab pode haver alguns c\u00edrculos onde n\u00e3o podemos evitar cenas de viol\u00eancia \u00bb , mas prometeu que o acto eleitoral ser\u00e1 \u00ab claro , honesto e livre \u00bb . \n", "relations": [{"id": "R61", "subj": {"type": "Time", "pt": {"text": "na confer\u00eancia de Imprensa", "linguisticInfo": {"na": {"lemma": "o", "pos": "ADP", "is_stop": true, "is_named": false}, "confer\u00eancia": {"lemma": "confer\u00eancia", "pos": "NOUN", "is_stop": false, "is_named": false}, "de": {"lemma": "de", "pos": "ADP", "is_stop": true, "is_named": false}, "Imprensa": {"lemma": "Imprensa", "pos": "NOUN", "is_stop": false, "is_named": true}}}, "it": {"text": "nella conferenza stampa ,", "linguisticInfo": {"nella": {"lemma": "nella", "pos": "E_RD", "is_stop": true, "is_named": false}, "conferenza": {"lemma": "conferenza", "pos": "S", "is_stop": false, "is_named": false}, "stampa": {"lemma": "stampa", "pos": "S", "is_stop": false, "is_named": false}, ",": {"lemma": ",", "pos": "FF", "is_stop": false, "is_named": false}}}}, "obj": {"type": "Event", "pt": {"text": "considerou", "linguisticInfo": {"considerou": {"lemma": "considerar", "pos": "VERB", "is_stop": false, "is_named": false}}}, "it": {"text": "ammesso", "linguisticInfo": {"ammesso": {"lemma": "ammettere", "pos": "V", "is_stop": false, "is_named": false}}}}}, {"id": "R62", "subj": {"type": "Human_Agent", "pt": {"text": "O Presidente", "linguisticInfo": {"O": {"lemma": "O", "pos": "DET", "is_stop": true, "is_named": true}, "Presidente": {"lemma": "Presidente", "pos": "NOUN", "is_stop": false, "is_named": true}}}, "it": {"text": "il presidente", "linguisticInfo": {"il": {"lemma": "il", "pos": "RD", "is_stop": true, "is_named": false}, "presidente": {"lemma": "presidente", "pos": "S", "is_stop": false, "is_named": false}}}}, "obj": {"type": "Event", "pt": {"text": "considerou", "linguisticInfo": {"considerou": {"lemma": "considerar", "pos": "VERB", "is_stop": false, "is_named": false}}}, "it": {"text": "ammesso", "linguisticInfo": {"ammesso": {"lemma": "ammettere", "pos": "V", "is_stop": false, "is_named": false}}}}}, {"id": "R63", "subj": {"type": "Non-human_Patient", "pt": {"text": "cenas de viol\u00eancia", "linguisticInfo": {"cenas": {"lemma": "cena", "pos": "NOUN", "is_stop": false, "is_named": false}, "de": {"lemma": "de", "pos": "ADP", "is_stop": true, "is_named": false}, "viol\u00eancia": {"lemma": "viol\u00eancia", "pos": "NOUN", "is_stop": false, "is_named": false}}}, "it": {"text": "scene di violenza", "linguisticInfo": {"scene": {"lemma": "scena", "pos": "S", "is_stop": false, "is_named": false}, "di": {"lemma": "di", "pos": "E", "is_stop": true, "is_named": false}, "violenza": {"lemma": "violenza", "pos": "S", "is_stop": false, "is_named": false}}}}, "obj": {"type": "Event", "pt": {"text": "n\u00e3o podemos evitar", "linguisticInfo": {"n\u00e3o": {"lemma": "n\u00e3o", "pos": "ADV", "is_stop": true, "is_named": false}, "podemos": {"lemma": "poder", "pos": "VERB", "is_stop": false, "is_named": false}, "evitar": {"lemma": "evitar", "pos": "VERB", "is_stop": false, "is_named": false}}}, "it": {"text": "impossibile evitare scene", "linguisticInfo": {"impossibile": {"lemma": "impossibile", "pos": "A", "is_stop": false, "is_named": false}, "evitare": {"lemma": "evitare", "pos": "V", "is_stop": false, "is_named": false}, "scene": {"lemma": "scena", "pos": "S", "is_stop": false, "is_named": false}}}}}, {"id": "R64", "subj": {"type": "Oth_location", "pt": {"text": "onde", "linguisticInfo": {"onde": {"lemma": "onde", "pos": "PRON", "is_stop": true, "is_named": false}}}, "it": {"text": "cui", "linguisticInfo": {"cui": {"lemma": "cui", "pos": "PR", "is_stop": true, "is_named": false}}}}, "obj": {"type": "Event", "pt": {"text": "n\u00e3o podemos evitar", "linguisticInfo": {"n\u00e3o": {"lemma": "n\u00e3o", "pos": "ADV", "is_stop": true, "is_named": false}, "podemos": {"lemma": "poder", "pos": "VERB", "is_stop": false, "is_named": false}, "evitar": {"lemma": "evitar", "pos": "VERB", "is_stop": false, "is_named": false}}}, "it": {"text": "impossibile evitare scene", "linguisticInfo": {"impossibile": {"lemma": "impossibile", "pos": "A", "is_stop": false, "is_named": false}, "evitare": {"lemma": "evitare", "pos": "V", "is_stop": false, "is_named": false}, "scene": {"lemma": "scena", "pos": "S", "is_stop": false, "is_named": false}}}}}, {"id": "R66", "subj": {"type": "Human_Agent", "pt": {"text": "O Presidente", "linguisticInfo": {"O": {"lemma": "O", "pos": "DET", "is_stop": true, "is_named": true}, "Presidente": {"lemma": "Presidente", "pos": "NOUN", "is_stop": false, "is_named": true}}}, "it": {"text": "il presidente", "linguisticInfo": {"il": {"lemma": "il", "pos": "RD", "is_stop": true, "is_named": false}, "presidente": {"lemma": "presidente", "pos": "S", "is_stop": false, "is_named": false}}}}, "obj": {"type": "Event", "pt": {"text": "prometeu", "linguisticInfo": {"prometeu": {"lemma": "prometer", "pos": "VERB", "is_stop": false, "is_named": false}}}, "it": {"text": "promesso", "linguisticInfo": {"promesso": {"lemma": "promettere", "pos": "V", "is_stop": false, "is_named": false}}}}}, {"id": "R67", "subj": {"type": "Time", "pt": {"text": "na confer\u00eancia de Imprensa", "linguisticInfo": {"na": {"lemma": "o", "pos": "ADP", "is_stop": true, "is_named": false}, "confer\u00eancia": {"lemma": "confer\u00eancia", "pos": "NOUN", "is_stop": false, "is_named": false}, "de": {"lemma": "de", "pos": "ADP", "is_stop": true, "is_named": false}, "Imprensa": {"lemma": "Imprensa", "pos": "NOUN", "is_stop": false, "is_named": true}}}, "it": {"text": "nella conferenza stampa ,", "linguisticInfo": {"nella": {"lemma": "nella", "pos": "E_RD", "is_stop": true, "is_named": false}, "conferenza": {"lemma": "conferenza", "pos": "S", "is_stop": false, "is_named": false}, "stampa": {"lemma": "stampa", "pos": "S", "is_stop": false, "is_named": false}, ",": {"lemma": ",", "pos": "FF", "is_stop": false, "is_named": false}}}}, "obj": {"type": "Event", "pt": {"text": "prometeu", "linguisticInfo": {"prometeu": {"lemma": "prometer", "pos": "VERB", "is_stop": false, "is_named": false}}}, "it": {"text": "promesso", "linguisticInfo": {"promesso": {"lemma": "promettere", "pos": "V", "is_stop": false, "is_named": false}}}}}]}}