{"sentences_0": {"itText": "NULL sempre secondo le informazioni fornite dagli enti della borsa di porto , gli investitori segnalano un crescente interesse per i titoli a reddito fisso grazie ai loro investimenti nel settore obbligazionario , contribuendo cos\u00ec a portare questo segmento del mercato dei capitali di porto sulla soglia di valori che si avvicinino ai 750 miliardi di scudi durante il mese in questione .", "ptText": "ainda de acordo com informa\u00e7\u00f5es prestadas por entidades da bolsa de valores do porto , os investidores denunciam crescente interesse por pap\u00e9is de rendimento fixo , com as suas aplica\u00e7\u00f5es no sector obrigacionista , contribuindo para que este segmento do mercado de capitais portuense tenha atingido um valor pr\u00f3ximo de 750 mil contos no m\u00eas em considera\u00e7\u00e3o . \n", "relations": [{"id": "R1", "subj": {"type": "Human_Agent", "pt": {"text": "por entidades da Bolsa de Valores do Porto", "linguisticInfo": {"por": {"lemma": "por", "pos": "ADP", "is_stop": true, "is_named": false}, "entidades": {"lemma": "entidade", "pos": "NOUN", "is_stop": false, "is_named": false}, "da": {"lemma": "da", "pos": "ADP", "is_stop": true, "is_named": false}, "Bolsa": {"lemma": "Bolsa", "pos": "PROPN", "is_stop": false, "is_named": true}, "de": {"lemma": "de", "pos": "ADP", "is_stop": true, "is_named": false}, "Valores": {"lemma": "Valores", "pos": "PROPN", "is_stop": false, "is_named": true}, "do": {"lemma": "do", "pos": "ADP", "is_stop": true, "is_named": false}, "Porto": {"lemma": "Porto", "pos": "PROPN", "is_stop": false, "is_named": true}}}, "it": {"text": "sempre secondo enti della borsa di porto , valori che si", "linguisticInfo": {"sempre": {"lemma": "sempre", "pos": "B", "is_stop": true, "is_named": false}, "secondo": {"lemma": "secondo", "pos": "E", "is_stop": true, "is_named": false}, "enti": {"lemma": "ente", "pos": "S", "is_stop": false, "is_named": false}, "della": {"lemma": "della", "pos": "E_RD", "is_stop": true, "is_named": false}, "borsa": {"lemma": "borsa", "pos": "S", "is_stop": false, "is_named": false}, "di": {"lemma": "di", "pos": "E", "is_stop": true, "is_named": false}, "porto": {"lemma": "porto", "pos": "S", "is_stop": false, "is_named": false}, ",": {"lemma": ",", "pos": "FF", "is_stop": false, "is_named": false}, "valori": {"lemma": "valore", "pos": "S", "is_stop": false, "is_named": false}, "che": {"lemma": "che", "pos": "PR", "is_stop": true, "is_named": false}, "si": {"lemma": "si", "pos": "PC", "is_stop": true, "is_named": false}}}}, "obj": {"type": "Event", "pt": {"text": "prestadas", "linguisticInfo": {"prestadas": {"lemma": "prestar", "pos": "VERB", "is_stop": false, "is_named": false}}}, "it": {"text": "fornite", "linguisticInfo": {"fornite": {"lemma": "fornite", "pos": "S", "is_stop": false, "is_named": false}}}}}, {"id": "R2", "subj": {"type": "Non-human_Patient", "pt": {"text": "informa\u00e7\u00f5es", "linguisticInfo": {"informa\u00e7\u00f5es": {"lemma": "informa\u00e7\u00e3o", "pos": "NOUN", "is_stop": false, "is_named": false}}}, "it": {"text": "informazioni", "linguisticInfo": {"informazioni": {"lemma": "informazione", "pos": "S", "is_stop": false, "is_named": false}}}}, "obj": {"type": "Event", "pt": {"text": "prestadas", "linguisticInfo": {"prestadas": {"lemma": "prestar", "pos": "VERB", "is_stop": false, "is_named": false}}}, "it": {"text": "fornite", "linguisticInfo": {"fornite": {"lemma": "fornite", "pos": "S", "is_stop": false, "is_named": false}}}}}, {"id": "R3", "subj": {"type": "Human_Agent", "pt": {"text": "os investidores", "linguisticInfo": {"os": {"lemma": "o", "pos": "DET", "is_stop": true, "is_named": false}, "investidores": {"lemma": "investidor", "pos": "NOUN", "is_stop": false, "is_named": false}}}, "it": {"text": "gli investitori", "linguisticInfo": {"gli": {"lemma": "il", "pos": "RD", "is_stop": true, "is_named": false}, "investitori": {"lemma": "investitore", "pos": "S", "is_stop": false, "is_named": false}}}}, "obj": {"type": "Event", "pt": {"text": "denunciam", "linguisticInfo": {"denunciam": {"lemma": "denunciar", "pos": "VERB", "is_stop": false, "is_named": false}}}, "it": {"text": "segnalano", "linguisticInfo": {"segnalano": {"lemma": "segnalare", "pos": "V", "is_stop": false, "is_named": false}}}}}, {"id": "R4", "subj": {"type": "Non-human_Patient", "pt": {"text": "crescente interesse por pap\u00e9is de rendimento fixo", "linguisticInfo": {"crescente": {"lemma": "crescente", "pos": "ADJ", "is_stop": false, "is_named": false}, "interesse": {"lemma": "interessar", "pos": "NOUN", "is_stop": false, "is_named": false}, "por": {"lemma": "por", "pos": "ADP", "is_stop": true, "is_named": false}, "pap\u00e9is": {"lemma": "papel", "pos": "NOUN", "is_stop": false, "is_named": false}, "de": {"lemma": "de", "pos": "ADP", "is_stop": true, "is_named": false}, "rendimento": {"lemma": "rendimento", "pos": "NOUN", "is_stop": false, "is_named": false}, "fixo": {"lemma": "fixar", "pos": "ADJ", "is_stop": false, "is_named": false}}}, "it": {"text": "crescente interesse per i titoli a reddito", "linguisticInfo": {"crescente": {"lemma": "crescente", "pos": "A", "is_stop": false, "is_named": false}, "interesse": {"lemma": "interesse", "pos": "S", "is_stop": false, "is_named": false}, "per": {"lemma": "per", "pos": "E", "is_stop": true, "is_named": false}, "i": {"lemma": "il", "pos": "RD", "is_stop": false, "is_named": false}, "titoli": {"lemma": "titolo", "pos": "S", "is_stop": false, "is_named": false}, "a": {"lemma": "a", "pos": "E", "is_stop": true, "is_named": false}, "reddito": {"lemma": "reddito", "pos": "S", "is_stop": false, "is_named": false}}}}, "obj": {"type": "Event", "pt": {"text": "denunciam", "linguisticInfo": {"denunciam": {"lemma": "denunciar", "pos": "VERB", "is_stop": false, "is_named": false}}}, "it": {"text": "segnalano", "linguisticInfo": {"segnalano": {"lemma": "segnalare", "pos": "V", "is_stop": false, "is_named": false}}}}}, {"id": "R5", "subj": {"type": "Oth_location", "pt": {"text": "no sector obrigacionista", "linguisticInfo": {"no": {"lemma": "o", "pos": "ADP", "is_stop": true, "is_named": false}, "sector": {"lemma": "sector", "pos": "NOUN", "is_stop": false, "is_named": false}, "obrigacionista": {"lemma": "obrigacionista", "pos": "ADJ", "is_stop": false, "is_named": false}}}, "it": {"text": "nel settore obbligazionario", "linguisticInfo": {"nel": {"lemma": "nel", "pos": "E_RD", "is_stop": true, "is_named": false}, "settore": {"lemma": "settore", "pos": "S", "is_stop": false, "is_named": false}, "obbligazionario": {"lemma": "obbligazionario", "pos": "A", "is_stop": false, "is_named": false}}}}, "obj": {"type": "Event", "pt": {"text": "as suas aplica\u00e7\u00f5es", "linguisticInfo": {"as": {"lemma": "o", "pos": "DET", "is_stop": true, "is_named": false}, "suas": {"lemma": "suar", "pos": "DET", "is_stop": true, "is_named": false}, "aplica\u00e7\u00f5es": {"lemma": "aplica\u00e7\u00e3o", "pos": "NOUN", "is_stop": false, "is_named": false}}}, "it": {"text": "le informazioni fornite 750 miliardi di", "linguisticInfo": {"le": {"lemma": "il", "pos": "RD", "is_stop": true, "is_named": false}, "informazioni": {"lemma": "informazione", "pos": "S", "is_stop": false, "is_named": false}, "fornite": {"lemma": "fornito", "pos": "A", "is_stop": false, "is_named": false}, "750": {"lemma": "750", "pos": "N", "is_stop": false, "is_named": false}, "miliardi": {"lemma": "miliardo", "pos": "S", "is_stop": true, "is_named": false}, "di": {"lemma": "di", "pos": "E", "is_stop": true, "is_named": false}}}}}, {"id": "R6", "subj": {"type": "Non-human_Agent", "pt": {"text": "este segmento do mercado de capitais portuense", "linguisticInfo": {"este": {"lemma": "este", "pos": "DET", "is_stop": true, "is_named": false}, "segmento": {"lemma": "segmentar", "pos": "NOUN", "is_stop": false, "is_named": false}, "do": {"lemma": "do", "pos": "ADP", "is_stop": true, "is_named": false}, "mercado": {"lemma": "mercar", "pos": "NOUN", "is_stop": false, "is_named": false}, "de": {"lemma": "de", "pos": "ADP", "is_stop": true, "is_named": false}, "capitais": {"lemma": "capitar", "pos": "NOUN", "is_stop": false, "is_named": false}, "portuense": {"lemma": "portuense", "pos": "ADJ", "is_stop": false, "is_named": false}}}, "it": {"text": "questo segmento del mercato dei capitali", "linguisticInfo": {"questo": {"lemma": "questo", "pos": "DD", "is_stop": true, "is_named": false}, "segmento": {"lemma": "segmento", "pos": "S", "is_stop": false, "is_named": false}, "del": {"lemma": "del", "pos": "E_RD", "is_stop": true, "is_named": false}, "mercato": {"lemma": "mercato", "pos": "S", "is_stop": false, "is_named": false}, "dei": {"lemma": "del", "pos": "E_RD", "is_stop": true, "is_named": false}, "capitali": {"lemma": "capitale", "pos": "S", "is_stop": false, "is_named": false}}}}, "obj": {"type": "Event", "pt": {"text": "tenha atingido", "linguisticInfo": {"tenha": {"lemma": "ter", "pos": "AUX", "is_stop": false, "is_named": false}, "atingido": {"lemma": "atingir", "pos": "VERB", "is_stop": false, "is_named": false}}}, "it": {"text": "750 miliardi di", "linguisticInfo": {"750": {"lemma": "750", "pos": "N", "is_stop": false, "is_named": false}, "miliardi": {"lemma": "miliardo", "pos": "S", "is_stop": true, "is_named": false}, "di": {"lemma": "di", "pos": "E", "is_stop": true, "is_named": false}}}}}, {"id": "R7", "subj": {"type": "Non-human_Patient", "pt": {"text": "um valor pr\u00f3ximo de 750 mil contos", "linguisticInfo": {"um": {"lemma": "um", "pos": "DET", "is_stop": true, "is_named": false}, "valor": {"lemma": "valor", "pos": "NOUN", "is_stop": true, "is_named": false}, "pr\u00f3ximo": {"lemma": "pr\u00f3ximo", "pos": "ADJ", "is_stop": true, "is_named": false}, "de": {"lemma": "de", "pos": "ADP", "is_stop": true, "is_named": false}, "750": {"lemma": "750", "pos": "NUM", "is_stop": false, "is_named": false}, "mil": {"lemma": "mil", "pos": "NUM", "is_stop": true, "is_named": false}, "contos": {"lemma": "conto", "pos": "NOUN", "is_stop": false, "is_named": false}}}, "it": {"text": "un crescente interesse soglia di valori avvicinino ai 750", "linguisticInfo": {"un": {"lemma": "uno", "pos": "RI", "is_stop": true, "is_named": false}, "crescente": {"lemma": "crescente", "pos": "A", "is_stop": false, "is_named": false}, "interesse": {"lemma": "interesse", "pos": "S", "is_stop": false, "is_named": false}, "soglia": {"lemma": "soglia", "pos": "S", "is_stop": false, "is_named": false}, "di": {"lemma": "di", "pos": "E", "is_stop": true, "is_named": false}, "valori": {"lemma": "valore", "pos": "S", "is_stop": false, "is_named": false}, "avvicinino": {"lemma": "avvicinino", "pos": "V", "is_stop": false, "is_named": false}, "ai": {"lemma": "al", "pos": "E_RD", "is_stop": true, "is_named": false}, "750": {"lemma": "750", "pos": "N", "is_stop": false, "is_named": false}}}}, "obj": {"type": "Event", "pt": {"text": "tenha atingido", "linguisticInfo": {"tenha": {"lemma": "ter", "pos": "AUX", "is_stop": false, "is_named": false}, "atingido": {"lemma": "atingir", "pos": "VERB", "is_stop": false, "is_named": false}}}, "it": {"text": "750 miliardi di", "linguisticInfo": {"750": {"lemma": "750", "pos": "N", "is_stop": false, "is_named": false}, "miliardi": {"lemma": "miliardo", "pos": "S", "is_stop": true, "is_named": false}, "di": {"lemma": "di", "pos": "E", "is_stop": true, "is_named": false}}}}}, {"id": "R8", "subj": {"type": "Time", "pt": {"text": "no m\u00eas em considera\u00e7\u00e3o", "linguisticInfo": {"no": {"lemma": "o", "pos": "ADP", "is_stop": true, "is_named": false}, "m\u00eas": {"lemma": "m\u00eas", "pos": "NOUN", "is_stop": true, "is_named": false}, "em": {"lemma": "em", "pos": "ADP", "is_stop": true, "is_named": false}, "considera\u00e7\u00e3o": {"lemma": "considera\u00e7\u00e3o", "pos": "NOUN", "is_stop": false, "is_named": false}}}, "it": {"text": "il mese in questione", "linguisticInfo": {"il": {"lemma": "il", "pos": "RD", "is_stop": true, "is_named": false}, "mese": {"lemma": "mese", "pos": "S", "is_stop": false, "is_named": false}, "in": {"lemma": "in", "pos": "E", "is_stop": true, "is_named": false}, "questione": {"lemma": "questione", "pos": "S", "is_stop": false, "is_named": false}}}}, "obj": {"type": "Event", "pt": {"text": "tenha atingido", "linguisticInfo": {"tenha": {"lemma": "ter", "pos": "AUX", "is_stop": false, "is_named": false}, "atingido": {"lemma": "atingir", "pos": "VERB", "is_stop": false, "is_named": false}}}, "it": {"text": "750 miliardi di", "linguisticInfo": {"750": {"lemma": "750", "pos": "N", "is_stop": false, "is_named": false}, "miliardi": {"lemma": "miliardo", "pos": "S", "is_stop": true, "is_named": false}, "di": {"lemma": "di", "pos": "E", "is_stop": true, "is_named": false}}}}}]}, "sentences_1": {"itText": "NULL a sua volta , l&apos; importo riferito sopra rappresenta una forte crescita paragonato allo stesso mese dello scorso anno ( con operazioni che non hanno superato i 122,5 miliardi di scudi ) , con un incremento di oltre 6,1 volte tanto .", "ptText": "por seu turno , o montante referido representa um forte crescimento relativamente a igual m\u00eas do ano passado ( com neg\u00f3cios que n\u00e3o ultrapassaram os 122 , 5 mil contos ) , significando um movimento superior em mais de 6 , 1 vezes . \n", "relations": [{"id": "R9", "subj": {"type": "Event", "pt": {"text": "referido", "linguisticInfo": {"referido": {"lemma": "referir", "pos": "VERB", "is_stop": false, "is_named": false}}}, "it": {"text": "sopra", "linguisticInfo": {"sopra": {"lemma": "sopra", "pos": "E", "is_stop": true, "is_named": false}}}}, "obj": {"type": "Non-human_Patient", "pt": {"text": "o montante", "linguisticInfo": {"o": {"lemma": "o", "pos": "DET", "is_stop": true, "is_named": false}, "montante": {"lemma": "montante", "pos": "NOUN", "is_stop": false, "is_named": false}}}, "it": {"text": "l&apos; importo", "linguisticInfo": {"l&apos": {"lemma": "l&apos", "pos": "B", "is_stop": false, "is_named": false}, ";": {"lemma": ";", "pos": "FC", "is_stop": false, "is_named": false}, "importo": {"lemma": "importo", "pos": "S", "is_stop": false, "is_named": false}}}}}, {"id": "R10", "subj": {"type": "Non-human_Agent", "pt": {"text": "que", "linguisticInfo": {"que": {"lemma": "que", "pos": "SCONJ", "is_stop": true, "is_named": false}}}, "it": {"text": "che", "linguisticInfo": {"che": {"lemma": "che", "pos": "CS", "is_stop": true, "is_named": false}}}}, "obj": {"type": "Event", "pt": {"text": "n\u00e3o ultrapassaram", "linguisticInfo": {"n\u00e3o": {"lemma": "n\u00e3o", "pos": "ADV", "is_stop": true, "is_named": false}, "ultrapassaram": {"lemma": "ultrapassar", "pos": "VERB", "is_stop": false, "is_named": false}}}, "it": {"text": "non superato", "linguisticInfo": {"non": {"lemma": "non", "pos": "BN", "is_stop": true, "is_named": false}, "superato": {"lemma": "superare", "pos": "V", "is_stop": false, "is_named": false}}}}}, {"id": "R11", "subj": {"type": "Non-human_Oth_participant", "pt": {"text": "os 122 , 5 mil contos", "linguisticInfo": {"os": {"lemma": "o", "pos": "DET", "is_stop": true, "is_named": false}, "122": {"lemma": "122", "pos": "NUM", "is_stop": false, "is_named": false}, ",": {"lemma": ",", "pos": "PUNCT", "is_stop": false, "is_named": false}, "5": {"lemma": "5", "pos": "NUM", "is_stop": false, "is_named": false}, "mil": {"lemma": "mil", "pos": "NUM", "is_stop": true, "is_named": false}, "contos": {"lemma": "conto", "pos": "NOUN", "is_stop": false, "is_named": false}}}, "it": {"text": "i 122,5 miliardi di", "linguisticInfo": {"i": {"lemma": "il", "pos": "RD", "is_stop": false, "is_named": false}, "122,5": {"lemma": "122,5", "pos": "N", "is_stop": false, "is_named": false}, "miliardi": {"lemma": "miliardo", "pos": "S", "is_stop": true, "is_named": false}, "di": {"lemma": "di", "pos": "E", "is_stop": true, "is_named": false}}}}, "obj": {"type": "Event", "pt": {"text": "n\u00e3o ultrapassaram", "linguisticInfo": {"n\u00e3o": {"lemma": "n\u00e3o", "pos": "ADV", "is_stop": true, "is_named": false}, "ultrapassaram": {"lemma": "ultrapassar", "pos": "VERB", "is_stop": false, "is_named": false}}}, "it": {"text": "non superato", "linguisticInfo": {"non": {"lemma": "non", "pos": "BN", "is_stop": true, "is_named": false}, "superato": {"lemma": "superare", "pos": "V", "is_stop": false, "is_named": false}}}}}]}, "sentences_2": {"itText": "NULL da parte sua , la costante pressione della domanda ha invece contribuito a far salire il livello delle quotazioni dei titoli obbligazionari fino a raggiungere valori di molto superiori a quelli nominali .", "ptText": "a persistente press\u00e3o da procura tem estado a contribuir , por outro lado , para que o n\u00edvel das cota\u00e7\u00f5es dos pap\u00e9is obrigacionistas tenha subido para valores muito mais elevados do que os nominais . \n", "relations": [{"id": "R12", "subj": {"type": "Non-human_Agent", "pt": {"text": "o n\u00edvel das cota\u00e7\u00f5es dos pap\u00e9is obrigacionistas", "linguisticInfo": {"o": {"lemma": "o", "pos": "DET", "is_stop": true, "is_named": false}, "n\u00edvel": {"lemma": "n\u00edvel", "pos": "NOUN", "is_stop": true, "is_named": false}, "das": {"lemma": "das", "pos": "ADP", "is_stop": true, "is_named": false}, "cota\u00e7\u00f5es": {"lemma": "cota\u00e7\u00e3o", "pos": "NOUN", "is_stop": false, "is_named": false}, "dos": {"lemma": "dos", "pos": "ADP", "is_stop": true, "is_named": false}, "pap\u00e9is": {"lemma": "papel", "pos": "NOUN", "is_stop": false, "is_named": false}, "obrigacionistas": {"lemma": "obrigacionista", "pos": "ADJ", "is_stop": false, "is_named": false}}}, "it": {"text": "il livello delle quotazioni dei obbligazionari raggiungere", "linguisticInfo": {"il": {"lemma": "il", "pos": "RD", "is_stop": true, "is_named": false}, "livello": {"lemma": "livello", "pos": "S", "is_stop": false, "is_named": false}, "delle": {"lemma": "della", "pos": "E_RD", "is_stop": true, "is_named": false}, "quotazioni": {"lemma": "quotazione", "pos": "S", "is_stop": false, "is_named": false}, "dei": {"lemma": "del", "pos": "E_RD", "is_stop": true, "is_named": false}, "obbligazionari": {"lemma": "obbligazionario", "pos": "S", "is_stop": false, "is_named": false}, "raggiungere": {"lemma": "raggiungere", "pos": "V", "is_stop": false, "is_named": false}}}}, "obj": {"type": "Event", "pt": {"text": "tenha subido", "linguisticInfo": {"tenha": {"lemma": "ter", "pos": "AUX", "is_stop": false, "is_named": false}, "subido": {"lemma": "subir", "pos": "VERB", "is_stop": false, "is_named": false}}}, "it": {"text": "raggiungere valori di", "linguisticInfo": {"raggiungere": {"lemma": "raggiungere", "pos": "V", "is_stop": false, "is_named": false}, "valori": {"lemma": "valore", "pos": "S", "is_stop": false, "is_named": false}, "di": {"lemma": "di", "pos": "E", "is_stop": true, "is_named": false}}}}}, {"id": "R13", "subj": {"type": "Non-human_Oth_participant", "pt": {"text": "para valores muito mais elevados do que os nominais", "linguisticInfo": {"para": {"lemma": "parir", "pos": "ADP", "is_stop": true, "is_named": false}, "valores": {"lemma": "valorar", "pos": "NOUN", "is_stop": false, "is_named": false}, "muito": {"lemma": "muito", "pos": "ADV", "is_stop": true, "is_named": false}, "mais": {"lemma": "mais", "pos": "ADV", "is_stop": true, "is_named": false}, "elevados": {"lemma": "elevar", "pos": "ADJ", "is_stop": false, "is_named": false}, "do": {"lemma": "do", "pos": "ADP", "is_stop": true, "is_named": false}, "que": {"lemma": "que", "pos": "PRON", "is_stop": true, "is_named": false}, "os": {"lemma": "o", "pos": "DET", "is_stop": true, "is_named": false}, "nominais": {"lemma": "nominal", "pos": "ADJ", "is_stop": false, "is_named": false}}}, "it": {"text": "da parte valori di molto superiori a", "linguisticInfo": {"da": {"lemma": "da", "pos": "E", "is_stop": true, "is_named": false}, "parte": {"lemma": "parte", "pos": "S", "is_stop": true, "is_named": false}, "valori": {"lemma": "valore", "pos": "S", "is_stop": false, "is_named": false}, "di": {"lemma": "di", "pos": "E", "is_stop": true, "is_named": false}, "molto": {"lemma": "molto", "pos": "B", "is_stop": true, "is_named": false}, "superiori": {"lemma": "superiore", "pos": "A", "is_stop": false, "is_named": false}, "a": {"lemma": "a", "pos": "E", "is_stop": true, "is_named": false}}}}, "obj": {"type": "Event", "pt": {"text": "tenha subido", "linguisticInfo": {"tenha": {"lemma": "ter", "pos": "AUX", "is_stop": false, "is_named": false}, "subido": {"lemma": "subir", "pos": "VERB", "is_stop": false, "is_named": false}}}, "it": {"text": "raggiungere valori di", "linguisticInfo": {"raggiungere": {"lemma": "raggiungere", "pos": "V", "is_stop": false, "is_named": false}, "valori": {"lemma": "valore", "pos": "S", "is_stop": false, "is_named": false}, "di": {"lemma": "di", "pos": "E", "is_stop": true, "is_named": false}}}}}]}, "sentences_3": {"itText": "NULL per quanto riguarda , invece , l \u2019 andamento della borsa di lisbona della settimana scorsa , si \u00e8 registrata una crescita generalizzata del settore azionista grazie ai titoli pi\u00f9 rappresentativi , confermando le previsioni che ipotizzavano di essere in una fase di consolidamento della stabilit\u00e0 .", "ptText": "entretanto , e no que respeita ao comportamento da bolsa de valores de lisboa na semana passada , ter-cl-\u00e1 -se verificado um tom generalizado de subida , com o sector accionista , atrav\u00e9s dos pap\u00e9is mais representativos , confirmando , por seu lado , previs\u00f5es antecedentes de poder estar numa fase de consolida\u00e7\u00e3o de firmeza . \n", "relations": [{"id": "R36", "subj": {"type": "Non-human_Oth_participant", "pt": {"text": "de poder estar numa fase de consolida\u00e7\u00e3o de firmeza", "linguisticInfo": {"de": {"lemma": "de", "pos": "ADP", "is_stop": true, "is_named": false}, "poder": {"lemma": "poder", "pos": "VERB", "is_stop": true, "is_named": false}, "estar": {"lemma": "estar", "pos": "AUX", "is_stop": true, "is_named": false}, "numa": {"lemma": "numa", "pos": "ADP", "is_stop": true, "is_named": false}, "fase": {"lemma": "fase", "pos": "NOUN", "is_stop": false, "is_named": false}, "consolida\u00e7\u00e3o": {"lemma": "consolida\u00e7\u00e3o", "pos": "NOUN", "is_stop": false, "is_named": false}, "firmeza": {"lemma": "firmeza", "pos": "NOUN", "is_stop": false, "is_named": false}}}, "it": {"text": "di lisbona della", "linguisticInfo": {"di": {"lemma": "di", "pos": "E", "is_stop": true, "is_named": false}, "lisbona": {"lemma": "lisbona", "pos": "SP", "is_stop": false, "is_named": false}, "della": {"lemma": "della", "pos": "E_RD", "is_stop": true, "is_named": false}}}}, "obj": {"type": "Event", "pt": {"text": "previs\u00f5es antecedentes", "linguisticInfo": {"previs\u00f5es": {"lemma": "previs\u00e3o", "pos": "NOUN", "is_stop": false, "is_named": false}, "antecedentes": {"lemma": "antecedente", "pos": "ADJ", "is_stop": false, "is_named": false}}}, "it": {"text": "previsioni ipotizzavano", "linguisticInfo": {"previsioni": {"lemma": "previsione", "pos": "S", "is_stop": false, "is_named": false}, "ipotizzavano": {"lemma": "ipotizzare", "pos": "V", "is_stop": false, "is_named": false}}}}}, {"id": "R37", "subj": {"type": "Non-human_Patient", "pt": {"text": "firmeza", "linguisticInfo": {"firmeza": {"lemma": "firmeza", "pos": "NOUN", "is_stop": false, "is_named": false}}}, "it": {"text": "stabilit\u00e0", "linguisticInfo": {"stabilit\u00e0": {"lemma": "stabilit\u00e0", "pos": "S", "is_stop": false, "is_named": false}}}}, "obj": {"type": "Event", "pt": {"text": "consolida\u00e7\u00e3o", "linguisticInfo": {"consolida\u00e7\u00e3o": {"lemma": "consolida\u00e7\u00e3o", "pos": "NOUN", "is_stop": false, "is_named": false}}}, "it": {"text": "consolidamento", "linguisticInfo": {"consolidamento": {"lemma": "consolidamento", "pos": "S", "is_stop": false, "is_named": false}}}}}]}, "sentences_4": {"itText": "NULL secondo analisi statistiche , i 771 648 titoli venduti durante la scorsa settimana hanno portato ad un guadagno globale di oltre 898,1 miliardi di scudi .", "ptText": "numa an\u00e1lise estat\u00edstica , os 771 648 pap\u00e9is negociados na semana transacta proporcionaram um rendimento global superior a 898 , 1 mil contos . \n", "relations": [{"id": "R38", "subj": {"type": "Non-human_Agent", "pt": {"text": "os 771 648 pap\u00e9is negociados na semana transacta", "linguisticInfo": {"os": {"lemma": "o", "pos": "DET", "is_stop": true, "is_named": false}, "771": {"lemma": "771", "pos": "NUM", "is_stop": false, "is_named": false}, "648": {"lemma": "648", "pos": "NUM", "is_stop": false, "is_named": false}, "pap\u00e9is": {"lemma": "papel", "pos": "NOUN", "is_stop": false, "is_named": false}, "negociados": {"lemma": "negociar", "pos": "VERB", "is_stop": false, "is_named": false}, "na": {"lemma": "o", "pos": "ADP", "is_stop": true, "is_named": false}, "semana": {"lemma": "semana", "pos": "NOUN", "is_stop": false, "is_named": false}, "transacta": {"lemma": "transacto", "pos": "ADJ", "is_stop": false, "is_named": false}}}, "it": {"text": "i 771 648 titoli venduti durante la scorsa settimana hanno portato", "linguisticInfo": {"i": {"lemma": "il", "pos": "RD", "is_stop": false, "is_named": false}, "771": {"lemma": "771", "pos": "N", "is_stop": false, "is_named": false}, "648": {"lemma": "648", "pos": "N", "is_stop": false, "is_named": false}, "titoli": {"lemma": "titolo", "pos": "S", "is_stop": false, "is_named": false}, "venduti": {"lemma": "vendere", "pos": "V", "is_stop": false, "is_named": false}, "durante": {"lemma": "durante", "pos": "E", "is_stop": true, "is_named": false}, "la": {"lemma": "il", "pos": "RD", "is_stop": true, "is_named": false}, "scorsa": {"lemma": "scorso", "pos": "A", "is_stop": false, "is_named": false}, "settimana": {"lemma": "settimana", "pos": "S", "is_stop": false, "is_named": false}, "hanno": {"lemma": "avere", "pos": "VA", "is_stop": true, "is_named": false}, "portato": {"lemma": "portare", "pos": "V", "is_stop": false, "is_named": false}}}}, "obj": {"type": "Event", "pt": {"text": "proporcionaram", "linguisticInfo": {"proporcionaram": {"lemma": "proporcionar", "pos": "VERB", "is_stop": false, "is_named": false}}}, "it": {"text": "648", "linguisticInfo": {"648": {"lemma": "648", "pos": "N", "is_stop": false, "is_named": false}}}}}, {"id": "R39", "subj": {"type": "Non-human_Patient", "pt": {"text": "um rendimento global superior a 898 , 1 mil contos", "linguisticInfo": {"um": {"lemma": "um", "pos": "DET", "is_stop": true, "is_named": false}, "rendimento": {"lemma": "rendimento", "pos": "NOUN", "is_stop": false, "is_named": false}, "global": {"lemma": "global", "pos": "ADJ", "is_stop": false, "is_named": false}, "superior": {"lemma": "superior", "pos": "ADJ", "is_stop": false, "is_named": false}, "a": {"lemma": "o", "pos": "ADP", "is_stop": true, "is_named": false}, "898": {"lemma": "898", "pos": "NUM", "is_stop": false, "is_named": false}, ",": {"lemma": ",", "pos": "PUNCT", "is_stop": false, "is_named": false}, "1": {"lemma": "1", "pos": "NUM", "is_stop": false, "is_named": false}, "mil": {"lemma": "mil", "pos": "NUM", "is_stop": true, "is_named": false}, "contos": {"lemma": "conto", "pos": "NOUN", "is_stop": false, "is_named": false}}}, "it": {"text": "un guadagno globale di oltre", "linguisticInfo": {"un": {"lemma": "uno", "pos": "RI", "is_stop": true, "is_named": false}, "guadagno": {"lemma": "guadagno", "pos": "S", "is_stop": false, "is_named": false}, "globale": {"lemma": "globale", "pos": "A", "is_stop": false, "is_named": false}, "di": {"lemma": "di", "pos": "E", "is_stop": true, "is_named": false}, "oltre": {"lemma": "oltre", "pos": "B", "is_stop": true, "is_named": false}}}}, "obj": {"type": "Event", "pt": {"text": "proporcionaram", "linguisticInfo": {"proporcionaram": {"lemma": "proporcionar", "pos": "VERB", "is_stop": false, "is_named": false}}}, "it": {"text": "648", "linguisticInfo": {"648": {"lemma": "648", "pos": "N", "is_stop": false, "is_named": false}}}}}, {"id": "R40", "subj": {"type": "Non-human_Patient", "pt": {"text": "os 771 648 pap\u00e9is", "linguisticInfo": {"os": {"lemma": "o", "pos": "DET", "is_stop": true, "is_named": false}, "771": {"lemma": "771", "pos": "NUM", "is_stop": false, "is_named": false}, "648": {"lemma": "648", "pos": "NUM", "is_stop": false, "is_named": false}, "pap\u00e9is": {"lemma": "papel", "pos": "NOUN", "is_stop": false, "is_named": false}}}, "it": {"text": "i 771 648 titoli", "linguisticInfo": {"i": {"lemma": "il", "pos": "RD", "is_stop": false, "is_named": false}, "771": {"lemma": "771", "pos": "N", "is_stop": false, "is_named": false}, "648": {"lemma": "648", "pos": "N", "is_stop": false, "is_named": false}, "titoli": {"lemma": "titolo", "pos": "S", "is_stop": false, "is_named": false}}}}, "obj": {"type": "Event", "pt": {"text": "negociados", "linguisticInfo": {"negociados": {"lemma": "negociar", "pos": "VERB", "is_stop": false, "is_named": false}}}, "it": {"text": "venduti", "linguisticInfo": {"venduti": {"lemma": "vendere", "pos": "V", "is_stop": false, "is_named": false}}}}}, {"id": "R41", "subj": {"type": "Time", "pt": {"text": "na semana transacta", "linguisticInfo": {"na": {"lemma": "o", "pos": "ADP", "is_stop": true, "is_named": false}, "semana": {"lemma": "semana", "pos": "NOUN", "is_stop": false, "is_named": false}, "transacta": {"lemma": "transacto", "pos": "ADJ", "is_stop": false, "is_named": false}}}, "it": {"text": "scorsa settimana hanno portato", "linguisticInfo": {"scorsa": {"lemma": "scorso", "pos": "A", "is_stop": false, "is_named": false}, "settimana": {"lemma": "settimana", "pos": "S", "is_stop": false, "is_named": false}, "hanno": {"lemma": "avere", "pos": "VA", "is_stop": true, "is_named": false}, "portato": {"lemma": "portare", "pos": "V", "is_stop": false, "is_named": false}}}}, "obj": {"type": "Event", "pt": {"text": "negociados", "linguisticInfo": {"negociados": {"lemma": "negociar", "pos": "VERB", "is_stop": false, "is_named": false}}}, "it": {"text": "venduti", "linguisticInfo": {"venduti": {"lemma": "vendere", "pos": "V", "is_stop": false, "is_named": false}}}}}]}}