{"sentences_0": {"itText": "NULL un sondaggio divulgato a parigi rivela che il presidente fran\u00e7ois mitterand e il nuovo primo ministro jacques chirac sono a pari merito quanto a popolarit\u00e0 tra l \u2019 elettorato francese .", "ptText": "o presidente fran\u00e7ois mitterrand e o novo primeiro-ministro jacques chirac est\u00e3o em p\u00e9 de igualdade no que respeita a popularidade junto do eleitorado franc\u00eas , revela uma sondagem divulgada em paris . \n", "relations": [{"id": "R2", "subj": {"type": "Non-human_Oth_participant", "pt": {"text": "O PRESIDENTE Fran\u00e7ois Mitterrand e o novo primeiro-ministro Jacques Chirac est\u00e3o em p\u00e9 de igualdade no que respeita a popularidade junto do eleitorado franc\u00eas", "linguisticInfo": {"O": {"lemma": "O", "pos": "DET", "is_stop": true, "is_named": true}, "PRESIDENTE": {"lemma": "PRESIDENTE", "pos": "NOUN", "is_stop": false, "is_named": true}, "Fran\u00e7ois": {"lemma": "Fran\u00e7ois", "pos": "PROPN", "is_stop": false, "is_named": true}, "Mitterrand": {"lemma": "Mitterrand", "pos": "PROPN", "is_stop": false, "is_named": true}, "e": {"lemma": "e", "pos": "CCONJ", "is_stop": true, "is_named": false}, "o": {"lemma": "o", "pos": "DET", "is_stop": true, "is_named": false}, "novo": {"lemma": "novo", "pos": "ADJ", "is_stop": true, "is_named": false}, "primeiro-ministro": {"lemma": "primeiro-ministro", "pos": "NOUN", "is_stop": false, "is_named": false}, "Jacques": {"lemma": "Jacques", "pos": "PROPN", "is_stop": false, "is_named": true}, "Chirac": {"lemma": "Chirac", "pos": "PROPN", "is_stop": false, "is_named": true}, "est\u00e3o": {"lemma": "estar", "pos": "AUX", "is_stop": true, "is_named": false}, "em": {"lemma": "em", "pos": "ADP", "is_stop": true, "is_named": false}, "p\u00e9": {"lemma": "p\u00e9", "pos": "NOUN", "is_stop": false, "is_named": false}, "de": {"lemma": "de", "pos": "ADP", "is_stop": true, "is_named": false}, "igualdade": {"lemma": "igualdade", "pos": "NOUN", "is_stop": false, "is_named": false}, "no": {"lemma": "o", "pos": "PRON", "is_stop": true, "is_named": false}, "que": {"lemma": "que", "pos": "PRON", "is_stop": true, "is_named": false}, "respeita": {"lemma": "respeitar", "pos": "VERB", "is_stop": false, "is_named": false}, "a": {"lemma": "o", "pos": "DET", "is_stop": true, "is_named": false}, "popularidade": {"lemma": "popularidade", "pos": "NOUN", "is_stop": false, "is_named": false}, "junto": {"lemma": "juntar", "pos": "ADV", "is_stop": false, "is_named": false}, "do": {"lemma": "do", "pos": "ADP", "is_stop": true, "is_named": false}, "eleitorado": {"lemma": "eleitorado", "pos": "NOUN", "is_stop": false, "is_named": false}, "franc\u00eas": {"lemma": "franc\u00eas", "pos": "ADJ", "is_stop": false, "is_named": false}}}, "it": {"text": "il presidente fran\u00e7ois mitterand e il nuovo primo ministro jacques chirac sono a pari", "linguisticInfo": {"il": {"lemma": "il", "pos": "RD", "is_stop": true, "is_named": false}, "presidente": {"lemma": "presidente", "pos": "S", "is_stop": false, "is_named": false}, "fran\u00e7ois": {"lemma": "fran\u00e7ois", "pos": "SP", "is_stop": false, "is_named": false}, "mitterand": {"lemma": "mitterand", "pos": "SP", "is_stop": false, "is_named": false}, "e": {"lemma": "e", "pos": "CC", "is_stop": false, "is_named": false}, "nuovo": {"lemma": "nuovo", "pos": "A", "is_stop": true, "is_named": false}, "primo": {"lemma": "primo", "pos": "NO", "is_stop": true, "is_named": false}, "ministro": {"lemma": "ministro", "pos": "S", "is_stop": true, "is_named": false}, "jacques": {"lemma": "jacques", "pos": "SP", "is_stop": false, "is_named": false}, "chirac": {"lemma": "chirac", "pos": "SP", "is_stop": false, "is_named": false}, "sono": {"lemma": "essere", "pos": "V", "is_stop": true, "is_named": false}, "a": {"lemma": "a", "pos": "E", "is_stop": true, "is_named": false}, "pari": {"lemma": "pario", "pos": "A", "is_stop": false, "is_named": false}}}}, "obj": {"type": "Event", "pt": {"text": "revela", "linguisticInfo": {"revela": {"lemma": "revelar", "pos": "VERB", "is_stop": false, "is_named": false}}}, "it": {"text": "rivela", "linguisticInfo": {"rivela": {"lemma": "rivelare", "pos": "V", "is_stop": false, "is_named": false}}}}}, {"id": "R3", "subj": {"type": "Geo_location", "pt": {"text": "em Paris", "linguisticInfo": {"em": {"lemma": "em", "pos": "ADP", "is_stop": true, "is_named": false}, "Paris": {"lemma": "Paris", "pos": "PROPN", "is_stop": false, "is_named": true}}}, "it": {"text": "a parigi", "linguisticInfo": {"a": {"lemma": "a", "pos": "E", "is_stop": true, "is_named": false}, "parigi": {"lemma": "parigi", "pos": "SP", "is_stop": false, "is_named": false}}}}, "obj": {"type": "Event", "pt": {"text": "uma sondagem divulgada", "linguisticInfo": {"uma": {"lemma": "umar", "pos": "DET", "is_stop": true, "is_named": false}, "sondagem": {"lemma": "sondagem", "pos": "NOUN", "is_stop": false, "is_named": false}, "divulgada": {"lemma": "divulgar", "pos": "VERB", "is_stop": false, "is_named": false}}}, "it": {"text": "un sondaggio divulgato", "linguisticInfo": {"un": {"lemma": "uno", "pos": "RI", "is_stop": true, "is_named": false}, "sondaggio": {"lemma": "sondaggio", "pos": "S", "is_stop": false, "is_named": false}, "divulgato": {"lemma": "divulgato", "pos": "A", "is_stop": false, "is_named": false}}}}}, {"id": "R1", "subj": {"type": "Non-human_Agent", "pt": {"text": "uma sondagem divulgada em Paris", "linguisticInfo": {"uma": {"lemma": "umar", "pos": "DET", "is_stop": true, "is_named": false}, "sondagem": {"lemma": "sondagem", "pos": "NOUN", "is_stop": false, "is_named": false}, "divulgada": {"lemma": "divulgar", "pos": "VERB", "is_stop": false, "is_named": false}, "em": {"lemma": "em", "pos": "ADP", "is_stop": true, "is_named": false}, "Paris": {"lemma": "Paris", "pos": "PROPN", "is_stop": false, "is_named": true}}}, "it": {"text": "un sondaggio divulgato a parigi", "linguisticInfo": {"un": {"lemma": "uno", "pos": "RI", "is_stop": true, "is_named": false}, "sondaggio": {"lemma": "sondaggio", "pos": "S", "is_stop": false, "is_named": false}, "divulgato": {"lemma": "divulgato", "pos": "A", "is_stop": false, "is_named": false}, "a": {"lemma": "a", "pos": "E", "is_stop": true, "is_named": false}, "parigi": {"lemma": "parigi", "pos": "SP", "is_stop": false, "is_named": false}}}}, "obj": {"type": "Event", "pt": {"text": "revela", "linguisticInfo": {"revela": {"lemma": "revelar", "pos": "VERB", "is_stop": false, "is_named": false}}}, "it": {"text": "rivela", "linguisticInfo": {"rivela": {"lemma": "rivelare", "pos": "V", "is_stop": false, "is_named": false}}}}}]}, "sentences_1": {"itText": "NULL il sondaggio , pubblicato dal settimanale le journal de dimanche , rivela che sia il presidente socialista sia il suo primo ministro conservatore hanno raccolto il 48 percento di opinioni a loro favore , sulle 803 persone intervistate .", "ptText": "a sondagem que \u00e9 publicada pelo seman\u00e1rio le journal de dimanche mostra que o presidente socialista e o seu primeiro-ministro direitista recolheram opini\u00f5es favor\u00e1veis de 48 por cento das 803 pessoas interrogadas . \n", "relations": [{"id": "R5", "subj": {"type": "Non-human_Patient", "pt": {"text": "que", "linguisticInfo": {"que": {"lemma": "que", "pos": "SCONJ", "is_stop": true, "is_named": false}}}, "it": {"text": "", "linguisticInfo": {}}}, "obj": {"type": "Event", "pt": {"text": "\u00e9 publicada", "linguisticInfo": {"\u00e9": {"lemma": "ser", "pos": "AUX", "is_stop": true, "is_named": false}, "publicada": {"lemma": "publicar", "pos": "VERB", "is_stop": false, "is_named": false}}}, "it": {"text": "pubblicato", "linguisticInfo": {"pubblicato": {"lemma": "pubblicare", "pos": "V", "is_stop": false, "is_named": false}}}}}, {"id": "R7", "subj": {"type": "Non-human_Patient", "pt": {"text": "opini\u00f5es favor\u00e1veis de 48 por cento das 803 pessoas interrogadas", "linguisticInfo": {"opini\u00f5es": {"lemma": "opini\u00e3o", "pos": "NOUN", "is_stop": false, "is_named": false}, "favor\u00e1veis": {"lemma": "favor\u00e1vel", "pos": "ADJ", "is_stop": false, "is_named": false}, "de": {"lemma": "de", "pos": "ADP", "is_stop": true, "is_named": false}, "48": {"lemma": "48", "pos": "NUM", "is_stop": false, "is_named": false}, "por": {"lemma": "por", "pos": "ADP", "is_stop": true, "is_named": false}, "cento": {"lemma": "cento", "pos": "NUM", "is_stop": true, "is_named": false}, "das": {"lemma": "das", "pos": "ADP", "is_stop": true, "is_named": false}, "803": {"lemma": "803", "pos": "NUM", "is_stop": false, "is_named": false}, "pessoas": {"lemma": "pessoa", "pos": "NOUN", "is_stop": false, "is_named": false}, "interrogadas": {"lemma": "interrogar", "pos": "VERB", "is_stop": false, "is_named": false}}}, "it": {"text": "opinioni a loro", "linguisticInfo": {"opinioni": {"lemma": "opinione", "pos": "S", "is_stop": false, "is_named": false}, "a": {"lemma": "a", "pos": "E", "is_stop": true, "is_named": false}, "loro": {"lemma": "loro", "pos": "PE", "is_stop": true, "is_named": false}}}}, "obj": {"type": "Event", "pt": {"text": "recolheram", "linguisticInfo": {"recolheram": {"lemma": "recolher", "pos": "VERB", "is_stop": false, "is_named": false}}}, "it": {"text": "803", "linguisticInfo": {"803": {"lemma": "803", "pos": "N", "is_stop": false, "is_named": false}}}}}, {"id": "R8", "subj": {"type": "Human_Agent", "pt": {"text": "o Presidente socialista e o seu primeiro-ministro direitista", "linguisticInfo": {"o": {"lemma": "o", "pos": "DET", "is_stop": true, "is_named": false}, "Presidente": {"lemma": "Presidente", "pos": "PROPN", "is_stop": false, "is_named": true}, "socialista": {"lemma": "socialista", "pos": "ADJ", "is_stop": false, "is_named": false}, "e": {"lemma": "e", "pos": "CCONJ", "is_stop": true, "is_named": false}, "seu": {"lemma": "seu", "pos": "DET", "is_stop": true, "is_named": false}, "primeiro-ministro": {"lemma": "primeiro-ministro", "pos": "NOUN", "is_stop": false, "is_named": false}, "direitista": {"lemma": "direitista", "pos": "ADJ", "is_stop": false, "is_named": false}}}, "it": {"text": "il sondaggio , presidente socialista sia il", "linguisticInfo": {"il": {"lemma": "il", "pos": "RD", "is_stop": true, "is_named": false}, "sondaggio": {"lemma": "sondaggio", "pos": "S", "is_stop": false, "is_named": false}, ",": {"lemma": ",", "pos": "FF", "is_stop": false, "is_named": false}, "presidente": {"lemma": "presidente", "pos": "S", "is_stop": false, "is_named": false}, "socialista": {"lemma": "socialista", "pos": "A", "is_stop": false, "is_named": false}, "sia": {"lemma": "essere", "pos": "V", "is_stop": true, "is_named": false}}}}, "obj": {"type": "Event", "pt": {"text": "recolheram", "linguisticInfo": {"recolheram": {"lemma": "recolher", "pos": "VERB", "is_stop": false, "is_named": false}}}, "it": {"text": "803", "linguisticInfo": {"803": {"lemma": "803", "pos": "N", "is_stop": false, "is_named": false}}}}}]}, "sentences_2": {"itText": "NULL l \u2019 indagine \u00e8 stata realizzata in seguito alle elezioni politiche di domenica scorsa che hanno affidato la maggioranza alla destra francese .", "ptText": "o inqu\u00e9rito foi realizado depois , das elei\u00e7\u00f5es legilativas que no domingo passado , deram uma larga maioria \u00e0 direita francesa . \n", "relations": [{"id": "R9", "subj": {"type": "Time", "pt": {"text": "depois , das elei\u00e7\u00f5es legilativas que no domingo passado , deram uma larga maioria \u00e0 direita francesa", "linguisticInfo": {"depois": {"lemma": "depois", "pos": "ADV", "is_stop": true, "is_named": false}, ",": {"lemma": ",", "pos": "PUNCT", "is_stop": false, "is_named": false}, "das": {"lemma": "das", "pos": "ADP", "is_stop": true, "is_named": false}, "elei\u00e7\u00f5es": {"lemma": "elei\u00e7\u00e3o", "pos": "NOUN", "is_stop": false, "is_named": false}, "legilativas": {"lemma": "legilativas", "pos": "ADJ", "is_stop": false, "is_named": false}, "que": {"lemma": "que", "pos": "PRON", "is_stop": true, "is_named": false}, "no": {"lemma": "o", "pos": "ADP", "is_stop": true, "is_named": false}, "domingo": {"lemma": "domingo", "pos": "NOUN", "is_stop": false, "is_named": false}, "passado": {"lemma": "passar", "pos": "ADJ", "is_stop": false, "is_named": false}, "deram": {"lemma": "dar", "pos": "VERB", "is_stop": false, "is_named": false}, "uma": {"lemma": "umar", "pos": "DET", "is_stop": true, "is_named": false}, "larga": {"lemma": "largo", "pos": "ADJ", "is_stop": false, "is_named": false}, "maioria": {"lemma": "maioria", "pos": "NOUN", "is_stop": true, "is_named": false}, "\u00e0": {"lemma": "\u00e0", "pos": "ADP", "is_stop": true, "is_named": false}, "direita": {"lemma": "direito", "pos": "NOUN", "is_stop": true, "is_named": false}, "francesa": {"lemma": "franc\u00eas", "pos": "ADJ", "is_stop": false, "is_named": false}}}, "it": {"text": "seguito alle elezioni", "linguisticInfo": {"seguito": {"lemma": "seguitare", "pos": "V", "is_stop": true, "is_named": false}, "alle": {"lemma": "alla", "pos": "E_RD", "is_stop": true, "is_named": false}, "elezioni": {"lemma": "elezione", "pos": "S", "is_stop": false, "is_named": false}}}}, "obj": {"type": "Event", "pt": {"text": "O inqu\u00e9rito foi realizado", "linguisticInfo": {"O": {"lemma": "O", "pos": "DET", "is_stop": true, "is_named": true}, "inqu\u00e9rito": {"lemma": "inqu\u00e9rito", "pos": "NOUN", "is_stop": false, "is_named": false}, "foi": {"lemma": "ser", "pos": "AUX", "is_stop": true, "is_named": false}, "realizado": {"lemma": "realizar", "pos": "VERB", "is_stop": false, "is_named": false}}}, "it": {"text": "l indagine stata realizzata", "linguisticInfo": {"l": {"lemma": "l", "pos": "RD", "is_stop": false, "is_named": false}, "indagine": {"lemma": "indagine", "pos": "S", "is_stop": false, "is_named": false}, "stata": {"lemma": "stare", "pos": "VA", "is_stop": true, "is_named": false}, "realizzata": {"lemma": "realizzare", "pos": "V", "is_stop": false, "is_named": false}}}}}, {"id": "R11", "subj": {"type": "Non-human_Patient", "pt": {"text": "\u00e0 direita francesa", "linguisticInfo": {"\u00e0": {"lemma": "\u00e0", "pos": "ADP", "is_stop": true, "is_named": false}, "direita": {"lemma": "direito", "pos": "NOUN", "is_stop": true, "is_named": false}, "francesa": {"lemma": "franc\u00eas", "pos": "ADJ", "is_stop": false, "is_named": false}}}, "it": {"text": "alla destra francese", "linguisticInfo": {"alla": {"lemma": "alla", "pos": "E_RD", "is_stop": true, "is_named": false}, "destra": {"lemma": "destra", "pos": "S", "is_stop": false, "is_named": false}, "francese": {"lemma": "francese", "pos": "A", "is_stop": false, "is_named": false}}}}, "obj": {"type": "Event", "pt": {"text": "deram uma larga maioria", "linguisticInfo": {"deram": {"lemma": "dar", "pos": "VERB", "is_stop": false, "is_named": false}, "uma": {"lemma": "umar", "pos": "DET", "is_stop": true, "is_named": false}, "larga": {"lemma": "largo", "pos": "ADJ", "is_stop": false, "is_named": false}, "maioria": {"lemma": "maioria", "pos": "NOUN", "is_stop": true, "is_named": false}}}, "it": {"text": "affidato la maggioranza", "linguisticInfo": {"affidato": {"lemma": "affidare", "pos": "V", "is_stop": false, "is_named": false}, "la": {"lemma": "il", "pos": "RD", "is_stop": true, "is_named": false}, "maggioranza": {"lemma": "maggioranza", "pos": "S", "is_stop": false, "is_named": false}}}}}, {"id": "R12", "subj": {"type": "Non-human_Agent", "pt": {"text": "que", "linguisticInfo": {"que": {"lemma": "que", "pos": "SCONJ", "is_stop": true, "is_named": false}}}, "it": {"text": "", "linguisticInfo": {}}}, "obj": {"type": "Event", "pt": {"text": "deram uma larga maioria", "linguisticInfo": {"deram": {"lemma": "dar", "pos": "VERB", "is_stop": false, "is_named": false}, "uma": {"lemma": "umar", "pos": "DET", "is_stop": true, "is_named": false}, "larga": {"lemma": "largo", "pos": "ADJ", "is_stop": false, "is_named": false}, "maioria": {"lemma": "maioria", "pos": "NOUN", "is_stop": true, "is_named": false}}}, "it": {"text": "affidato la maggioranza", "linguisticInfo": {"affidato": {"lemma": "affidare", "pos": "V", "is_stop": false, "is_named": false}, "la": {"lemma": "il", "pos": "RD", "is_stop": true, "is_named": false}, "maggioranza": {"lemma": "maggioranza", "pos": "S", "is_stop": false, "is_named": false}}}}}, {"id": "R13", "subj": {"type": "Time", "pt": {"text": "no domingo passado", "linguisticInfo": {"no": {"lemma": "o", "pos": "ADP", "is_stop": true, "is_named": false}, "domingo": {"lemma": "domingo", "pos": "NOUN", "is_stop": false, "is_named": false}, "passado": {"lemma": "passar", "pos": "ADJ", "is_stop": false, "is_named": false}}}, "it": {"text": "domenica scorsa", "linguisticInfo": {"domenica": {"lemma": "domenica", "pos": "S", "is_stop": false, "is_named": false}, "scorsa": {"lemma": "scorso", "pos": "A", "is_stop": false, "is_named": false}}}}, "obj": {"type": "Event", "pt": {"text": "deram uma larga maioria", "linguisticInfo": {"deram": {"lemma": "dar", "pos": "VERB", "is_stop": false, "is_named": false}, "uma": {"lemma": "umar", "pos": "DET", "is_stop": true, "is_named": false}, "larga": {"lemma": "largo", "pos": "ADJ", "is_stop": false, "is_named": false}, "maioria": {"lemma": "maioria", "pos": "NOUN", "is_stop": true, "is_named": false}}}, "it": {"text": "affidato la maggioranza", "linguisticInfo": {"affidato": {"lemma": "affidare", "pos": "V", "is_stop": false, "is_named": false}, "la": {"lemma": "il", "pos": "RD", "is_stop": true, "is_named": false}, "maggioranza": {"lemma": "maggioranza", "pos": "S", "is_stop": false, "is_named": false}}}}}]}, "sentences_3": {"itText": "NULL chirac , entrato in carica gioved\u00ec in quanto primo ministro , il mese scorso aveva ottenuto , in un \u2019 indagine di questo genere , il 36 per cento di voti a suo favore , mentre miterrand aveva il 43 percento dalla sua parte .", "ptText": "chirac , que tomou posse como primeiro-ministro na quinta-feira , obteve apenas 36 por cento de votos favor\u00e1veis numa sondagem similar no m\u00eas passado , enquanto miterrand suscitou 43 por cento de opini\u00f5es bem impressionadas . \n", "relations": [{"id": "R14", "subj": {"type": "Human_Agent", "pt": {"text": "Chirac", "linguisticInfo": {"Chirac": {"lemma": "Chirac", "pos": "PROPN", "is_stop": false, "is_named": true}}}, "it": {"text": "chirac", "linguisticInfo": {"chirac": {"lemma": "chirac", "pos": "S", "is_stop": false, "is_named": false}}}}, "obj": {"type": "Event", "pt": {"text": "obteve", "linguisticInfo": {"obteve": {"lemma": "obter", "pos": "VERB", "is_stop": false, "is_named": false}}}, "it": {"text": "ottenuto", "linguisticInfo": {"ottenuto": {"lemma": "ottenere", "pos": "V", "is_stop": false, "is_named": false}}}}}, {"id": "R15", "subj": {"type": "Non-human_Patient", "pt": {"text": "apenas 36 por cento de votos favor\u00e1veis", "linguisticInfo": {"apenas": {"lemma": "apenas", "pos": "ADV", "is_stop": true, "is_named": false}, "36": {"lemma": "36", "pos": "NUM", "is_stop": false, "is_named": false}, "por": {"lemma": "por", "pos": "ADP", "is_stop": true, "is_named": false}, "cento": {"lemma": "cento", "pos": "NUM", "is_stop": true, "is_named": false}, "de": {"lemma": "de", "pos": "ADP", "is_stop": true, "is_named": false}, "votos": {"lemma": "voto", "pos": "NOUN", "is_stop": false, "is_named": false}, "favor\u00e1veis": {"lemma": "favor\u00e1vel", "pos": "ADJ", "is_stop": false, "is_named": false}}}, "it": {"text": "36 per cento", "linguisticInfo": {"36": {"lemma": "36", "pos": "N", "is_stop": false, "is_named": false}, "per": {"lemma": "per", "pos": "E", "is_stop": true, "is_named": false}, "cento": {"lemma": "cento", "pos": "N", "is_stop": true, "is_named": false}}}}, "obj": {"type": "Event", "pt": {"text": "obteve", "linguisticInfo": {"obteve": {"lemma": "obter", "pos": "VERB", "is_stop": false, "is_named": false}}}, "it": {"text": "ottenuto", "linguisticInfo": {"ottenuto": {"lemma": "ottenere", "pos": "V", "is_stop": false, "is_named": false}}}}}, {"id": "R16", "subj": {"type": "Oth_location", "pt": {"text": "numa sondagem similar", "linguisticInfo": {"numa": {"lemma": "numa", "pos": "ADP", "is_stop": true, "is_named": false}, "sondagem": {"lemma": "sondagem", "pos": "NOUN", "is_stop": false, "is_named": false}, "similar": {"lemma": "similar", "pos": "ADJ", "is_stop": false, "is_named": false}}}, "it": {"text": "miterrand aveva il", "linguisticInfo": {"miterrand": {"lemma": "miterrand", "pos": "S", "is_stop": false, "is_named": false}, "aveva": {"lemma": "avere", "pos": "V", "is_stop": true, "is_named": false}, "il": {"lemma": "il", "pos": "RD", "is_stop": true, "is_named": false}}}}, "obj": {"type": "Event", "pt": {"text": "obteve", "linguisticInfo": {"obteve": {"lemma": "obter", "pos": "VERB", "is_stop": false, "is_named": false}}}, "it": {"text": "ottenuto", "linguisticInfo": {"ottenuto": {"lemma": "ottenere", "pos": "V", "is_stop": false, "is_named": false}}}}}, {"id": "R17", "subj": {"type": "Time", "pt": {"text": "no m\u00eas passado", "linguisticInfo": {"no": {"lemma": "o", "pos": "ADP", "is_stop": true, "is_named": false}, "m\u00eas": {"lemma": "m\u00eas", "pos": "NOUN", "is_stop": true, "is_named": false}, "passado": {"lemma": "passar", "pos": "ADJ", "is_stop": false, "is_named": false}}}, "it": {"text": "genere , il", "linguisticInfo": {"genere": {"lemma": "genere", "pos": "S", "is_stop": false, "is_named": false}, ",": {"lemma": ",", "pos": "FF", "is_stop": false, "is_named": false}, "il": {"lemma": "il", "pos": "RD", "is_stop": true, "is_named": false}}}}, "obj": {"type": "Event", "pt": {"text": "obteve", "linguisticInfo": {"obteve": {"lemma": "obter", "pos": "VERB", "is_stop": false, "is_named": false}}}, "it": {"text": "ottenuto", "linguisticInfo": {"ottenuto": {"lemma": "ottenere", "pos": "V", "is_stop": false, "is_named": false}}}}}, {"id": "R18", "subj": {"type": "Human_Agent", "pt": {"text": "que", "linguisticInfo": {"que": {"lemma": "que", "pos": "SCONJ", "is_stop": true, "is_named": false}}}, "it": {"text": "", "linguisticInfo": {}}}, "obj": {"type": "Event", "pt": {"text": "tomou posse", "linguisticInfo": {"tomou": {"lemma": "tomar", "pos": "VERB", "is_stop": false, "is_named": false}, "posse": {"lemma": "posse", "pos": "NOUN", "is_stop": false, "is_named": false}}}, "it": {"text": "entrato carica", "linguisticInfo": {"entrato": {"lemma": "entrare", "pos": "V", "is_stop": false, "is_named": false}, "carica": {"lemma": "carica", "pos": "S", "is_stop": false, "is_named": false}}}}}, {"id": "R19", "subj": {"type": "Time", "pt": {"text": "na quinta-feira", "linguisticInfo": {"na": {"lemma": "o", "pos": "ADP", "is_stop": true, "is_named": false}, "quinta-feira": {"lemma": "quinta-feira", "pos": "NOUN", "is_stop": false, "is_named": false}}}, "it": {"text": "gioved\u00ec", "linguisticInfo": {"gioved\u00ec": {"lemma": "gioved\u00ec", "pos": "S", "is_stop": false, "is_named": false}}}}, "obj": {"type": "Event", "pt": {"text": "tomou posse", "linguisticInfo": {"tomou": {"lemma": "tomar", "pos": "VERB", "is_stop": false, "is_named": false}, "posse": {"lemma": "posse", "pos": "NOUN", "is_stop": false, "is_named": false}}}, "it": {"text": "entrato carica", "linguisticInfo": {"entrato": {"lemma": "entrare", "pos": "V", "is_stop": false, "is_named": false}, "carica": {"lemma": "carica", "pos": "S", "is_stop": false, "is_named": false}}}}}, {"id": "R20", "subj": {"type": "Non-human_Patient", "pt": {"text": "43 por cento de opini\u00f5es bem impressionadas", "linguisticInfo": {"43": {"lemma": "43", "pos": "NUM", "is_stop": false, "is_named": false}, "por": {"lemma": "por", "pos": "ADP", "is_stop": true, "is_named": false}, "cento": {"lemma": "cento", "pos": "NUM", "is_stop": true, "is_named": false}, "de": {"lemma": "de", "pos": "ADP", "is_stop": true, "is_named": false}, "opini\u00f5es": {"lemma": "opini\u00e3o", "pos": "NOUN", "is_stop": false, "is_named": false}, "bem": {"lemma": "bem", "pos": "ADV", "is_stop": true, "is_named": false}, "impressionadas": {"lemma": "impressionar", "pos": "VERB", "is_stop": false, "is_named": false}}}, "it": {"text": "43 percento dalla", "linguisticInfo": {"43": {"lemma": "43", "pos": "N", "is_stop": false, "is_named": false}, "percento": {"lemma": "percento", "pos": "S", "is_stop": false, "is_named": false}, "dalla": {"lemma": "dalla", "pos": "E_RD", "is_stop": true, "is_named": false}}}}, "obj": {"type": "Event", "pt": {"text": "suscitou", "linguisticInfo": {"suscitou": {"lemma": "suscitar", "pos": "VERB", "is_stop": false, "is_named": false}}}, "it": {"text": "miterrand", "linguisticInfo": {"miterrand": {"lemma": "miterrand", "pos": "S", "is_stop": false, "is_named": false}}}}}, {"id": "R21", "subj": {"type": "Human_Agent", "pt": {"text": "Miterrand", "linguisticInfo": {"Miterrand": {"lemma": "Miterrand", "pos": "PROPN", "is_stop": false, "is_named": true}}}, "it": {"text": "miterrand", "linguisticInfo": {"miterrand": {"lemma": "miterrand", "pos": "S", "is_stop": false, "is_named": false}}}}, "obj": {"type": "Event", "pt": {"text": "suscitou", "linguisticInfo": {"suscitou": {"lemma": "suscitar", "pos": "VERB", "is_stop": false, "is_named": false}}}, "it": {"text": "miterrand", "linguisticInfo": {"miterrand": {"lemma": "miterrand", "pos": "S", "is_stop": false, "is_named": false}}}}}, {"id": "R42", "subj": {"type": "Non-human_Oth_participant", "pt": {"text": "como primeiro-ministro", "linguisticInfo": {"como": {"lemma": "comer", "pos": "ADP", "is_stop": true, "is_named": false}, "primeiro-ministro": {"lemma": "primeiro-ministro", "pos": "NOUN", "is_stop": false, "is_named": false}}}, "it": {"text": "primo", "linguisticInfo": {"primo": {"lemma": "primo", "pos": "NO", "is_stop": true, "is_named": false}}}}, "obj": {"type": "Event", "pt": {"text": "tomou posse", "linguisticInfo": {"tomou": {"lemma": "tomar", "pos": "VERB", "is_stop": false, "is_named": false}, "posse": {"lemma": "posse", "pos": "NOUN", "is_stop": false, "is_named": false}}}, "it": {"text": "entrato carica", "linguisticInfo": {"entrato": {"lemma": "entrare", "pos": "V", "is_stop": false, "is_named": false}, "carica": {"lemma": "carica", "pos": "S", "is_stop": false, "is_named": false}}}}}]}, "sentences_4": {"itText": "NULL nel frattempo , la polizia locale ha confermato che la notte scorsa , un incendio di origine dolosa , ha distrutto la sede del partito comunista francese , nella localit\u00e0 di livry-gargand , nei dintorni di parigi .", "ptText": "entretanto , um inc\u00eandio de origem criminosa destruiu a noite passada a sede do partido comunista franc\u00eas na localidade de livry-gargand , nos arredores de paris , confirmou a pol\u00edcia local . \n", "relations": [{"id": "R22", "subj": {"type": "Non-human_Oth_participant", "pt": {"text": "um inc\u00eandio de origem criminosa destruiu a noite passada a sede do Partido Comunista Franc\u00eas na localidade de Livry-Gargand , nos arredores de Paris", "linguisticInfo": {"um": {"lemma": "um", "pos": "DET", "is_stop": true, "is_named": false}, "inc\u00eandio": {"lemma": "inc\u00eandio", "pos": "NOUN", "is_stop": false, "is_named": false}, "de": {"lemma": "de", "pos": "ADP", "is_stop": true, "is_named": false}, "origem": {"lemma": "origem", "pos": "NOUN", "is_stop": false, "is_named": false}, "criminosa": {"lemma": "criminoso", "pos": "ADJ", "is_stop": false, "is_named": false}, "destruiu": {"lemma": "destruir", "pos": "VERB", "is_stop": false, "is_named": false}, "a": {"lemma": "o", "pos": "DET", "is_stop": true, "is_named": false}, "noite": {"lemma": "noite", "pos": "NOUN", "is_stop": false, "is_named": false}, "passada": {"lemma": "passar", "pos": "ADJ", "is_stop": false, "is_named": false}, "sede": {"lemma": "ser", "pos": "NOUN", "is_stop": false, "is_named": false}, "do": {"lemma": "do", "pos": "ADP", "is_stop": true, "is_named": false}, "Partido": {"lemma": "Partido", "pos": "PROPN", "is_stop": false, "is_named": true}, "Comunista": {"lemma": "Comunista", "pos": "PROPN", "is_stop": false, "is_named": true}, "Franc\u00eas": {"lemma": "Franc\u00eas", "pos": "PROPN", "is_stop": false, "is_named": true}, "na": {"lemma": "o", "pos": "ADP", "is_stop": true, "is_named": false}, "localidade": {"lemma": "localidade", "pos": "NOUN", "is_stop": false, "is_named": false}, "Livry-Gargand": {"lemma": "Livry-Gargand", "pos": "PROPN", "is_stop": false, "is_named": true}, ",": {"lemma": ",", "pos": "PUNCT", "is_stop": false, "is_named": false}, "nos": {"lemma": "o", "pos": "ADP", "is_stop": true, "is_named": false}, "arredores": {"lemma": "arredor", "pos": "NOUN", "is_stop": false, "is_named": false}, "Paris": {"lemma": "Paris", "pos": "PROPN", "is_stop": false, "is_named": true}}}, "it": {"text": "un incendio di origine dolosa , ha distrutto la sede del", "linguisticInfo": {"un": {"lemma": "uno", "pos": "RI", "is_stop": true, "is_named": false}, "incendio": {"lemma": "incendio", "pos": "S", "is_stop": false, "is_named": false}, "di": {"lemma": "di", "pos": "E", "is_stop": true, "is_named": false}, "origine": {"lemma": "origine", "pos": "S", "is_stop": false, "is_named": false}, "dolosa": {"lemma": "doloso", "pos": "A", "is_stop": false, "is_named": false}, ",": {"lemma": ",", "pos": "FF", "is_stop": false, "is_named": false}, "ha": {"lemma": "avere", "pos": "VA", "is_stop": true, "is_named": false}, "distrutto": {"lemma": "distruggere", "pos": "V", "is_stop": false, "is_named": false}, "la": {"lemma": "il", "pos": "RD", "is_stop": true, "is_named": false}, "sede": {"lemma": "sede", "pos": "S", "is_stop": false, "is_named": false}, "del": {"lemma": "del", "pos": "E_RD", "is_stop": true, "is_named": false}}}}, "obj": {"type": "Event", "pt": {"text": "confirmou", "linguisticInfo": {"confirmou": {"lemma": "confirmar", "pos": "VERB", "is_stop": false, "is_named": false}}}, "it": {"text": "confermato", "linguisticInfo": {"confermato": {"lemma": "confermare", "pos": "V", "is_stop": false, "is_named": false}}}}}, {"id": "R23", "subj": {"type": "Human_Agent", "pt": {"text": "a Pol\u00edcia local", "linguisticInfo": {"a": {"lemma": "o", "pos": "DET", "is_stop": true, "is_named": false}, "Pol\u00edcia": {"lemma": "Pol\u00edcia", "pos": "PROPN", "is_stop": false, "is_named": true}, "local": {"lemma": "local", "pos": "ADJ", "is_stop": true, "is_named": false}}}, "it": {"text": "la polizia locale", "linguisticInfo": {"la": {"lemma": "il", "pos": "RD", "is_stop": true, "is_named": false}, "polizia": {"lemma": "polizia", "pos": "S", "is_stop": false, "is_named": false}, "locale": {"lemma": "locale", "pos": "A", "is_stop": false, "is_named": false}}}}, "obj": {"type": "Event", "pt": {"text": "confirmou", "linguisticInfo": {"confirmou": {"lemma": "confirmar", "pos": "VERB", "is_stop": false, "is_named": false}}}, "it": {"text": "confermato", "linguisticInfo": {"confermato": {"lemma": "confermare", "pos": "V", "is_stop": false, "is_named": false}}}}}, {"id": "R24", "subj": {"type": "Time", "pt": {"text": "a noite passada", "linguisticInfo": {"a": {"lemma": "o", "pos": "DET", "is_stop": true, "is_named": false}, "noite": {"lemma": "noite", "pos": "NOUN", "is_stop": false, "is_named": false}, "passada": {"lemma": "passar", "pos": "ADJ", "is_stop": false, "is_named": false}}}, "it": {"text": "la notte scorsa", "linguisticInfo": {"la": {"lemma": "il", "pos": "RD", "is_stop": true, "is_named": false}, "notte": {"lemma": "notte", "pos": "S", "is_stop": false, "is_named": false}, "scorsa": {"lemma": "scorso", "pos": "A", "is_stop": false, "is_named": false}}}}, "obj": {"type": "Event", "pt": {"text": "um inc\u00eandio de origem criminosa destruiu", "linguisticInfo": {"um": {"lemma": "um", "pos": "DET", "is_stop": true, "is_named": false}, "inc\u00eandio": {"lemma": "inc\u00eandio", "pos": "NOUN", "is_stop": false, "is_named": false}, "de": {"lemma": "de", "pos": "ADP", "is_stop": true, "is_named": false}, "origem": {"lemma": "origem", "pos": "NOUN", "is_stop": false, "is_named": false}, "criminosa": {"lemma": "criminoso", "pos": "ADJ", "is_stop": false, "is_named": false}, "destruiu": {"lemma": "destruir", "pos": "VERB", "is_stop": false, "is_named": false}}}, "it": {"text": "un incendio di origine dolosa distrutto", "linguisticInfo": {"un": {"lemma": "uno", "pos": "RI", "is_stop": true, "is_named": false}, "incendio": {"lemma": "incendio", "pos": "S", "is_stop": false, "is_named": false}, "di": {"lemma": "di", "pos": "E", "is_stop": true, "is_named": false}, "origine": {"lemma": "origine", "pos": "S", "is_stop": false, "is_named": false}, "dolosa": {"lemma": "doloso", "pos": "A", "is_stop": false, "is_named": false}, "distrutto": {"lemma": "distruggere", "pos": "V", "is_stop": false, "is_named": false}}}}}, {"id": "R25", "subj": {"type": "Non-human_Patient", "pt": {"text": "a sede do Partido Comunista Franc\u00eas", "linguisticInfo": {"a": {"lemma": "o", "pos": "DET", "is_stop": true, "is_named": false}, "sede": {"lemma": "ser", "pos": "NOUN", "is_stop": false, "is_named": false}, "do": {"lemma": "do", "pos": "ADP", "is_stop": true, "is_named": false}, "Partido": {"lemma": "Partido", "pos": "PROPN", "is_stop": false, "is_named": true}, "Comunista": {"lemma": "Comunista", "pos": "PROPN", "is_stop": false, "is_named": true}, "Franc\u00eas": {"lemma": "Franc\u00eas", "pos": "PROPN", "is_stop": false, "is_named": true}}}, "it": {"text": "sede del partito comunista francese", "linguisticInfo": {"sede": {"lemma": "sede", "pos": "S", "is_stop": false, "is_named": false}, "del": {"lemma": "del", "pos": "E_RD", "is_stop": true, "is_named": false}, "partito": {"lemma": "partito", "pos": "S", "is_stop": false, "is_named": false}, "comunista": {"lemma": "comunista", "pos": "A", "is_stop": false, "is_named": false}, "francese": {"lemma": "francese", "pos": "A", "is_stop": false, "is_named": false}}}}, "obj": {"type": "Event", "pt": {"text": "um inc\u00eandio de origem criminosa destruiu", "linguisticInfo": {"um": {"lemma": "um", "pos": "DET", "is_stop": true, "is_named": false}, "inc\u00eandio": {"lemma": "inc\u00eandio", "pos": "NOUN", "is_stop": false, "is_named": false}, "de": {"lemma": "de", "pos": "ADP", "is_stop": true, "is_named": false}, "origem": {"lemma": "origem", "pos": "NOUN", "is_stop": false, "is_named": false}, "criminosa": {"lemma": "criminoso", "pos": "ADJ", "is_stop": false, "is_named": false}, "destruiu": {"lemma": "destruir", "pos": "VERB", "is_stop": false, "is_named": false}}}, "it": {"text": "un incendio di origine dolosa distrutto", "linguisticInfo": {"un": {"lemma": "uno", "pos": "RI", "is_stop": true, "is_named": false}, "incendio": {"lemma": "incendio", "pos": "S", "is_stop": false, "is_named": false}, "di": {"lemma": "di", "pos": "E", "is_stop": true, "is_named": false}, "origine": {"lemma": "origine", "pos": "S", "is_stop": false, "is_named": false}, "dolosa": {"lemma": "doloso", "pos": "A", "is_stop": false, "is_named": false}, "distrutto": {"lemma": "distruggere", "pos": "V", "is_stop": false, "is_named": false}}}}}, {"id": "R26", "subj": {"type": "Geo_location", "pt": {"text": "na localidade de Livry-Gargand , nos arredores de Paris", "linguisticInfo": {"na": {"lemma": "o", "pos": "ADP", "is_stop": true, "is_named": false}, "localidade": {"lemma": "localidade", "pos": "NOUN", "is_stop": false, "is_named": false}, "de": {"lemma": "de", "pos": "ADP", "is_stop": true, "is_named": false}, "Livry-Gargand": {"lemma": "Livry-Gargand", "pos": "PROPN", "is_stop": false, "is_named": true}, ",": {"lemma": ",", "pos": "PUNCT", "is_stop": false, "is_named": false}, "nos": {"lemma": "o", "pos": "ADP", "is_stop": true, "is_named": false}, "arredores": {"lemma": "arredor", "pos": "NOUN", "is_stop": false, "is_named": false}, "Paris": {"lemma": "Paris", "pos": "PROPN", "is_stop": false, "is_named": true}}}, "it": {"text": "nella localit\u00e0 di livry-gargand , nei dintorni di parigi", "linguisticInfo": {"nella": {"lemma": "nella", "pos": "E_RD", "is_stop": true, "is_named": false}, "localit\u00e0": {"lemma": "localit\u00e0", "pos": "S", "is_stop": false, "is_named": false}, "di": {"lemma": "di", "pos": "E", "is_stop": true, "is_named": false}, "livry": {"lemma": "livry", "pos": "S", "is_stop": false, "is_named": false}, "-": {"lemma": "-", "pos": "FF", "is_stop": false, "is_named": false}, "gargand": {"lemma": "gargand", "pos": "S", "is_stop": false, "is_named": false}, ",": {"lemma": ",", "pos": "FF", "is_stop": false, "is_named": false}, "nei": {"lemma": "nel", "pos": "E_RD", "is_stop": true, "is_named": false}, "dintorni": {"lemma": "dintorno", "pos": "S", "is_stop": false, "is_named": false}, "parigi": {"lemma": "parigi", "pos": "SP", "is_stop": false, "is_named": false}}}}, "obj": {"type": "Event", "pt": {"text": "um inc\u00eandio de origem criminosa destruiu", "linguisticInfo": {"um": {"lemma": "um", "pos": "DET", "is_stop": true, "is_named": false}, "inc\u00eandio": {"lemma": "inc\u00eandio", "pos": "NOUN", "is_stop": false, "is_named": false}, "de": {"lemma": "de", "pos": "ADP", "is_stop": true, "is_named": false}, "origem": {"lemma": "origem", "pos": "NOUN", "is_stop": false, "is_named": false}, "criminosa": {"lemma": "criminoso", "pos": "ADJ", "is_stop": false, "is_named": false}, "destruiu": {"lemma": "destruir", "pos": "VERB", "is_stop": false, "is_named": false}}}, "it": {"text": "un incendio di origine dolosa distrutto", "linguisticInfo": {"un": {"lemma": "uno", "pos": "RI", "is_stop": true, "is_named": false}, "incendio": {"lemma": "incendio", "pos": "S", "is_stop": false, "is_named": false}, "di": {"lemma": "di", "pos": "E", "is_stop": true, "is_named": false}, "origine": {"lemma": "origine", "pos": "S", "is_stop": false, "is_named": false}, "dolosa": {"lemma": "doloso", "pos": "A", "is_stop": false, "is_named": false}, "distrutto": {"lemma": "distruggere", "pos": "V", "is_stop": false, "is_named": false}}}}}]}, "sentences_5": {"itText": "NULL secondo un testimone oculare , il fuoco \u00e8 stato appiccato da 5 uomini arrivati sul posto , verso le tre , con due vetture .", "ptText": "segundo uma testemunha ocular , o fogo foi ateado por cinco homens que chegaram ao local \u00e0s tr\u00eas horas , em dois carros . \n", "relations": [{"id": "R28", "subj": {"type": "Oth_argument", "pt": {"text": "em dois carros", "linguisticInfo": {"em": {"lemma": "em", "pos": "ADP", "is_stop": true, "is_named": false}, "dois": {"lemma": "dois", "pos": "NUM", "is_stop": true, "is_named": false}, "carros": {"lemma": "carro", "pos": "NOUN", "is_stop": false, "is_named": false}}}, "it": {"text": "due vetture", "linguisticInfo": {"due": {"lemma": "due", "pos": "N", "is_stop": true, "is_named": false}, "vetture": {"lemma": "vettura", "pos": "S", "is_stop": false, "is_named": false}}}}, "obj": {"type": "Event", "pt": {"text": "chegaram", "linguisticInfo": {"chegaram": {"lemma": "chegar", "pos": "VERB", "is_stop": false, "is_named": false}}}, "it": {"text": "arrivati", "linguisticInfo": {"arrivati": {"lemma": "arrivare", "pos": "V", "is_stop": false, "is_named": false}}}}}, {"id": "R29", "subj": {"type": "Time", "pt": {"text": "\u00e0s tr\u00eas horas", "linguisticInfo": {"\u00e0s": {"lemma": "\u00e0s", "pos": "ADP", "is_stop": true, "is_named": false}, "tr\u00eas": {"lemma": "tr\u00eas", "pos": "NUM", "is_stop": true, "is_named": false}, "horas": {"lemma": "horar", "pos": "NOUN", "is_stop": false, "is_named": false}}}, "it": {"text": "5 uomini arrivati tre , con", "linguisticInfo": {"5": {"lemma": "5", "pos": "N", "is_stop": false, "is_named": false}, "uomini": {"lemma": "uomo", "pos": "S", "is_stop": false, "is_named": false}, "arrivati": {"lemma": "arrivare", "pos": "V", "is_stop": false, "is_named": false}, "tre": {"lemma": "tre", "pos": "N", "is_stop": true, "is_named": false}, ",": {"lemma": ",", "pos": "FF", "is_stop": false, "is_named": false}, "con": {"lemma": "con", "pos": "E", "is_stop": true, "is_named": false}}}}, "obj": {"type": "Event", "pt": {"text": "chegaram", "linguisticInfo": {"chegaram": {"lemma": "chegar", "pos": "VERB", "is_stop": false, "is_named": false}}}, "it": {"text": "arrivati", "linguisticInfo": {"arrivati": {"lemma": "arrivare", "pos": "V", "is_stop": false, "is_named": false}}}}}, {"id": "R30", "subj": {"type": "Geo_location", "pt": {"text": "ao local", "linguisticInfo": {"ao": {"lemma": "ao", "pos": "ADP", "is_stop": true, "is_named": false}, "local": {"lemma": "local", "pos": "NOUN", "is_stop": true, "is_named": false}}}, "it": {"text": "sul posto ,", "linguisticInfo": {"sul": {"lemma": "sul", "pos": "E_RD", "is_stop": true, "is_named": false}, "posto": {"lemma": "posto", "pos": "S", "is_stop": true, "is_named": false}, ",": {"lemma": ",", "pos": "FF", "is_stop": false, "is_named": false}}}}, "obj": {"type": "Event", "pt": {"text": "chegaram", "linguisticInfo": {"chegaram": {"lemma": "chegar", "pos": "VERB", "is_stop": false, "is_named": false}}}, "it": {"text": "arrivati", "linguisticInfo": {"arrivati": {"lemma": "arrivare", "pos": "V", "is_stop": false, "is_named": false}}}}}, {"id": "R31", "subj": {"type": "Human_Agent", "pt": {"text": "que", "linguisticInfo": {"que": {"lemma": "que", "pos": "SCONJ", "is_stop": true, "is_named": false}}}, "it": {"text": "", "linguisticInfo": {}}}, "obj": {"type": "Event", "pt": {"text": "chegaram", "linguisticInfo": {"chegaram": {"lemma": "chegar", "pos": "VERB", "is_stop": false, "is_named": false}}}, "it": {"text": "arrivati", "linguisticInfo": {"arrivati": {"lemma": "arrivare", "pos": "V", "is_stop": false, "is_named": false}}}}}, {"id": "R44", "subj": {"type": "Human_Agent", "pt": {"text": "cinco homens que chegaram ao local \u00e0s tr\u00eas horas , em dois carros", "linguisticInfo": {"cinco": {"lemma": "cincar", "pos": "NUM", "is_stop": true, "is_named": false}, "homens": {"lemma": "homem", "pos": "NOUN", "is_stop": false, "is_named": false}, "que": {"lemma": "que", "pos": "PRON", "is_stop": true, "is_named": false}, "chegaram": {"lemma": "chegar", "pos": "VERB", "is_stop": false, "is_named": false}, "ao": {"lemma": "ao", "pos": "ADP", "is_stop": true, "is_named": false}, "local": {"lemma": "local", "pos": "NOUN", "is_stop": true, "is_named": false}, "\u00e0s": {"lemma": "\u00e0s", "pos": "ADP", "is_stop": true, "is_named": false}, "tr\u00eas": {"lemma": "tr\u00eas", "pos": "NUM", "is_stop": true, "is_named": false}, "horas": {"lemma": "horar", "pos": "NOUN", "is_stop": false, "is_named": false}, ",": {"lemma": ",", "pos": "PUNCT", "is_stop": false, "is_named": false}, "em": {"lemma": "em", "pos": "ADP", "is_stop": true, "is_named": false}, "dois": {"lemma": "dois", "pos": "NUM", "is_stop": true, "is_named": false}, "carros": {"lemma": "carro", "pos": "NOUN", "is_stop": false, "is_named": false}}}, "it": {"text": "5 uomini arrivati sul", "linguisticInfo": {"5": {"lemma": "5", "pos": "N", "is_stop": false, "is_named": false}, "uomini": {"lemma": "uomo", "pos": "S", "is_stop": false, "is_named": false}, "arrivati": {"lemma": "arrivare", "pos": "V", "is_stop": false, "is_named": false}, "sul": {"lemma": "sul", "pos": "E_RD", "is_stop": true, "is_named": false}}}}, "obj": {"type": "Event", "pt": {"text": "o fogo foi ateado", "linguisticInfo": {"o": {"lemma": "o", "pos": "DET", "is_stop": true, "is_named": false}, "fogo": {"lemma": "fogo", "pos": "NOUN", "is_stop": false, "is_named": false}, "foi": {"lemma": "ser", "pos": "AUX", "is_stop": true, "is_named": false}, "ateado": {"lemma": "atear", "pos": "VERB", "is_stop": false, "is_named": false}}}, "it": {"text": "il fuoco stato appiccato", "linguisticInfo": {"il": {"lemma": "il", "pos": "RD", "is_stop": true, "is_named": false}, "fuoco": {"lemma": "fuoco", "pos": "S", "is_stop": false, "is_named": false}, "stato": {"lemma": "stare", "pos": "VA", "is_stop": true, "is_named": false}, "appiccato": {"lemma": "appiccato", "pos": "A", "is_stop": false, "is_named": false}}}}}]}, "sentences_6": {"itText": "NULL all \u2019 alba di ieri , invece , in un hotel nei dintorni di ajaccio , capitale del nord della corsica , sono esplose tre bombe che hanno causato ingenti danni materiali .", "ptText": "por outro lado , tr\u00eas bombas explodiram na madrugada de ontem num hotel dos arredores de ajaccio , capital do norte da ilha de c\u00f3rsega , causando importantes danos materiais . \n", "relations": [{"id": "R32", "subj": {"type": "Non-human_Agent", "pt": {"text": "tr\u00eas bombas", "linguisticInfo": {"tr\u00eas": {"lemma": "tr\u00eas", "pos": "NUM", "is_stop": true, "is_named": false}, "bombas": {"lemma": "bomba", "pos": "NOUN", "is_stop": false, "is_named": false}}}, "it": {"text": "tre bombe", "linguisticInfo": {"tre": {"lemma": "tre", "pos": "N", "is_stop": true, "is_named": false}, "bombe": {"lemma": "bomba", "pos": "S", "is_stop": false, "is_named": false}}}}, "obj": {"type": "Event", "pt": {"text": "explodiram", "linguisticInfo": {"explodiram": {"lemma": "explodir", "pos": "VERB", "is_stop": false, "is_named": false}}}, "it": {"text": "esplose", "linguisticInfo": {"esplose": {"lemma": "esplodere", "pos": "V", "is_stop": false, "is_named": false}}}}}, {"id": "R33", "subj": {"type": "Time", "pt": {"text": "na madrugada de ontem", "linguisticInfo": {"na": {"lemma": "o", "pos": "ADP", "is_stop": true, "is_named": false}, "madrugada": {"lemma": "madrugar", "pos": "NOUN", "is_stop": false, "is_named": false}, "de": {"lemma": "de", "pos": "ADP", "is_stop": true, "is_named": false}, "ontem": {"lemma": "ontem", "pos": "ADV", "is_stop": true, "is_named": false}}}, "it": {"text": "in un hotel", "linguisticInfo": {"in": {"lemma": "in", "pos": "E", "is_stop": true, "is_named": false}, "un": {"lemma": "uno", "pos": "RI", "is_stop": true, "is_named": false}, "hotel": {"lemma": "hotel", "pos": "S", "is_stop": false, "is_named": false}}}}, "obj": {"type": "Event", "pt": {"text": "explodiram", "linguisticInfo": {"explodiram": {"lemma": "explodir", "pos": "VERB", "is_stop": false, "is_named": false}}}, "it": {"text": "esplose", "linguisticInfo": {"esplose": {"lemma": "esplodere", "pos": "V", "is_stop": false, "is_named": false}}}}}, {"id": "R34", "subj": {"type": "Geo_location", "pt": {"text": "num hotel dos arredores de Ajaccio , capital do Norte da ilha de C\u00f3rsega", "linguisticInfo": {"num": {"lemma": "num", "pos": "ADP", "is_stop": true, "is_named": false}, "hotel": {"lemma": "hotel", "pos": "NOUN", "is_stop": false, "is_named": false}, "dos": {"lemma": "dos", "pos": "ADP", "is_stop": true, "is_named": false}, "arredores": {"lemma": "arredor", "pos": "NOUN", "is_stop": false, "is_named": false}, "de": {"lemma": "de", "pos": "ADP", "is_stop": true, "is_named": false}, "Ajaccio": {"lemma": "Ajaccio", "pos": "PROPN", "is_stop": false, "is_named": true}, ",": {"lemma": ",", "pos": "PUNCT", "is_stop": false, "is_named": false}, "capital": {"lemma": "capital", "pos": "NOUN", "is_stop": false, "is_named": false}, "do": {"lemma": "do", "pos": "ADP", "is_stop": true, "is_named": false}, "Norte": {"lemma": "Norte", "pos": "PROPN", "is_stop": false, "is_named": true}, "da": {"lemma": "da", "pos": "ADP", "is_stop": true, "is_named": false}, "ilha": {"lemma": "ilhar", "pos": "NOUN", "is_stop": false, "is_named": false}, "C\u00f3rsega": {"lemma": "C\u00f3rsega", "pos": "PROPN", "is_stop": false, "is_named": true}}}, "it": {"text": "un hotel nei dintorni di ajaccio , capitale del nord della corsica , sono", "linguisticInfo": {"un": {"lemma": "uno", "pos": "RI", "is_stop": true, "is_named": false}, "hotel": {"lemma": "hotel", "pos": "S", "is_stop": false, "is_named": false}, "nei": {"lemma": "nel", "pos": "E_RD", "is_stop": true, "is_named": false}, "dintorni": {"lemma": "dintorno", "pos": "S", "is_stop": false, "is_named": false}, "di": {"lemma": "di", "pos": "E", "is_stop": true, "is_named": false}, "ajaccio": {"lemma": "ajaccio", "pos": "S", "is_stop": false, "is_named": false}, ",": {"lemma": ",", "pos": "FF", "is_stop": false, "is_named": false}, "capitale": {"lemma": "capitale", "pos": "S", "is_stop": false, "is_named": false}, "del": {"lemma": "del", "pos": "E_RD", "is_stop": true, "is_named": false}, "nord": {"lemma": "nord", "pos": "S", "is_stop": false, "is_named": false}, "della": {"lemma": "della", "pos": "E_RD", "is_stop": true, "is_named": false}, "corsica": {"lemma": "corsica", "pos": "S", "is_stop": false, "is_named": false}, "sono": {"lemma": "essere", "pos": "V", "is_stop": true, "is_named": false}}}}, "obj": {"type": "Event", "pt": {"text": "explodiram", "linguisticInfo": {"explodiram": {"lemma": "explodir", "pos": "VERB", "is_stop": false, "is_named": false}}}, "it": {"text": "esplose", "linguisticInfo": {"esplose": {"lemma": "esplodere", "pos": "V", "is_stop": false, "is_named": false}}}}}, {"id": "R35", "subj": {"type": "Non-human_Patient", "pt": {"text": "importantes danos materiais", "linguisticInfo": {"importantes": {"lemma": "importante", "pos": "ADJ", "is_stop": false, "is_named": false}, "danos": {"lemma": "dano", "pos": "NOUN", "is_stop": false, "is_named": false}, "materiais": {"lemma": "material", "pos": "ADJ", "is_stop": false, "is_named": false}}}, "it": {"text": "ingenti danni materiali", "linguisticInfo": {"ingenti": {"lemma": "ingente", "pos": "A", "is_stop": false, "is_named": false}, "danni": {"lemma": "danno", "pos": "S", "is_stop": false, "is_named": false}, "materiali": {"lemma": "materiale", "pos": "A", "is_stop": false, "is_named": false}}}}, "obj": {"type": "Event", "pt": {"text": "causando", "linguisticInfo": {"causando": {"lemma": "causar", "pos": "VERB", "is_stop": false, "is_named": false}}}, "it": {"text": "causato", "linguisticInfo": {"causato": {"lemma": "causare", "pos": "V", "is_stop": false, "is_named": false}}}}}]}, "sentences_7": {"itText": "NULL le tre esplosioni , che non hanno causato vittime , si sono succedute a pochi minuti di distanza l \u2019 una dall \u2019 altra , poco prima della mezzanotte , provocando un incendio .", "ptText": "as tr\u00eas explos\u00f5es , que n\u00e3o causaram v\u00edtimas , ocorreram com escassos minutos de intervalo , pouco antes da meia-noite e provocaram um inc\u00eandio . \n", "relations": [{"id": "R38", "subj": {"type": "Human_Patient", "pt": {"text": "v\u00edtimas", "linguisticInfo": {"v\u00edtimas": {"lemma": "v\u00edtima", "pos": "NOUN", "is_stop": false, "is_named": false}}}, "it": {"text": "vittime", "linguisticInfo": {"vittime": {"lemma": "vittima", "pos": "S", "is_stop": false, "is_named": false}}}}, "obj": {"type": "Event", "pt": {"text": "n\u00e3o causaram", "linguisticInfo": {"n\u00e3o": {"lemma": "n\u00e3o", "pos": "ADV", "is_stop": true, "is_named": false}, "causaram": {"lemma": "causar", "pos": "VERB", "is_stop": false, "is_named": false}}}, "it": {"text": "non causato", "linguisticInfo": {"non": {"lemma": "non", "pos": "BN", "is_stop": true, "is_named": false}, "causato": {"lemma": "causare", "pos": "V", "is_stop": false, "is_named": false}}}}}, {"id": "R39", "subj": {"type": "Non-human_Agent", "pt": {"text": "que", "linguisticInfo": {"que": {"lemma": "que", "pos": "SCONJ", "is_stop": true, "is_named": false}}}, "it": {"text": "che", "linguisticInfo": {"che": {"lemma": "che", "pos": "CS", "is_stop": true, "is_named": false}}}}, "obj": {"type": "Event", "pt": {"text": "n\u00e3o causaram", "linguisticInfo": {"n\u00e3o": {"lemma": "n\u00e3o", "pos": "ADV", "is_stop": true, "is_named": false}, "causaram": {"lemma": "causar", "pos": "VERB", "is_stop": false, "is_named": false}}}, "it": {"text": "non causato", "linguisticInfo": {"non": {"lemma": "non", "pos": "BN", "is_stop": true, "is_named": false}, "causato": {"lemma": "causare", "pos": "V", "is_stop": false, "is_named": false}}}}}, {"id": "R43", "subj": {"type": "Non-human_Agent", "pt": {"text": "As tr\u00eas explos\u00f5es , que n\u00e3o causaram v\u00edtimas", "linguisticInfo": {"As": {"lemma": "As", "pos": "DET", "is_stop": true, "is_named": true}, "tr\u00eas": {"lemma": "tr\u00eas", "pos": "NUM", "is_stop": true, "is_named": false}, "explos\u00f5es": {"lemma": "explos\u00e3o", "pos": "NOUN", "is_stop": false, "is_named": false}, ",": {"lemma": ",", "pos": "PUNCT", "is_stop": false, "is_named": false}, "que": {"lemma": "que", "pos": "PRON", "is_stop": true, "is_named": false}, "n\u00e3o": {"lemma": "n\u00e3o", "pos": "ADV", "is_stop": true, "is_named": false}, "causaram": {"lemma": "causar", "pos": "VERB", "is_stop": false, "is_named": false}, "v\u00edtimas": {"lemma": "v\u00edtima", "pos": "NOUN", "is_stop": false, "is_named": false}}}, "it": {"text": "le tre esplosioni , che non causato vittime", "linguisticInfo": {"le": {"lemma": "il", "pos": "RD", "is_stop": true, "is_named": false}, "tre": {"lemma": "tre", "pos": "N", "is_stop": true, "is_named": false}, "esplosioni": {"lemma": "esplosione", "pos": "S", "is_stop": false, "is_named": false}, ",": {"lemma": ",", "pos": "FF", "is_stop": false, "is_named": false}, "che": {"lemma": "che", "pos": "PR", "is_stop": true, "is_named": false}, "non": {"lemma": "non", "pos": "BN", "is_stop": true, "is_named": false}, "causato": {"lemma": "causare", "pos": "V", "is_stop": false, "is_named": false}, "vittime": {"lemma": "vittima", "pos": "S", "is_stop": false, "is_named": false}}}}, "obj": {"type": "Event", "pt": {"text": "provocaram um inc\u00eandio", "linguisticInfo": {"provocaram": {"lemma": "provocar", "pos": "VERB", "is_stop": false, "is_named": false}, "um": {"lemma": "um", "pos": "DET", "is_stop": true, "is_named": false}, "inc\u00eandio": {"lemma": "inc\u00eandio", "pos": "NOUN", "is_stop": false, "is_named": false}}}, "it": {"text": "provocando un incendio", "linguisticInfo": {"provocando": {"lemma": "provocare", "pos": "V", "is_stop": false, "is_named": false}, "un": {"lemma": "uno", "pos": "RI", "is_stop": true, "is_named": false}, "incendio": {"lemma": "incendio", "pos": "S", "is_stop": false, "is_named": false}}}}}]}}