{"sentences_0": {"itText": "NULL secondo quanto dichiarato dalla direzione generale delle foreste ( dgf ) , \u00ab a seguito di una delibera del consiglio dei ministri , \u00bb \u00e8 stato aperto \u00ab concorso pubblico per la realizzazione di parchi . per la circoscrizione di coimbra , per\u00f2 , si \u00e8 presentato un unico concorrente , ragion per cui abbiamo deciso di assumere l \u2019 onere di risolvere il problema \u00bb .", "ptText": "segundo uma fonte da dgf , foi aberto \u00ab um concurso p\u00fablico para a cria\u00e7\u00e3o desses parques , na sequ\u00eancia de uma resolu\u00e7\u00e3o do conselho de ministros , mas apenas apareceu um concorrente , para a circunscri\u00e7\u00e3o de coimbra , pelo que decidimos avan\u00e7ar n\u00f3s mesmos na resolu\u00e7\u00e3o do problema \u00bb . \n", "relations": [{"id": "R1", "subj": {"type": "Non-human_Oth_participant", "pt": {"text": "para a cria\u00e7\u00e3o desses parques", "linguisticInfo": {"para": {"lemma": "parir", "pos": "ADP", "is_stop": true, "is_named": false}, "a": {"lemma": "o", "pos": "DET", "is_stop": true, "is_named": false}, "cria\u00e7\u00e3o": {"lemma": "cria\u00e7\u00e3o", "pos": "NOUN", "is_stop": false, "is_named": false}, "desses": {"lemma": "dessar", "pos": "ADP", "is_stop": false, "is_named": false}, "parques": {"lemma": "parque", "pos": "NOUN", "is_stop": false, "is_named": false}}}, "it": {"text": "per la realizzazione di parchi", "linguisticInfo": {"per": {"lemma": "per", "pos": "E", "is_stop": true, "is_named": false}, "la": {"lemma": "il", "pos": "RD", "is_stop": true, "is_named": false}, "realizzazione": {"lemma": "realizzazione", "pos": "S", "is_stop": false, "is_named": false}, "di": {"lemma": "di", "pos": "E", "is_stop": true, "is_named": false}, "parchi": {"lemma": "parco", "pos": "S", "is_stop": false, "is_named": false}}}}, "obj": {"type": "Event", "pt": {"text": "foi aberto", "linguisticInfo": {"foi": {"lemma": "ser", "pos": "AUX", "is_stop": true, "is_named": false}, "aberto": {"lemma": "aberto", "pos": "VERB", "is_stop": false, "is_named": false}}}, "it": {"text": "stato aperto", "linguisticInfo": {"stato": {"lemma": "stare", "pos": "VA", "is_stop": true, "is_named": false}, "aperto": {"lemma": "aprire", "pos": "V", "is_stop": false, "is_named": false}}}}}, {"id": "R2", "subj": {"type": "Non-human_Patient", "pt": {"text": "desses parques", "linguisticInfo": {"desses": {"lemma": "dessar", "pos": "ADP", "is_stop": false, "is_named": false}, "parques": {"lemma": "parque", "pos": "NOUN", "is_stop": false, "is_named": false}}}, "it": {"text": "dgf ) ,", "linguisticInfo": {"dgf": {"lemma": "dgf", "pos": "S", "is_stop": false, "is_named": false}, ")": {"lemma": ")", "pos": "FB", "is_stop": false, "is_named": false}, ",": {"lemma": ",", "pos": "FF", "is_stop": false, "is_named": false}}}}, "obj": {"type": "Event", "pt": {"text": "a cria\u00e7\u00e3o", "linguisticInfo": {"a": {"lemma": "o", "pos": "DET", "is_stop": true, "is_named": false}, "cria\u00e7\u00e3o": {"lemma": "cria\u00e7\u00e3o", "pos": "NOUN", "is_stop": false, "is_named": false}}}, "it": {"text": "la realizzazione", "linguisticInfo": {"la": {"lemma": "il", "pos": "RD", "is_stop": true, "is_named": false}, "realizzazione": {"lemma": "realizzazione", "pos": "S", "is_stop": false, "is_named": false}}}}}, {"id": "R3", "subj": {"type": "Human_Agent", "pt": {"text": "um concorrente", "linguisticInfo": {"um": {"lemma": "um", "pos": "DET", "is_stop": true, "is_named": false}, "concorrente": {"lemma": "concorrente", "pos": "NOUN", "is_stop": false, "is_named": false}}}, "it": {"text": "un concorrente", "linguisticInfo": {"un": {"lemma": "uno", "pos": "RI", "is_stop": true, "is_named": false}, "concorrente": {"lemma": "concorrente", "pos": "S", "is_stop": false, "is_named": false}}}}, "obj": {"type": "Event", "pt": {"text": "apenas apareceu", "linguisticInfo": {"apenas": {"lemma": "apenas", "pos": "ADV", "is_stop": true, "is_named": false}, "apareceu": {"lemma": "aparecer", "pos": "VERB", "is_stop": false, "is_named": false}}}, "it": {"text": "ragion per cui", "linguisticInfo": {"ragion": {"lemma": "ragione", "pos": "S", "is_stop": false, "is_named": false}, "per": {"lemma": "per", "pos": "E", "is_stop": true, "is_named": false}, "cui": {"lemma": "cui", "pos": "PR", "is_stop": true, "is_named": false}}}}}, {"id": "R4", "subj": {"type": "Non-human_Oth_participant", "pt": {"text": "a circunscri\u00e7\u00e3o de Coimbra", "linguisticInfo": {"a": {"lemma": "o", "pos": "DET", "is_stop": true, "is_named": false}, "circunscri\u00e7\u00e3o": {"lemma": "circunscri\u00e7\u00e3o", "pos": "NOUN", "is_stop": false, "is_named": false}, "de": {"lemma": "de", "pos": "ADP", "is_stop": true, "is_named": false}, "Coimbra": {"lemma": "Coimbra", "pos": "PROPN", "is_stop": false, "is_named": true}}}, "it": {"text": "la circoscrizione di coimbra", "linguisticInfo": {"la": {"lemma": "il", "pos": "RD", "is_stop": true, "is_named": false}, "circoscrizione": {"lemma": "circoscrizione", "pos": "S", "is_stop": false, "is_named": false}, "di": {"lemma": "di", "pos": "E", "is_stop": true, "is_named": false}, "coimbra": {"lemma": "coimbra", "pos": "S", "is_stop": false, "is_named": false}}}}, "obj": {"type": "Event", "pt": {"text": "apenas apareceu", "linguisticInfo": {"apenas": {"lemma": "apenas", "pos": "ADV", "is_stop": true, "is_named": false}, "apareceu": {"lemma": "aparecer", "pos": "VERB", "is_stop": false, "is_named": false}}}, "it": {"text": "ragion per cui", "linguisticInfo": {"ragion": {"lemma": "ragione", "pos": "S", "is_stop": false, "is_named": false}, "per": {"lemma": "per", "pos": "E", "is_stop": true, "is_named": false}, "cui": {"lemma": "cui", "pos": "PR", "is_stop": true, "is_named": false}}}}}, {"id": "R5", "subj": {"type": "Non-human_Patient", "pt": {"text": "na resolu\u00e7\u00e3o do problema", "linguisticInfo": {"na": {"lemma": "o", "pos": "ADP", "is_stop": true, "is_named": false}, "resolu\u00e7\u00e3o": {"lemma": "resolu\u00e7\u00e3o", "pos": "NOUN", "is_stop": false, "is_named": false}, "do": {"lemma": "do", "pos": "ADP", "is_stop": true, "is_named": false}, "problema": {"lemma": "problema", "pos": "NOUN", "is_stop": false, "is_named": false}}}, "it": {"text": "dgf ) , risolvere il problema", "linguisticInfo": {"dgf": {"lemma": "dgf", "pos": "S", "is_stop": false, "is_named": false}, ")": {"lemma": ")", "pos": "FB", "is_stop": false, "is_named": false}, ",": {"lemma": ",", "pos": "FF", "is_stop": false, "is_named": false}, "risolvere": {"lemma": "risolvere", "pos": "V", "is_stop": false, "is_named": false}, "il": {"lemma": "il", "pos": "RD", "is_stop": true, "is_named": false}, "problema": {"lemma": "problema", "pos": "S", "is_stop": false, "is_named": false}}}}, "obj": {"type": "Event", "pt": {"text": "decidimos avan\u00e7ar", "linguisticInfo": {"decidimos": {"lemma": "decidir", "pos": "VERB", "is_stop": false, "is_named": false}, "avan\u00e7ar": {"lemma": "avan\u00e7ar", "pos": "VERB", "is_stop": false, "is_named": false}}}, "it": {"text": "dgf ) ,", "linguisticInfo": {"dgf": {"lemma": "dgf", "pos": "S", "is_stop": false, "is_named": false}, ")": {"lemma": ")", "pos": "FB", "is_stop": false, "is_named": false}, ",": {"lemma": ",", "pos": "FF", "is_stop": false, "is_named": false}}}}}, {"id": "R6", "subj": {"type": "Human_Agent", "pt": {"text": "n\u00f3s mesmos", "linguisticInfo": {"n\u00f3s": {"lemma": "n\u00f3", "pos": "PRON", "is_stop": true, "is_named": false}, "mesmos": {"lemma": "mesmo", "pos": "ADJ", "is_stop": false, "is_named": false}}}, "it": {"text": "dgf ) ,", "linguisticInfo": {"dgf": {"lemma": "dgf", "pos": "S", "is_stop": false, "is_named": false}, ")": {"lemma": ")", "pos": "FB", "is_stop": false, "is_named": false}, ",": {"lemma": ",", "pos": "FF", "is_stop": false, "is_named": false}}}}, "obj": {"type": "Event", "pt": {"text": "decidimos avan\u00e7ar", "linguisticInfo": {"decidimos": {"lemma": "decidir", "pos": "VERB", "is_stop": false, "is_named": false}, "avan\u00e7ar": {"lemma": "avan\u00e7ar", "pos": "VERB", "is_stop": false, "is_named": false}}}, "it": {"text": "dgf ) ,", "linguisticInfo": {"dgf": {"lemma": "dgf", "pos": "S", "is_stop": false, "is_named": false}, ")": {"lemma": ")", "pos": "FB", "is_stop": false, "is_named": false}, ",": {"lemma": ",", "pos": "FF", "is_stop": false, "is_named": false}}}}}, {"id": "R42", "subj": {"type": "Non-human_Patient", "pt": {"text": "um concurso p\u00fablico", "linguisticInfo": {"um": {"lemma": "um", "pos": "DET", "is_stop": true, "is_named": false}, "concurso": {"lemma": "concurso", "pos": "NOUN", "is_stop": false, "is_named": false}, "p\u00fablico": {"lemma": "p\u00fablico", "pos": "ADJ", "is_stop": false, "is_named": false}}}, "it": {"text": "concorso pubblico", "linguisticInfo": {"concorso": {"lemma": "concorso", "pos": "S", "is_stop": false, "is_named": false}, "pubblico": {"lemma": "pubblico", "pos": "A", "is_stop": false, "is_named": false}}}}, "obj": {"type": "Event", "pt": {"text": "foi aberto", "linguisticInfo": {"foi": {"lemma": "ser", "pos": "AUX", "is_stop": true, "is_named": false}, "aberto": {"lemma": "aberto", "pos": "VERB", "is_stop": false, "is_named": false}}}, "it": {"text": "stato aperto", "linguisticInfo": {"stato": {"lemma": "stare", "pos": "VA", "is_stop": true, "is_named": false}, "aperto": {"lemma": "aprire", "pos": "V", "is_stop": false, "is_named": false}}}}}]}, "sentences_1": {"itText": "NULL ha affermato : \u00ab era tutto pronto ed organizzato , quello che \u00e8 mancato \u00e8 stata la partecipazione \u00bb , e ha poi aggiunto \u00ab vogliamo adibire una serie di parchi dove , gli interessati , possano portare la legna bruciata per rivenderla al miglior prezzo possibile , senza alcun scopo di lucro da parte nostra . \u00bb", "ptText": "\u00ab prepar\u00e1mos e organiz\u00e1mos tudo , s\u00f3 que n\u00e3o houve ader\u00eancia \u00bb , sublinhou , \u00ab por isso vamos criar parques de recep\u00e7\u00e3o de madeira queimada , para quem quiser l\u00e1 p\u00f4 # -la , e vamos vend\u00ea # -la ao melhor pre\u00e7o poss\u00edvel , sem ficarmos com um tost\u00e3o . \u00bb \n", "relations": [{"id": "R8", "subj": {"type": "Non-human_Patient", "pt": {"text": "parques de recep\u00e7\u00e3o de madeira queimada", "linguisticInfo": {"parques": {"lemma": "parque", "pos": "NOUN", "is_stop": false, "is_named": false}, "de": {"lemma": "de", "pos": "ADP", "is_stop": true, "is_named": false}, "recep\u00e7\u00e3o": {"lemma": "recep\u00e7\u00e3o", "pos": "NOUN", "is_stop": false, "is_named": false}, "madeira": {"lemma": "madeirar", "pos": "NOUN", "is_stop": false, "is_named": false}, "queimada": {"lemma": "queimar", "pos": "VERB", "is_stop": false, "is_named": false}}}, "it": {"text": "adibire una serie di parchi dove", "linguisticInfo": {"adibire": {"lemma": "adibire", "pos": "V", "is_stop": false, "is_named": false}, "una": {"lemma": "uno", "pos": "RI", "is_stop": true, "is_named": false}, "serie": {"lemma": "serie", "pos": "S", "is_stop": false, "is_named": false}, "di": {"lemma": "di", "pos": "E", "is_stop": true, "is_named": false}, "parchi": {"lemma": "parco", "pos": "S", "is_stop": false, "is_named": false}, "dove": {"lemma": "dove", "pos": "B", "is_stop": true, "is_named": false}}}}, "obj": {"type": "Event", "pt": {"text": "vamos criar", "linguisticInfo": {"vamos": {"lemma": "ir", "pos": "AUX", "is_stop": false, "is_named": false}, "criar": {"lemma": "criar", "pos": "VERB", "is_stop": false, "is_named": false}}}, "it": {"text": "vogliamo adibire", "linguisticInfo": {"vogliamo": {"lemma": "volere", "pos": "VM", "is_stop": false, "is_named": false}, "adibire": {"lemma": "adibire", "pos": "V", "is_stop": false, "is_named": false}}}}}]}, "sentences_2": {"itText": "NULL secondo quanto anticipato dalla stessa fonte , il contratto d \u2019 appalto per la circoscrizione di coimbra potr\u00e0 procedere \u00ab non appena avremo avremo il preventivo dei costi \u00bb basato su diversi fattori , tra cui : lo studio di mercato della locazione dei parchi , i risultati dei questionari sottoposti agli interessati , la redazione del capitolato d \u2019 appalto e l \u2019 apertura del concorso \u00ab a cui si \u00e8 presentato un solo interessato \u00bb .", "ptText": "a mesma fonte adiantou que a empreitada da circunscri\u00e7\u00e3o de coimbra ir\u00e1 avan\u00e7ar \u00ab logo que tenhamos cabimento or\u00e7amental \u00bb , no seguimento do estudo da loca\u00e7\u00e3o dos parques , da realiza\u00e7\u00e3o de inqu\u00e9ritos aos interessados , da elabora\u00e7\u00e3o dos cadernos de encargos e da abertura do concurso , \u00ab a que s\u00f3 respondeu um interessado \u00bb . \n", "relations": [{"id": "R12", "subj": {"type": "Human_Agent", "pt": {"text": "A mesma fonte", "linguisticInfo": {"A": {"lemma": "A", "pos": "DET", "is_stop": true, "is_named": true}, "mesma": {"lemma": "mesmo", "pos": "ADJ", "is_stop": false, "is_named": false}, "fonte": {"lemma": "fonte", "pos": "NOUN", "is_stop": false, "is_named": false}}}, "it": {"text": "anticipato fonte", "linguisticInfo": {"anticipato": {"lemma": "anticipare", "pos": "V", "is_stop": false, "is_named": false}, "fonte": {"lemma": "fonte", "pos": "S", "is_stop": false, "is_named": false}}}}, "obj": {"type": "Event", "pt": {"text": "adiantou", "linguisticInfo": {"adiantou": {"lemma": "adiantar", "pos": "VERB", "is_stop": false, "is_named": false}}}, "it": {"text": "contratto", "linguisticInfo": {"contratto": {"lemma": "contrattare", "pos": "V", "is_stop": false, "is_named": false}}}}}, {"id": "R14", "subj": {"type": "Time", "pt": {"text": "logo que tenhamos cabimento or\u00e7amental", "linguisticInfo": {"logo": {"lemma": "logo", "pos": "ADV", "is_stop": true, "is_named": false}, "que": {"lemma": "que", "pos": "SCONJ", "is_stop": true, "is_named": false}, "tenhamos": {"lemma": "ter", "pos": "VERB", "is_stop": false, "is_named": false}, "cabimento": {"lemma": "cabimento", "pos": "ADV", "is_stop": false, "is_named": false}, "or\u00e7amental": {"lemma": "or\u00e7amental", "pos": "ADJ", "is_stop": false, "is_named": false}}}, "it": {"text": "appena avremo avremo", "linguisticInfo": {"appena": {"lemma": "appena", "pos": "B", "is_stop": false, "is_named": false}, "avremo": {"lemma": "avere", "pos": "V", "is_stop": true, "is_named": false}}}}, "obj": {"type": "Event", "pt": {"text": "ir\u00e1 avan\u00e7ar", "linguisticInfo": {"ir\u00e1": {"lemma": "irar", "pos": "AUX", "is_stop": true, "is_named": false}, "avan\u00e7ar": {"lemma": "avan\u00e7ar", "pos": "VERB", "is_stop": false, "is_named": false}}}, "it": {"text": "potr\u00e0 procedere", "linguisticInfo": {"potr\u00e0": {"lemma": "potere", "pos": "VM", "is_stop": false, "is_named": false}, "procedere": {"lemma": "procedere", "pos": "V", "is_stop": false, "is_named": false}}}}}, {"id": "R15", "subj": {"type": "Non-human_Agent", "pt": {"text": "a empreitada da circunscri\u00e7\u00e3o de Coimbra", "linguisticInfo": {"a": {"lemma": "o", "pos": "DET", "is_stop": true, "is_named": false}, "empreitada": {"lemma": "empreitar", "pos": "NOUN", "is_stop": false, "is_named": false}, "da": {"lemma": "da", "pos": "ADP", "is_stop": true, "is_named": false}, "circunscri\u00e7\u00e3o": {"lemma": "circunscri\u00e7\u00e3o", "pos": "NOUN", "is_stop": false, "is_named": false}, "de": {"lemma": "de", "pos": "ADP", "is_stop": true, "is_named": false}, "Coimbra": {"lemma": "Coimbra", "pos": "PROPN", "is_stop": false, "is_named": true}}}, "it": {"text": "appalto la circoscrizione di coimbra", "linguisticInfo": {"appalto": {"lemma": "appaltare", "pos": "V", "is_stop": false, "is_named": false}, "la": {"lemma": "il", "pos": "RD", "is_stop": true, "is_named": false}, "circoscrizione": {"lemma": "circoscrizione", "pos": "S", "is_stop": false, "is_named": false}, "di": {"lemma": "di", "pos": "E", "is_stop": true, "is_named": false}, "coimbra": {"lemma": "coimbra", "pos": "S", "is_stop": false, "is_named": false}}}}, "obj": {"type": "Event", "pt": {"text": "ir\u00e1 avan\u00e7ar", "linguisticInfo": {"ir\u00e1": {"lemma": "irar", "pos": "AUX", "is_stop": true, "is_named": false}, "avan\u00e7ar": {"lemma": "avan\u00e7ar", "pos": "VERB", "is_stop": false, "is_named": false}}}, "it": {"text": "potr\u00e0 procedere", "linguisticInfo": {"potr\u00e0": {"lemma": "potere", "pos": "VM", "is_stop": false, "is_named": false}, "procedere": {"lemma": "procedere", "pos": "V", "is_stop": false, "is_named": false}}}}}, {"id": "R19", "subj": {"type": "Human_Agent", "pt": {"text": "um interessado", "linguisticInfo": {"um": {"lemma": "um", "pos": "DET", "is_stop": true, "is_named": false}, "interessado": {"lemma": "interessar", "pos": "NOUN", "is_stop": false, "is_named": false}}}, "it": {"text": "un interessato", "linguisticInfo": {"un": {"lemma": "uno", "pos": "RI", "is_stop": true, "is_named": false}, "interessato": {"lemma": "interessato", "pos": "A", "is_stop": false, "is_named": false}}}}, "obj": {"type": "Event", "pt": {"text": "s\u00f3 respondeu", "linguisticInfo": {"s\u00f3": {"lemma": "s\u00f3", "pos": "ADV", "is_stop": true, "is_named": false}, "respondeu": {"lemma": "responder", "pos": "VERB", "is_stop": false, "is_named": false}}}, "it": {"text": "solo interessato \u00bb", "linguisticInfo": {"solo": {"lemma": "solo", "pos": "B", "is_stop": true, "is_named": false}, "interessato": {"lemma": "interessato", "pos": "A", "is_stop": false, "is_named": false}, "\u00bb": {"lemma": "\u00bb", "pos": "FB", "is_stop": false, "is_named": false}}}}}, {"id": "R20", "subj": {"type": "Non-human_Patient", "pt": {"text": "a que", "linguisticInfo": {"a": {"lemma": "o", "pos": "ADP", "is_stop": true, "is_named": false}, "que": {"lemma": "que", "pos": "PRON", "is_stop": true, "is_named": false}}}, "it": {"text": "a cui", "linguisticInfo": {"a": {"lemma": "a", "pos": "E", "is_stop": true, "is_named": false}, "cui": {"lemma": "cui", "pos": "PR", "is_stop": true, "is_named": false}}}}, "obj": {"type": "Event", "pt": {"text": "s\u00f3 respondeu", "linguisticInfo": {"s\u00f3": {"lemma": "s\u00f3", "pos": "ADV", "is_stop": true, "is_named": false}, "respondeu": {"lemma": "responder", "pos": "VERB", "is_stop": false, "is_named": false}}}, "it": {"text": "solo interessato \u00bb", "linguisticInfo": {"solo": {"lemma": "solo", "pos": "B", "is_stop": true, "is_named": false}, "interessato": {"lemma": "interessato", "pos": "A", "is_stop": false, "is_named": false}, "\u00bb": {"lemma": "\u00bb", "pos": "FB", "is_stop": false, "is_named": false}}}}}]}, "sentences_3": {"itText": "NULL dal canto suo , la confederazione nazionale dell \u2019 agricoltura ( cna ) si \u00e8 congratulata con la decisione , \u00ab che arriva comunque tardi , visto che la delibera del consiglio dei ministri su questo tema era stata approvata quasi cinque mesi fa \u00bb .", "ptText": "por seu lado , a confedera\u00e7\u00e3o nacional da agricultura ( cna ) disse congratular -se com essa medida , \u00ab que j\u00e1 deveria ter sido tomada h\u00e1 mais tempo , uma vez que a resolu\u00e7\u00e3o do conselho de ministros nesse sentido foi tomada h\u00e1 quase cinco meses \u00bb . \n", "relations": [{"id": "R22", "subj": {"type": "Human_Agent", "pt": {"text": "a Confedera\u00e7\u00e3o Nacional da Agricultura ( CNA", "linguisticInfo": {"a": {"lemma": "o", "pos": "DET", "is_stop": true, "is_named": false}, "Confedera\u00e7\u00e3o": {"lemma": "Confedera\u00e7\u00e3o", "pos": "PROPN", "is_stop": false, "is_named": true}, "Nacional": {"lemma": "Nacional", "pos": "PROPN", "is_stop": false, "is_named": true}, "da": {"lemma": "da", "pos": "ADP", "is_stop": true, "is_named": false}, "Agricultura": {"lemma": "Agricultura", "pos": "PROPN", "is_stop": false, "is_named": true}, "(": {"lemma": "(", "pos": "PUNCT", "is_stop": false, "is_named": false}, "CNA": {"lemma": "CNA", "pos": "PROPN", "is_stop": false, "is_named": true}}}, "it": {"text": "la confederazione nazionale dell agricoltura ( cna", "linguisticInfo": {"la": {"lemma": "il", "pos": "RD", "is_stop": true, "is_named": false}, "confederazione": {"lemma": "confederazione", "pos": "S", "is_stop": false, "is_named": false}, "nazionale": {"lemma": "nazionale", "pos": "A", "is_stop": true, "is_named": false}, "dell": {"lemma": "dell", "pos": "S", "is_stop": true, "is_named": false}, "agricoltura": {"lemma": "agricoltura", "pos": "S", "is_stop": false, "is_named": false}, "(": {"lemma": "(", "pos": "FB", "is_stop": false, "is_named": false}, "cna": {"lemma": "cna", "pos": "B", "is_stop": false, "is_named": false}}}}, "obj": {"type": "Event", "pt": {"text": "disse", "linguisticInfo": {"disse": {"lemma": "dizer", "pos": "VERB", "is_stop": false, "is_named": false}}}, "it": {"text": "congratulata", "linguisticInfo": {"congratulata": {"lemma": "congratulare", "pos": "V", "is_stop": false, "is_named": false}}}}}, {"id": "R25", "subj": {"type": "Time", "pt": {"text": "h\u00e1 mais tempo", "linguisticInfo": {"h\u00e1": {"lemma": "haver", "pos": "VERB", "is_stop": false, "is_named": false}, "mais": {"lemma": "mais", "pos": "DET", "is_stop": true, "is_named": false}, "tempo": {"lemma": "tempo", "pos": "NOUN", "is_stop": true, "is_named": false}}}, "it": {"text": "congratulata con la", "linguisticInfo": {"congratulata": {"lemma": "congratulare", "pos": "V", "is_stop": false, "is_named": false}, "con": {"lemma": "con", "pos": "E", "is_stop": true, "is_named": false}, "la": {"lemma": "il", "pos": "RD", "is_stop": true, "is_named": false}}}}, "obj": {"type": "Event", "pt": {"text": "deveria ter sido tomada", "linguisticInfo": {"deveria": {"lemma": "dever", "pos": "VERB", "is_stop": false, "is_named": false}, "ter": {"lemma": "ter", "pos": "AUX", "is_stop": true, "is_named": false}, "sido": {"lemma": "ser", "pos": "AUX", "is_stop": false, "is_named": false}, "tomada": {"lemma": "tomar", "pos": "VERB", "is_stop": false, "is_named": false}}}, "it": {"text": "congratulata con la", "linguisticInfo": {"congratulata": {"lemma": "congratulare", "pos": "V", "is_stop": false, "is_named": false}, "con": {"lemma": "con", "pos": "E", "is_stop": true, "is_named": false}, "la": {"lemma": "il", "pos": "RD", "is_stop": true, "is_named": false}}}}}, {"id": "R26", "subj": {"type": "Non-human_Patient", "pt": {"text": "que", "linguisticInfo": {"que": {"lemma": "que", "pos": "SCONJ", "is_stop": true, "is_named": false}}}, "it": {"text": "che", "linguisticInfo": {"che": {"lemma": "che", "pos": "CS", "is_stop": true, "is_named": false}}}}, "obj": {"type": "Event", "pt": {"text": "deveria ter sido tomada", "linguisticInfo": {"deveria": {"lemma": "dever", "pos": "VERB", "is_stop": false, "is_named": false}, "ter": {"lemma": "ter", "pos": "AUX", "is_stop": true, "is_named": false}, "sido": {"lemma": "ser", "pos": "AUX", "is_stop": false, "is_named": false}, "tomada": {"lemma": "tomar", "pos": "VERB", "is_stop": false, "is_named": false}}}, "it": {"text": "congratulata con la", "linguisticInfo": {"congratulata": {"lemma": "congratulare", "pos": "V", "is_stop": false, "is_named": false}, "con": {"lemma": "con", "pos": "E", "is_stop": true, "is_named": false}, "la": {"lemma": "il", "pos": "RD", "is_stop": true, "is_named": false}}}}}, {"id": "R27", "subj": {"type": "Time", "pt": {"text": "h\u00e1 quase cinco meses", "linguisticInfo": {"h\u00e1": {"lemma": "haver", "pos": "VERB", "is_stop": false, "is_named": false}, "quase": {"lemma": "quase", "pos": "ADV", "is_stop": false, "is_named": false}, "cinco": {"lemma": "cincar", "pos": "NUM", "is_stop": true, "is_named": false}, "meses": {"lemma": "m\u00eas", "pos": "NOUN", "is_stop": true, "is_named": false}}}, "it": {"text": "quasi cinque mesi", "linguisticInfo": {"quasi": {"lemma": "quasi", "pos": "B", "is_stop": true, "is_named": false}, "cinque": {"lemma": "cinque", "pos": "N", "is_stop": false, "is_named": false}, "mesi": {"lemma": "mese", "pos": "S", "is_stop": true, "is_named": false}}}}, "obj": {"type": "Event", "pt": {"text": "a resolu\u00e7\u00e3o do Conselho de Ministros nesse sentido foi tomada", "linguisticInfo": {"a": {"lemma": "o", "pos": "DET", "is_stop": true, "is_named": false}, "resolu\u00e7\u00e3o": {"lemma": "resolu\u00e7\u00e3o", "pos": "NOUN", "is_stop": false, "is_named": false}, "do": {"lemma": "do", "pos": "ADP", "is_stop": true, "is_named": false}, "Conselho": {"lemma": "Conselho", "pos": "PROPN", "is_stop": true, "is_named": true}, "de": {"lemma": "de", "pos": "ADP", "is_stop": true, "is_named": false}, "Ministros": {"lemma": "Ministros", "pos": "PROPN", "is_stop": false, "is_named": true}, "nesse": {"lemma": "nesse", "pos": "ADP", "is_stop": true, "is_named": false}, "sentido": {"lemma": "sentir", "pos": "NOUN", "is_stop": false, "is_named": false}, "foi": {"lemma": "ser", "pos": "AUX", "is_stop": true, "is_named": false}, "tomada": {"lemma": "tomar", "pos": "VERB", "is_stop": false, "is_named": false}}}, "it": {"text": "la confederazione nazionale delibera del consiglio dei ministri", "linguisticInfo": {"la": {"lemma": "il", "pos": "RD", "is_stop": true, "is_named": false}, "confederazione": {"lemma": "confederazione", "pos": "S", "is_stop": false, "is_named": false}, "nazionale": {"lemma": "nazionale", "pos": "A", "is_stop": true, "is_named": false}, "delibera": {"lemma": "delibera", "pos": "S", "is_stop": false, "is_named": false}, "del": {"lemma": "del", "pos": "E_RD", "is_stop": true, "is_named": false}, "consiglio": {"lemma": "consiglio", "pos": "S", "is_stop": true, "is_named": false}, "dei": {"lemma": "del", "pos": "E_RD", "is_stop": true, "is_named": false}, "ministri": {"lemma": "ministro", "pos": "S", "is_stop": false, "is_named": false}}}}}]}, "sentences_4": {"itText": "NULL vitor carvalho , del direttivo del cna , ha dichiarato all \u2019 agenzia di stampa nazionale ( anop ) che i parchi saranno realizzati in prossimit\u00e0 delle zone incendiate , in modo da aiutare gli agricoltori , e che la legna sar\u00e0 venduta in linea con i prezzi stabiliti .", "ptText": "v\u00edtor carvalho , da direc\u00e7\u00e3o da cna , afirmou \u00e0 anop que \u00ab os parques dever\u00e3o ser criados junto \u00e0s \u00e1reas ardidas , onde mais convenha aos agricultores , e a madeira deve ser vendida aos pre\u00e7os oficialmente fixados \u00bb . \n", "relations": [{"id": "R29", "subj": {"type": "Human_Agent", "pt": {"text": "V\u00edtor Carvalho , da Direc\u00e7\u00e3o da CNA", "linguisticInfo": {"V\u00edtor": {"lemma": "V\u00edtor", "pos": "PROPN", "is_stop": false, "is_named": true}, "Carvalho": {"lemma": "Carvalho", "pos": "PROPN", "is_stop": false, "is_named": true}, ",": {"lemma": ",", "pos": "PUNCT", "is_stop": false, "is_named": false}, "da": {"lemma": "da", "pos": "ADP", "is_stop": true, "is_named": false}, "Direc\u00e7\u00e3o": {"lemma": "Direc\u00e7\u00e3o", "pos": "PROPN", "is_stop": false, "is_named": true}, "CNA": {"lemma": "CNA", "pos": "PROPN", "is_stop": false, "is_named": true}}}, "it": {"text": "vitor carvalho , del direttivo", "linguisticInfo": {"vitor": {"lemma": "vitor", "pos": "S", "is_stop": false, "is_named": false}, "carvalho": {"lemma": "carvalho", "pos": "A", "is_stop": false, "is_named": false}, ",": {"lemma": ",", "pos": "FF", "is_stop": false, "is_named": false}, "del": {"lemma": "del", "pos": "E_RD", "is_stop": true, "is_named": false}, "direttivo": {"lemma": "direttivo", "pos": "A", "is_stop": false, "is_named": false}}}}, "obj": {"type": "Event", "pt": {"text": "afirmou", "linguisticInfo": {"afirmou": {"lemma": "afirmar", "pos": "VERB", "is_stop": false, "is_named": false}}}, "it": {"text": "dichiarato", "linguisticInfo": {"dichiarato": {"lemma": "dichiarare", "pos": "V", "is_stop": false, "is_named": false}}}}}, {"id": "R30", "subj": {"type": "Human_Patient", "pt": {"text": "\u00e0 Anop", "linguisticInfo": {"\u00e0": {"lemma": "\u00e0", "pos": "ADP", "is_stop": true, "is_named": false}, "Anop": {"lemma": "Anop", "pos": "PROPN", "is_stop": false, "is_named": true}}}, "it": {"text": "all anop", "linguisticInfo": {"all": {"lemma": "all", "pos": "SP", "is_stop": true, "is_named": false}, "anop": {"lemma": "anop", "pos": "SW", "is_stop": false, "is_named": false}}}}, "obj": {"type": "Event", "pt": {"text": "afirmou", "linguisticInfo": {"afirmou": {"lemma": "afirmar", "pos": "VERB", "is_stop": false, "is_named": false}}}, "it": {"text": "dichiarato", "linguisticInfo": {"dichiarato": {"lemma": "dichiarare", "pos": "V", "is_stop": false, "is_named": false}}}}}, {"id": "R31", "subj": {"type": "Geo_location", "pt": {"text": "junto \u00e0s \u00e1reas ardidas , onde mais convenha aos agricultores", "linguisticInfo": {"junto": {"lemma": "juntar", "pos": "ADV", "is_stop": false, "is_named": false}, "\u00e0s": {"lemma": "\u00e0s", "pos": "ADP", "is_stop": true, "is_named": false}, "\u00e1reas": {"lemma": "\u00e1rea", "pos": "NOUN", "is_stop": false, "is_named": false}, "ardidas": {"lemma": "ardido", "pos": "VERB", "is_stop": false, "is_named": false}, ",": {"lemma": ",", "pos": "PUNCT", "is_stop": false, "is_named": false}, "onde": {"lemma": "onde", "pos": "PRON", "is_stop": true, "is_named": false}, "mais": {"lemma": "mais", "pos": "ADV", "is_stop": true, "is_named": false}, "convenha": {"lemma": "convir", "pos": "VERB", "is_stop": false, "is_named": false}, "aos": {"lemma": "aos", "pos": "ADP", "is_stop": true, "is_named": false}, "agricultores": {"lemma": "agricultor", "pos": "NOUN", "is_stop": false, "is_named": false}}}, "it": {"text": "aiutare gli agricoltori", "linguisticInfo": {"aiutare": {"lemma": "aiutare", "pos": "V", "is_stop": false, "is_named": false}, "gli": {"lemma": "il", "pos": "RD", "is_stop": true, "is_named": false}, "agricoltori": {"lemma": "agricoltore", "pos": "S", "is_stop": false, "is_named": false}}}}, "obj": {"type": "Event", "pt": {"text": "dever\u00e3o ser criados", "linguisticInfo": {"dever\u00e3o": {"lemma": "dever", "pos": "VERB", "is_stop": false, "is_named": false}, "ser": {"lemma": "ser", "pos": "AUX", "is_stop": true, "is_named": false}, "criados": {"lemma": "criar", "pos": "VERB", "is_stop": false, "is_named": false}}}, "it": {"text": "saranno realizzati in", "linguisticInfo": {"saranno": {"lemma": "essere", "pos": "VA", "is_stop": true, "is_named": false}, "realizzati": {"lemma": "realizzare", "pos": "V", "is_stop": false, "is_named": false}, "in": {"lemma": "in", "pos": "E", "is_stop": true, "is_named": false}}}}}, {"id": "R32", "subj": {"type": "Non-human_Patient", "pt": {"text": "os parques", "linguisticInfo": {"os": {"lemma": "o", "pos": "DET", "is_stop": true, "is_named": false}, "parques": {"lemma": "parque", "pos": "NOUN", "is_stop": false, "is_named": false}}}, "it": {"text": "i parchi", "linguisticInfo": {"i": {"lemma": "il", "pos": "RD", "is_stop": false, "is_named": false}, "parchi": {"lemma": "parco", "pos": "S", "is_stop": false, "is_named": false}}}}, "obj": {"type": "Event", "pt": {"text": "dever\u00e3o ser criados", "linguisticInfo": {"dever\u00e3o": {"lemma": "dever", "pos": "VERB", "is_stop": false, "is_named": false}, "ser": {"lemma": "ser", "pos": "AUX", "is_stop": true, "is_named": false}, "criados": {"lemma": "criar", "pos": "VERB", "is_stop": false, "is_named": false}}}, "it": {"text": "saranno realizzati in", "linguisticInfo": {"saranno": {"lemma": "essere", "pos": "VA", "is_stop": true, "is_named": false}, "realizzati": {"lemma": "realizzare", "pos": "V", "is_stop": false, "is_named": false}, "in": {"lemma": "in", "pos": "E", "is_stop": true, "is_named": false}}}}}, {"id": "R33", "subj": {"type": "Non-human_Oth_participant", "pt": {"text": "aos pre\u00e7os oficialmente fixados", "linguisticInfo": {"aos": {"lemma": "aos", "pos": "ADP", "is_stop": true, "is_named": false}, "pre\u00e7os": {"lemma": "pre\u00e7o", "pos": "NOUN", "is_stop": false, "is_named": false}, "oficialmente": {"lemma": "oficialmente", "pos": "ADV", "is_stop": false, "is_named": false}, "fixados": {"lemma": "fixar", "pos": "VERB", "is_stop": false, "is_named": false}}}, "it": {"text": "i parchi saranno prezzi stabiliti .", "linguisticInfo": {"i": {"lemma": "il", "pos": "RD", "is_stop": false, "is_named": false}, "parchi": {"lemma": "parco", "pos": "S", "is_stop": false, "is_named": false}, "saranno": {"lemma": "essere", "pos": "V", "is_stop": true, "is_named": false}, "prezzi": {"lemma": "prezzo", "pos": "S", "is_stop": false, "is_named": false}, "stabiliti": {"lemma": "stabilire", "pos": "A", "is_stop": false, "is_named": false}, ".": {"lemma": ".", "pos": "FS", "is_stop": false, "is_named": false}}}}, "obj": {"type": "Event", "pt": {"text": "deve ser vendida", "linguisticInfo": {"deve": {"lemma": "dever", "pos": "VERB", "is_stop": true, "is_named": false}, "ser": {"lemma": "ser", "pos": "AUX", "is_stop": true, "is_named": false}, "vendida": {"lemma": "vendido", "pos": "VERB", "is_stop": false, "is_named": false}}}, "it": {"text": "sar\u00e0 venduta in", "linguisticInfo": {"sar\u00e0": {"lemma": "essere", "pos": "VA", "is_stop": true, "is_named": false}, "venduta": {"lemma": "vendere", "pos": "V", "is_stop": false, "is_named": false}, "in": {"lemma": "in", "pos": "E", "is_stop": true, "is_named": false}}}}}, {"id": "R34", "subj": {"type": "Non-human_Patient", "pt": {"text": "a madeira", "linguisticInfo": {"a": {"lemma": "o", "pos": "DET", "is_stop": true, "is_named": false}, "madeira": {"lemma": "madeirar", "pos": "NOUN", "is_stop": false, "is_named": false}}}, "it": {"text": "la legna", "linguisticInfo": {"la": {"lemma": "il", "pos": "RD", "is_stop": true, "is_named": false}, "legna": {"lemma": "legna", "pos": "S", "is_stop": false, "is_named": false}}}}, "obj": {"type": "Event", "pt": {"text": "deve ser vendida", "linguisticInfo": {"deve": {"lemma": "dever", "pos": "VERB", "is_stop": true, "is_named": false}, "ser": {"lemma": "ser", "pos": "AUX", "is_stop": true, "is_named": false}, "vendida": {"lemma": "vendido", "pos": "VERB", "is_stop": false, "is_named": false}}}, "it": {"text": "sar\u00e0 venduta in", "linguisticInfo": {"sar\u00e0": {"lemma": "essere", "pos": "VA", "is_stop": true, "is_named": false}, "venduta": {"lemma": "vendere", "pos": "V", "is_stop": false, "is_named": false}, "in": {"lemma": "in", "pos": "E", "is_stop": true, "is_named": false}}}}}]}, "sentences_5": {"itText": "NULL a suo giudizio , \u00ab non importa che i parchi vengano realizzati su concorso pubblico o per intervento delle entit\u00e0 ufficiali , l \u2019 importante \u00e8 che la vendita della legna bruciata smetta di dipendere dalla mediazione di intermediari che la acquistano al prezzo che conviene loro \u00bb .", "ptText": "em sua opini\u00e3o , \u00ab n\u00e3o importa se os parques s\u00e3o criados por concurso p\u00fablico ou directamente pelas entidades oficiais , o fundamental \u00e9 que , na venda da madeira queimada ainda existente , os agricultores n\u00e3o continuem dependentes dos intermedi\u00e1rios , que a compram ao pre\u00e7o que mais lhes conv\u00e9m \u00bb . \n", "relations": [{"id": "R35", "subj": {"type": "Non-human_Agent", "pt": {"text": "concurso p\u00fablico", "linguisticInfo": {"concurso": {"lemma": "concurso", "pos": "NOUN", "is_stop": false, "is_named": false}, "p\u00fablico": {"lemma": "p\u00fablico", "pos": "ADJ", "is_stop": false, "is_named": false}}}, "it": {"text": "concorso pubblico", "linguisticInfo": {"concorso": {"lemma": "concorso", "pos": "S", "is_stop": false, "is_named": false}, "pubblico": {"lemma": "pubblico", "pos": "A", "is_stop": false, "is_named": false}}}}, "obj": {"type": "Event", "pt": {"text": "s\u00e3o criados", "linguisticInfo": {"s\u00e3o": {"lemma": "ser", "pos": "AUX", "is_stop": true, "is_named": false}, "criados": {"lemma": "criar", "pos": "VERB", "is_stop": false, "is_named": false}}}, "it": {"text": "vengano realizzati", "linguisticInfo": {"vengano": {"lemma": "venire", "pos": "VA", "is_stop": false, "is_named": false}, "realizzati": {"lemma": "realizzare", "pos": "V", "is_stop": false, "is_named": false}}}}}, {"id": "R36", "subj": {"type": "Non-human_Patient", "pt": {"text": "os parques", "linguisticInfo": {"os": {"lemma": "o", "pos": "DET", "is_stop": true, "is_named": false}, "parques": {"lemma": "parque", "pos": "NOUN", "is_stop": false, "is_named": false}}}, "it": {"text": "i parchi", "linguisticInfo": {"i": {"lemma": "il", "pos": "RD", "is_stop": false, "is_named": false}, "parchi": {"lemma": "parco", "pos": "S", "is_stop": false, "is_named": false}}}}, "obj": {"type": "Event", "pt": {"text": "s\u00e3o criados", "linguisticInfo": {"s\u00e3o": {"lemma": "ser", "pos": "AUX", "is_stop": true, "is_named": false}, "criados": {"lemma": "criar", "pos": "VERB", "is_stop": false, "is_named": false}}}, "it": {"text": "vengano realizzati", "linguisticInfo": {"vengano": {"lemma": "venire", "pos": "VA", "is_stop": false, "is_named": false}, "realizzati": {"lemma": "realizzare", "pos": "V", "is_stop": false, "is_named": false}}}}}, {"id": "R39", "subj": {"type": "Non-human_Oth_participant", "pt": {"text": "ao pre\u00e7o que mais lhes conv\u00e9m", "linguisticInfo": {"ao": {"lemma": "ao", "pos": "ADP", "is_stop": true, "is_named": false}, "pre\u00e7o": {"lemma": "pre\u00e7o", "pos": "NOUN", "is_stop": false, "is_named": false}, "que": {"lemma": "que", "pos": "PRON", "is_stop": true, "is_named": false}, "mais": {"lemma": "mais", "pos": "ADV", "is_stop": true, "is_named": false}, "lhes": {"lemma": "lhe", "pos": "PRON", "is_stop": false, "is_named": false}, "conv\u00e9m": {"lemma": "convir", "pos": "VERB", "is_stop": false, "is_named": false}}}, "it": {"text": "al prezzo che conviene loro \u00bb .", "linguisticInfo": {"al": {"lemma": "al", "pos": "E_RD", "is_stop": true, "is_named": false}, "prezzo": {"lemma": "prezzo", "pos": "S", "is_stop": false, "is_named": false}, "che": {"lemma": "che", "pos": "PR", "is_stop": true, "is_named": false}, "conviene": {"lemma": "convenire", "pos": "V", "is_stop": false, "is_named": false}, "loro": {"lemma": "loro", "pos": "PE", "is_stop": true, "is_named": false}, "\u00bb": {"lemma": "\u00bb", "pos": "FB", "is_stop": false, "is_named": false}, ".": {"lemma": ".", "pos": "FS", "is_stop": false, "is_named": false}}}}, "obj": {"type": "Event", "pt": {"text": "compram", "linguisticInfo": {"compram": {"lemma": "comprar", "pos": "VERB", "is_stop": false, "is_named": false}}}, "it": {"text": "acquistano", "linguisticInfo": {"acquistano": {"lemma": "acquistare", "pos": "V", "is_stop": false, "is_named": false}}}}}, {"id": "R40", "subj": {"type": "Non-human_Patient", "pt": {"text": "a", "linguisticInfo": {"a": {"lemma": "o", "pos": "ADP", "is_stop": true, "is_named": false}}}, "it": {"text": "la", "linguisticInfo": {"la": {"lemma": "il", "pos": "RD", "is_stop": true, "is_named": false}}}}, "obj": {"type": "Event", "pt": {"text": "compram", "linguisticInfo": {"compram": {"lemma": "comprar", "pos": "VERB", "is_stop": false, "is_named": false}}}, "it": {"text": "acquistano", "linguisticInfo": {"acquistano": {"lemma": "acquistare", "pos": "V", "is_stop": false, "is_named": false}}}}}, {"id": "R41", "subj": {"type": "Human_Agent", "pt": {"text": "que", "linguisticInfo": {"que": {"lemma": "que", "pos": "SCONJ", "is_stop": true, "is_named": false}}}, "it": {"text": "che", "linguisticInfo": {"che": {"lemma": "che", "pos": "CS", "is_stop": true, "is_named": false}}}}, "obj": {"type": "Event", "pt": {"text": "compram", "linguisticInfo": {"compram": {"lemma": "comprar", "pos": "VERB", "is_stop": false, "is_named": false}}}, "it": {"text": "acquistano", "linguisticInfo": {"acquistano": {"lemma": "acquistare", "pos": "V", "is_stop": false, "is_named": false}}}}}]}}