{"sentences_0": {"itText": "NULL un rifugiato cubano , munito di spada , ha ucciso due persone e ne ha ferite altre nove in un traghetto con 500 persone in visita alla statua della libert\u00e0 .", "ptText": "um refugiado cubano , munido de uma espada , matou duas pessoas e feriu mais nove , num \u00ab ferry boat \u00bb com 500 turistas interessados em ver a est\u00e1tua da liberdade . \n", "relations": [{"id": "R2", "subj": {"type": "Human_Agent", "pt": {"text": "UM REFUGIADO cubano", "linguisticInfo": {"UM": {"lemma": "UM", "pos": "DET", "is_stop": true, "is_named": true}, "REFUGIADO": {"lemma": "REFUGIADO", "pos": "NOUN", "is_stop": false, "is_named": true}, "cubano": {"lemma": "cubano", "pos": "ADJ", "is_stop": false, "is_named": false}}}, "it": {"text": "un rifugiato cubano", "linguisticInfo": {"un": {"lemma": "uno", "pos": "RI", "is_stop": true, "is_named": false}, "rifugiato": {"lemma": "rifugiato", "pos": "S", "is_stop": false, "is_named": false}, "cubano": {"lemma": "cubano", "pos": "A", "is_stop": false, "is_named": false}}}}, "obj": {"type": "Event", "pt": {"text": "matou", "linguisticInfo": {"matou": {"lemma": "matar", "pos": "VERB", "is_stop": false, "is_named": false}}}, "it": {"text": "ucciso", "linguisticInfo": {"ucciso": {"lemma": "uccidere", "pos": "V", "is_stop": false, "is_named": false}}}}}, {"id": "R4", "subj": {"type": "Human_Patient", "pt": {"text": "duas pessoas", "linguisticInfo": {"duas": {"lemma": "dois", "pos": "NUM", "is_stop": true, "is_named": false}, "pessoas": {"lemma": "pessoa", "pos": "NOUN", "is_stop": false, "is_named": false}}}, "it": {"text": "due persone", "linguisticInfo": {"due": {"lemma": "due", "pos": "N", "is_stop": true, "is_named": false}, "persone": {"lemma": "persona", "pos": "S", "is_stop": true, "is_named": false}}}}, "obj": {"type": "Event", "pt": {"text": "matou", "linguisticInfo": {"matou": {"lemma": "matar", "pos": "VERB", "is_stop": false, "is_named": false}}}, "it": {"text": "ucciso", "linguisticInfo": {"ucciso": {"lemma": "uccidere", "pos": "V", "is_stop": false, "is_named": false}}}}}, {"id": "R5", "subj": {"type": "Human_Agent", "pt": {"text": "UM REFUGIADO cubano", "linguisticInfo": {"UM": {"lemma": "UM", "pos": "DET", "is_stop": true, "is_named": true}, "REFUGIADO": {"lemma": "REFUGIADO", "pos": "NOUN", "is_stop": false, "is_named": true}, "cubano": {"lemma": "cubano", "pos": "ADJ", "is_stop": false, "is_named": false}}}, "it": {"text": "un rifugiato cubano", "linguisticInfo": {"un": {"lemma": "uno", "pos": "RI", "is_stop": true, "is_named": false}, "rifugiato": {"lemma": "rifugiato", "pos": "S", "is_stop": false, "is_named": false}, "cubano": {"lemma": "cubano", "pos": "A", "is_stop": false, "is_named": false}}}}, "obj": {"type": "Event", "pt": {"text": "feriu", "linguisticInfo": {"feriu": {"lemma": "ferir", "pos": "VERB", "is_stop": false, "is_named": false}}}, "it": {"text": "ferite", "linguisticInfo": {"ferite": {"lemma": "ferito", "pos": "A", "is_stop": false, "is_named": false}}}}}, {"id": "R6", "subj": {"type": "Human_Patient", "pt": {"text": "mais nove", "linguisticInfo": {"mais": {"lemma": "mais", "pos": "ADV", "is_stop": true, "is_named": false}, "nove": {"lemma": "nove", "pos": "NUM", "is_stop": true, "is_named": false}}}, "it": {"text": "altre nove", "linguisticInfo": {"altre": {"lemma": "altro", "pos": "A", "is_stop": false, "is_named": false}, "nove": {"lemma": "nove", "pos": "N", "is_stop": true, "is_named": false}}}}, "obj": {"type": "Event", "pt": {"text": "feriu", "linguisticInfo": {"feriu": {"lemma": "ferir", "pos": "VERB", "is_stop": false, "is_named": false}}}, "it": {"text": "ferite", "linguisticInfo": {"ferite": {"lemma": "ferito", "pos": "A", "is_stop": false, "is_named": false}}}}}]}, "sentences_4": {"itText": "NULL gonz\u00e1lez ha ucciso due persone - una donna non ancora identificata e un uomo di nome jordan walker , di 61 anni , di statem island .", "ptText": "gonz\u00e1lez matou duas pessoas - uma mulher n\u00e3o identificada e um homem chamado jordan walker , de 61 anos , de staten island . \n", "relations": [{"id": "R4", "subj": {"type": "Human_Patient", "pt": {"text": "duas pessoas", "linguisticInfo": {"duas": {"lemma": "dois", "pos": "NUM", "is_stop": true, "is_named": false}, "pessoas": {"lemma": "pessoa", "pos": "NOUN", "is_stop": false, "is_named": false}}}, "it": {"text": "due persone", "linguisticInfo": {"due": {"lemma": "due", "pos": "N", "is_stop": true, "is_named": false}, "persone": {"lemma": "persona", "pos": "S", "is_stop": true, "is_named": false}}}}, "obj": {"type": "Event", "pt": {"text": "matou", "linguisticInfo": {"matou": {"lemma": "matar", "pos": "VERB", "is_stop": false, "is_named": false}}}, "it": {"text": "ucciso", "linguisticInfo": {"ucciso": {"lemma": "uccidere", "pos": "V", "is_stop": false, "is_named": false}}}}}, {"id": "R57", "subj": {"type": "Human_Agent", "pt": {"text": "Gonz\u00e1lez", "linguisticInfo": {"Gonz\u00e1lez": {"lemma": "Gonz\u00e1lez", "pos": "PROPN", "is_stop": false, "is_named": true}}}, "it": {"text": "gonz\u00e1lez", "linguisticInfo": {"gonz\u00e1lez": {"lemma": "gonz\u00e1lez", "pos": "S", "is_stop": false, "is_named": false}}}}, "obj": {"type": "Event", "pt": {"text": "matou", "linguisticInfo": {"matou": {"lemma": "matar", "pos": "VERB", "is_stop": false, "is_named": false}}}, "it": {"text": "ucciso", "linguisticInfo": {"ucciso": {"lemma": "uccidere", "pos": "V", "is_stop": false, "is_named": false}}}}}]}, "sentences_1": {"itText": "NULL la polizia ha dichiarato che l \u2019 uomo , identificato con il nome di juan gonz\u00e1lez , 43 anni , arrivato negli stati uniti nel 1977 , si trascinava con aria sconvolta da un lato all \u2019 altro del traghetto mentre aggrediva i passeggeri colpendoli alle spalle , allo stomaco e alle braccia , affermando che stava agendo per ordine di dio .", "ptText": "a pol\u00edcia disse que o homem , identificado como juan gonz\u00e1lez , de 43 anos , que veio para os estados unidos em 1977 , vagueou alucinadamente de um extremo ao outro do barco , atacando as pessoas pelas costas , est\u00f4mago e bra\u00e7os , declarando que actuava sob as ordens de deus . \n", "relations": [{"id": "R10", "subj": {"type": "Human_Agent", "pt": {"text": "A pol\u00edcia", "linguisticInfo": {"A": {"lemma": "A", "pos": "DET", "is_stop": true, "is_named": true}, "pol\u00edcia": {"lemma": "pol\u00edcia", "pos": "NOUN", "is_stop": false, "is_named": false}}}, "it": {"text": "la polizia", "linguisticInfo": {"la": {"lemma": "il", "pos": "RD", "is_stop": true, "is_named": false}, "polizia": {"lemma": "polizia", "pos": "S", "is_stop": false, "is_named": false}}}}, "obj": {"type": "Event", "pt": {"text": "disse", "linguisticInfo": {"disse": {"lemma": "dizer", "pos": "VERB", "is_stop": false, "is_named": false}}}, "it": {"text": "detto", "linguisticInfo": {"detto": {"lemma": "dire", "pos": "V", "is_stop": true, "is_named": false}}}}}, {"id": "R13", "subj": {"type": "Human_Agent", "pt": {"text": "o homem , identificado como Juan Gonz\u00e1lez , de 43 anos , que veio para os Estados Unidos em 1977", "linguisticInfo": {"o": {"lemma": "o", "pos": "DET", "is_stop": true, "is_named": false}, "homem": {"lemma": "homem", "pos": "NOUN", "is_stop": false, "is_named": false}, ",": {"lemma": ",", "pos": "PUNCT", "is_stop": false, "is_named": false}, "identificado": {"lemma": "identificar", "pos": "VERB", "is_stop": false, "is_named": false}, "como": {"lemma": "comer", "pos": "ADP", "is_stop": true, "is_named": false}, "Juan": {"lemma": "Juan", "pos": "PROPN", "is_stop": false, "is_named": true}, "Gonz\u00e1lez": {"lemma": "Gonz\u00e1lez", "pos": "PROPN", "is_stop": false, "is_named": true}, "de": {"lemma": "de", "pos": "ADP", "is_stop": true, "is_named": false}, "43": {"lemma": "43", "pos": "NUM", "is_stop": false, "is_named": false}, "anos": {"lemma": "ano", "pos": "NOUN", "is_stop": false, "is_named": false}, "que": {"lemma": "que", "pos": "PRON", "is_stop": true, "is_named": false}, "veio": {"lemma": "vir", "pos": "VERB", "is_stop": false, "is_named": false}, "para": {"lemma": "parir", "pos": "ADP", "is_stop": true, "is_named": false}, "os": {"lemma": "o", "pos": "DET", "is_stop": true, "is_named": false}, "Estados": {"lemma": "Estados", "pos": "PROPN", "is_stop": false, "is_named": true}, "Unidos": {"lemma": "Unidos", "pos": "PROPN", "is_stop": false, "is_named": true}, "em": {"lemma": "em", "pos": "ADP", "is_stop": true, "is_named": false}, "1977": {"lemma": "1977", "pos": "NUM", "is_stop": false, "is_named": false}}}, "it": {"text": "l \u2019 uomo , identificato con il", "linguisticInfo": {"l": {"lemma": "l", "pos": "RD", "is_stop": false, "is_named": false}, "\u2019": {"lemma": "\u2019", "pos": "FB", "is_stop": false, "is_named": false}, "uomo": {"lemma": "uomo", "pos": "S", "is_stop": true, "is_named": false}, ",": {"lemma": ",", "pos": "FF", "is_stop": false, "is_named": false}, "identificato": {"lemma": "identificare", "pos": "V", "is_stop": false, "is_named": false}, "con": {"lemma": "con", "pos": "E", "is_stop": true, "is_named": false}, "il": {"lemma": "il", "pos": "RD", "is_stop": true, "is_named": false}}}}, "obj": {"type": "Event", "pt": {"text": "vagueou", "linguisticInfo": {"vagueou": {"lemma": "vaguear", "pos": "VERB", "is_stop": false, "is_named": false}}}, "it": {"text": "aggrediva", "linguisticInfo": {"aggrediva": {"lemma": "aggrediva", "pos": "A", "is_stop": false, "is_named": false}}}}}, {"id": "R15", "subj": {"type": "Oth_argument", "pt": {"text": "pelas costas , est\u00f4mago e bra\u00e7os", "linguisticInfo": {"pelas": {"lemma": "pelar", "pos": "ADP", "is_stop": true, "is_named": false}, "costas": {"lemma": "costa", "pos": "NOUN", "is_stop": false, "is_named": false}, ",": {"lemma": ",", "pos": "PUNCT", "is_stop": false, "is_named": false}, "est\u00f4mago": {"lemma": "est\u00f4mago", "pos": "NOUN", "is_stop": false, "is_named": false}, "e": {"lemma": "e", "pos": "CCONJ", "is_stop": true, "is_named": false}, "bra\u00e7os": {"lemma": "bra\u00e7o", "pos": "NOUN", "is_stop": false, "is_named": false}}}, "it": {"text": "colpendoli spalle , stomaco e braccia", "linguisticInfo": {"colpendoli": {"lemma": "colpendoli", "pos": "A", "is_stop": false, "is_named": false}, "spalle": {"lemma": "spalla", "pos": "S", "is_stop": false, "is_named": false}, ",": {"lemma": ",", "pos": "FF", "is_stop": false, "is_named": false}, "stomaco": {"lemma": "stomaco", "pos": "S", "is_stop": false, "is_named": false}, "e": {"lemma": "e", "pos": "CC", "is_stop": false, "is_named": false}, "braccia": {"lemma": "braccio", "pos": "S", "is_stop": false, "is_named": false}}}}, "obj": {"type": "Event", "pt": {"text": "atacando", "linguisticInfo": {"atacando": {"lemma": "atacar", "pos": "VERB", "is_stop": false, "is_named": false}}}, "it": {"text": "aggrediva", "linguisticInfo": {"aggrediva": {"lemma": "aggrediva", "pos": "A", "is_stop": false, "is_named": false}}}}}, {"id": "R16", "subj": {"type": "Human_Patient", "pt": {"text": "as pessoas", "linguisticInfo": {"as": {"lemma": "o", "pos": "DET", "is_stop": true, "is_named": false}, "pessoas": {"lemma": "pessoa", "pos": "NOUN", "is_stop": false, "is_named": false}}}, "it": {"text": "aggrediva passeggeri", "linguisticInfo": {"aggrediva": {"lemma": "aggrediva", "pos": "A", "is_stop": false, "is_named": false}, "passeggeri": {"lemma": "passeggero", "pos": "S", "is_stop": false, "is_named": false}}}}, "obj": {"type": "Event", "pt": {"text": "atacando", "linguisticInfo": {"atacando": {"lemma": "atacar", "pos": "VERB", "is_stop": false, "is_named": false}}}, "it": {"text": "aggrediva", "linguisticInfo": {"aggrediva": {"lemma": "aggrediva", "pos": "A", "is_stop": false, "is_named": false}}}}}, {"id": "R17", "subj": {"type": "Non-human_Oth_participant", "pt": {"text": "que actuava sob as ordens de Deus", "linguisticInfo": {"que": {"lemma": "que", "pos": "PRON", "is_stop": true, "is_named": false}, "actuava": {"lemma": "actuar", "pos": "VERB", "is_stop": false, "is_named": false}, "sob": {"lemma": "sob", "pos": "ADP", "is_stop": true, "is_named": false}, "as": {"lemma": "o", "pos": "DET", "is_stop": true, "is_named": false}, "ordens": {"lemma": "ordem", "pos": "NOUN", "is_stop": false, "is_named": false}, "de": {"lemma": "de", "pos": "ADP", "is_stop": true, "is_named": false}, "Deus": {"lemma": "Deus", "pos": "PROPN", "is_stop": false, "is_named": true}}}, "it": {"text": "che l \u2019 stava agendo per ordine", "linguisticInfo": {"che": {"lemma": "che", "pos": "CS", "is_stop": true, "is_named": false}, "l": {"lemma": "l", "pos": "PC", "is_stop": false, "is_named": false}, "\u2019": {"lemma": "\u2019", "pos": "PC", "is_stop": false, "is_named": false}, "stava": {"lemma": "stare", "pos": "VA", "is_stop": true, "is_named": false}, "agendo": {"lemma": "agire", "pos": "V", "is_stop": false, "is_named": false}, "per": {"lemma": "per", "pos": "E", "is_stop": true, "is_named": false}, "ordine": {"lemma": "ordine", "pos": "S", "is_stop": false, "is_named": false}}}}, "obj": {"type": "Event", "pt": {"text": "declarando", "linguisticInfo": {"declarando": {"lemma": "declarar", "pos": "VERB", "is_stop": false, "is_named": false}}}, "it": {"text": "affermando", "linguisticInfo": {"affermando": {"lemma": "affermare", "pos": "V", "is_stop": false, "is_named": false}}}}}, {"id": "R18", "subj": {"type": "Non-human_Oth_participant", "pt": {"text": "sob as ordens de Deus", "linguisticInfo": {"sob": {"lemma": "sob", "pos": "ADP", "is_stop": true, "is_named": false}, "as": {"lemma": "o", "pos": "DET", "is_stop": true, "is_named": false}, "ordens": {"lemma": "ordem", "pos": "NOUN", "is_stop": false, "is_named": false}, "de": {"lemma": "de", "pos": "ADP", "is_stop": true, "is_named": false}, "Deus": {"lemma": "Deus", "pos": "PROPN", "is_stop": false, "is_named": true}}}, "it": {"text": "agendo per ordine", "linguisticInfo": {"agendo": {"lemma": "agire", "pos": "V", "is_stop": false, "is_named": false}, "per": {"lemma": "per", "pos": "E", "is_stop": true, "is_named": false}, "ordine": {"lemma": "ordine", "pos": "S", "is_stop": false, "is_named": false}}}}, "obj": {"type": "Event", "pt": {"text": "actuava", "linguisticInfo": {"actuava": {"lemma": "actuar", "pos": "VERB", "is_stop": false, "is_named": false}}}, "it": {"text": "stava", "linguisticInfo": {"stava": {"lemma": "stare", "pos": "VA", "is_stop": true, "is_named": false}}}}}, {"id": "R19", "subj": {"type": "Human_Agent", "pt": {"text": "que", "linguisticInfo": {"que": {"lemma": "que", "pos": "SCONJ", "is_stop": true, "is_named": false}}}, "it": {"text": "che", "linguisticInfo": {"che": {"lemma": "che", "pos": "CS", "is_stop": true, "is_named": false}}}}, "obj": {"type": "Event", "pt": {"text": "veio", "linguisticInfo": {"veio": {"lemma": "vir", "pos": "VERB", "is_stop": false, "is_named": false}}}, "it": {"text": "arrivato", "linguisticInfo": {"arrivato": {"lemma": "arrivare", "pos": "V", "is_stop": false, "is_named": false}}}}}, {"id": "R20", "subj": {"type": "Geo_location", "pt": {"text": "para os Estados Unidos", "linguisticInfo": {"para": {"lemma": "parir", "pos": "ADP", "is_stop": true, "is_named": false}, "os": {"lemma": "o", "pos": "DET", "is_stop": true, "is_named": false}, "Estados": {"lemma": "Estados", "pos": "PROPN", "is_stop": false, "is_named": true}, "Unidos": {"lemma": "Unidos", "pos": "PROPN", "is_stop": false, "is_named": true}}}, "it": {"text": "la polizia i passeggeri colpendoli", "linguisticInfo": {"la": {"lemma": "il", "pos": "RD", "is_stop": true, "is_named": false}, "polizia": {"lemma": "polizia", "pos": "S", "is_stop": false, "is_named": false}, "i": {"lemma": "il", "pos": "RD", "is_stop": false, "is_named": false}, "passeggeri": {"lemma": "passeggero", "pos": "S", "is_stop": false, "is_named": false}, "colpendoli": {"lemma": "colpendoli", "pos": "A", "is_stop": false, "is_named": false}}}}, "obj": {"type": "Event", "pt": {"text": "veio", "linguisticInfo": {"veio": {"lemma": "vir", "pos": "VERB", "is_stop": false, "is_named": false}}}, "it": {"text": "arrivato", "linguisticInfo": {"arrivato": {"lemma": "arrivare", "pos": "V", "is_stop": false, "is_named": false}}}}}, {"id": "R21", "subj": {"type": "Time", "pt": {"text": "em 1977", "linguisticInfo": {"em": {"lemma": "em", "pos": "ADP", "is_stop": true, "is_named": false}, "1977": {"lemma": "1977", "pos": "NUM", "is_stop": false, "is_named": false}}}, "it": {"text": "nel 1977", "linguisticInfo": {"nel": {"lemma": "nel", "pos": "E_RD", "is_stop": true, "is_named": false}, "1977": {"lemma": "1977", "pos": "N", "is_stop": false, "is_named": false}}}}, "obj": {"type": "Event", "pt": {"text": "veio", "linguisticInfo": {"veio": {"lemma": "vir", "pos": "VERB", "is_stop": false, "is_named": false}}}, "it": {"text": "arrivato", "linguisticInfo": {"arrivato": {"lemma": "arrivare", "pos": "V", "is_stop": false, "is_named": false}}}}}, {"id": "R22", "subj": {"type": "Human_Agent", "pt": {"text": "o homem , identificado como Juan Gonz\u00e1lez , de 43 anos , que veio para os Estados Unidos em 1977", "linguisticInfo": {"o": {"lemma": "o", "pos": "DET", "is_stop": true, "is_named": false}, "homem": {"lemma": "homem", "pos": "NOUN", "is_stop": false, "is_named": false}, ",": {"lemma": ",", "pos": "PUNCT", "is_stop": false, "is_named": false}, "identificado": {"lemma": "identificar", "pos": "VERB", "is_stop": false, "is_named": false}, "como": {"lemma": "comer", "pos": "ADP", "is_stop": true, "is_named": false}, "Juan": {"lemma": "Juan", "pos": "PROPN", "is_stop": false, "is_named": true}, "Gonz\u00e1lez": {"lemma": "Gonz\u00e1lez", "pos": "PROPN", "is_stop": false, "is_named": true}, "de": {"lemma": "de", "pos": "ADP", "is_stop": true, "is_named": false}, "43": {"lemma": "43", "pos": "NUM", "is_stop": false, "is_named": false}, "anos": {"lemma": "ano", "pos": "NOUN", "is_stop": false, "is_named": false}, "que": {"lemma": "que", "pos": "PRON", "is_stop": true, "is_named": false}, "veio": {"lemma": "vir", "pos": "VERB", "is_stop": false, "is_named": false}, "para": {"lemma": "parir", "pos": "ADP", "is_stop": true, "is_named": false}, "os": {"lemma": "o", "pos": "DET", "is_stop": true, "is_named": false}, "Estados": {"lemma": "Estados", "pos": "PROPN", "is_stop": false, "is_named": true}, "Unidos": {"lemma": "Unidos", "pos": "PROPN", "is_stop": false, "is_named": true}, "em": {"lemma": "em", "pos": "ADP", "is_stop": true, "is_named": false}, "1977": {"lemma": "1977", "pos": "NUM", "is_stop": false, "is_named": false}}}, "it": {"text": "l \u2019 uomo , identificato con il", "linguisticInfo": {"l": {"lemma": "l", "pos": "RD", "is_stop": false, "is_named": false}, "\u2019": {"lemma": "\u2019", "pos": "FB", "is_stop": false, "is_named": false}, "uomo": {"lemma": "uomo", "pos": "S", "is_stop": true, "is_named": false}, ",": {"lemma": ",", "pos": "FF", "is_stop": false, "is_named": false}, "identificato": {"lemma": "identificare", "pos": "V", "is_stop": false, "is_named": false}, "con": {"lemma": "con", "pos": "E", "is_stop": true, "is_named": false}, "il": {"lemma": "il", "pos": "RD", "is_stop": true, "is_named": false}}}}, "obj": {"type": "Event", "pt": {"text": "atacando", "linguisticInfo": {"atacando": {"lemma": "atacar", "pos": "VERB", "is_stop": false, "is_named": false}}}, "it": {"text": "aggrediva", "linguisticInfo": {"aggrediva": {"lemma": "aggrediva", "pos": "A", "is_stop": false, "is_named": false}}}}}, {"id": "R23", "subj": {"type": "Human_Agent", "pt": {"text": "o homem , identificado como Juan Gonz\u00e1lez , de 43 anos , que veio para os Estados Unidos em 1977", "linguisticInfo": {"o": {"lemma": "o", "pos": "DET", "is_stop": true, "is_named": false}, "homem": {"lemma": "homem", "pos": "NOUN", "is_stop": false, "is_named": false}, ",": {"lemma": ",", "pos": "PUNCT", "is_stop": false, "is_named": false}, "identificado": {"lemma": "identificar", "pos": "VERB", "is_stop": false, "is_named": false}, "como": {"lemma": "comer", "pos": "ADP", "is_stop": true, "is_named": false}, "Juan": {"lemma": "Juan", "pos": "PROPN", "is_stop": false, "is_named": true}, "Gonz\u00e1lez": {"lemma": "Gonz\u00e1lez", "pos": "PROPN", "is_stop": false, "is_named": true}, "de": {"lemma": "de", "pos": "ADP", "is_stop": true, "is_named": false}, "43": {"lemma": "43", "pos": "NUM", "is_stop": false, "is_named": false}, "anos": {"lemma": "ano", "pos": "NOUN", "is_stop": false, "is_named": false}, "que": {"lemma": "que", "pos": "PRON", "is_stop": true, "is_named": false}, "veio": {"lemma": "vir", "pos": "VERB", "is_stop": false, "is_named": false}, "para": {"lemma": "parir", "pos": "ADP", "is_stop": true, "is_named": false}, "os": {"lemma": "o", "pos": "DET", "is_stop": true, "is_named": false}, "Estados": {"lemma": "Estados", "pos": "PROPN", "is_stop": false, "is_named": true}, "Unidos": {"lemma": "Unidos", "pos": "PROPN", "is_stop": false, "is_named": true}, "em": {"lemma": "em", "pos": "ADP", "is_stop": true, "is_named": false}, "1977": {"lemma": "1977", "pos": "NUM", "is_stop": false, "is_named": false}}}, "it": {"text": "l \u2019 uomo , identificato con il", "linguisticInfo": {"l": {"lemma": "l", "pos": "RD", "is_stop": false, "is_named": false}, "\u2019": {"lemma": "\u2019", "pos": "FB", "is_stop": false, "is_named": false}, "uomo": {"lemma": "uomo", "pos": "S", "is_stop": true, "is_named": false}, ",": {"lemma": ",", "pos": "FF", "is_stop": false, "is_named": false}, "identificato": {"lemma": "identificare", "pos": "V", "is_stop": false, "is_named": false}, "con": {"lemma": "con", "pos": "E", "is_stop": true, "is_named": false}, "il": {"lemma": "il", "pos": "RD", "is_stop": true, "is_named": false}}}}, "obj": {"type": "Event", "pt": {"text": "declarando", "linguisticInfo": {"declarando": {"lemma": "declarar", "pos": "VERB", "is_stop": false, "is_named": false}}}, "it": {"text": "affermando", "linguisticInfo": {"affermando": {"lemma": "affermare", "pos": "V", "is_stop": false, "is_named": false}}}}}, {"id": "R45", "subj": {"type": "Human_Agent", "pt": {"text": "Deus", "linguisticInfo": {"Deus": {"lemma": "Deus", "pos": "NOUN", "is_stop": false, "is_named": true}}}, "it": {"text": "dio", "linguisticInfo": {"dio": {"lemma": "dio", "pos": "S", "is_stop": false, "is_named": false}}}}, "obj": {"type": "Event", "pt": {"text": "disse", "linguisticInfo": {"disse": {"lemma": "dizer", "pos": "VERB", "is_stop": false, "is_named": false}}}, "it": {"text": "detto", "linguisticInfo": {"detto": {"lemma": "dire", "pos": "V", "is_stop": true, "is_named": false}}}}}, {"id": "R49", "subj": {"type": "Human_Agent", "pt": {"text": "Deus", "linguisticInfo": {"Deus": {"lemma": "Deus", "pos": "NOUN", "is_stop": false, "is_named": true}}}, "it": {"text": "dio", "linguisticInfo": {"dio": {"lemma": "dio", "pos": "S", "is_stop": false, "is_named": false}}}}, "obj": {"type": "Event", "pt": {"text": "disse", "linguisticInfo": {"disse": {"lemma": "dizer", "pos": "VERB", "is_stop": false, "is_named": false}}}, "it": {"text": "detto", "linguisticInfo": {"detto": {"lemma": "dire", "pos": "V", "is_stop": true, "is_named": false}}}}}]}, "sentences_3": {"itText": "NULL la polizia ha dichiarato che , dopo essersi buttato a terra , gonz\u00e1lez ha detto : \u00ab \u00e8 stato dio a chiedermelo . dio mi ha ordinato di uccidere . \u00bb", "ptText": "a pol\u00edcia afirmou que depois de gonz\u00e1lez ter sido dominado lhes disse : \u00ab deus disse -me para fazer isto . deus disse -me para matar . \u00bb \n", "relations": [{"id": "R10", "subj": {"type": "Human_Agent", "pt": {"text": "A pol\u00edcia", "linguisticInfo": {"A": {"lemma": "A", "pos": "DET", "is_stop": true, "is_named": true}, "pol\u00edcia": {"lemma": "pol\u00edcia", "pos": "NOUN", "is_stop": false, "is_named": false}}}, "it": {"text": "la polizia", "linguisticInfo": {"la": {"lemma": "il", "pos": "RD", "is_stop": true, "is_named": false}, "polizia": {"lemma": "polizia", "pos": "S", "is_stop": false, "is_named": false}}}}, "obj": {"type": "Event", "pt": {"text": "disse", "linguisticInfo": {"disse": {"lemma": "dizer", "pos": "VERB", "is_stop": false, "is_named": false}}}, "it": {"text": "detto", "linguisticInfo": {"detto": {"lemma": "dire", "pos": "V", "is_stop": true, "is_named": false}}}}}, {"id": "R40", "subj": {"type": "Human_Agent", "pt": {"text": "A Pol\u00edcia", "linguisticInfo": {"A": {"lemma": "A", "pos": "DET", "is_stop": true, "is_named": true}, "Pol\u00edcia": {"lemma": "Pol\u00edcia", "pos": "PROPN", "is_stop": false, "is_named": true}}}, "it": {"text": "la polizia", "linguisticInfo": {"la": {"lemma": "il", "pos": "RD", "is_stop": true, "is_named": false}, "polizia": {"lemma": "polizia", "pos": "S", "is_stop": false, "is_named": false}}}}, "obj": {"type": "Event", "pt": {"text": "afirmou", "linguisticInfo": {"afirmou": {"lemma": "afirmar", "pos": "VERB", "is_stop": false, "is_named": false}}}, "it": {"text": "dichiarato", "linguisticInfo": {"dichiarato": {"lemma": "dichiarare", "pos": "V", "is_stop": false, "is_named": false}}}}}, {"id": "R41", "subj": {"type": "Time", "pt": {"text": "depois de Gonz\u00e1lez ter sido dominado", "linguisticInfo": {"depois": {"lemma": "depois", "pos": "ADV", "is_stop": true, "is_named": false}, "de": {"lemma": "de", "pos": "ADP", "is_stop": true, "is_named": false}, "Gonz\u00e1lez": {"lemma": "Gonz\u00e1lez", "pos": "PROPN", "is_stop": false, "is_named": true}, "ter": {"lemma": "ter", "pos": "AUX", "is_stop": true, "is_named": false}, "sido": {"lemma": "ser", "pos": "AUX", "is_stop": false, "is_named": false}, "dominado": {"lemma": "dominar", "pos": "VERB", "is_stop": false, "is_named": false}}}, "it": {"text": "dopo essersi buttato", "linguisticInfo": {"dopo": {"lemma": "dopo", "pos": "CS", "is_stop": true, "is_named": false}, "essersi": {"lemma": "essere", "pos": "VA_PC", "is_stop": false, "is_named": false}, "buttato": {"lemma": "buttare", "pos": "V", "is_stop": false, "is_named": false}}}}, "obj": {"type": "Event", "pt": {"text": "disse", "linguisticInfo": {"disse": {"lemma": "dizer", "pos": "VERB", "is_stop": false, "is_named": false}}}, "it": {"text": "detto", "linguisticInfo": {"detto": {"lemma": "dire", "pos": "V", "is_stop": true, "is_named": false}}}}}, {"id": "R42", "subj": {"type": "Human_Patient", "pt": {"text": "lhes", "linguisticInfo": {"lhes": {"lemma": "lhe", "pos": "PRON", "is_stop": false, "is_named": false}}}, "it": {"text": "chiedermelo", "linguisticInfo": {"chiedermelo": {"lemma": "chiedere", "pos": "V_PC", "is_stop": false, "is_named": false}}}}, "obj": {"type": "Event", "pt": {"text": "disse", "linguisticInfo": {"disse": {"lemma": "dizer", "pos": "VERB", "is_stop": false, "is_named": false}}}, "it": {"text": "detto", "linguisticInfo": {"detto": {"lemma": "dire", "pos": "V", "is_stop": true, "is_named": false}}}}}, {"id": "R44", "subj": {"type": "Human_Patient", "pt": {"text": "Gonz\u00e1lez", "linguisticInfo": {"Gonz\u00e1lez": {"lemma": "Gonz\u00e1lez", "pos": "PROPN", "is_stop": false, "is_named": true}}}, "it": {"text": "gonz\u00e1lez", "linguisticInfo": {"gonz\u00e1lez": {"lemma": "gonz\u00e1lez", "pos": "S", "is_stop": false, "is_named": false}}}}, "obj": {"type": "Event", "pt": {"text": "ter sido dominado", "linguisticInfo": {"ter": {"lemma": "ter", "pos": "AUX", "is_stop": true, "is_named": false}, "sido": {"lemma": "ser", "pos": "AUX", "is_stop": false, "is_named": false}, "dominado": {"lemma": "dominar", "pos": "VERB", "is_stop": false, "is_named": false}}}, "it": {"text": "essersi buttato a", "linguisticInfo": {"essersi": {"lemma": "essere", "pos": "VA_PC", "is_stop": false, "is_named": false}, "buttato": {"lemma": "buttare", "pos": "V", "is_stop": false, "is_named": false}, "a": {"lemma": "a", "pos": "E", "is_stop": true, "is_named": false}}}}}, {"id": "R45", "subj": {"type": "Human_Agent", "pt": {"text": "Deus", "linguisticInfo": {"Deus": {"lemma": "Deus", "pos": "NOUN", "is_stop": false, "is_named": true}}}, "it": {"text": "dio", "linguisticInfo": {"dio": {"lemma": "dio", "pos": "S", "is_stop": false, "is_named": false}}}}, "obj": {"type": "Event", "pt": {"text": "disse", "linguisticInfo": {"disse": {"lemma": "dizer", "pos": "VERB", "is_stop": false, "is_named": false}}}, "it": {"text": "detto", "linguisticInfo": {"detto": {"lemma": "dire", "pos": "V", "is_stop": true, "is_named": false}}}}}, {"id": "R47", "subj": {"type": "Non-human_Oth_participant", "pt": {"text": "para fazer isto", "linguisticInfo": {"para": {"lemma": "parir", "pos": "SCONJ", "is_stop": true, "is_named": false}, "fazer": {"lemma": "fazer", "pos": "VERB", "is_stop": true, "is_named": false}, "isto": {"lemma": "isto", "pos": "PRON", "is_stop": true, "is_named": false}}}, "it": {"text": "chiedermelo . dio", "linguisticInfo": {"chiedermelo": {"lemma": "chiedermelo", "pos": "S", "is_stop": false, "is_named": false}, ".": {"lemma": ".", "pos": "FS", "is_stop": false, "is_named": false}, "dio": {"lemma": "dio", "pos": "S", "is_stop": false, "is_named": false}}}}, "obj": {"type": "Event", "pt": {"text": "disse", "linguisticInfo": {"disse": {"lemma": "dizer", "pos": "VERB", "is_stop": false, "is_named": false}}}, "it": {"text": "detto", "linguisticInfo": {"detto": {"lemma": "dire", "pos": "V", "is_stop": true, "is_named": false}}}}}, {"id": "R48", "subj": {"type": "Non-human_Oth_participant", "pt": {"text": "isto", "linguisticInfo": {"isto": {"lemma": "isto", "pos": "PRON", "is_stop": true, "is_named": false}}}, "it": {"text": "chiedermelo", "linguisticInfo": {"chiedermelo": {"lemma": "chiedere", "pos": "V_PC", "is_stop": false, "is_named": false}}}}, "obj": {"type": "Event", "pt": {"text": "fazer", "linguisticInfo": {"fazer": {"lemma": "fazer", "pos": "VERB", "is_stop": true, "is_named": false}}}, "it": {"text": "chiedermelo", "linguisticInfo": {"chiedermelo": {"lemma": "chiedere", "pos": "V_PC", "is_stop": false, "is_named": false}}}}}, {"id": "R49", "subj": {"type": "Human_Agent", "pt": {"text": "Deus", "linguisticInfo": {"Deus": {"lemma": "Deus", "pos": "NOUN", "is_stop": false, "is_named": true}}}, "it": {"text": "dio", "linguisticInfo": {"dio": {"lemma": "dio", "pos": "S", "is_stop": false, "is_named": false}}}}, "obj": {"type": "Event", "pt": {"text": "disse", "linguisticInfo": {"disse": {"lemma": "dizer", "pos": "VERB", "is_stop": false, "is_named": false}}}, "it": {"text": "detto", "linguisticInfo": {"detto": {"lemma": "dire", "pos": "V", "is_stop": true, "is_named": false}}}}}, {"id": "R51", "subj": {"type": "Non-human_Oth_participant", "pt": {"text": "para matar", "linguisticInfo": {"para": {"lemma": "parir", "pos": "SCONJ", "is_stop": true, "is_named": false}, "matar": {"lemma": "matar", "pos": "VERB", "is_stop": false, "is_named": false}}}, "it": {"text": "chiedermelo uccidere", "linguisticInfo": {"chiedermelo": {"lemma": "chiedermelo", "pos": "S", "is_stop": false, "is_named": false}, "uccidere": {"lemma": "uccidere", "pos": "V", "is_stop": false, "is_named": false}}}}, "obj": {"type": "Event", "pt": {"text": "disse", "linguisticInfo": {"disse": {"lemma": "dizer", "pos": "VERB", "is_stop": false, "is_named": false}}}, "it": {"text": "detto", "linguisticInfo": {"detto": {"lemma": "dire", "pos": "V", "is_stop": true, "is_named": false}}}}}]}, "sentences_2": {"itText": "NULL gonz\u00e1lez \u00e9 stato fermato da un poliziotto in pensione , edward del pino , che ha sparato in aria forzandolo a buttarsi a terra .", "ptText": "gonz\u00e1lez foi agarrado por um pol\u00edcia reformado , edward del pino , que fez um disparo , for\u00e7ando -o a atirar -se ao ch\u00e3o . \n", "relations": [{"id": "R31", "subj": {"type": "Human_Patient", "pt": {"text": "Gonz\u00e1lez", "linguisticInfo": {"Gonz\u00e1lez": {"lemma": "Gonz\u00e1lez", "pos": "PROPN", "is_stop": false, "is_named": true}}}, "it": {"text": "gonz\u00e1lez", "linguisticInfo": {"gonz\u00e1lez": {"lemma": "gonz\u00e1lez", "pos": "S", "is_stop": false, "is_named": false}}}}, "obj": {"type": "Event", "pt": {"text": "foi agarrado", "linguisticInfo": {"foi": {"lemma": "ser", "pos": "AUX", "is_stop": true, "is_named": false}, "agarrado": {"lemma": "agarrar", "pos": "VERB", "is_stop": false, "is_named": false}}}, "it": {"text": "stato fermato", "linguisticInfo": {"stato": {"lemma": "stare", "pos": "VA", "is_stop": true, "is_named": false}, "fermato": {"lemma": "fermare", "pos": "V", "is_stop": false, "is_named": false}}}}}, {"id": "R32", "subj": {"type": "Human_Agent", "pt": {"text": "um pol\u00edcia reformado , Edward del Pino", "linguisticInfo": {"um": {"lemma": "um", "pos": "DET", "is_stop": true, "is_named": false}, "pol\u00edcia": {"lemma": "pol\u00edcia", "pos": "NOUN", "is_stop": false, "is_named": false}, "reformado": {"lemma": "reformar", "pos": "VERB", "is_stop": false, "is_named": false}, ",": {"lemma": ",", "pos": "PUNCT", "is_stop": false, "is_named": false}, "Edward": {"lemma": "Edward", "pos": "PROPN", "is_stop": false, "is_named": true}, "del": {"lemma": "del", "pos": "PROPN", "is_stop": false, "is_named": false}, "Pino": {"lemma": "Pino", "pos": "PROPN", "is_stop": false, "is_named": true}}}, "it": {"text": "un poliziotto in pensione , edward del pino , che", "linguisticInfo": {"un": {"lemma": "uno", "pos": "RI", "is_stop": true, "is_named": false}, "poliziotto": {"lemma": "poliziotto", "pos": "S", "is_stop": false, "is_named": false}, "in": {"lemma": "in", "pos": "E", "is_stop": true, "is_named": false}, "pensione": {"lemma": "pensione", "pos": "S", "is_stop": false, "is_named": false}, ",": {"lemma": ",", "pos": "FF", "is_stop": false, "is_named": false}, "edward": {"lemma": "edward", "pos": "S", "is_stop": false, "is_named": false}, "del": {"lemma": "del", "pos": "E_RD", "is_stop": true, "is_named": false}, "pino": {"lemma": "pino", "pos": "S", "is_stop": false, "is_named": false}, "che": {"lemma": "che", "pos": "PR", "is_stop": true, "is_named": false}}}}, "obj": {"type": "Event", "pt": {"text": "foi agarrado", "linguisticInfo": {"foi": {"lemma": "ser", "pos": "AUX", "is_stop": true, "is_named": false}, "agarrado": {"lemma": "agarrar", "pos": "VERB", "is_stop": false, "is_named": false}}}, "it": {"text": "stato fermato", "linguisticInfo": {"stato": {"lemma": "stare", "pos": "VA", "is_stop": true, "is_named": false}, "fermato": {"lemma": "fermare", "pos": "V", "is_stop": false, "is_named": false}}}}}, {"id": "R33", "subj": {"type": "Human_Agent", "pt": {"text": "que", "linguisticInfo": {"que": {"lemma": "que", "pos": "SCONJ", "is_stop": true, "is_named": false}}}, "it": {"text": "che", "linguisticInfo": {"che": {"lemma": "che", "pos": "CS", "is_stop": true, "is_named": false}}}}, "obj": {"type": "Event", "pt": {"text": "fez um disparo", "linguisticInfo": {"fez": {"lemma": "fazer", "pos": "VERB", "is_stop": true, "is_named": false}, "um": {"lemma": "um", "pos": "DET", "is_stop": true, "is_named": false}, "disparo": {"lemma": "disparar", "pos": "NOUN", "is_stop": false, "is_named": false}}}, "it": {"text": "ha sparato in", "linguisticInfo": {"ha": {"lemma": "avere", "pos": "VA", "is_stop": true, "is_named": false}, "sparato": {"lemma": "sparare", "pos": "V", "is_stop": false, "is_named": false}, "in": {"lemma": "in", "pos": "E", "is_stop": true, "is_named": false}}}}}, {"id": "R38", "subj": {"type": "Oth_location", "pt": {"text": "ao ch\u00e3o", "linguisticInfo": {"ao": {"lemma": "ao", "pos": "ADP", "is_stop": true, "is_named": false}, "ch\u00e3o": {"lemma": "ch\u00e3o", "pos": "NOUN", "is_stop": false, "is_named": false}}}, "it": {"text": "aria buttarsi", "linguisticInfo": {"aria": {"lemma": "aria", "pos": "S", "is_stop": false, "is_named": false}, "buttarsi": {"lemma": "buttare", "pos": "A", "is_stop": false, "is_named": false}}}}, "obj": {"type": "Event", "pt": {"text": "a atirar", "linguisticInfo": {"a": {"lemma": "o", "pos": "SCONJ", "is_stop": true, "is_named": false}, "atirar": {"lemma": "atirar", "pos": "VERB", "is_stop": false, "is_named": false}}}, "it": {"text": "buttarsi", "linguisticInfo": {"buttarsi": {"lemma": "buttare", "pos": "V_PC", "is_stop": false, "is_named": false}}}}}]}}