{"sentences_0": {"itText": "NULL oltre ai temi di attualit\u00e0 , verranno discusse le problematiche legate al periodo di silenziamento obbligatorio , senza previsione di fine , che avr\u00e0 inizio dal 24 dicembre .", "ptText": "al\u00e9m da actualidade , estar\u00e3o em debate os problemas relacionados com o silenciamento obrigat\u00f3rio por tempo indeterminado a partir de 24 de dezembro . \n", "relations": [{"id": "R8", "subj": {"type": "Non-human_Patient", "pt": {"text": "os problemas relacionados com o silenciamento obrigat\u00f3rio por tempo indeterminado a partir de 24 de Dezembro", "linguisticInfo": {"os": {"lemma": "o", "pos": "DET", "is_stop": true, "is_named": false}, "problemas": {"lemma": "problema", "pos": "NOUN", "is_stop": false, "is_named": false}, "relacionados": {"lemma": "relacionar", "pos": "VERB", "is_stop": false, "is_named": false}, "com": {"lemma": "com", "pos": "ADP", "is_stop": true, "is_named": false}, "o": {"lemma": "o", "pos": "DET", "is_stop": true, "is_named": false}, "silenciamento": {"lemma": "silenciamento", "pos": "NOUN", "is_stop": false, "is_named": false}, "obrigat\u00f3rio": {"lemma": "obrigat\u00f3rio", "pos": "NOUN", "is_stop": false, "is_named": false}, "por": {"lemma": "por", "pos": "ADP", "is_stop": true, "is_named": false}, "tempo": {"lemma": "tempo", "pos": "NOUN", "is_stop": true, "is_named": false}, "indeterminado": {"lemma": "indeterminar", "pos": "VERB", "is_stop": false, "is_named": false}, "a": {"lemma": "o", "pos": "ADP", "is_stop": true, "is_named": false}, "partir": {"lemma": "partir", "pos": "NOUN", "is_stop": true, "is_named": false}, "de": {"lemma": "de", "pos": "ADP", "is_stop": true, "is_named": false}, "24": {"lemma": "24", "pos": "NUM", "is_stop": false, "is_named": false}, "Dezembro": {"lemma": "Dezembro", "pos": "NOUN", "is_stop": false, "is_named": true}}}, "it": {"text": "ai temi di problematiche legate al periodo di silenziamento", "linguisticInfo": {"ai": {"lemma": "al", "pos": "E_RD", "is_stop": true, "is_named": false}, "temi": {"lemma": "tema", "pos": "S", "is_stop": false, "is_named": false}, "di": {"lemma": "di", "pos": "E", "is_stop": true, "is_named": false}, "problematiche": {"lemma": "problematiche", "pos": "S", "is_stop": false, "is_named": false}, "legate": {"lemma": "legare", "pos": "V", "is_stop": false, "is_named": false}, "al": {"lemma": "al", "pos": "E_RD", "is_stop": true, "is_named": false}, "periodo": {"lemma": "periodo", "pos": "S", "is_stop": false, "is_named": false}, "silenziamento": {"lemma": "silenziamento", "pos": "S", "is_stop": false, "is_named": false}}}}, "obj": {"type": "Event", "pt": {"text": "estar\u00e3o em debate", "linguisticInfo": {"estar\u00e3o": {"lemma": "estar", "pos": "VERB", "is_stop": false, "is_named": false}, "em": {"lemma": "em", "pos": "ADP", "is_stop": true, "is_named": false}, "debate": {"lemma": "debater", "pos": "NOUN", "is_stop": false, "is_named": false}}}, "it": {"text": "verranno discusse le", "linguisticInfo": {"verranno": {"lemma": "venire", "pos": "VA", "is_stop": false, "is_named": false}, "discusse": {"lemma": "discutere", "pos": "V", "is_stop": false, "is_named": false}, "le": {"lemma": "il", "pos": "RD", "is_stop": true, "is_named": false}}}}}, {"id": "R9", "subj": {"type": "Time", "pt": {"text": "por tempo indeterminado", "linguisticInfo": {"por": {"lemma": "por", "pos": "ADP", "is_stop": true, "is_named": false}, "tempo": {"lemma": "tempo", "pos": "NOUN", "is_stop": true, "is_named": false}, "indeterminado": {"lemma": "indeterminar", "pos": "VERB", "is_stop": false, "is_named": false}}}, "it": {"text": "24 dicembre .", "linguisticInfo": {"24": {"lemma": "24", "pos": "N", "is_stop": false, "is_named": false}, "dicembre": {"lemma": "dicembre", "pos": "S", "is_stop": false, "is_named": false}, ".": {"lemma": ".", "pos": "FS", "is_stop": false, "is_named": false}}}}, "obj": {"type": "Event", "pt": {"text": "o silenciamento obrigat\u00f3rio", "linguisticInfo": {"o": {"lemma": "o", "pos": "DET", "is_stop": true, "is_named": false}, "silenciamento": {"lemma": "silenciamento", "pos": "NOUN", "is_stop": false, "is_named": false}, "obrigat\u00f3rio": {"lemma": "obrigat\u00f3rio", "pos": "ADJ", "is_stop": false, "is_named": false}}}, "it": {"text": "silenziamento obbligatorio", "linguisticInfo": {"silenziamento": {"lemma": "silenziamento", "pos": "S", "is_stop": false, "is_named": false}, "obbligatorio": {"lemma": "obbligatorio", "pos": "A", "is_stop": false, "is_named": false}}}}}, {"id": "R10", "subj": {"type": "Time", "pt": {"text": "a partir de 24 de Dezembro", "linguisticInfo": {"a": {"lemma": "o", "pos": "ADP", "is_stop": true, "is_named": false}, "partir": {"lemma": "partir", "pos": "NOUN", "is_stop": true, "is_named": false}, "de": {"lemma": "de", "pos": "ADP", "is_stop": true, "is_named": false}, "24": {"lemma": "24", "pos": "NUM", "is_stop": false, "is_named": false}, "Dezembro": {"lemma": "Dezembro", "pos": "NOUN", "is_stop": false, "is_named": true}}}, "it": {"text": "oltre ai inizio dal 24", "linguisticInfo": {"oltre": {"lemma": "oltre", "pos": "B", "is_stop": true, "is_named": false}, "ai": {"lemma": "al", "pos": "E_RD", "is_stop": true, "is_named": false}, "inizio": {"lemma": "inizio", "pos": "S", "is_stop": false, "is_named": false}, "dal": {"lemma": "dal", "pos": "E_RD", "is_stop": true, "is_named": false}, "24": {"lemma": "24", "pos": "N", "is_stop": false, "is_named": false}}}}, "obj": {"type": "Event", "pt": {"text": "o silenciamento obrigat\u00f3rio", "linguisticInfo": {"o": {"lemma": "o", "pos": "DET", "is_stop": true, "is_named": false}, "silenciamento": {"lemma": "silenciamento", "pos": "NOUN", "is_stop": false, "is_named": false}, "obrigat\u00f3rio": {"lemma": "obrigat\u00f3rio", "pos": "ADJ", "is_stop": false, "is_named": false}}}, "it": {"text": "silenziamento obbligatorio", "linguisticInfo": {"silenziamento": {"lemma": "silenziamento", "pos": "S", "is_stop": false, "is_named": false}, "obbligatorio": {"lemma": "obbligatorio", "pos": "A", "is_stop": false, "is_named": false}}}}}]}, "sentences_1": {"itText": "NULL secondo i tecnici contattati dall \u2019 expresso , questo periodo potrebbe durare pi\u00f9 di sei mesi a causa delle complicazioni riscontrate nel processo di analisi delle delle candidature per la commissione consultiva e per l \u2019 istituto delle comunicazioni portoghesi .", "ptText": "na opini\u00e3o de t\u00e9cnicos contactados pelo expresso , este per\u00edodo poder\u00e1 ultrapassar os seis meses devido \u00e0 complexidade da an\u00e1lise das candidaturas na comiss\u00e3o consultiva e nos instituto das comunica\u00e7\u00f5es de portugal \n", "relations": [{"id": "R11", "subj": {"type": "Human_Patient", "pt": {"text": "t\u00e9cnicos", "linguisticInfo": {"t\u00e9cnicos": {"lemma": "t\u00e9cnico", "pos": "NOUN", "is_stop": false, "is_named": false}}}, "it": {"text": "tecnici", "linguisticInfo": {"tecnici": {"lemma": "tecnico", "pos": "A", "is_stop": false, "is_named": false}}}}, "obj": {"type": "Event", "pt": {"text": "contactados", "linguisticInfo": {"contactados": {"lemma": "contactar", "pos": "VERB", "is_stop": false, "is_named": false}}}, "it": {"text": "contattati", "linguisticInfo": {"contattati": {"lemma": "contattati", "pos": "S", "is_stop": false, "is_named": false}}}}}, {"id": "R12", "subj": {"type": "Human_Agent", "pt": {"text": "EXPRESSO", "linguisticInfo": {"EXPRESSO": {"lemma": "EXPRESSO", "pos": "PROPN", "is_stop": false, "is_named": true}}}, "it": {"text": "expresso", "linguisticInfo": {"expresso": {"lemma": "expresso", "pos": "A", "is_stop": false, "is_named": false}}}}, "obj": {"type": "Event", "pt": {"text": "contactados", "linguisticInfo": {"contactados": {"lemma": "contactar", "pos": "VERB", "is_stop": false, "is_named": false}}}, "it": {"text": "contattati", "linguisticInfo": {"contattati": {"lemma": "contattati", "pos": "S", "is_stop": false, "is_named": false}}}}}, {"id": "R13", "subj": {"type": "Non-human_Agent", "pt": {"text": "este per\u00edodo", "linguisticInfo": {"este": {"lemma": "este", "pos": "DET", "is_stop": true, "is_named": false}, "per\u00edodo": {"lemma": "per\u00edodo", "pos": "NOUN", "is_stop": false, "is_named": false}}}, "it": {"text": "questo periodo", "linguisticInfo": {"questo": {"lemma": "questo", "pos": "DD", "is_stop": true, "is_named": false}, "periodo": {"lemma": "periodo", "pos": "S", "is_stop": false, "is_named": false}}}}, "obj": {"type": "Event", "pt": {"text": "poder\u00e1 ultrapassar", "linguisticInfo": {"poder\u00e1": {"lemma": "poder", "pos": "VERB", "is_stop": true, "is_named": false}, "ultrapassar": {"lemma": "ultrapassar", "pos": "VERB", "is_stop": false, "is_named": false}}}, "it": {"text": "potrebbe durare", "linguisticInfo": {"potrebbe": {"lemma": "potere", "pos": "VM", "is_stop": true, "is_named": false}, "durare": {"lemma": "durare", "pos": "V", "is_stop": false, "is_named": false}}}}}, {"id": "R14", "subj": {"type": "Non-human_Oth_participant", "pt": {"text": "os seis meses", "linguisticInfo": {"os": {"lemma": "o", "pos": "DET", "is_stop": true, "is_named": false}, "seis": {"lemma": "seis", "pos": "NUM", "is_stop": true, "is_named": false}, "meses": {"lemma": "m\u00eas", "pos": "NOUN", "is_stop": true, "is_named": false}}}, "it": {"text": "sei mesi", "linguisticInfo": {"sei": {"lemma": "sei", "pos": "N", "is_stop": true, "is_named": false}, "mesi": {"lemma": "mese", "pos": "S", "is_stop": true, "is_named": false}}}}, "obj": {"type": "Event", "pt": {"text": "poder\u00e1 ultrapassar", "linguisticInfo": {"poder\u00e1": {"lemma": "poder", "pos": "VERB", "is_stop": true, "is_named": false}, "ultrapassar": {"lemma": "ultrapassar", "pos": "VERB", "is_stop": false, "is_named": false}}}, "it": {"text": "potrebbe durare", "linguisticInfo": {"potrebbe": {"lemma": "potere", "pos": "VM", "is_stop": true, "is_named": false}, "durare": {"lemma": "durare", "pos": "V", "is_stop": false, "is_named": false}}}}}]}, "sentences_3": {"itText": "NULL prederanno parte nell \u2019 iniziativa , che vuole essere \u201c un esempio di alta qualit\u00e0 radiofonica \u201d , politici e deputati , sindaci , impresari , sindacalisti , opinionisti , sportivi , religiosi , artisti e esperti di comunicazione sociale . verranno ascoltati anche specialisti e grandi nomi europei come quello di simone veil , umberto eco e juam luis cebriam , che porteranno la loro testimonianza in merito al processo di liberalizzazione delle radio nel loro paese .", "ptText": "nesta iniciativa , que pretende constituir &quot; um exemplo de grande qualidade radiof\u00f3nica &quot; , participar\u00e3o pol\u00edticos e deputados , autarcas , empres\u00e1rios , sindicalistas , l\u00edderes de opini\u00e3o , desportistas , religiosos , artistas e profissionais da comunica\u00e7\u00e3o social . ser\u00e3o tamb\u00e9m ouvidos especialistas e figuras europeias como simone veil , umberto eco e juan luis cebrian , que dar\u00e3o testemunho de como decorreu o processo de liberaliza\u00e7\u00e3o da r\u00e1dio nos seus pa\u00edses . \n", "relations": [{"id": "R19", "subj": {"type": "Non-human_Agent", "pt": {"text": "que", "linguisticInfo": {"que": {"lemma": "que", "pos": "SCONJ", "is_stop": true, "is_named": false}}}, "it": {"text": "che", "linguisticInfo": {"che": {"lemma": "che", "pos": "CS", "is_stop": true, "is_named": false}}}}, "obj": {"type": "Event", "pt": {"text": "pretende constituir", "linguisticInfo": {"pretende": {"lemma": "pretender", "pos": "VERB", "is_stop": false, "is_named": false}, "constituir": {"lemma": "constituir", "pos": "VERB", "is_stop": false, "is_named": false}}}, "it": {"text": "vuole essere \u201c", "linguisticInfo": {"vuole": {"lemma": "volere", "pos": "VM", "is_stop": false, "is_named": false}, "essere": {"lemma": "essere", "pos": "V", "is_stop": true, "is_named": false}, "\u201c": {"lemma": "\u201c", "pos": "FB", "is_stop": false, "is_named": false}}}}}, {"id": "R20", "subj": {"type": "Non-human_Oth_participant", "pt": {"text": "um exemplo de grande qualidade radiof\u00f3nica", "linguisticInfo": {"um": {"lemma": "um", "pos": "DET", "is_stop": true, "is_named": false}, "exemplo": {"lemma": "exemplo", "pos": "NOUN", "is_stop": true, "is_named": false}, "de": {"lemma": "de", "pos": "ADP", "is_stop": true, "is_named": false}, "grande": {"lemma": "grande", "pos": "ADJ", "is_stop": true, "is_named": false}, "qualidade": {"lemma": "qualidade", "pos": "NOUN", "is_stop": false, "is_named": false}, "radiof\u00f3nica": {"lemma": "radiof\u00f3nico", "pos": "ADJ", "is_stop": false, "is_named": false}}}, "it": {"text": "un esempio di alta qualit\u00e0 radiofonica", "linguisticInfo": {"un": {"lemma": "uno", "pos": "RI", "is_stop": true, "is_named": false}, "esempio": {"lemma": "esempio", "pos": "S", "is_stop": true, "is_named": false}, "di": {"lemma": "di", "pos": "E", "is_stop": true, "is_named": false}, "alta": {"lemma": "alto", "pos": "A", "is_stop": false, "is_named": false}, "qualit\u00e0": {"lemma": "qualit\u00e0", "pos": "S", "is_stop": false, "is_named": false}, "radiofonica": {"lemma": "radiofonico", "pos": "A", "is_stop": false, "is_named": false}}}}, "obj": {"type": "Event", "pt": {"text": "pretende constituir", "linguisticInfo": {"pretende": {"lemma": "pretender", "pos": "VERB", "is_stop": false, "is_named": false}, "constituir": {"lemma": "constituir", "pos": "VERB", "is_stop": false, "is_named": false}}}, "it": {"text": "vuole essere \u201c", "linguisticInfo": {"vuole": {"lemma": "volere", "pos": "VM", "is_stop": false, "is_named": false}, "essere": {"lemma": "essere", "pos": "V", "is_stop": true, "is_named": false}, "\u201c": {"lemma": "\u201c", "pos": "FB", "is_stop": false, "is_named": false}}}}}, {"id": "R21", "subj": {"type": "Human_Agent", "pt": {"text": "pol\u00edticos e deputados , autarcas , empres\u00e1rios , sindicalistas , l\u00edderes de opini\u00e3o , desportistas , religiosos , artistas e profissionais da comunica\u00e7\u00e3o social", "linguisticInfo": {"pol\u00edticos": {"lemma": "pol\u00edtico", "pos": "NOUN", "is_stop": false, "is_named": false}, "e": {"lemma": "e", "pos": "CCONJ", "is_stop": true, "is_named": false}, "deputados": {"lemma": "deputar", "pos": "NOUN", "is_stop": false, "is_named": false}, ",": {"lemma": ",", "pos": "PUNCT", "is_stop": false, "is_named": false}, "autarcas": {"lemma": "autarca", "pos": "NOUN", "is_stop": false, "is_named": false}, "empres\u00e1rios": {"lemma": "empres\u00e1rio", "pos": "NOUN", "is_stop": false, "is_named": false}, "sindicalistas": {"lemma": "sindicalista", "pos": "NOUN", "is_stop": false, "is_named": false}, "l\u00edderes": {"lemma": "l\u00edder", "pos": "NOUN", "is_stop": false, "is_named": false}, "de": {"lemma": "de", "pos": "ADP", "is_stop": true, "is_named": false}, "opini\u00e3o": {"lemma": "opini\u00e3o", "pos": "NOUN", "is_stop": false, "is_named": false}, "desportistas": {"lemma": "desportista", "pos": "NOUN", "is_stop": false, "is_named": false}, "religiosos": {"lemma": "religioso", "pos": "NOUN", "is_stop": false, "is_named": false}, "artistas": {"lemma": "artista", "pos": "NOUN", "is_stop": false, "is_named": false}, "profissionais": {"lemma": "profissional", "pos": "NOUN", "is_stop": false, "is_named": false}, "da": {"lemma": "da", "pos": "ADP", "is_stop": true, "is_named": false}, "comunica\u00e7\u00e3o": {"lemma": "comunica\u00e7\u00e3o", "pos": "NOUN", "is_stop": false, "is_named": false}, "social": {"lemma": "social", "pos": "ADJ", "is_stop": false, "is_named": false}}}, "it": {"text": "politici e deputati , sindaci , impresari , sindacalisti , opinionisti , sportivi", "linguisticInfo": {"politici": {"lemma": "politico", "pos": "A", "is_stop": false, "is_named": false}, "e": {"lemma": "e", "pos": "CC", "is_stop": false, "is_named": false}, "deputati": {"lemma": "deputato", "pos": "S", "is_stop": false, "is_named": false}, ",": {"lemma": ",", "pos": "FF", "is_stop": false, "is_named": false}, "sindaci": {"lemma": "sindaco", "pos": "S", "is_stop": false, "is_named": false}, "impresari": {"lemma": "impresario", "pos": "S", "is_stop": false, "is_named": false}, "sindacalisti": {"lemma": "sindacalista", "pos": "S", "is_stop": false, "is_named": false}, "opinionisti": {"lemma": "opinionista", "pos": "S", "is_stop": false, "is_named": false}, "sportivi": {"lemma": "sportivi", "pos": "S", "is_stop": false, "is_named": false}}}}, "obj": {"type": "Event", "pt": {"text": "participar\u00e3o", "linguisticInfo": {"participar\u00e3o": {"lemma": "participar", "pos": "VERB", "is_stop": false, "is_named": false}}}, "it": {"text": "prederanno", "linguisticInfo": {"prederanno": {"lemma": "predare", "pos": "V", "is_stop": false, "is_named": false}}}}}, {"id": "R22", "subj": {"type": "Oth_location", "pt": {"text": "nesta iniciativa", "linguisticInfo": {"nesta": {"lemma": "nesta", "pos": "ADP", "is_stop": true, "is_named": false}, "iniciativa": {"lemma": "iniciativo", "pos": "NOUN", "is_stop": false, "is_named": false}}}, "it": {"text": "nell iniziativa", "linguisticInfo": {"nell": {"lemma": "nell", "pos": "V", "is_stop": true, "is_named": false}, "iniziativa": {"lemma": "iniziativa", "pos": "S", "is_stop": false, "is_named": false}}}}, "obj": {"type": "Event", "pt": {"text": "participar\u00e3o", "linguisticInfo": {"participar\u00e3o": {"lemma": "participar", "pos": "VERB", "is_stop": false, "is_named": false}}}, "it": {"text": "prederanno", "linguisticInfo": {"prederanno": {"lemma": "predare", "pos": "V", "is_stop": false, "is_named": false}}}}}, {"id": "R23", "subj": {"type": "Human_Patient", "pt": {"text": "especialistas e figuras europeias como Simone Veil , Umberto Eco e Juan Luis Cebrian", "linguisticInfo": {"especialistas": {"lemma": "especialista", "pos": "NOUN", "is_stop": false, "is_named": false}, "e": {"lemma": "e", "pos": "CCONJ", "is_stop": true, "is_named": false}, "figuras": {"lemma": "figurar", "pos": "NOUN", "is_stop": false, "is_named": false}, "europeias": {"lemma": "europeu", "pos": "ADJ", "is_stop": false, "is_named": false}, "como": {"lemma": "comer", "pos": "ADP", "is_stop": true, "is_named": false}, "Simone": {"lemma": "Simone", "pos": "PROPN", "is_stop": false, "is_named": true}, "Veil": {"lemma": "Veil", "pos": "PROPN", "is_stop": false, "is_named": true}, ",": {"lemma": ",", "pos": "PUNCT", "is_stop": false, "is_named": false}, "Umberto": {"lemma": "Umberto", "pos": "PROPN", "is_stop": false, "is_named": true}, "Eco": {"lemma": "Eco", "pos": "PROPN", "is_stop": false, "is_named": true}, "Juan": {"lemma": "Juan", "pos": "PROPN", "is_stop": false, "is_named": true}, "Luis": {"lemma": "Luis", "pos": "PROPN", "is_stop": false, "is_named": true}, "Cebrian": {"lemma": "Cebrian", "pos": "PROPN", "is_stop": false, "is_named": true}}}, "it": {"text": "specialisti e grandi nomi juam luis cebriam", "linguisticInfo": {"specialisti": {"lemma": "specialista", "pos": "S", "is_stop": false, "is_named": false}, "e": {"lemma": "e", "pos": "CC", "is_stop": false, "is_named": false}, "grandi": {"lemma": "grande", "pos": "A", "is_stop": false, "is_named": false}, "nomi": {"lemma": "nome", "pos": "S", "is_stop": false, "is_named": false}, "juam": {"lemma": "juam", "pos": "V", "is_stop": false, "is_named": false}, "luis": {"lemma": "luis", "pos": "SW", "is_stop": false, "is_named": false}, "cebriam": {"lemma": "cebriam", "pos": "A", "is_stop": false, "is_named": false}}}}, "obj": {"type": "Event", "pt": {"text": "Ser\u00e3o tamb\u00e9m ouvidos", "linguisticInfo": {"Ser\u00e3o": {"lemma": "Ser\u00e3o", "pos": "AUX", "is_stop": false, "is_named": true}, "tamb\u00e9m": {"lemma": "tamb\u00e9m", "pos": "ADV", "is_stop": true, "is_named": false}, "ouvidos": {"lemma": "ouvir", "pos": "VERB", "is_stop": false, "is_named": false}}}, "it": {"text": "verranno ascoltati anche specialisti e", "linguisticInfo": {"verranno": {"lemma": "venire", "pos": "VA", "is_stop": false, "is_named": false}, "ascoltati": {"lemma": "ascoltare", "pos": "V", "is_stop": false, "is_named": false}, "anche": {"lemma": "anche", "pos": "B", "is_stop": true, "is_named": false}, "specialisti": {"lemma": "specialista", "pos": "S", "is_stop": false, "is_named": false}, "e": {"lemma": "e", "pos": "CC", "is_stop": false, "is_named": false}}}}}, {"id": "R24", "subj": {"type": "Human_Agent", "pt": {"text": "que", "linguisticInfo": {"que": {"lemma": "que", "pos": "SCONJ", "is_stop": true, "is_named": false}}}, "it": {"text": "che", "linguisticInfo": {"che": {"lemma": "che", "pos": "CS", "is_stop": true, "is_named": false}}}}, "obj": {"type": "Event", "pt": {"text": "dar\u00e3o testemunho", "linguisticInfo": {"dar\u00e3o": {"lemma": "dar", "pos": "VERB", "is_stop": false, "is_named": false}, "testemunho": {"lemma": "testemunhar", "pos": "NOUN", "is_stop": false, "is_named": false}}}, "it": {"text": "porteranno testimonianza", "linguisticInfo": {"porteranno": {"lemma": "portare", "pos": "V", "is_stop": false, "is_named": false}, "testimonianza": {"lemma": "testimonianza", "pos": "S", "is_stop": false, "is_named": false}}}}}, {"id": "R25", "subj": {"type": "Non-human_Oth_participant", "pt": {"text": "como decorreu o processo de liberaliza\u00e7\u00e3o da r\u00e1dio nos seus pa\u00edses", "linguisticInfo": {"como": {"lemma": "comer", "pos": "ADV", "is_stop": true, "is_named": false}, "decorreu": {"lemma": "decorrer", "pos": "VERB", "is_stop": false, "is_named": false}, "o": {"lemma": "o", "pos": "DET", "is_stop": true, "is_named": false}, "processo": {"lemma": "processar", "pos": "NOUN", "is_stop": false, "is_named": false}, "de": {"lemma": "de", "pos": "ADP", "is_stop": true, "is_named": false}, "liberaliza\u00e7\u00e3o": {"lemma": "liberaliza\u00e7\u00e3o", "pos": "NOUN", "is_stop": false, "is_named": false}, "da": {"lemma": "da", "pos": "ADP", "is_stop": true, "is_named": false}, "r\u00e1dio": {"lemma": "r\u00e1dio", "pos": "NOUN", "is_stop": false, "is_named": false}, "nos": {"lemma": "o", "pos": "ADP", "is_stop": true, "is_named": false}, "seus": {"lemma": "seu", "pos": "DET", "is_stop": true, "is_named": false}, "pa\u00edses": {"lemma": "pa\u00eds", "pos": "NOUN", "is_stop": false, "is_named": false}}}, "it": {"text": "prederanno parte juam luis cebriam", "linguisticInfo": {"prederanno": {"lemma": "predare", "pos": "V", "is_stop": false, "is_named": false}, "parte": {"lemma": "parte", "pos": "S", "is_stop": true, "is_named": false}, "juam": {"lemma": "juam", "pos": "V", "is_stop": false, "is_named": false}, "luis": {"lemma": "luis", "pos": "SW", "is_stop": false, "is_named": false}, "cebriam": {"lemma": "cebriam", "pos": "A", "is_stop": false, "is_named": false}}}}, "obj": {"type": "Event", "pt": {"text": "dar\u00e3o testemunho", "linguisticInfo": {"dar\u00e3o": {"lemma": "dar", "pos": "VERB", "is_stop": false, "is_named": false}, "testemunho": {"lemma": "testemunhar", "pos": "NOUN", "is_stop": false, "is_named": false}}}, "it": {"text": "porteranno testimonianza", "linguisticInfo": {"porteranno": {"lemma": "portare", "pos": "V", "is_stop": false, "is_named": false}, "testimonianza": {"lemma": "testimonianza", "pos": "S", "is_stop": false, "is_named": false}}}}}, {"id": "R27", "subj": {"type": "Geo_location", "pt": {"text": "nos seus pa\u00edses", "linguisticInfo": {"nos": {"lemma": "o", "pos": "ADP", "is_stop": true, "is_named": false}, "seus": {"lemma": "seu", "pos": "DET", "is_stop": true, "is_named": false}, "pa\u00edses": {"lemma": "pa\u00eds", "pos": "NOUN", "is_stop": false, "is_named": false}}}, "it": {"text": "nel loro paese", "linguisticInfo": {"nel": {"lemma": "nel", "pos": "E_RD", "is_stop": true, "is_named": false}, "loro": {"lemma": "loro", "pos": "AP", "is_stop": true, "is_named": false}, "paese": {"lemma": "paese", "pos": "S", "is_stop": true, "is_named": false}}}}, "obj": {"type": "Event", "pt": {"text": "o processo de liberaliza\u00e7\u00e3o", "linguisticInfo": {"o": {"lemma": "o", "pos": "DET", "is_stop": true, "is_named": false}, "processo": {"lemma": "processar", "pos": "NOUN", "is_stop": false, "is_named": false}, "de": {"lemma": "de", "pos": "ADP", "is_stop": true, "is_named": false}, "liberaliza\u00e7\u00e3o": {"lemma": "liberaliza\u00e7\u00e3o", "pos": "NOUN", "is_stop": false, "is_named": false}}}, "it": {"text": "processo di liberalizzazione", "linguisticInfo": {"processo": {"lemma": "processo", "pos": "S", "is_stop": false, "is_named": false}, "di": {"lemma": "di", "pos": "E", "is_stop": true, "is_named": false}, "liberalizzazione": {"lemma": "liberalizzazione", "pos": "S", "is_stop": false, "is_named": false}}}}}]}, "sentences_4": {"itText": "NULL hanno aderito all&apos; iniziativa tutte le emittenti di radio libere del paese . durante la trasmissione verr\u00e0 anche discusso l \u2019 ampliamento in corso nelle diverse regioni del paese delle reti locali di radio renascen\u00e7a e della radiodiffusione portoghese ( rdp ) , che si prevede \u201c soffocher\u00e0 ulteriormente \u201d le forze , gi\u00e0 molto limitate , ammesse al concorso .", "ptText": "todas as associa\u00e7\u00f5es de r\u00e1dios livres do pa\u00eds aderiram a esta emiss\u00e3o , durante a qual ser\u00e1 tamb\u00e9m discutida a expans\u00e3o das redes locais da r\u00e1dio renascen\u00e7a e da rdp , em curso em diversas regi\u00f5es , que &quot; vai abafar ainda mais &quot; as j\u00e1 limitadas pot\u00eancias admitidas neste concurso . \n", "relations": [{"id": "R28", "subj": {"type": "Human_Agent", "pt": {"text": "Todas as associa\u00e7\u00f5es de r\u00e1dios livres do pa\u00eds", "linguisticInfo": {"Todas": {"lemma": "Todas", "pos": "DET", "is_stop": true, "is_named": true}, "as": {"lemma": "o", "pos": "DET", "is_stop": true, "is_named": false}, "associa\u00e7\u00f5es": {"lemma": "associa\u00e7\u00e3o", "pos": "NOUN", "is_stop": false, "is_named": false}, "de": {"lemma": "de", "pos": "ADP", "is_stop": true, "is_named": false}, "r\u00e1dios": {"lemma": "r\u00e1dio", "pos": "NOUN", "is_stop": false, "is_named": false}, "livres": {"lemma": "livre", "pos": "ADJ", "is_stop": false, "is_named": false}, "do": {"lemma": "do", "pos": "ADP", "is_stop": true, "is_named": false}, "pa\u00eds": {"lemma": "pa\u00eds", "pos": "NOUN", "is_stop": false, "is_named": false}}}, "it": {"text": "tutte le emittenti di radio libere del paese", "linguisticInfo": {"tutte": {"lemma": "tutto", "pos": "T", "is_stop": true, "is_named": false}, "le": {"lemma": "il", "pos": "RD", "is_stop": true, "is_named": false}, "emittenti": {"lemma": "emittente", "pos": "S", "is_stop": false, "is_named": false}, "di": {"lemma": "di", "pos": "E", "is_stop": true, "is_named": false}, "radio": {"lemma": "radio", "pos": "S", "is_stop": false, "is_named": false}, "libere": {"lemma": "libero", "pos": "A", "is_stop": false, "is_named": false}, "del": {"lemma": "del", "pos": "E_RD", "is_stop": true, "is_named": false}, "paese": {"lemma": "paese", "pos": "S", "is_stop": true, "is_named": false}}}}, "obj": {"type": "Event", "pt": {"text": "aderiram", "linguisticInfo": {"aderiram": {"lemma": "aderir", "pos": "VERB", "is_stop": false, "is_named": false}}}, "it": {"text": "aderito", "linguisticInfo": {"aderito": {"lemma": "aderire", "pos": "V", "is_stop": false, "is_named": false}}}}}, {"id": "R29", "subj": {"type": "Non-human_Oth_participant", "pt": {"text": "a esta emiss\u00e3o", "linguisticInfo": {"a": {"lemma": "o", "pos": "ADP", "is_stop": true, "is_named": false}, "esta": {"lemma": "este", "pos": "DET", "is_stop": true, "is_named": false}, "emiss\u00e3o": {"lemma": "emiss\u00e3o", "pos": "NOUN", "is_stop": false, "is_named": false}}}, "it": {"text": "hanno aderito renascen\u00e7a e della", "linguisticInfo": {"hanno": {"lemma": "avere", "pos": "VA", "is_stop": true, "is_named": false}, "aderito": {"lemma": "aderire", "pos": "V", "is_stop": false, "is_named": false}, "renascen\u00e7a": {"lemma": "renascen\u00e7a", "pos": "S", "is_stop": false, "is_named": false}, "e": {"lemma": "e", "pos": "CC", "is_stop": false, "is_named": false}, "della": {"lemma": "della", "pos": "E_RD", "is_stop": true, "is_named": false}}}}, "obj": {"type": "Event", "pt": {"text": "aderiram", "linguisticInfo": {"aderiram": {"lemma": "aderir", "pos": "VERB", "is_stop": false, "is_named": false}}}, "it": {"text": "aderito", "linguisticInfo": {"aderito": {"lemma": "aderire", "pos": "V", "is_stop": false, "is_named": false}}}}}, {"id": "R30", "subj": {"type": "Time", "pt": {"text": "durante a qual", "linguisticInfo": {"durante": {"lemma": "durante", "pos": "ADP", "is_stop": false, "is_named": false}, "a": {"lemma": "o", "pos": "DET", "is_stop": true, "is_named": false}, "qual": {"lemma": "qual", "pos": "PRON", "is_stop": true, "is_named": false}}}, "it": {"text": "durante la trasmissione", "linguisticInfo": {"durante": {"lemma": "durante", "pos": "E", "is_stop": true, "is_named": false}, "la": {"lemma": "il", "pos": "RD", "is_stop": true, "is_named": false}, "trasmissione": {"lemma": "trasmissione", "pos": "S", "is_stop": false, "is_named": false}}}}, "obj": {"type": "Event", "pt": {"text": "ser\u00e1 tamb\u00e9m discutida", "linguisticInfo": {"ser\u00e1": {"lemma": "ser", "pos": "AUX", "is_stop": false, "is_named": false}, "tamb\u00e9m": {"lemma": "tamb\u00e9m", "pos": "ADV", "is_stop": true, "is_named": false}, "discutida": {"lemma": "discutir", "pos": "VERB", "is_stop": false, "is_named": false}}}, "it": {"text": "verr\u00e0 anche discusso", "linguisticInfo": {"verr\u00e0": {"lemma": "venire", "pos": "VA", "is_stop": false, "is_named": false}, "anche": {"lemma": "anche", "pos": "B", "is_stop": true, "is_named": false}, "discusso": {"lemma": "discusso", "pos": "V", "is_stop": false, "is_named": false}}}}}, {"id": "R31", "subj": {"type": "Non-human_Oth_participant", "pt": {"text": "a expans\u00e3o das redes locais da R\u00e1dio Renascen\u00e7a e da RDP , em curso em diversas regi\u00f5es", "linguisticInfo": {"a": {"lemma": "o", "pos": "DET", "is_stop": true, "is_named": false}, "expans\u00e3o": {"lemma": "expans\u00e3o", "pos": "NOUN", "is_stop": false, "is_named": false}, "das": {"lemma": "das", "pos": "ADP", "is_stop": true, "is_named": false}, "redes": {"lemma": "rede", "pos": "NOUN", "is_stop": false, "is_named": false}, "locais": {"lemma": "locar", "pos": "ADJ", "is_stop": false, "is_named": false}, "da": {"lemma": "da", "pos": "ADP", "is_stop": true, "is_named": false}, "R\u00e1dio": {"lemma": "R\u00e1dio", "pos": "PROPN", "is_stop": false, "is_named": true}, "Renascen\u00e7a": {"lemma": "Renascen\u00e7a", "pos": "PROPN", "is_stop": false, "is_named": true}, "e": {"lemma": "e", "pos": "CCONJ", "is_stop": true, "is_named": false}, "RDP": {"lemma": "RDP", "pos": "PROPN", "is_stop": false, "is_named": true}, ",": {"lemma": ",", "pos": "PUNCT", "is_stop": false, "is_named": false}, "em": {"lemma": "em", "pos": "ADP", "is_stop": true, "is_named": false}, "curso": {"lemma": "cursar", "pos": "NOUN", "is_stop": false, "is_named": false}, "diversas": {"lemma": "diverso", "pos": "DET", "is_stop": false, "is_named": false}, "regi\u00f5es": {"lemma": "regi\u00e3o", "pos": "NOUN", "is_stop": false, "is_named": false}}}, "it": {"text": "l \u2019 ampliamento in corso delle reti locali di radio", "linguisticInfo": {"l": {"lemma": "l", "pos": "RD", "is_stop": false, "is_named": false}, "\u2019": {"lemma": "\u2019", "pos": "NO", "is_stop": false, "is_named": false}, "ampliamento": {"lemma": "ampliamento", "pos": "S", "is_stop": false, "is_named": false}, "in": {"lemma": "in", "pos": "E", "is_stop": true, "is_named": false}, "corso": {"lemma": "corso", "pos": "S", "is_stop": false, "is_named": false}, "delle": {"lemma": "della", "pos": "E_RD", "is_stop": true, "is_named": false}, "reti": {"lemma": "rete", "pos": "S", "is_stop": false, "is_named": false}, "locali": {"lemma": "locale", "pos": "A", "is_stop": false, "is_named": false}, "di": {"lemma": "di", "pos": "E", "is_stop": true, "is_named": false}, "radio": {"lemma": "radio", "pos": "S", "is_stop": false, "is_named": false}}}}, "obj": {"type": "Event", "pt": {"text": "ser\u00e1 tamb\u00e9m discutida", "linguisticInfo": {"ser\u00e1": {"lemma": "ser", "pos": "AUX", "is_stop": false, "is_named": false}, "tamb\u00e9m": {"lemma": "tamb\u00e9m", "pos": "ADV", "is_stop": true, "is_named": false}, "discutida": {"lemma": "discutir", "pos": "VERB", "is_stop": false, "is_named": false}}}, "it": {"text": "verr\u00e0 anche discusso", "linguisticInfo": {"verr\u00e0": {"lemma": "venire", "pos": "VA", "is_stop": false, "is_named": false}, "anche": {"lemma": "anche", "pos": "B", "is_stop": true, "is_named": false}, "discusso": {"lemma": "discusso", "pos": "V", "is_stop": false, "is_named": false}}}}}, {"id": "R32", "subj": {"type": "Non-human_Oth_participant", "pt": {"text": "as j\u00e1 limitadas pot\u00eancias admitidas neste concurso", "linguisticInfo": {"as": {"lemma": "o", "pos": "DET", "is_stop": true, "is_named": false}, "j\u00e1": {"lemma": "j\u00e1", "pos": "ADV", "is_stop": true, "is_named": false}, "limitadas": {"lemma": "limitar", "pos": "VERB", "is_stop": false, "is_named": false}, "pot\u00eancias": {"lemma": "pot\u00eancia", "pos": "NOUN", "is_stop": false, "is_named": false}, "admitidas": {"lemma": "admitir", "pos": "VERB", "is_stop": false, "is_named": false}, "neste": {"lemma": "neste", "pos": "ADP", "is_stop": true, "is_named": false}, "concurso": {"lemma": "concurso", "pos": "NOUN", "is_stop": false, "is_named": false}}}, "it": {"text": "le emittenti di gi\u00e0 molto limitate , ammesse", "linguisticInfo": {"le": {"lemma": "il", "pos": "RD", "is_stop": true, "is_named": false}, "emittenti": {"lemma": "emittente", "pos": "S", "is_stop": false, "is_named": false}, "di": {"lemma": "di", "pos": "E", "is_stop": true, "is_named": false}, "gi\u00e0": {"lemma": "gi\u00e0", "pos": "B", "is_stop": true, "is_named": false}, "molto": {"lemma": "molto", "pos": "B", "is_stop": true, "is_named": false}, "limitate": {"lemma": "limitato", "pos": "A", "is_stop": false, "is_named": false}, ",": {"lemma": ",", "pos": "FF", "is_stop": false, "is_named": false}, "ammesse": {"lemma": "ammettere", "pos": "V", "is_stop": false, "is_named": false}}}}, "obj": {"type": "Event", "pt": {"text": "vai abafar", "linguisticInfo": {"vai": {"lemma": "ir", "pos": "AUX", "is_stop": true, "is_named": false}, "abafar": {"lemma": "abafar", "pos": "VERB", "is_stop": false, "is_named": false}}}, "it": {"text": "soffocher\u00e0 ulteriormente \u201d", "linguisticInfo": {"soffocher\u00e0": {"lemma": "soffocare", "pos": "V", "is_stop": false, "is_named": false}, "ulteriormente": {"lemma": "ulteriormente", "pos": "B", "is_stop": false, "is_named": false}, "\u201d": {"lemma": "\u201d", "pos": "FB", "is_stop": false, "is_named": false}}}}}, {"id": "R33", "subj": {"type": "Non-human_Agent", "pt": {"text": "que", "linguisticInfo": {"que": {"lemma": "que", "pos": "SCONJ", "is_stop": true, "is_named": false}}}, "it": {"text": "che", "linguisticInfo": {"che": {"lemma": "che", "pos": "CS", "is_stop": true, "is_named": false}}}}, "obj": {"type": "Event", "pt": {"text": "vai abafar", "linguisticInfo": {"vai": {"lemma": "ir", "pos": "AUX", "is_stop": true, "is_named": false}, "abafar": {"lemma": "abafar", "pos": "VERB", "is_stop": false, "is_named": false}}}, "it": {"text": "soffocher\u00e0 ulteriormente \u201d", "linguisticInfo": {"soffocher\u00e0": {"lemma": "soffocare", "pos": "V", "is_stop": false, "is_named": false}, "ulteriormente": {"lemma": "ulteriormente", "pos": "B", "is_stop": false, "is_named": false}, "\u201d": {"lemma": "\u201d", "pos": "FB", "is_stop": false, "is_named": false}}}}}, {"id": "R34", "subj": {"type": "Non-human_Patient", "pt": {"text": "as j\u00e1 limitadas pot\u00eancias", "linguisticInfo": {"as": {"lemma": "o", "pos": "DET", "is_stop": true, "is_named": false}, "j\u00e1": {"lemma": "j\u00e1", "pos": "ADV", "is_stop": true, "is_named": false}, "limitadas": {"lemma": "limitar", "pos": "VERB", "is_stop": false, "is_named": false}, "pot\u00eancias": {"lemma": "pot\u00eancia", "pos": "NOUN", "is_stop": false, "is_named": false}}}, "it": {"text": "le emittenti di gi\u00e0 molto limitate , ammesse", "linguisticInfo": {"le": {"lemma": "il", "pos": "RD", "is_stop": true, "is_named": false}, "emittenti": {"lemma": "emittente", "pos": "S", "is_stop": false, "is_named": false}, "di": {"lemma": "di", "pos": "E", "is_stop": true, "is_named": false}, "gi\u00e0": {"lemma": "gi\u00e0", "pos": "B", "is_stop": true, "is_named": false}, "molto": {"lemma": "molto", "pos": "B", "is_stop": true, "is_named": false}, "limitate": {"lemma": "limitato", "pos": "A", "is_stop": false, "is_named": false}, ",": {"lemma": ",", "pos": "FF", "is_stop": false, "is_named": false}, "ammesse": {"lemma": "ammettere", "pos": "V", "is_stop": false, "is_named": false}}}}, "obj": {"type": "Event", "pt": {"text": "admitidas", "linguisticInfo": {"admitidas": {"lemma": "admitir", "pos": "NOUN", "is_stop": false, "is_named": false}}}, "it": {"text": "ammesse", "linguisticInfo": {"ammesse": {"lemma": "ammettere", "pos": "V", "is_stop": false, "is_named": false}}}}}, {"id": "R35", "subj": {"type": "Oth_location", "pt": {"text": "neste concurso", "linguisticInfo": {"neste": {"lemma": "neste", "pos": "ADP", "is_stop": true, "is_named": false}, "concurso": {"lemma": "concurso", "pos": "NOUN", "is_stop": false, "is_named": false}}}, "it": {"text": "al concorso", "linguisticInfo": {"al": {"lemma": "al", "pos": "E_RD", "is_stop": true, "is_named": false}, "concorso": {"lemma": "concorso", "pos": "S", "is_stop": false, "is_named": false}}}}, "obj": {"type": "Event", "pt": {"text": "admitidas", "linguisticInfo": {"admitidas": {"lemma": "admitir", "pos": "NOUN", "is_stop": false, "is_named": false}}}, "it": {"text": "ammesse", "linguisticInfo": {"ammesse": {"lemma": "ammettere", "pos": "V", "is_stop": false, "is_named": false}}}}}]}, "sentences_5": {"itText": "NULL contemporaneamente , i responsabili del processo porteranno avanti una serie di contestazioni contro il concorso aperto questa settimana , forti del fatto che altre emittenti , come per esempio r\u00e1dio voz da plan\u00edcie di evora , si stanno battendo perch\u00e9 il governo risarcisca i loro lavoratori durante il periodo di inattivit\u00e0 forzata .", "ptText": "paralelamente , os respons\u00e1veis deste processo impugnar\u00e3o o concurso aberto nesta semana , sabendo -se que outras emissoras , como \u00e9 o caso da r\u00e1dio voz da plan\u00edcie , de \u00e9vora , pretendem que o governo indemnize os seus trabalhadores durante o for\u00e7ado per\u00edodo de inactividade . \n", "relations": [{"id": "R36", "subj": {"type": "Human_Agent", "pt": {"text": "os respons\u00e1veis deste processo", "linguisticInfo": {"os": {"lemma": "o", "pos": "DET", "is_stop": true, "is_named": false}, "respons\u00e1veis": {"lemma": "respons\u00e1vel", "pos": "NOUN", "is_stop": false, "is_named": false}, "deste": {"lemma": "dar", "pos": "ADP", "is_stop": true, "is_named": false}, "processo": {"lemma": "processar", "pos": "NOUN", "is_stop": false, "is_named": false}}}, "it": {"text": "i responsabili del processo", "linguisticInfo": {"i": {"lemma": "il", "pos": "RD", "is_stop": false, "is_named": false}, "responsabili": {"lemma": "responsabile", "pos": "S", "is_stop": false, "is_named": false}, "del": {"lemma": "del", "pos": "E_RD", "is_stop": true, "is_named": false}, "processo": {"lemma": "processo", "pos": "S", "is_stop": false, "is_named": false}}}}, "obj": {"type": "Event", "pt": {"text": "impugnar\u00e3o", "linguisticInfo": {"impugnar\u00e3o": {"lemma": "impugnar", "pos": "VERB", "is_stop": false, "is_named": false}}}, "it": {"text": "plan\u00edcie", "linguisticInfo": {"plan\u00edcie": {"lemma": "plan\u00edcie", "pos": "S", "is_stop": false, "is_named": false}}}}}, {"id": "R37", "subj": {"type": "Non-human_Patient", "pt": {"text": "o concurso aberto nesta semana", "linguisticInfo": {"o": {"lemma": "o", "pos": "DET", "is_stop": true, "is_named": false}, "concurso": {"lemma": "concurso", "pos": "NOUN", "is_stop": false, "is_named": false}, "aberto": {"lemma": "aberto", "pos": "VERB", "is_stop": false, "is_named": false}, "nesta": {"lemma": "nesta", "pos": "ADP", "is_stop": true, "is_named": false}, "semana": {"lemma": "semana", "pos": "NOUN", "is_stop": false, "is_named": false}}}, "it": {"text": "il concorso aperto questa settimana", "linguisticInfo": {"il": {"lemma": "il", "pos": "RD", "is_stop": true, "is_named": false}, "concorso": {"lemma": "concorso", "pos": "S", "is_stop": false, "is_named": false}, "aperto": {"lemma": "aprire", "pos": "V", "is_stop": false, "is_named": false}, "questa": {"lemma": "questo", "pos": "DD", "is_stop": true, "is_named": false}, "settimana": {"lemma": "settimana", "pos": "S", "is_stop": false, "is_named": false}}}}, "obj": {"type": "Event", "pt": {"text": "impugnar\u00e3o", "linguisticInfo": {"impugnar\u00e3o": {"lemma": "impugnar", "pos": "VERB", "is_stop": false, "is_named": false}}}, "it": {"text": "plan\u00edcie", "linguisticInfo": {"plan\u00edcie": {"lemma": "plan\u00edcie", "pos": "S", "is_stop": false, "is_named": false}}}}}, {"id": "R38", "subj": {"type": "Time", "pt": {"text": "nesta semana", "linguisticInfo": {"nesta": {"lemma": "nesta", "pos": "ADP", "is_stop": true, "is_named": false}, "semana": {"lemma": "semana", "pos": "NOUN", "is_stop": false, "is_named": false}}}, "it": {"text": "questa settimana", "linguisticInfo": {"questa": {"lemma": "questo", "pos": "DD", "is_stop": true, "is_named": false}, "settimana": {"lemma": "settimana", "pos": "S", "is_stop": false, "is_named": false}}}}, "obj": {"type": "Event", "pt": {"text": "o concurso aberto", "linguisticInfo": {"o": {"lemma": "o", "pos": "DET", "is_stop": true, "is_named": false}, "concurso": {"lemma": "concurso", "pos": "NOUN", "is_stop": false, "is_named": false}, "aberto": {"lemma": "aberto", "pos": "VERB", "is_stop": false, "is_named": false}}}, "it": {"text": "il concorso aperto", "linguisticInfo": {"il": {"lemma": "il", "pos": "RD", "is_stop": true, "is_named": false}, "concorso": {"lemma": "concorso", "pos": "S", "is_stop": false, "is_named": false}, "aperto": {"lemma": "aperto", "pos": "A", "is_stop": false, "is_named": false}}}}}, {"id": "R39", "subj": {"type": "Time", "pt": {"text": "durante o for\u00e7ado per\u00edodo de inactividade", "linguisticInfo": {"durante": {"lemma": "durante", "pos": "ADP", "is_stop": false, "is_named": false}, "o": {"lemma": "o", "pos": "DET", "is_stop": true, "is_named": false}, "for\u00e7ado": {"lemma": "for\u00e7ar", "pos": "ADJ", "is_stop": false, "is_named": false}, "per\u00edodo": {"lemma": "per\u00edodo", "pos": "NOUN", "is_stop": false, "is_named": false}, "de": {"lemma": "de", "pos": "ADP", "is_stop": true, "is_named": false}, "inactividade": {"lemma": "inactividade", "pos": "NOUN", "is_stop": false, "is_named": false}}}, "it": {"text": "durante il periodo di forzata .", "linguisticInfo": {"durante": {"lemma": "durante", "pos": "E", "is_stop": true, "is_named": false}, "il": {"lemma": "il", "pos": "RD", "is_stop": true, "is_named": false}, "periodo": {"lemma": "periodo", "pos": "S", "is_stop": false, "is_named": false}, "di": {"lemma": "di", "pos": "E", "is_stop": true, "is_named": false}, "forzata": {"lemma": "forzata", "pos": "S", "is_stop": false, "is_named": false}, ".": {"lemma": ".", "pos": "FS", "is_stop": false, "is_named": false}}}}, "obj": {"type": "Event", "pt": {"text": "indemnize", "linguisticInfo": {"indemnize": {"lemma": "indemnizar", "pos": "VERB", "is_stop": false, "is_named": false}}}, "it": {"text": "risarcisca", "linguisticInfo": {"risarcisca": {"lemma": "risarcisca", "pos": "S", "is_stop": false, "is_named": false}}}}}, {"id": "R40", "subj": {"type": "Human_Patient", "pt": {"text": "os seus trabalhadores", "linguisticInfo": {"os": {"lemma": "o", "pos": "DET", "is_stop": true, "is_named": false}, "seus": {"lemma": "seu", "pos": "DET", "is_stop": true, "is_named": false}, "trabalhadores": {"lemma": "trabalhador", "pos": "NOUN", "is_stop": false, "is_named": false}}}, "it": {"text": "i loro lavoratori", "linguisticInfo": {"i": {"lemma": "il", "pos": "RD", "is_stop": false, "is_named": false}, "loro": {"lemma": "loro", "pos": "AP", "is_stop": true, "is_named": false}, "lavoratori": {"lemma": "lavoratore", "pos": "S", "is_stop": false, "is_named": false}}}}, "obj": {"type": "Event", "pt": {"text": "indemnize", "linguisticInfo": {"indemnize": {"lemma": "indemnizar", "pos": "VERB", "is_stop": false, "is_named": false}}}, "it": {"text": "risarcisca", "linguisticInfo": {"risarcisca": {"lemma": "risarcisca", "pos": "S", "is_stop": false, "is_named": false}}}}}, {"id": "R41", "subj": {"type": "Human_Agent", "pt": {"text": "o Governo", "linguisticInfo": {"o": {"lemma": "o", "pos": "DET", "is_stop": true, "is_named": false}, "Governo": {"lemma": "Governo", "pos": "PROPN", "is_stop": false, "is_named": true}}}, "it": {"text": "il governo", "linguisticInfo": {"il": {"lemma": "il", "pos": "RD", "is_stop": true, "is_named": false}, "governo": {"lemma": "governo", "pos": "S", "is_stop": true, "is_named": false}}}}, "obj": {"type": "Event", "pt": {"text": "indemnize", "linguisticInfo": {"indemnize": {"lemma": "indemnizar", "pos": "VERB", "is_stop": false, "is_named": false}}}, "it": {"text": "risarcisca", "linguisticInfo": {"risarcisca": {"lemma": "risarcisca", "pos": "S", "is_stop": false, "is_named": false}}}}}]}}