{"sentences_0": {"itText": "NULL l \u2019 elezione dei due rappresentanti provvisori delle associazioni per la protezione del patrimonio culturale e naturale per il consiglio di amministrazione dell \u2019 istituto nazionale per l \u2019 ambiente ( inamb ) , avvenuta pochi giorni fa , ha fatto scaturire una serie di polemiche all \u2019 interno dell \u2019 associazione ecologista degli amici della terra . il gruppo contesta l \u2019 elezione di carlos costa , della lega per la protezione della natura , e di jorge cust\u00f3dio , dell \u2019 associazione di archeologia industriale , perch\u00e9 , dicono \u201c potrebbe causare faziosit\u00e0 e divisioni nelle organizzazioni dell", "ptText": "a elei\u00e7\u00e3o dos dois representantes provis\u00f3rios das associa\u00e7\u00f5es de defesa do patrim\u00f3nio cultural e natural para o conselho directivo do instituto nacional do ambiente , realizada h\u00e1 dias , j\u00e1 come\u00e7ou a gerar controv\u00e9rsia , concretamente , junto da associa\u00e7\u00e3o ecologista amigos da terra . este grupo , contesta a elei\u00e7\u00e3o de carlos costa , da liga para a protec\u00e7\u00e3o da natureza e de jorge cust\u00f3dio , da associa\u00e7\u00e3o de arqueologia industrial , dizendo que &quot; ela poder\u00e1 conduzir ao partidarismo e \u00e0 duplica\u00e7\u00e3o das organiza\u00e7\u00f5es no instituto &quot; . \n", "relations": [{"id": "R3", "subj": {"type": "Non-human_Oth_participant", "pt": {"text": "a gerar controv\u00e9rsia", "linguisticInfo": {"a": {"lemma": "o", "pos": "SCONJ", "is_stop": true, "is_named": false}, "gerar": {"lemma": "gerar", "pos": "VERB", "is_stop": false, "is_named": false}, "controv\u00e9rsia": {"lemma": "controv\u00e9rsia", "pos": "NOUN", "is_stop": false, "is_named": false}}}, "it": {"text": "scaturire polemiche", "linguisticInfo": {"scaturire": {"lemma": "scaturire", "pos": "V", "is_stop": false, "is_named": false}, "polemiche": {"lemma": "polemica", "pos": "S", "is_stop": false, "is_named": false}}}}, "obj": {"type": "Event", "pt": {"text": "come\u00e7ou", "linguisticInfo": {"come\u00e7ou": {"lemma": "come\u00e7ar", "pos": "VERB", "is_stop": false, "is_named": false}}}, "it": {"text": "cust\u00f3dio", "linguisticInfo": {"cust\u00f3dio": {"lemma": "cust\u00f3dio", "pos": "S", "is_stop": false, "is_named": false}}}}}, {"id": "R4", "subj": {"type": "Non-human_Agent", "pt": {"text": "A ELEI\u00c7\u00c3O dos dois representantes provis\u00f3rios das associa\u00e7\u00f5es de defesa do patrim\u00f3nio cultural e natural para o Conselho Directivo do Instituto Nacional do Ambiente , realizada h\u00e1 dias", "linguisticInfo": {"A": {"lemma": "A", "pos": "DET", "is_stop": true, "is_named": true}, "ELEI\u00c7\u00c3O": {"lemma": "ELEI\u00c7\u00c3O", "pos": "PROPN", "is_stop": false, "is_named": true}, "dos": {"lemma": "dos", "pos": "ADP", "is_stop": true, "is_named": false}, "dois": {"lemma": "dois", "pos": "NUM", "is_stop": true, "is_named": false}, "representantes": {"lemma": "representante", "pos": "NOUN", "is_stop": false, "is_named": false}, "provis\u00f3rios": {"lemma": "provis\u00f3rio", "pos": "ADJ", "is_stop": false, "is_named": false}, "das": {"lemma": "das", "pos": "ADP", "is_stop": true, "is_named": false}, "associa\u00e7\u00f5es": {"lemma": "associa\u00e7\u00e3o", "pos": "NOUN", "is_stop": false, "is_named": false}, "de": {"lemma": "de", "pos": "ADP", "is_stop": true, "is_named": false}, "defesa": {"lemma": "defeso", "pos": "NOUN", "is_stop": false, "is_named": false}, "do": {"lemma": "do", "pos": "ADP", "is_stop": true, "is_named": false}, "patrim\u00f3nio": {"lemma": "patrim\u00f3nio", "pos": "NOUN", "is_stop": false, "is_named": false}, "cultural": {"lemma": "cultural", "pos": "ADJ", "is_stop": false, "is_named": false}, "e": {"lemma": "e", "pos": "CCONJ", "is_stop": true, "is_named": false}, "natural": {"lemma": "natural", "pos": "ADJ", "is_stop": false, "is_named": false}, "para": {"lemma": "parir", "pos": "ADP", "is_stop": true, "is_named": false}, "o": {"lemma": "o", "pos": "DET", "is_stop": true, "is_named": false}, "Conselho": {"lemma": "Conselho", "pos": "PROPN", "is_stop": true, "is_named": true}, "Directivo": {"lemma": "Directivo", "pos": "PROPN", "is_stop": false, "is_named": true}, "Instituto": {"lemma": "Instituto", "pos": "PROPN", "is_stop": false, "is_named": true}, "Nacional": {"lemma": "Nacional", "pos": "PROPN", "is_stop": false, "is_named": true}, "Ambiente": {"lemma": "Ambiente", "pos": "PROPN", "is_stop": false, "is_named": true}, ",": {"lemma": ",", "pos": "PUNCT", "is_stop": false, "is_named": false}, "realizada": {"lemma": "realizar", "pos": "VERB", "is_stop": false, "is_named": false}, "h\u00e1": {"lemma": "haver", "pos": "VERB", "is_stop": false, "is_named": false}, "dias": {"lemma": "dia", "pos": "NOUN", "is_stop": false, "is_named": false}}}, "it": {"text": "l \u2019 elezione dei due rappresentanti provvisori delle associazioni per la", "linguisticInfo": {"l": {"lemma": "l", "pos": "RD", "is_stop": false, "is_named": false}, "\u2019": {"lemma": "\u2019", "pos": "NO", "is_stop": false, "is_named": false}, "elezione": {"lemma": "elezione", "pos": "S", "is_stop": false, "is_named": false}, "dei": {"lemma": "del", "pos": "E_RD", "is_stop": true, "is_named": false}, "due": {"lemma": "due", "pos": "N", "is_stop": true, "is_named": false}, "rappresentanti": {"lemma": "rappresentante", "pos": "S", "is_stop": false, "is_named": false}, "provvisori": {"lemma": "provvisorio", "pos": "A", "is_stop": false, "is_named": false}, "delle": {"lemma": "della", "pos": "E_RD", "is_stop": true, "is_named": false}, "associazioni": {"lemma": "associazione", "pos": "S", "is_stop": false, "is_named": false}, "per": {"lemma": "per", "pos": "E", "is_stop": true, "is_named": false}, "la": {"lemma": "il", "pos": "RD", "is_stop": true, "is_named": false}}}}, "obj": {"type": "Event", "pt": {"text": "come\u00e7ou", "linguisticInfo": {"come\u00e7ou": {"lemma": "come\u00e7ar", "pos": "VERB", "is_stop": false, "is_named": false}}}, "it": {"text": "cust\u00f3dio", "linguisticInfo": {"cust\u00f3dio": {"lemma": "cust\u00f3dio", "pos": "S", "is_stop": false, "is_named": false}}}}}, {"id": "R5", "subj": {"type": "Non-human_Oth_participant", "pt": {"text": "a elei\u00e7\u00e3o de Carlos Costa , da Liga para a Protec\u00e7\u00e3o da Natureza e de Jorge Cust\u00f3dio , da Associa\u00e7\u00e3o de Arqueologia Industrial", "linguisticInfo": {"a": {"lemma": "o", "pos": "DET", "is_stop": true, "is_named": false}, "elei\u00e7\u00e3o": {"lemma": "elei\u00e7\u00e3o", "pos": "NOUN", "is_stop": false, "is_named": false}, "de": {"lemma": "de", "pos": "ADP", "is_stop": true, "is_named": false}, "Carlos": {"lemma": "Carlos", "pos": "PROPN", "is_stop": false, "is_named": true}, "Costa": {"lemma": "Costa", "pos": "PROPN", "is_stop": false, "is_named": true}, ",": {"lemma": ",", "pos": "PUNCT", "is_stop": false, "is_named": false}, "da": {"lemma": "da", "pos": "ADP", "is_stop": true, "is_named": false}, "Liga": {"lemma": "Liga", "pos": "PROPN", "is_stop": false, "is_named": true}, "para": {"lemma": "parir", "pos": "ADP", "is_stop": true, "is_named": false}, "Protec\u00e7\u00e3o": {"lemma": "Protec\u00e7\u00e3o", "pos": "NOUN", "is_stop": false, "is_named": true}, "Natureza": {"lemma": "Natureza", "pos": "NOUN", "is_stop": false, "is_named": true}, "e": {"lemma": "e", "pos": "CCONJ", "is_stop": true, "is_named": false}, "Jorge": {"lemma": "Jorge", "pos": "PROPN", "is_stop": false, "is_named": true}, "Cust\u00f3dio": {"lemma": "Cust\u00f3dio", "pos": "PROPN", "is_stop": false, "is_named": true}, "Associa\u00e7\u00e3o": {"lemma": "Associa\u00e7\u00e3o", "pos": "PROPN", "is_stop": false, "is_named": true}, "Arqueologia": {"lemma": "Arqueologia", "pos": "PROPN", "is_stop": false, "is_named": true}, "Industrial": {"lemma": "Industrial", "pos": "PROPN", "is_stop": false, "is_named": true}}}, "it": {"text": "l elezione di carlos costa , della lega per la protezione della natura e di jorge cust\u00f3dio , dell associazione di archeologia industriale", "linguisticInfo": {"l": {"lemma": "l", "pos": "RD", "is_stop": false, "is_named": false}, "elezione": {"lemma": "elezione", "pos": "S", "is_stop": false, "is_named": false}, "di": {"lemma": "di", "pos": "E", "is_stop": true, "is_named": false}, "carlos": {"lemma": "carlos", "pos": "SP", "is_stop": false, "is_named": false}, "costa": {"lemma": "costare", "pos": "V", "is_stop": false, "is_named": false}, ",": {"lemma": ",", "pos": "FF", "is_stop": false, "is_named": false}, "della": {"lemma": "della", "pos": "E_RD", "is_stop": true, "is_named": false}, "lega": {"lemma": "lega", "pos": "S", "is_stop": false, "is_named": false}, "per": {"lemma": "per", "pos": "E", "is_stop": true, "is_named": false}, "la": {"lemma": "il", "pos": "RD", "is_stop": true, "is_named": false}, "protezione": {"lemma": "protezione", "pos": "S", "is_stop": false, "is_named": false}, "natura": {"lemma": "natura", "pos": "S", "is_stop": false, "is_named": false}, "e": {"lemma": "e", "pos": "CC", "is_stop": false, "is_named": false}, "jorge": {"lemma": "jorge", "pos": "S", "is_stop": false, "is_named": false}, "cust\u00f3dio": {"lemma": "cust\u00f3dio", "pos": "S", "is_stop": false, "is_named": false}, "dell": {"lemma": "dell", "pos": "SP", "is_stop": true, "is_named": false}, "associazione": {"lemma": "associazione", "pos": "S", "is_stop": false, "is_named": false}, "archeologia": {"lemma": "archeologia", "pos": "S", "is_stop": false, "is_named": false}, "industriale": {"lemma": "industriale", "pos": "A", "is_stop": false, "is_named": false}}}}, "obj": {"type": "Event", "pt": {"text": "contesta", "linguisticInfo": {"contesta": {"lemma": "contestar", "pos": "VERB", "is_stop": false, "is_named": false}}}, "it": {"text": "contesta", "linguisticInfo": {"contesta": {"lemma": "contesto", "pos": "A", "is_stop": false, "is_named": false}}}}}, {"id": "R6", "subj": {"type": "Human_Agent", "pt": {"text": "Este grupo", "linguisticInfo": {"Este": {"lemma": "Este", "pos": "DET", "is_stop": true, "is_named": true}, "grupo": {"lemma": "grupar", "pos": "NOUN", "is_stop": true, "is_named": false}}}, "it": {"text": "il gruppo", "linguisticInfo": {"il": {"lemma": "il", "pos": "RD", "is_stop": true, "is_named": false}, "gruppo": {"lemma": "gruppo", "pos": "S", "is_stop": true, "is_named": false}}}}, "obj": {"type": "Event", "pt": {"text": "contesta", "linguisticInfo": {"contesta": {"lemma": "contestar", "pos": "VERB", "is_stop": false, "is_named": false}}}, "it": {"text": "contesta", "linguisticInfo": {"contesta": {"lemma": "contesto", "pos": "A", "is_stop": false, "is_named": false}}}}}, {"id": "R7", "subj": {"type": "Human_Patient", "pt": {"text": "Carlos Costa , da Liga para a Protec\u00e7\u00e3o da Natureza e de Jorge Cust\u00f3dio , da Associa\u00e7\u00e3o de Arqueologia Industrial", "linguisticInfo": {"Carlos": {"lemma": "Carlos", "pos": "PROPN", "is_stop": false, "is_named": true}, "Costa": {"lemma": "Costa", "pos": "PROPN", "is_stop": false, "is_named": true}, ",": {"lemma": ",", "pos": "PUNCT", "is_stop": false, "is_named": false}, "da": {"lemma": "da", "pos": "ADP", "is_stop": true, "is_named": false}, "Liga": {"lemma": "Liga", "pos": "PROPN", "is_stop": false, "is_named": true}, "para": {"lemma": "parir", "pos": "ADP", "is_stop": true, "is_named": false}, "a": {"lemma": "o", "pos": "DET", "is_stop": true, "is_named": false}, "Protec\u00e7\u00e3o": {"lemma": "Protec\u00e7\u00e3o", "pos": "NOUN", "is_stop": false, "is_named": true}, "Natureza": {"lemma": "Natureza", "pos": "NOUN", "is_stop": false, "is_named": true}, "e": {"lemma": "e", "pos": "CCONJ", "is_stop": true, "is_named": false}, "de": {"lemma": "de", "pos": "ADP", "is_stop": true, "is_named": false}, "Jorge": {"lemma": "Jorge", "pos": "PROPN", "is_stop": false, "is_named": true}, "Cust\u00f3dio": {"lemma": "Cust\u00f3dio", "pos": "PROPN", "is_stop": false, "is_named": true}, "Associa\u00e7\u00e3o": {"lemma": "Associa\u00e7\u00e3o", "pos": "PROPN", "is_stop": false, "is_named": true}, "Arqueologia": {"lemma": "Arqueologia", "pos": "PROPN", "is_stop": false, "is_named": true}, "Industrial": {"lemma": "Industrial", "pos": "PROPN", "is_stop": false, "is_named": true}}}, "it": {"text": "carlos costa , della lega per la protezione della natura e di jorge cust\u00f3dio , dell associazione di archeologia industriale", "linguisticInfo": {"carlos": {"lemma": "carlos", "pos": "SP", "is_stop": false, "is_named": false}, "costa": {"lemma": "costare", "pos": "V", "is_stop": false, "is_named": false}, ",": {"lemma": ",", "pos": "FF", "is_stop": false, "is_named": false}, "della": {"lemma": "della", "pos": "E_RD", "is_stop": true, "is_named": false}, "lega": {"lemma": "lega", "pos": "S", "is_stop": false, "is_named": false}, "per": {"lemma": "per", "pos": "E", "is_stop": true, "is_named": false}, "la": {"lemma": "il", "pos": "RD", "is_stop": true, "is_named": false}, "protezione": {"lemma": "protezione", "pos": "S", "is_stop": false, "is_named": false}, "natura": {"lemma": "natura", "pos": "S", "is_stop": false, "is_named": false}, "e": {"lemma": "e", "pos": "CC", "is_stop": false, "is_named": false}, "di": {"lemma": "di", "pos": "E", "is_stop": true, "is_named": false}, "jorge": {"lemma": "jorge", "pos": "S", "is_stop": false, "is_named": false}, "cust\u00f3dio": {"lemma": "cust\u00f3dio", "pos": "S", "is_stop": false, "is_named": false}, "dell": {"lemma": "dell", "pos": "SP", "is_stop": true, "is_named": false}, "associazione": {"lemma": "associazione", "pos": "S", "is_stop": false, "is_named": false}, "archeologia": {"lemma": "archeologia", "pos": "S", "is_stop": false, "is_named": false}, "industriale": {"lemma": "industriale", "pos": "A", "is_stop": false, "is_named": false}}}}, "obj": {"type": "Event", "pt": {"text": "a elei\u00e7\u00e3o", "linguisticInfo": {"a": {"lemma": "o", "pos": "DET", "is_stop": true, "is_named": false}, "elei\u00e7\u00e3o": {"lemma": "elei\u00e7\u00e3o", "pos": "NOUN", "is_stop": false, "is_named": false}}}, "it": {"text": "l elezione", "linguisticInfo": {"l": {"lemma": "l", "pos": "RD", "is_stop": false, "is_named": false}, "elezione": {"lemma": "elezione", "pos": "S", "is_stop": false, "is_named": false}}}}}, {"id": "R9", "subj": {"type": "Non-human_Oth_participant", "pt": {"text": "ao partidarismo e \u00e0 duplica\u00e7\u00e3o das organiza\u00e7\u00f5es no Instituto", "linguisticInfo": {"ao": {"lemma": "ao", "pos": "ADP", "is_stop": true, "is_named": false}, "partidarismo": {"lemma": "partidarismo", "pos": "NOUN", "is_stop": false, "is_named": false}, "e": {"lemma": "e", "pos": "CCONJ", "is_stop": true, "is_named": false}, "\u00e0": {"lemma": "\u00e0", "pos": "ADP", "is_stop": true, "is_named": false}, "duplica\u00e7\u00e3o": {"lemma": "duplica\u00e7\u00e3o", "pos": "NOUN", "is_stop": false, "is_named": false}, "das": {"lemma": "das", "pos": "ADP", "is_stop": true, "is_named": false}, "organiza\u00e7\u00f5es": {"lemma": "organiza\u00e7\u00e3o", "pos": "NOUN", "is_stop": false, "is_named": false}, "no": {"lemma": "o", "pos": "ADP", "is_stop": true, "is_named": false}, "Instituto": {"lemma": "Instituto", "pos": "PROPN", "is_stop": false, "is_named": true}}}, "it": {"text": "l \u2019 faziosit\u00e0 e divisioni nelle", "linguisticInfo": {"l": {"lemma": "l", "pos": "RD", "is_stop": false, "is_named": false}, "\u2019": {"lemma": "\u2019", "pos": "NO", "is_stop": false, "is_named": false}, "faziosit\u00e0": {"lemma": "faziosit\u00e0", "pos": "S", "is_stop": false, "is_named": false}, "e": {"lemma": "e", "pos": "CC", "is_stop": false, "is_named": false}, "divisioni": {"lemma": "divisione", "pos": "S", "is_stop": false, "is_named": false}, "nelle": {"lemma": "nella", "pos": "E_RD", "is_stop": true, "is_named": false}}}}, "obj": {"type": "Event", "pt": {"text": "poder\u00e1 conduzir", "linguisticInfo": {"poder\u00e1": {"lemma": "poder", "pos": "VERB", "is_stop": true, "is_named": false}, "conduzir": {"lemma": "conduzir", "pos": "VERB", "is_stop": false, "is_named": false}}}, "it": {"text": "potrebbe causare", "linguisticInfo": {"potrebbe": {"lemma": "potere", "pos": "VM", "is_stop": true, "is_named": false}, "causare": {"lemma": "causare", "pos": "V", "is_stop": false, "is_named": false}}}}}, {"id": "R10", "subj": {"type": "Non-human_Agent", "pt": {"text": "ela", "linguisticInfo": {"ela": {"lemma": "ele", "pos": "PRON", "is_stop": true, "is_named": false}}}, "it": {"text": "\u201c", "linguisticInfo": {"\u201c": {"lemma": "\u201c", "pos": "FB", "is_stop": false, "is_named": false}}}}, "obj": {"type": "Event", "pt": {"text": "poder\u00e1 conduzir", "linguisticInfo": {"poder\u00e1": {"lemma": "poder", "pos": "VERB", "is_stop": true, "is_named": false}, "conduzir": {"lemma": "conduzir", "pos": "VERB", "is_stop": false, "is_named": false}}}, "it": {"text": "potrebbe causare", "linguisticInfo": {"potrebbe": {"lemma": "potere", "pos": "VM", "is_stop": true, "is_named": false}, "causare": {"lemma": "causare", "pos": "V", "is_stop": false, "is_named": false}}}}}]}}