{"sentences_0": {"itText": "NULL entro i prossimi due anni , il portoghese sar\u00e0 una delle otto lingue della cee ad essere tradotta automaticamente per mezzo di un computer , e sar\u00e0 tre volte pi\u00f9 rapido che la traduzione umana , ponendo cos\u00ec le basi per una vera e propria industria della lingua , ampliando le possibilit\u00e0 di marketing nei restanti paesi di lingua portoghese .", "ptText": "o portugu\u00eas ser\u00e1 , dentro de dois anos , um dos oito idiomas da cee traduzidos automaticamente por meio de computador , a um ritmo tr\u00eas vezes mais r\u00e1pido do que uma tradu\u00e7\u00e3o humana criando -se , a partir de ent\u00e3o , as bases de uma verdadeira ind\u00fastria da l\u00edngua entre n\u00f3s , com amplas possibilidades de comercializa\u00e7\u00e3o em todos os restantes pa\u00edses lus\u00f3fonos . \n", "relations": [{"id": "R2", "subj": {"type": "Non-human_Oth_participant", "pt": {"text": "por meio de computador", "linguisticInfo": {"por": {"lemma": "por", "pos": "ADP", "is_stop": true, "is_named": false}, "meio": {"lemma": "mear", "pos": "NOUN", "is_stop": true, "is_named": false}, "de": {"lemma": "de", "pos": "ADP", "is_stop": true, "is_named": false}, "computador": {"lemma": "computador", "pos": "NOUN", "is_stop": false, "is_named": false}}}, "it": {"text": "per mezzo di computer", "linguisticInfo": {"per": {"lemma": "per", "pos": "E", "is_stop": true, "is_named": false}, "mezzo": {"lemma": "mezzo", "pos": "S", "is_stop": true, "is_named": false}, "di": {"lemma": "di", "pos": "E", "is_stop": true, "is_named": false}, "computer": {"lemma": "computer", "pos": "S", "is_stop": false, "is_named": false}}}}, "obj": {"type": "Event", "pt": {"text": "traduzidos", "linguisticInfo": {"traduzidos": {"lemma": "traduzir", "pos": "NOUN", "is_stop": false, "is_named": false}}}, "it": {"text": "tradotta", "linguisticInfo": {"tradotta": {"lemma": "tradotta", "pos": "S", "is_stop": false, "is_named": false}}}}}, {"id": "R5", "subj": {"type": "Oth_location", "pt": {"text": "em todos os restantes pa\u00edses lus\u00f3fonos", "linguisticInfo": {"em": {"lemma": "em", "pos": "ADP", "is_stop": true, "is_named": false}, "todos": {"lemma": "todo", "pos": "DET", "is_stop": true, "is_named": false}, "os": {"lemma": "o", "pos": "DET", "is_stop": true, "is_named": false}, "restantes": {"lemma": "restante", "pos": "ADJ", "is_stop": false, "is_named": false}, "pa\u00edses": {"lemma": "pa\u00eds", "pos": "NOUN", "is_stop": false, "is_named": false}, "lus\u00f3fonos": {"lemma": "lus\u00f3fono", "pos": "ADJ", "is_stop": false, "is_named": false}}}, "it": {"text": "entro i nei restanti paesi", "linguisticInfo": {"entro": {"lemma": "entro", "pos": "E", "is_stop": false, "is_named": false}, "i": {"lemma": "il", "pos": "RD", "is_stop": false, "is_named": false}, "nei": {"lemma": "nel", "pos": "E_RD", "is_stop": true, "is_named": false}, "restanti": {"lemma": "restante", "pos": "A", "is_stop": false, "is_named": false}, "paesi": {"lemma": "paese", "pos": "S", "is_stop": false, "is_named": false}}}}, "obj": {"type": "Event", "pt": {"text": "comercializa\u00e7\u00e3o", "linguisticInfo": {"comercializa\u00e7\u00e3o": {"lemma": "comercializa\u00e7\u00e3o", "pos": "NOUN", "is_stop": false, "is_named": false}}}, "it": {"text": "marketing", "linguisticInfo": {"marketing": {"lemma": "marketing", "pos": "S", "is_stop": false, "is_named": false}}}}}]}, "sentences_2": {"itText": "NULL il progetto \u00e8 stato fondato nel 1982 e successivamente ampliato a spagna e portogallo nell \u2019 87 , con un duplice obiettivo : da una parte , quello di tradurre velocemente i pi\u00f9 svariati testi delle istituzioni comunitarie nelle 72 combinazioni linguistiche ufficiali e , dell \u2019 altro , quello di incentivare le competenze nell \u2019 ambito della linguistica computazionale ( ramo praticamente inesistente in portogallo e comunque molto indietro anche negli altri paesi europei se paragonato a stati uniti e giappone , per esempio ) .", "ptText": "foi criado em 1982 e alargado depois a portugal e espanha , em 87 , com um duplo objectivo : por um lado , devido \u00e0 necessidade de tradu\u00e7\u00f5es r\u00e1pidas dos mais diversos textos das institui\u00e7\u00f5es comunit\u00e1rias , nos 72 pares de l\u00ednguas oficiais ; por outro , para incrementar a compet\u00eancia em lingu\u00edstica computacional ( campo praticamente inexistente em portugal e que , mesmo nos restantes pa\u00edses europeus , se encontra bastante atrasado , em compara\u00e7\u00e3o com os eua e o jap\u00e3o , por exemplo ) . \n", "relations": [{"id": "R8", "subj": {"type": "Time", "pt": {"text": "em 1982", "linguisticInfo": {"em": {"lemma": "em", "pos": "ADP", "is_stop": true, "is_named": false}, "1982": {"lemma": "1982", "pos": "NUM", "is_stop": false, "is_named": false}}}, "it": {"text": "nel 1982", "linguisticInfo": {"nel": {"lemma": "nel", "pos": "E_RD", "is_stop": true, "is_named": false}, "1982": {"lemma": "1982", "pos": "N", "is_stop": false, "is_named": false}}}}, "obj": {"type": "Event", "pt": {"text": "Foi criado", "linguisticInfo": {"Foi": {"lemma": "Foi", "pos": "AUX", "is_stop": true, "is_named": true}, "criado": {"lemma": "criar", "pos": "VERB", "is_stop": false, "is_named": false}}}, "it": {"text": "stato fondato", "linguisticInfo": {"stato": {"lemma": "stare", "pos": "VA", "is_stop": true, "is_named": false}, "fondato": {"lemma": "fondare", "pos": "V", "is_stop": false, "is_named": false}}}}}, {"id": "R10", "subj": {"type": "Geo_location", "pt": {"text": "a Portugal e Espanha", "linguisticInfo": {"a": {"lemma": "o", "pos": "ADP", "is_stop": true, "is_named": false}, "Portugal": {"lemma": "Portugal", "pos": "PROPN", "is_stop": false, "is_named": true}, "e": {"lemma": "e", "pos": "CCONJ", "is_stop": true, "is_named": false}, "Espanha": {"lemma": "Espanha", "pos": "PROPN", "is_stop": false, "is_named": true}}}, "it": {"text": "spagna e portogallo", "linguisticInfo": {"spagna": {"lemma": "spagna", "pos": "SP", "is_stop": false, "is_named": false}, "e": {"lemma": "e", "pos": "CC", "is_stop": false, "is_named": false}, "portogallo": {"lemma": "portogallo", "pos": "S", "is_stop": false, "is_named": false}}}}, "obj": {"type": "Event", "pt": {"text": "alargado", "linguisticInfo": {"alargado": {"lemma": "alargar", "pos": "VERB", "is_stop": false, "is_named": false}}}, "it": {"text": "ampliato", "linguisticInfo": {"ampliato": {"lemma": "ampliare", "pos": "V", "is_stop": false, "is_named": false}}}}}, {"id": "R11", "subj": {"type": "Non-human_Oth_participant", "pt": {"text": "com um duplo objectivo : por um lado , devido \u00e0 necessidade de tradu\u00e7\u00f5es r\u00e1pidas dos mais diversos textos das institui\u00e7\u00f5es comunit\u00e1rias , nos 72 pares de l\u00ednguas oficiais ; por outro , para incrementar a compet\u00eancia em lingu\u00edstica computacional ( campo praticamente inexistente em Portugal e que , mesmo nos restantes pa\u00edses europeus , se encontra bastante atrasado , em compara\u00e7\u00e3o com os EUA e o Jap\u00e3o , por exemplo", "linguisticInfo": {"com": {"lemma": "com", "pos": "ADP", "is_stop": true, "is_named": false}, "um": {"lemma": "um", "pos": "DET", "is_stop": true, "is_named": false}, "duplo": {"lemma": "duplo", "pos": "ADJ", "is_stop": false, "is_named": false}, "objectivo": {"lemma": "objectivar", "pos": "NOUN", "is_stop": false, "is_named": false}, ":": {"lemma": ":", "pos": "PUNCT", "is_stop": false, "is_named": false}, "por": {"lemma": "por", "pos": "ADP", "is_stop": true, "is_named": false}, "lado": {"lemma": "lado", "pos": "NOUN", "is_stop": true, "is_named": false}, ",": {"lemma": ",", "pos": "PUNCT", "is_stop": false, "is_named": false}, "devido": {"lemma": "dever", "pos": "ADV", "is_stop": false, "is_named": false}, "\u00e0": {"lemma": "\u00e0", "pos": "ADP", "is_stop": true, "is_named": false}, "necessidade": {"lemma": "necessidade", "pos": "NOUN", "is_stop": false, "is_named": false}, "de": {"lemma": "de", "pos": "ADP", "is_stop": true, "is_named": false}, "tradu\u00e7\u00f5es": {"lemma": "tradu\u00e7\u00e3o", "pos": "NOUN", "is_stop": false, "is_named": false}, "r\u00e1pidas": {"lemma": "r\u00e1pido", "pos": "VERB", "is_stop": false, "is_named": false}, "dos": {"lemma": "dos", "pos": "ADP", "is_stop": true, "is_named": false}, "mais": {"lemma": "mais", "pos": "ADV", "is_stop": true, "is_named": false}, "diversos": {"lemma": "diverso", "pos": "ADJ", "is_stop": false, "is_named": false}, "textos": {"lemma": "texto", "pos": "NOUN", "is_stop": false, "is_named": false}, "das": {"lemma": "das", "pos": "ADP", "is_stop": true, "is_named": false}, "institui\u00e7\u00f5es": {"lemma": "institui\u00e7\u00e3o", "pos": "NOUN", "is_stop": false, "is_named": false}, "comunit\u00e1rias": {"lemma": "comunit\u00e1rio", "pos": "ADJ", "is_stop": false, "is_named": false}, "nos": {"lemma": "o", "pos": "ADP", "is_stop": true, "is_named": false}, "72": {"lemma": "72", "pos": "NUM", "is_stop": false, "is_named": false}, "pares": {"lemma": "parir", "pos": "NOUN", "is_stop": false, "is_named": false}, "l\u00ednguas": {"lemma": "l\u00edngua", "pos": "NOUN", "is_stop": false, "is_named": false}, "oficiais": {"lemma": "oficiar", "pos": "ADJ", "is_stop": false, "is_named": false}, ";": {"lemma": ";", "pos": "PUNCT", "is_stop": false, "is_named": false}, "outro": {"lemma": "outro", "pos": "PRON", "is_stop": false, "is_named": false}, "para": {"lemma": "parir", "pos": "SCONJ", "is_stop": true, "is_named": false}, "incrementar": {"lemma": "incrementar", "pos": "VERB", "is_stop": false, "is_named": false}, "a": {"lemma": "o", "pos": "DET", "is_stop": true, "is_named": false}, "compet\u00eancia": {"lemma": "compet\u00eancia", "pos": "NOUN", "is_stop": false, "is_named": false}, "em": {"lemma": "em", "pos": "ADP", "is_stop": true, "is_named": false}, "lingu\u00edstica": {"lemma": "lingu\u00edstico", "pos": "NOUN", "is_stop": false, "is_named": false}, "computacional": {"lemma": "computacional", "pos": "ADJ", "is_stop": false, "is_named": false}, "(": {"lemma": "(", "pos": "PUNCT", "is_stop": false, "is_named": false}, "campo": {"lemma": "campar", "pos": "NOUN", "is_stop": false, "is_named": false}, "praticamente": {"lemma": "praticamente", "pos": "ADV", "is_stop": false, "is_named": false}, "inexistente": {"lemma": "inexistente", "pos": "ADJ", "is_stop": false, "is_named": false}, "Portugal": {"lemma": "Portugal", "pos": "PROPN", "is_stop": false, "is_named": true}, "e": {"lemma": "e", "pos": "CCONJ", "is_stop": true, "is_named": false}, "que": {"lemma": "que", "pos": "SCONJ", "is_stop": true, "is_named": false}, "mesmo": {"lemma": "mesmo", "pos": "ADV", "is_stop": true, "is_named": false}, "restantes": {"lemma": "restante", "pos": "ADJ", "is_stop": false, "is_named": false}, "pa\u00edses": {"lemma": "pa\u00eds", "pos": "NOUN", "is_stop": false, "is_named": false}, "europeus": {"lemma": "europeu", "pos": "ADJ", "is_stop": false, "is_named": false}, "se": {"lemma": "se", "pos": "PRON", "is_stop": true, "is_named": false}, "encontra": {"lemma": "encontrar", "pos": "VERB", "is_stop": false, "is_named": false}, "bastante": {"lemma": "bastante", "pos": "ADV", "is_stop": true, "is_named": false}, "atrasado": {"lemma": "atrasar", "pos": "VERB", "is_stop": false, "is_named": false}, "compara\u00e7\u00e3o": {"lemma": "compara\u00e7\u00e3o", "pos": "NOUN", "is_stop": false, "is_named": false}, "os": {"lemma": "o", "pos": "DET", "is_stop": true, "is_named": false}, "EUA": {"lemma": "EUA", "pos": "PROPN", "is_stop": false, "is_named": true}, "o": {"lemma": "o", "pos": "DET", "is_stop": true, "is_named": false}, "Jap\u00e3o": {"lemma": "Jap\u00e3o", "pos": "PROPN", "is_stop": false, "is_named": true}, "exemplo": {"lemma": "exemplo", "pos": "NOUN", "is_stop": true, "is_named": false}}}, "it": {"text": "con un duplice obiettivo : da una parte , 72 combinazioni linguistiche , dell \u2019", "linguisticInfo": {"con": {"lemma": "con", "pos": "E", "is_stop": true, "is_named": false}, "un": {"lemma": "uno", "pos": "RI", "is_stop": true, "is_named": false}, "duplice": {"lemma": "duplice", "pos": "S", "is_stop": false, "is_named": false}, "obiettivo": {"lemma": "obiettivo", "pos": "S", "is_stop": false, "is_named": false}, ":": {"lemma": ":", "pos": "FC", "is_stop": false, "is_named": false}, "da": {"lemma": "da", "pos": "E", "is_stop": true, "is_named": false}, "una": {"lemma": "uno", "pos": "RI", "is_stop": true, "is_named": false}, "parte": {"lemma": "parte", "pos": "S", "is_stop": true, "is_named": false}, ",": {"lemma": ",", "pos": "FF", "is_stop": false, "is_named": false}, "72": {"lemma": "72", "pos": "N", "is_stop": false, "is_named": false}, "combinazioni": {"lemma": "combinazione", "pos": "S", "is_stop": false, "is_named": false}, "linguistiche": {"lemma": "linguistico", "pos": "A", "is_stop": false, "is_named": false}, "dell": {"lemma": "dell", "pos": "SP", "is_stop": true, "is_named": false}, "\u2019": {"lemma": "\u2019", "pos": "SP", "is_stop": false, "is_named": false}}}}, "obj": {"type": "Event", "pt": {"text": "alargado", "linguisticInfo": {"alargado": {"lemma": "alargar", "pos": "VERB", "is_stop": false, "is_named": false}}}, "it": {"text": "ampliato", "linguisticInfo": {"ampliato": {"lemma": "ampliare", "pos": "V", "is_stop": false, "is_named": false}}}}}, {"id": "R12", "subj": {"type": "Non-human_Oth_participant", "pt": {"text": "com um duplo objectivo : por um lado , devido \u00e0 necessidade de tradu\u00e7\u00f5es r\u00e1pidas dos mais diversos textos das institui\u00e7\u00f5es comunit\u00e1rias , nos 72 pares de l\u00ednguas oficiais ; por outro , para incrementar a compet\u00eancia em lingu\u00edstica computacional ( campo praticamente inexistente em Portugal e que , mesmo nos restantes pa\u00edses europeus , se encontra bastante atrasado , em compara\u00e7\u00e3o com os EUA e o Jap\u00e3o , por exemplo", "linguisticInfo": {"com": {"lemma": "com", "pos": "ADP", "is_stop": true, "is_named": false}, "um": {"lemma": "um", "pos": "DET", "is_stop": true, "is_named": false}, "duplo": {"lemma": "duplo", "pos": "ADJ", "is_stop": false, "is_named": false}, "objectivo": {"lemma": "objectivar", "pos": "NOUN", "is_stop": false, "is_named": false}, ":": {"lemma": ":", "pos": "PUNCT", "is_stop": false, "is_named": false}, "por": {"lemma": "por", "pos": "ADP", "is_stop": true, "is_named": false}, "lado": {"lemma": "lado", "pos": "NOUN", "is_stop": true, "is_named": false}, ",": {"lemma": ",", "pos": "PUNCT", "is_stop": false, "is_named": false}, "devido": {"lemma": "dever", "pos": "ADV", "is_stop": false, "is_named": false}, "\u00e0": {"lemma": "\u00e0", "pos": "ADP", "is_stop": true, "is_named": false}, "necessidade": {"lemma": "necessidade", "pos": "NOUN", "is_stop": false, "is_named": false}, "de": {"lemma": "de", "pos": "ADP", "is_stop": true, "is_named": false}, "tradu\u00e7\u00f5es": {"lemma": "tradu\u00e7\u00e3o", "pos": "NOUN", "is_stop": false, "is_named": false}, "r\u00e1pidas": {"lemma": "r\u00e1pido", "pos": "VERB", "is_stop": false, "is_named": false}, "dos": {"lemma": "dos", "pos": "ADP", "is_stop": true, "is_named": false}, "mais": {"lemma": "mais", "pos": "ADV", "is_stop": true, "is_named": false}, "diversos": {"lemma": "diverso", "pos": "ADJ", "is_stop": false, "is_named": false}, "textos": {"lemma": "texto", "pos": "NOUN", "is_stop": false, "is_named": false}, "das": {"lemma": "das", "pos": "ADP", "is_stop": true, "is_named": false}, "institui\u00e7\u00f5es": {"lemma": "institui\u00e7\u00e3o", "pos": "NOUN", "is_stop": false, "is_named": false}, "comunit\u00e1rias": {"lemma": "comunit\u00e1rio", "pos": "ADJ", "is_stop": false, "is_named": false}, "nos": {"lemma": "o", "pos": "ADP", "is_stop": true, "is_named": false}, "72": {"lemma": "72", "pos": "NUM", "is_stop": false, "is_named": false}, "pares": {"lemma": "parir", "pos": "NOUN", "is_stop": false, "is_named": false}, "l\u00ednguas": {"lemma": "l\u00edngua", "pos": "NOUN", "is_stop": false, "is_named": false}, "oficiais": {"lemma": "oficiar", "pos": "ADJ", "is_stop": false, "is_named": false}, ";": {"lemma": ";", "pos": "PUNCT", "is_stop": false, "is_named": false}, "outro": {"lemma": "outro", "pos": "PRON", "is_stop": false, "is_named": false}, "para": {"lemma": "parir", "pos": "SCONJ", "is_stop": true, "is_named": false}, "incrementar": {"lemma": "incrementar", "pos": "VERB", "is_stop": false, "is_named": false}, "a": {"lemma": "o", "pos": "DET", "is_stop": true, "is_named": false}, "compet\u00eancia": {"lemma": "compet\u00eancia", "pos": "NOUN", "is_stop": false, "is_named": false}, "em": {"lemma": "em", "pos": "ADP", "is_stop": true, "is_named": false}, "lingu\u00edstica": {"lemma": "lingu\u00edstico", "pos": "NOUN", "is_stop": false, "is_named": false}, "computacional": {"lemma": "computacional", "pos": "ADJ", "is_stop": false, "is_named": false}, "(": {"lemma": "(", "pos": "PUNCT", "is_stop": false, "is_named": false}, "campo": {"lemma": "campar", "pos": "NOUN", "is_stop": false, "is_named": false}, "praticamente": {"lemma": "praticamente", "pos": "ADV", "is_stop": false, "is_named": false}, "inexistente": {"lemma": "inexistente", "pos": "ADJ", "is_stop": false, "is_named": false}, "Portugal": {"lemma": "Portugal", "pos": "PROPN", "is_stop": false, "is_named": true}, "e": {"lemma": "e", "pos": "CCONJ", "is_stop": true, "is_named": false}, "que": {"lemma": "que", "pos": "SCONJ", "is_stop": true, "is_named": false}, "mesmo": {"lemma": "mesmo", "pos": "ADV", "is_stop": true, "is_named": false}, "restantes": {"lemma": "restante", "pos": "ADJ", "is_stop": false, "is_named": false}, "pa\u00edses": {"lemma": "pa\u00eds", "pos": "NOUN", "is_stop": false, "is_named": false}, "europeus": {"lemma": "europeu", "pos": "ADJ", "is_stop": false, "is_named": false}, "se": {"lemma": "se", "pos": "PRON", "is_stop": true, "is_named": false}, "encontra": {"lemma": "encontrar", "pos": "VERB", "is_stop": false, "is_named": false}, "bastante": {"lemma": "bastante", "pos": "ADV", "is_stop": true, "is_named": false}, "atrasado": {"lemma": "atrasar", "pos": "VERB", "is_stop": false, "is_named": false}, "compara\u00e7\u00e3o": {"lemma": "compara\u00e7\u00e3o", "pos": "NOUN", "is_stop": false, "is_named": false}, "os": {"lemma": "o", "pos": "DET", "is_stop": true, "is_named": false}, "EUA": {"lemma": "EUA", "pos": "PROPN", "is_stop": false, "is_named": true}, "o": {"lemma": "o", "pos": "DET", "is_stop": true, "is_named": false}, "Jap\u00e3o": {"lemma": "Jap\u00e3o", "pos": "PROPN", "is_stop": false, "is_named": true}, "exemplo": {"lemma": "exemplo", "pos": "NOUN", "is_stop": true, "is_named": false}}}, "it": {"text": "con un duplice obiettivo : da una parte , 72 combinazioni linguistiche , dell \u2019", "linguisticInfo": {"con": {"lemma": "con", "pos": "E", "is_stop": true, "is_named": false}, "un": {"lemma": "uno", "pos": "RI", "is_stop": true, "is_named": false}, "duplice": {"lemma": "duplice", "pos": "S", "is_stop": false, "is_named": false}, "obiettivo": {"lemma": "obiettivo", "pos": "S", "is_stop": false, "is_named": false}, ":": {"lemma": ":", "pos": "FC", "is_stop": false, "is_named": false}, "da": {"lemma": "da", "pos": "E", "is_stop": true, "is_named": false}, "una": {"lemma": "uno", "pos": "RI", "is_stop": true, "is_named": false}, "parte": {"lemma": "parte", "pos": "S", "is_stop": true, "is_named": false}, ",": {"lemma": ",", "pos": "FF", "is_stop": false, "is_named": false}, "72": {"lemma": "72", "pos": "N", "is_stop": false, "is_named": false}, "combinazioni": {"lemma": "combinazione", "pos": "S", "is_stop": false, "is_named": false}, "linguistiche": {"lemma": "linguistico", "pos": "A", "is_stop": false, "is_named": false}, "dell": {"lemma": "dell", "pos": "SP", "is_stop": true, "is_named": false}, "\u2019": {"lemma": "\u2019", "pos": "SP", "is_stop": false, "is_named": false}}}}, "obj": {"type": "Event", "pt": {"text": "Foi criado", "linguisticInfo": {"Foi": {"lemma": "Foi", "pos": "AUX", "is_stop": true, "is_named": true}, "criado": {"lemma": "criar", "pos": "VERB", "is_stop": false, "is_named": false}}}, "it": {"text": "stato fondato", "linguisticInfo": {"stato": {"lemma": "stare", "pos": "VA", "is_stop": true, "is_named": false}, "fondato": {"lemma": "fondare", "pos": "V", "is_stop": false, "is_named": false}}}}}, {"id": "R14", "subj": {"type": "Non-human_Patient", "pt": {"text": "a compet\u00eancia em lingu\u00edstica computacional ( campo praticamente inexistente em Portugal e que , mesmo nos restantes pa\u00edses europeus , se encontra bastante atrasado , em compara\u00e7\u00e3o com os EUA e o Jap\u00e3o , por exemplo", "linguisticInfo": {"a": {"lemma": "o", "pos": "DET", "is_stop": true, "is_named": false}, "compet\u00eancia": {"lemma": "compet\u00eancia", "pos": "NOUN", "is_stop": false, "is_named": false}, "em": {"lemma": "em", "pos": "ADP", "is_stop": true, "is_named": false}, "lingu\u00edstica": {"lemma": "lingu\u00edstico", "pos": "NOUN", "is_stop": false, "is_named": false}, "computacional": {"lemma": "computacional", "pos": "ADJ", "is_stop": false, "is_named": false}, "(": {"lemma": "(", "pos": "PUNCT", "is_stop": false, "is_named": false}, "campo": {"lemma": "campar", "pos": "NOUN", "is_stop": false, "is_named": false}, "praticamente": {"lemma": "praticamente", "pos": "ADV", "is_stop": false, "is_named": false}, "inexistente": {"lemma": "inexistente", "pos": "ADJ", "is_stop": false, "is_named": false}, "Portugal": {"lemma": "Portugal", "pos": "PROPN", "is_stop": false, "is_named": true}, "e": {"lemma": "e", "pos": "CCONJ", "is_stop": true, "is_named": false}, "que": {"lemma": "que", "pos": "SCONJ", "is_stop": true, "is_named": false}, ",": {"lemma": ",", "pos": "PUNCT", "is_stop": false, "is_named": false}, "mesmo": {"lemma": "mesmo", "pos": "ADV", "is_stop": true, "is_named": false}, "nos": {"lemma": "o", "pos": "ADP", "is_stop": true, "is_named": false}, "restantes": {"lemma": "restante", "pos": "ADJ", "is_stop": false, "is_named": false}, "pa\u00edses": {"lemma": "pa\u00eds", "pos": "NOUN", "is_stop": false, "is_named": false}, "europeus": {"lemma": "europeu", "pos": "ADJ", "is_stop": false, "is_named": false}, "se": {"lemma": "se", "pos": "PRON", "is_stop": true, "is_named": false}, "encontra": {"lemma": "encontrar", "pos": "VERB", "is_stop": false, "is_named": false}, "bastante": {"lemma": "bastante", "pos": "ADV", "is_stop": true, "is_named": false}, "atrasado": {"lemma": "atrasar", "pos": "VERB", "is_stop": false, "is_named": false}, "compara\u00e7\u00e3o": {"lemma": "compara\u00e7\u00e3o", "pos": "NOUN", "is_stop": false, "is_named": false}, "com": {"lemma": "com", "pos": "ADP", "is_stop": true, "is_named": false}, "os": {"lemma": "o", "pos": "DET", "is_stop": true, "is_named": false}, "EUA": {"lemma": "EUA", "pos": "PROPN", "is_stop": false, "is_named": true}, "o": {"lemma": "o", "pos": "DET", "is_stop": true, "is_named": false}, "Jap\u00e3o": {"lemma": "Jap\u00e3o", "pos": "PROPN", "is_stop": false, "is_named": true}, "por": {"lemma": "por", "pos": "ADP", "is_stop": true, "is_named": false}, "exemplo": {"lemma": "exemplo", "pos": "NOUN", "is_stop": true, "is_named": false}}}, "it": {"text": "il progetto competenze nell \u2019 ambito linguistica computazionale ( ramo praticamente inesistente in portogallo e comunque molto", "linguisticInfo": {"il": {"lemma": "il", "pos": "RD", "is_stop": true, "is_named": false}, "progetto": {"lemma": "progetto", "pos": "S", "is_stop": false, "is_named": false}, "competenze": {"lemma": "competenza", "pos": "SP", "is_stop": false, "is_named": false}, "nell": {"lemma": "nell", "pos": "VM", "is_stop": true, "is_named": false}, "\u2019": {"lemma": "\u2019", "pos": "NO", "is_stop": false, "is_named": false}, "ambito": {"lemma": "ambito", "pos": "S", "is_stop": false, "is_named": false}, "linguistica": {"lemma": "linguistica", "pos": "S", "is_stop": false, "is_named": false}, "computazionale": {"lemma": "computazionale", "pos": "A", "is_stop": false, "is_named": false}, "(": {"lemma": "(", "pos": "FB", "is_stop": false, "is_named": false}, "ramo": {"lemma": "ramare", "pos": "V", "is_stop": false, "is_named": false}, "praticamente": {"lemma": "praticamente", "pos": "B", "is_stop": false, "is_named": false}, "inesistente": {"lemma": "inesistente", "pos": "A", "is_stop": false, "is_named": false}, "in": {"lemma": "in", "pos": "E", "is_stop": true, "is_named": false}, "portogallo": {"lemma": "portogallo", "pos": "S", "is_stop": false, "is_named": false}, "e": {"lemma": "e", "pos": "CC", "is_stop": false, "is_named": false}, "comunque": {"lemma": "comunque", "pos": "B", "is_stop": true, "is_named": false}, "molto": {"lemma": "molto", "pos": "B", "is_stop": true, "is_named": false}}}}, "obj": {"type": "Event", "pt": {"text": "incrementar", "linguisticInfo": {"incrementar": {"lemma": "incrementar", "pos": "VERB", "is_stop": false, "is_named": false}}}, "it": {"text": "incentivare", "linguisticInfo": {"incentivare": {"lemma": "incentivare", "pos": "V", "is_stop": false, "is_named": false}}}}}]}, "sentences_4": {"itText": "NULL a questo scopo , son state raccolte le esperienze di progettazione informatica degli ultimi 20 anni , soprattutto per quanto riguarda i sistemi di trattamento delle informazioni e gli sviluppi nella ricerca sull \u2019 intelligenza artificiale .", "ptText": "para isso , foram colhidas as experi\u00eancias do desenvolvimento da inform\u00e1tica nos \u00faltimos 20 anos , sobretudo em termos de processamento de informa\u00e7\u00e3o e dos avan\u00e7os da pesquisa em intelig\u00eancia artificial . \n", "relations": [{"id": "R15", "subj": {"type": "Non-human_Patient", "pt": {"text": "as experi\u00eancias do desenvolvimento da inform\u00e1tica nos \u00faltimos 20 anos , sobretudo em termos de processamento de informa\u00e7\u00e3o e dos avan\u00e7os da pesquisa em intelig\u00eancia artificial", "linguisticInfo": {"as": {"lemma": "o", "pos": "DET", "is_stop": true, "is_named": false}, "experi\u00eancias": {"lemma": "experi\u00eancia", "pos": "NOUN", "is_stop": false, "is_named": false}, "do": {"lemma": "do", "pos": "ADP", "is_stop": true, "is_named": false}, "desenvolvimento": {"lemma": "desenvolvimento", "pos": "NOUN", "is_stop": false, "is_named": false}, "da": {"lemma": "da", "pos": "ADP", "is_stop": true, "is_named": false}, "inform\u00e1tica": {"lemma": "inform\u00e1tico", "pos": "NOUN", "is_stop": false, "is_named": false}, "nos": {"lemma": "o", "pos": "ADP", "is_stop": true, "is_named": false}, "\u00faltimos": {"lemma": "\u00faltimo", "pos": "ADJ", "is_stop": false, "is_named": false}, "20": {"lemma": "20", "pos": "NUM", "is_stop": false, "is_named": false}, "anos": {"lemma": "ano", "pos": "NOUN", "is_stop": false, "is_named": false}, ",": {"lemma": ",", "pos": "PUNCT", "is_stop": false, "is_named": false}, "sobretudo": {"lemma": "sobretudo", "pos": "ADV", "is_stop": false, "is_named": false}, "em": {"lemma": "em", "pos": "ADP", "is_stop": true, "is_named": false}, "termos": {"lemma": "termo", "pos": "NOUN", "is_stop": false, "is_named": false}, "de": {"lemma": "de", "pos": "ADP", "is_stop": true, "is_named": false}, "processamento": {"lemma": "processamento", "pos": "NOUN", "is_stop": false, "is_named": false}, "informa\u00e7\u00e3o": {"lemma": "informa\u00e7\u00e3o", "pos": "NOUN", "is_stop": false, "is_named": false}, "e": {"lemma": "e", "pos": "CCONJ", "is_stop": true, "is_named": false}, "dos": {"lemma": "dos", "pos": "ADP", "is_stop": true, "is_named": false}, "avan\u00e7os": {"lemma": "avan\u00e7o", "pos": "NOUN", "is_stop": false, "is_named": false}, "pesquisa": {"lemma": "pesquisar", "pos": "NOUN", "is_stop": false, "is_named": false}, "intelig\u00eancia": {"lemma": "intelig\u00eancia", "pos": "NOUN", "is_stop": false, "is_named": false}, "artificial": {"lemma": "artificial", "pos": "ADJ", "is_stop": false, "is_named": false}}}, "it": {"text": "le esperienze di progettazione", "linguisticInfo": {"le": {"lemma": "il", "pos": "RD", "is_stop": true, "is_named": false}, "esperienze": {"lemma": "esperienza", "pos": "S", "is_stop": false, "is_named": false}, "di": {"lemma": "di", "pos": "E", "is_stop": true, "is_named": false}, "progettazione": {"lemma": "progettazione", "pos": "S", "is_stop": false, "is_named": false}}}}, "obj": {"type": "Event", "pt": {"text": "foram colhidas", "linguisticInfo": {"foram": {"lemma": "ser", "pos": "AUX", "is_stop": true, "is_named": false}, "colhidas": {"lemma": "colhido", "pos": "VERB", "is_stop": false, "is_named": false}}}, "it": {"text": "son raccolte", "linguisticInfo": {"son": {"lemma": "essere", "pos": "VA", "is_stop": false, "is_named": false}, "raccolte": {"lemma": "raccogliere", "pos": "V", "is_stop": false, "is_named": false}}}}}, {"id": "R16", "subj": {"type": "Non-human_Oth_participant", "pt": {"text": "do desenvolvimento da inform\u00e1tica nos \u00faltimos 20 anos", "linguisticInfo": {"do": {"lemma": "do", "pos": "ADP", "is_stop": true, "is_named": false}, "desenvolvimento": {"lemma": "desenvolvimento", "pos": "NOUN", "is_stop": false, "is_named": false}, "da": {"lemma": "da", "pos": "ADP", "is_stop": true, "is_named": false}, "inform\u00e1tica": {"lemma": "inform\u00e1tico", "pos": "NOUN", "is_stop": false, "is_named": false}, "nos": {"lemma": "o", "pos": "ADP", "is_stop": true, "is_named": false}, "\u00faltimos": {"lemma": "\u00faltimo", "pos": "ADJ", "is_stop": false, "is_named": false}, "20": {"lemma": "20", "pos": "NUM", "is_stop": false, "is_named": false}, "anos": {"lemma": "ano", "pos": "NOUN", "is_stop": false, "is_named": false}}}, "it": {"text": "a questo progettazione informatica degli", "linguisticInfo": {"a": {"lemma": "a", "pos": "E", "is_stop": true, "is_named": false}, "questo": {"lemma": "questo", "pos": "DD", "is_stop": true, "is_named": false}, "progettazione": {"lemma": "progettazione", "pos": "S", "is_stop": false, "is_named": false}, "informatica": {"lemma": "informatico", "pos": "A", "is_stop": false, "is_named": false}, "degli": {"lemma": "del", "pos": "E_RD", "is_stop": true, "is_named": false}}}}, "obj": {"type": "Event", "pt": {"text": "as experi\u00eancias", "linguisticInfo": {"as": {"lemma": "o", "pos": "DET", "is_stop": true, "is_named": false}, "experi\u00eancias": {"lemma": "experi\u00eancia", "pos": "NOUN", "is_stop": false, "is_named": false}}}, "it": {"text": "le esperienze", "linguisticInfo": {"le": {"lemma": "il", "pos": "RD", "is_stop": true, "is_named": false}, "esperienze": {"lemma": "esperienza", "pos": "S", "is_stop": false, "is_named": false}}}}}]}, "sentences_5": {"itText": "NULL \u201c per quanto riguarda la trasmissione delle informazioni , si tratta di un momento fondamentale quasi quanto l \u2019 invenzione della scritta o della stampa \u201d dice maria helena mira mateurs , direttrice dell \u2019 unit\u00e0 di ricerca eurotra in portogallo , che coinvolge 20 specialisti di linguistica computazionale .", "ptText": "&quot; \u00e9 um momento t\u00e3o importante para a transfer\u00eancia de informa\u00e7\u00e3o como foi a inven\u00e7\u00e3o da escrita ou a inven\u00e7\u00e3o da imprensa &quot; , considera maria helena mira mateus , directora da unidade de investiga\u00e7\u00e3o eurotra em portugal , que envolve 20 especialistas em lingu\u00edstica computacional . \n", "relations": [{"id": "R22", "subj": {"type": "Human_Agent", "pt": {"text": "Maria Helena Mira Mateus , directora da unidade de investiga\u00e7\u00e3o Eurotra em Portugal , que envolve 20 especialistas em lingu\u00edstica computacional", "linguisticInfo": {"Maria": {"lemma": "Maria", "pos": "PROPN", "is_stop": false, "is_named": true}, "Helena": {"lemma": "Helena", "pos": "PROPN", "is_stop": false, "is_named": true}, "Mira": {"lemma": "Mira", "pos": "PROPN", "is_stop": false, "is_named": true}, "Mateus": {"lemma": "Mateus", "pos": "PROPN", "is_stop": false, "is_named": true}, ",": {"lemma": ",", "pos": "PUNCT", "is_stop": false, "is_named": false}, "directora": {"lemma": "director", "pos": "NOUN", "is_stop": false, "is_named": false}, "da": {"lemma": "da", "pos": "ADP", "is_stop": true, "is_named": false}, "unidade": {"lemma": "unidade", "pos": "NOUN", "is_stop": false, "is_named": false}, "de": {"lemma": "de", "pos": "ADP", "is_stop": true, "is_named": false}, "investiga\u00e7\u00e3o": {"lemma": "investiga\u00e7\u00e3o", "pos": "NOUN", "is_stop": false, "is_named": false}, "Eurotra": {"lemma": "Eurotra", "pos": "PROPN", "is_stop": false, "is_named": true}, "em": {"lemma": "em", "pos": "ADP", "is_stop": true, "is_named": false}, "Portugal": {"lemma": "Portugal", "pos": "PROPN", "is_stop": false, "is_named": true}, "que": {"lemma": "que", "pos": "PRON", "is_stop": true, "is_named": false}, "envolve": {"lemma": "envolver", "pos": "VERB", "is_stop": false, "is_named": false}, "20": {"lemma": "20", "pos": "NUM", "is_stop": false, "is_named": false}, "especialistas": {"lemma": "especialista", "pos": "NOUN", "is_stop": false, "is_named": false}, "lingu\u00edstica": {"lemma": "lingu\u00edstico", "pos": "NOUN", "is_stop": false, "is_named": false}, "computacional": {"lemma": "computacional", "pos": "ADJ", "is_stop": false, "is_named": false}}}, "it": {"text": "maria helena mira mateurs , direttrice", "linguisticInfo": {"maria": {"lemma": "maria", "pos": "A", "is_stop": false, "is_named": false}, "helena": {"lemma": "helena", "pos": "SP", "is_stop": false, "is_named": false}, "mira": {"lemma": "mira", "pos": "SP", "is_stop": false, "is_named": false}, "mateurs": {"lemma": "mateurs", "pos": "A", "is_stop": false, "is_named": false}, ",": {"lemma": ",", "pos": "FF", "is_stop": false, "is_named": false}, "direttrice": {"lemma": "direttore", "pos": "A", "is_stop": false, "is_named": false}}}}, "obj": {"type": "Event", "pt": {"text": "considera", "linguisticInfo": {"considera": {"lemma": "considerar", "pos": "VERB", "is_stop": false, "is_named": false}}}, "it": {"text": "dice", "linguisticInfo": {"dice": {"lemma": "dire", "pos": "V", "is_stop": true, "is_named": false}}}}}]}, "sentences_7": {"itText": "NULL con eurotra \u00e8 stato possibile dare forma a questa collaborazione e , quindi , evitare errori gi\u00e0 commessi in passato , come screditare la rilevanza della descrizione linguistica per potenziare i sistemi di traduzione automatica gi\u00e0 esistenti \u201d .", "ptText": "com o eurotra , foi poss\u00edvel desenvolver essa coopera\u00e7\u00e3o e , assim , evitar erros antigos , de entre os quais ressalta uma menor import\u00e2ncia atribu\u00edda \u00e0 descri\u00e7\u00e3o lingu\u00edstica na execu\u00e7\u00e3o dos sistemas de tradu\u00e7\u00e3o autom\u00e1tica j\u00e1 existentes &quot; . \n", "relations": [{"id": "R23", "subj": {"type": "Non-human_Patient", "pt": {"text": "essa coopera\u00e7\u00e3o", "linguisticInfo": {"essa": {"lemma": "esse", "pos": "DET", "is_stop": true, "is_named": false}, "coopera\u00e7\u00e3o": {"lemma": "coopera\u00e7\u00e3o", "pos": "NOUN", "is_stop": false, "is_named": false}}}, "it": {"text": "questa collaborazione", "linguisticInfo": {"questa": {"lemma": "questo", "pos": "DD", "is_stop": true, "is_named": false}, "collaborazione": {"lemma": "collaborazione", "pos": "S", "is_stop": false, "is_named": false}}}}, "obj": {"type": "Event", "pt": {"text": "foi poss\u00edvel desenvolver", "linguisticInfo": {"foi": {"lemma": "ser", "pos": "AUX", "is_stop": true, "is_named": false}, "poss\u00edvel": {"lemma": "poss\u00edvel", "pos": "ADJ", "is_stop": true, "is_named": false}, "desenvolver": {"lemma": "desenvolver", "pos": "VERB", "is_stop": false, "is_named": false}}}, "it": {"text": "stato possibile dare", "linguisticInfo": {"stato": {"lemma": "stare", "pos": "S", "is_stop": true, "is_named": false}, "possibile": {"lemma": "possibile", "pos": "A", "is_stop": false, "is_named": false}, "dare": {"lemma": "dare", "pos": "V", "is_stop": false, "is_named": false}}}}}, {"id": "R24", "subj": {"type": "Oth_argument", "pt": {"text": "Com o Eurotra", "linguisticInfo": {"Com": {"lemma": "Com", "pos": "ADP", "is_stop": true, "is_named": true}, "o": {"lemma": "o", "pos": "DET", "is_stop": true, "is_named": false}, "Eurotra": {"lemma": "Eurotra", "pos": "PROPN", "is_stop": false, "is_named": true}}}, "it": {"text": "con eurotra \u00e8", "linguisticInfo": {"con": {"lemma": "con", "pos": "E", "is_stop": true, "is_named": false}, "eurotra": {"lemma": "eurotra", "pos": "S", "is_stop": false, "is_named": false}, "\u00e8": {"lemma": "essere", "pos": "V", "is_stop": false, "is_named": false}}}}, "obj": {"type": "Event", "pt": {"text": "foi poss\u00edvel desenvolver", "linguisticInfo": {"foi": {"lemma": "ser", "pos": "AUX", "is_stop": true, "is_named": false}, "poss\u00edvel": {"lemma": "poss\u00edvel", "pos": "ADJ", "is_stop": true, "is_named": false}, "desenvolver": {"lemma": "desenvolver", "pos": "VERB", "is_stop": false, "is_named": false}}}, "it": {"text": "stato possibile dare", "linguisticInfo": {"stato": {"lemma": "stare", "pos": "S", "is_stop": true, "is_named": false}, "possibile": {"lemma": "possibile", "pos": "A", "is_stop": false, "is_named": false}, "dare": {"lemma": "dare", "pos": "V", "is_stop": false, "is_named": false}}}}}, {"id": "R25", "subj": {"type": "Non-human_Patient", "pt": {"text": "erros antigos", "linguisticInfo": {"erros": {"lemma": "erro", "pos": "NOUN", "is_stop": false, "is_named": false}, "antigos": {"lemma": "antigo", "pos": "ADJ", "is_stop": false, "is_named": false}}}, "it": {"text": "errori commessi", "linguisticInfo": {"errori": {"lemma": "errore", "pos": "S", "is_stop": false, "is_named": false}, "commessi": {"lemma": "commessi", "pos": "A", "is_stop": false, "is_named": false}}}}, "obj": {"type": "Event", "pt": {"text": "evitar", "linguisticInfo": {"evitar": {"lemma": "evitar", "pos": "VERB", "is_stop": false, "is_named": false}}}, "it": {"text": "evitare", "linguisticInfo": {"evitare": {"lemma": "evitare", "pos": "V", "is_stop": false, "is_named": false}}}}}]}, "sentences_8": {"itText": "NULL dimentichiamoci , perci\u00f2 , il vecchio paradigma che stabiliva che fosse sufficiente sostituire le parole del lessico di una lingua per le parole corrispondenti del lessico di un \u2019 altra .", "ptText": "para tr\u00e1s , ficavam as velhas ideias de que bastava substituir as palavras do l\u00e9xico de uma l\u00edngua pelas correspondentes palavras do l\u00e9xico de outra l\u00edngua . \n", "relations": [{"id": "R27", "subj": {"type": "Non-human_Oth_participant", "pt": {"text": "pelas correspondentes palavras do l\u00e9xico de outra l\u00edngua", "linguisticInfo": {"pelas": {"lemma": "pelar", "pos": "ADP", "is_stop": true, "is_named": false}, "correspondentes": {"lemma": "correspondente", "pos": "ADJ", "is_stop": false, "is_named": false}, "palavras": {"lemma": "palavra", "pos": "NOUN", "is_stop": false, "is_named": false}, "do": {"lemma": "do", "pos": "ADP", "is_stop": true, "is_named": false}, "l\u00e9xico": {"lemma": "l\u00e9xico", "pos": "NOUN", "is_stop": false, "is_named": false}, "de": {"lemma": "de", "pos": "ADP", "is_stop": true, "is_named": false}, "outra": {"lemma": "outro", "pos": "DET", "is_stop": true, "is_named": false}, "l\u00edngua": {"lemma": "l\u00edngua", "pos": "NOUN", "is_stop": false, "is_named": false}}}, "it": {"text": "le parole del corrispondenti del lessico", "linguisticInfo": {"le": {"lemma": "il", "pos": "RD", "is_stop": true, "is_named": false}, "parole": {"lemma": "parola", "pos": "S", "is_stop": false, "is_named": false}, "del": {"lemma": "del", "pos": "E_RD", "is_stop": true, "is_named": false}, "corrispondenti": {"lemma": "corrispondente", "pos": "S", "is_stop": false, "is_named": false}, "lessico": {"lemma": "lessico", "pos": "S", "is_stop": false, "is_named": false}}}}, "obj": {"type": "Event", "pt": {"text": "bastava substituir", "linguisticInfo": {"bastava": {"lemma": "bastar", "pos": "VERB", "is_stop": false, "is_named": false}, "substituir": {"lemma": "substituir", "pos": "VERB", "is_stop": false, "is_named": false}}}, "it": {"text": "sufficiente sostituire", "linguisticInfo": {"sufficiente": {"lemma": "sufficiente", "pos": "A", "is_stop": false, "is_named": false}, "sostituire": {"lemma": "sostituire", "pos": "V", "is_stop": false, "is_named": false}}}}}]}, "sentences_9": {"itText": "NULL come ci spiega maria helena mateus , quest \u2019 operazione , per quanto di semplice esecuzione per un computer , non produce testi comprensibili .", "ptText": "como explica maria helena mateus , embora f\u00e1cil de executar pelo computador , essa opera\u00e7\u00e3o tinha como resultado a produ\u00e7\u00e3o de textos incompreens\u00edveis . \n", "relations": [{"id": "R28", "subj": {"type": "Human_Agent", "pt": {"text": "Maria Helena Mateus", "linguisticInfo": {"Maria": {"lemma": "Maria", "pos": "PROPN", "is_stop": false, "is_named": true}, "Helena": {"lemma": "Helena", "pos": "PROPN", "is_stop": false, "is_named": true}, "Mateus": {"lemma": "Mateus", "pos": "PROPN", "is_stop": false, "is_named": true}}}, "it": {"text": "maria helena mateus", "linguisticInfo": {"maria": {"lemma": "maria", "pos": "SP", "is_stop": false, "is_named": false}, "helena": {"lemma": "helena", "pos": "SP", "is_stop": false, "is_named": false}, "mateus": {"lemma": "mateus", "pos": "SP", "is_stop": false, "is_named": false}}}}, "obj": {"type": "Event", "pt": {"text": "explica", "linguisticInfo": {"explica": {"lemma": "explicar", "pos": "VERB", "is_stop": false, "is_named": false}}}, "it": {"text": "spiega", "linguisticInfo": {"spiega": {"lemma": "spiegare", "pos": "V", "is_stop": false, "is_named": false}}}}}, {"id": "R29", "subj": {"type": "Non-human_Agent", "pt": {"text": "computador", "linguisticInfo": {"computador": {"lemma": "computador", "pos": "NOUN", "is_stop": false, "is_named": false}}}, "it": {"text": "computer", "linguisticInfo": {"computer": {"lemma": "computer", "pos": "S", "is_stop": false, "is_named": false}}}}, "obj": {"type": "Event", "pt": {"text": "executar", "linguisticInfo": {"executar": {"lemma": "executar", "pos": "VERB", "is_stop": false, "is_named": false}}}, "it": {"text": "esecuzione", "linguisticInfo": {"esecuzione": {"lemma": "esecuzione", "pos": "S", "is_stop": false, "is_named": false}}}}}, {"id": "R30", "subj": {"type": "Non-human_Oth_participant", "pt": {"text": "a produ\u00e7\u00e3o de textos incompreens\u00edveis", "linguisticInfo": {"a": {"lemma": "o", "pos": "DET", "is_stop": true, "is_named": false}, "produ\u00e7\u00e3o": {"lemma": "produ\u00e7\u00e3o", "pos": "NOUN", "is_stop": false, "is_named": false}, "de": {"lemma": "de", "pos": "ADP", "is_stop": true, "is_named": false}, "textos": {"lemma": "texto", "pos": "NOUN", "is_stop": false, "is_named": false}, "incompreens\u00edveis": {"lemma": "incompreens\u00edvel", "pos": "ADJ", "is_stop": false, "is_named": false}}}, "it": {"text": "come ci produce testi comprensibili", "linguisticInfo": {"come": {"lemma": "come", "pos": "B", "is_stop": true, "is_named": false}, "ci": {"lemma": "ci", "pos": "PC", "is_stop": true, "is_named": false}, "produce": {"lemma": "produrre", "pos": "V", "is_stop": false, "is_named": false}, "testi": {"lemma": "testo", "pos": "S", "is_stop": false, "is_named": false}, "comprensibili": {"lemma": "comprensibile", "pos": "A", "is_stop": false, "is_named": false}}}}, "obj": {"type": "Event", "pt": {"text": "tinha como resultado", "linguisticInfo": {"tinha": {"lemma": "ter", "pos": "VERB", "is_stop": false, "is_named": false}, "como": {"lemma": "comer", "pos": "ADP", "is_stop": true, "is_named": false}, "resultado": {"lemma": "resultar", "pos": "NOUN", "is_stop": false, "is_named": false}}}, "it": {"text": "\u2019 quanto produce", "linguisticInfo": {"\u2019": {"lemma": "\u2019", "pos": "E", "is_stop": false, "is_named": false}, "quanto": {"lemma": "quanto", "pos": "PR", "is_stop": true, "is_named": false}, "produce": {"lemma": "produrre", "pos": "V", "is_stop": false, "is_named": false}}}}}, {"id": "R31", "subj": {"type": "Non-human_Agent", "pt": {"text": "essa opera\u00e7\u00e3o", "linguisticInfo": {"essa": {"lemma": "esse", "pos": "DET", "is_stop": true, "is_named": false}, "opera\u00e7\u00e3o": {"lemma": "opera\u00e7\u00e3o", "pos": "NOUN", "is_stop": false, "is_named": false}}}, "it": {"text": "quest operazione", "linguisticInfo": {"quest": {"lemma": "quest", "pos": "N", "is_stop": true, "is_named": false}, "operazione": {"lemma": "operazione", "pos": "S", "is_stop": false, "is_named": false}}}}, "obj": {"type": "Event", "pt": {"text": "tinha como resultado", "linguisticInfo": {"tinha": {"lemma": "ter", "pos": "VERB", "is_stop": false, "is_named": false}, "como": {"lemma": "comer", "pos": "ADP", "is_stop": true, "is_named": false}, "resultado": {"lemma": "resultar", "pos": "NOUN", "is_stop": false, "is_named": false}}}, "it": {"text": "\u2019 quanto produce", "linguisticInfo": {"\u2019": {"lemma": "\u2019", "pos": "E", "is_stop": false, "is_named": false}, "quanto": {"lemma": "quanto", "pos": "PR", "is_stop": true, "is_named": false}, "produce": {"lemma": "produrre", "pos": "V", "is_stop": false, "is_named": false}}}}}, {"id": "R32", "subj": {"type": "Non-human_Patient", "pt": {"text": "textos incompreens\u00edveis", "linguisticInfo": {"textos": {"lemma": "texto", "pos": "NOUN", "is_stop": false, "is_named": false}, "incompreens\u00edveis": {"lemma": "incompreens\u00edvel", "pos": "ADJ", "is_stop": false, "is_named": false}}}, "it": {"text": "testi comprensibili", "linguisticInfo": {"testi": {"lemma": "testo", "pos": "S", "is_stop": false, "is_named": false}, "comprensibili": {"lemma": "comprensibile", "pos": "A", "is_stop": false, "is_named": false}}}}, "obj": {"type": "Event", "pt": {"text": "a produ\u00e7\u00e3o", "linguisticInfo": {"a": {"lemma": "o", "pos": "DET", "is_stop": true, "is_named": false}, "produ\u00e7\u00e3o": {"lemma": "produ\u00e7\u00e3o", "pos": "NOUN", "is_stop": false, "is_named": false}}}, "it": {"text": "produce", "linguisticInfo": {"produce": {"lemma": "produrre", "pos": "V", "is_stop": false, "is_named": false}}}}}]}, "sentences_10": {"itText": "NULL come risultato , la prima fase di questo progetto consiste , perci\u00f2 , nella definizione di formalismi linguistici adottati contemporaneamente da 12 paesi e della relativa componente logica ( \u201c software \u201d ) codificata in linguaggio di programmazione informatica .", "ptText": "por isso , a primeira fase deste projecto correspondeu a uma defini\u00e7\u00e3o do formalismo lingu\u00edstico adoptado conjuntamente pelos 12 pa\u00edses e do seu suporte l\u00f3gico ( &quot; software &quot; ) em linguagem de computador . \n", "relations": [{"id": "R34", "subj": {"type": "Non-human_Oth_participant", "pt": {"text": "a primeira fase deste projecto", "linguisticInfo": {"a": {"lemma": "o", "pos": "DET", "is_stop": true, "is_named": false}, "primeira": {"lemma": "primeiro", "pos": "ADJ", "is_stop": true, "is_named": false}, "fase": {"lemma": "fase", "pos": "NOUN", "is_stop": false, "is_named": false}, "deste": {"lemma": "dar", "pos": "ADP", "is_stop": true, "is_named": false}, "projecto": {"lemma": "projectar", "pos": "NOUN", "is_stop": false, "is_named": false}}}, "it": {"text": "la prima fase questo progetto", "linguisticInfo": {"la": {"lemma": "il", "pos": "RD", "is_stop": true, "is_named": false}, "prima": {"lemma": "primo", "pos": "NO", "is_stop": true, "is_named": false}, "fase": {"lemma": "fase", "pos": "S", "is_stop": false, "is_named": false}, "questo": {"lemma": "questo", "pos": "DD", "is_stop": true, "is_named": false}, "progetto": {"lemma": "progetto", "pos": "S", "is_stop": false, "is_named": false}}}}, "obj": {"type": "Event", "pt": {"text": "correspondeu", "linguisticInfo": {"correspondeu": {"lemma": "corresponder", "pos": "VERB", "is_stop": false, "is_named": false}}}, "it": {"text": "consiste", "linguisticInfo": {"consiste": {"lemma": "consistere", "pos": "V", "is_stop": false, "is_named": false}}}}}]}, "sentences_11": {"itText": "NULL \u201c in alcuni paesi , come la danimarca , afferma helena mateus - la traduzione automatica \u00e8 funziona gi\u00e0 a molto velocemente e con risultati soddisfacenti , naturalmente per testi non letterari \u201d .", "ptText": "&quot; em certos pa\u00edses , como na dinamarca - conta helena mateus - , a tradu\u00e7\u00e3o autom\u00e1tica j\u00e1 se processa com grande rapidez e qualidade aceit\u00e1vel em textos obviamente n\u00e3o liter\u00e1rios &quot; . \n", "relations": [{"id": "R39", "subj": {"type": "Human_Agent", "pt": {"text": "Helena Mateus", "linguisticInfo": {"Helena": {"lemma": "Helena", "pos": "PROPN", "is_stop": false, "is_named": true}, "Mateus": {"lemma": "Mateus", "pos": "PROPN", "is_stop": false, "is_named": true}}}, "it": {"text": "helena mateus", "linguisticInfo": {"helena": {"lemma": "helena", "pos": "S", "is_stop": false, "is_named": false}, "mateus": {"lemma": "mateus", "pos": "SP", "is_stop": false, "is_named": false}}}}, "obj": {"type": "Event", "pt": {"text": "conta", "linguisticInfo": {"conta": {"lemma": "contar", "pos": "VERB", "is_stop": false, "is_named": false}}}, "it": {"text": "afferma", "linguisticInfo": {"afferma": {"lemma": "affermare", "pos": "V", "is_stop": false, "is_named": false}}}}}]}, "sentences_12": {"itText": "NULL non si pu\u00f2 dire lo stesso , per\u00f2 , per lo meno per i momento , per il gruppo portoghese che - avendo cominciato pi\u00f9 tardi degli altri , si scontra ancora con difficolt\u00e0 nell \u2019 applicare il \u201c software \u201d centrale alla struttura della lingua ( la codificazione della cediglia e degli accenti , per esempio , \u00e8 uno degli aspetti pi\u00f9 complessi da risolvere , cos\u00ec come le espressioni idiomatiche ) .", "ptText": "n\u00e3o \u00e9 por enquanto o caso do grupo portugu\u00eas - que , tendo come\u00e7ado mais tarde , se debate ainda com dificuldades suplementares no dom\u00ednio da aplica\u00e7\u00e3o do &quot; software &quot; central \u00e0 estrutura da nossa l\u00edngua ( a reconfigura\u00e7\u00e3o das cedilhas e dos acentos tem sido um dos aspectos mais complexos de resolu\u00e7\u00e3o , bem como as frases idiom\u00e1ticas ) . \n", "relations": [{"id": "R40", "subj": {"type": "Time", "pt": {"text": "mais tarde", "linguisticInfo": {"mais": {"lemma": "mais", "pos": "ADV", "is_stop": true, "is_named": false}, "tarde": {"lemma": "tardar", "pos": "ADV", "is_stop": true, "is_named": false}}}, "it": {"text": "pi\u00f9 tardi", "linguisticInfo": {"pi\u00f9": {"lemma": "molto", "pos": "B", "is_stop": true, "is_named": false}, "tardi": {"lemma": "tardi", "pos": "B", "is_stop": false, "is_named": false}}}}, "obj": {"type": "Event", "pt": {"text": "tendo come\u00e7ado", "linguisticInfo": {"tendo": {"lemma": "ter", "pos": "AUX", "is_stop": false, "is_named": false}, "come\u00e7ado": {"lemma": "come\u00e7ar", "pos": "VERB", "is_stop": false, "is_named": false}}}, "it": {"text": "avendo cominciato", "linguisticInfo": {"avendo": {"lemma": "avere", "pos": "VA", "is_stop": true, "is_named": false}, "cominciato": {"lemma": "cominciare", "pos": "V", "is_stop": false, "is_named": false}}}}}, {"id": "R41", "subj": {"type": "Human_Agent", "pt": {"text": "que", "linguisticInfo": {"que": {"lemma": "que", "pos": "SCONJ", "is_stop": true, "is_named": false}}}, "it": {"text": "che", "linguisticInfo": {"che": {"lemma": "che", "pos": "CS", "is_stop": true, "is_named": false}}}}, "obj": {"type": "Event", "pt": {"text": "tendo come\u00e7ado", "linguisticInfo": {"tendo": {"lemma": "ter", "pos": "AUX", "is_stop": false, "is_named": false}, "come\u00e7ado": {"lemma": "come\u00e7ar", "pos": "VERB", "is_stop": false, "is_named": false}}}, "it": {"text": "avendo cominciato", "linguisticInfo": {"avendo": {"lemma": "avere", "pos": "VA", "is_stop": true, "is_named": false}, "cominciato": {"lemma": "cominciare", "pos": "V", "is_stop": false, "is_named": false}}}}}, {"id": "R43", "subj": {"type": "Human_Agent", "pt": {"text": "que", "linguisticInfo": {"que": {"lemma": "que", "pos": "SCONJ", "is_stop": true, "is_named": false}}}, "it": {"text": "che", "linguisticInfo": {"che": {"lemma": "che", "pos": "CS", "is_stop": true, "is_named": false}}}}, "obj": {"type": "Event", "pt": {"text": "se debate", "linguisticInfo": {"se": {"lemma": "se", "pos": "PRON", "is_stop": true, "is_named": false}, "debate": {"lemma": "debater", "pos": "VERB", "is_stop": false, "is_named": false}}}, "it": {"text": "si scontra", "linguisticInfo": {"si": {"lemma": "si", "pos": "PC", "is_stop": true, "is_named": false}, "scontra": {"lemma": "scontrare", "pos": "V", "is_stop": false, "is_named": false}}}}}]}, "sentences_13": {"itText": "NULL la scadenza per portare a termine questo progetto \u201c davvero audace \u201d che , peraltro , sancisce la diversit\u00e0 linguistica dello spazio comunitario , \u00e8 fissata per dicembre 1990", "ptText": "finalmente , em dezembro de 1990 est\u00e1 fixado o prazo-limite deste projecto &quot; verdadeiramente audacioso &quot; - e que , al\u00e9m do mais , vem consagrar a diversidade lingu\u00edstica do espa\u00e7o comunit\u00e1rio . \n", "relations": [{"id": "R51", "subj": {"type": "Non-human_Agent", "pt": {"text": "que", "linguisticInfo": {"que": {"lemma": "que", "pos": "SCONJ", "is_stop": true, "is_named": false}}}, "it": {"text": "che", "linguisticInfo": {"che": {"lemma": "che", "pos": "CS", "is_stop": true, "is_named": false}}}}, "obj": {"type": "Event", "pt": {"text": "vem consagrar", "linguisticInfo": {"vem": {"lemma": "vir", "pos": "VERB", "is_stop": true, "is_named": false}, "consagrar": {"lemma": "consagrar", "pos": "VERB", "is_stop": false, "is_named": false}}}, "it": {"text": "sancisce la diversit\u00e0", "linguisticInfo": {"sancisce": {"lemma": "sancire", "pos": "V", "is_stop": false, "is_named": false}, "la": {"lemma": "il", "pos": "RD", "is_stop": true, "is_named": false}, "diversit\u00e0": {"lemma": "diversit\u00e0", "pos": "S", "is_stop": false, "is_named": false}}}}}, {"id": "R52", "subj": {"type": "Non-human_Oth_participant", "pt": {"text": "a diversidade lingu\u00edstica do espa\u00e7o comunit\u00e1rio", "linguisticInfo": {"a": {"lemma": "o", "pos": "DET", "is_stop": true, "is_named": false}, "diversidade": {"lemma": "diversidade", "pos": "NOUN", "is_stop": false, "is_named": false}, "lingu\u00edstica": {"lemma": "lingu\u00edstico", "pos": "ADJ", "is_stop": false, "is_named": false}, "do": {"lemma": "do", "pos": "ADP", "is_stop": true, "is_named": false}, "espa\u00e7o": {"lemma": "espa\u00e7ar", "pos": "NOUN", "is_stop": false, "is_named": false}, "comunit\u00e1rio": {"lemma": "comunit\u00e1rio", "pos": "ADJ", "is_stop": false, "is_named": false}}}, "it": {"text": "la diversit\u00e0 linguistica dello spazio comunitario", "linguisticInfo": {"la": {"lemma": "il", "pos": "RD", "is_stop": true, "is_named": false}, "diversit\u00e0": {"lemma": "diversit\u00e0", "pos": "S", "is_stop": false, "is_named": false}, "linguistica": {"lemma": "linguistico", "pos": "A", "is_stop": false, "is_named": false}, "dello": {"lemma": "del", "pos": "E_RD", "is_stop": true, "is_named": false}, "spazio": {"lemma": "spazio", "pos": "S", "is_stop": false, "is_named": false}, "comunitario": {"lemma": "comunitario", "pos": "A", "is_stop": false, "is_named": false}}}}, "obj": {"type": "Event", "pt": {"text": "vem consagrar", "linguisticInfo": {"vem": {"lemma": "vir", "pos": "VERB", "is_stop": true, "is_named": false}, "consagrar": {"lemma": "consagrar", "pos": "VERB", "is_stop": false, "is_named": false}}}, "it": {"text": "sancisce la diversit\u00e0", "linguisticInfo": {"sancisce": {"lemma": "sancire", "pos": "V", "is_stop": false, "is_named": false}, "la": {"lemma": "il", "pos": "RD", "is_stop": true, "is_named": false}, "diversit\u00e0": {"lemma": "diversit\u00e0", "pos": "S", "is_stop": false, "is_named": false}}}}}]}, "sentences_14": {"itText": "NULL \u201c \u00e8 proprio la condizione stessa della comunit\u00e0 europea di essere un \u2019 istituzione plurilingue - conclude la direttrice di eurotra in portogallo - che tutela la sopravvivenza a livello culturale delle lingue di ciascun paese .", "ptText": "&quot; a condi\u00e7\u00e3o de institui\u00e7\u00e3o plurilingue da comunidade europeia - conclui a directora do eurotra em portugal \u00e9 a salvaguarda da sobreviv\u00eancia cultural de cada um dos respectivos pa\u00edses . \n", "relations": [{"id": "R53", "subj": {"type": "Human_Agent", "pt": {"text": "a directora do Eurotra em Portugal", "linguisticInfo": {"a": {"lemma": "o", "pos": "DET", "is_stop": true, "is_named": false}, "directora": {"lemma": "director", "pos": "NOUN", "is_stop": false, "is_named": false}, "do": {"lemma": "do", "pos": "ADP", "is_stop": true, "is_named": false}, "Eurotra": {"lemma": "Eurotra", "pos": "PROPN", "is_stop": false, "is_named": true}, "em": {"lemma": "em", "pos": "ADP", "is_stop": true, "is_named": false}, "Portugal": {"lemma": "Portugal", "pos": "PROPN", "is_stop": false, "is_named": true}}}, "it": {"text": "la condizione stessa direttrice di eurotra", "linguisticInfo": {"la": {"lemma": "il", "pos": "RD", "is_stop": true, "is_named": false}, "condizione": {"lemma": "condizione", "pos": "S", "is_stop": false, "is_named": false}, "stessa": {"lemma": "stesso", "pos": "A", "is_stop": true, "is_named": false}, "direttrice": {"lemma": "direttrice", "pos": "S", "is_stop": false, "is_named": false}, "di": {"lemma": "di", "pos": "E", "is_stop": true, "is_named": false}, "eurotra": {"lemma": "eurotra", "pos": "SP", "is_stop": false, "is_named": false}}}}, "obj": {"type": "Event", "pt": {"text": "conclui", "linguisticInfo": {"conclui": {"lemma": "concluir", "pos": "VERB", "is_stop": false, "is_named": false}}}, "it": {"text": "conclude", "linguisticInfo": {"conclude": {"lemma": "concludere", "pos": "V", "is_stop": false, "is_named": false}}}}}]}, "sentences_15": {"itText": "NULL se la traduzione automatica riuscir\u00e0 nell \u2019 intento di dare il suo contributo nella costruzione di tale identit\u00e0 , allora tutto il suo faticoso e complesso lavoro sar\u00e0 giustificato \u201d .", "ptText": "se a tradu\u00e7\u00e3o autom\u00e1tica concorrer para essa identidade , ent\u00e3o estar\u00e1 justificado \u00e0 partida todo o seu complexo e moroso trabalho de investiga\u00e7\u00e3o &quot; . \n", "relations": [{"id": "R54", "subj": {"type": "Non-human_Agent", "pt": {"text": "a tradu\u00e7\u00e3o autom\u00e1tica", "linguisticInfo": {"a": {"lemma": "o", "pos": "DET", "is_stop": true, "is_named": false}, "tradu\u00e7\u00e3o": {"lemma": "tradu\u00e7\u00e3o", "pos": "NOUN", "is_stop": false, "is_named": false}, "autom\u00e1tica": {"lemma": "autom\u00e1tico", "pos": "ADJ", "is_stop": false, "is_named": false}}}, "it": {"text": "la traduzione automatica", "linguisticInfo": {"la": {"lemma": "il", "pos": "RD", "is_stop": true, "is_named": false}, "traduzione": {"lemma": "traduzione", "pos": "S", "is_stop": false, "is_named": false}, "automatica": {"lemma": "automatico", "pos": "A", "is_stop": false, "is_named": false}}}}, "obj": {"type": "Event", "pt": {"text": "concorrer", "linguisticInfo": {"concorrer": {"lemma": "concorrer", "pos": "VERB", "is_stop": false, "is_named": false}}}, "it": {"text": "riuscir\u00e0", "linguisticInfo": {"riuscir\u00e0": {"lemma": "riuscire", "pos": "V", "is_stop": false, "is_named": false}}}}}, {"id": "R55", "subj": {"type": "Non-human_Oth_participant", "pt": {"text": "para essa identidade", "linguisticInfo": {"para": {"lemma": "parir", "pos": "ADP", "is_stop": true, "is_named": false}, "essa": {"lemma": "esse", "pos": "DET", "is_stop": true, "is_named": false}, "identidade": {"lemma": "identidade", "pos": "NOUN", "is_stop": false, "is_named": false}}}, "it": {"text": "intento tale identit\u00e0", "linguisticInfo": {"intento": {"lemma": "intentare", "pos": "V", "is_stop": false, "is_named": false}, "tale": {"lemma": "tale", "pos": "DD", "is_stop": true, "is_named": false}, "identit\u00e0": {"lemma": "identit\u00e0", "pos": "S", "is_stop": false, "is_named": false}}}}, "obj": {"type": "Event", "pt": {"text": "concorrer", "linguisticInfo": {"concorrer": {"lemma": "concorrer", "pos": "VERB", "is_stop": false, "is_named": false}}}, "it": {"text": "riuscir\u00e0", "linguisticInfo": {"riuscir\u00e0": {"lemma": "riuscire", "pos": "V", "is_stop": false, "is_named": false}}}}}, {"id": "R56", "subj": {"type": "Non-human_Oth_participant", "pt": {"text": "todo o seu complexo e moroso trabalho de investiga\u00e7\u00e3o", "linguisticInfo": {"todo": {"lemma": "todo", "pos": "DET", "is_stop": true, "is_named": false}, "o": {"lemma": "o", "pos": "DET", "is_stop": true, "is_named": false}, "seu": {"lemma": "seu", "pos": "DET", "is_stop": true, "is_named": false}, "complexo": {"lemma": "complexo", "pos": "NOUN", "is_stop": false, "is_named": false}, "e": {"lemma": "e", "pos": "CCONJ", "is_stop": true, "is_named": false}, "moroso": {"lemma": "moroso", "pos": "ADJ", "is_stop": false, "is_named": false}, "trabalho": {"lemma": "trabalhar", "pos": "NOUN", "is_stop": false, "is_named": false}, "de": {"lemma": "de", "pos": "ADP", "is_stop": true, "is_named": false}, "investiga\u00e7\u00e3o": {"lemma": "investiga\u00e7\u00e3o", "pos": "NOUN", "is_stop": false, "is_named": false}}}, "it": {"text": "tutto il suo faticoso e complesso lavoro sar\u00e0", "linguisticInfo": {"tutto": {"lemma": "tutto", "pos": "T", "is_stop": true, "is_named": false}, "il": {"lemma": "il", "pos": "RD", "is_stop": true, "is_named": false}, "suo": {"lemma": "suo", "pos": "AP", "is_stop": true, "is_named": false}, "faticoso": {"lemma": "faticoso", "pos": "A", "is_stop": false, "is_named": false}, "e": {"lemma": "e", "pos": "CC", "is_stop": false, "is_named": false}, "complesso": {"lemma": "complesso", "pos": "A", "is_stop": false, "is_named": false}, "lavoro": {"lemma": "lavoro", "pos": "S", "is_stop": true, "is_named": false}, "sar\u00e0": {"lemma": "essere", "pos": "VA", "is_stop": true, "is_named": false}}}}, "obj": {"type": "Event", "pt": {"text": "estar\u00e1 justificado", "linguisticInfo": {"estar\u00e1": {"lemma": "estar", "pos": "AUX", "is_stop": true, "is_named": false}, "justificado": {"lemma": "justificar", "pos": "ADJ", "is_stop": false, "is_named": false}}}, "it": {"text": "sar\u00e0 giustificato", "linguisticInfo": {"sar\u00e0": {"lemma": "essere", "pos": "VA", "is_stop": true, "is_named": false}, "giustificato": {"lemma": "giustificare", "pos": "V", "is_stop": false, "is_named": false}}}}}]}}