{"sentences_0": {"itText": "NULL la primavera dei fuochi \u00e8 arrivata questo fine settimana alla regione centro del paese , raggiungendo dimensioni inaspettate sia per i vigili del fuoco che per le popolazioni , che non avevano neanche ancora fatto in tempo a dimenticarsi gli incendi estivi . il calore e la siccit\u00e0 che imperversano non sono certamente d \u2019 aiuto .. con un fronte di quindici chilometri , le fiamme hanno portato via eucalipti e pinete , provocando il panico in molte zone .", "ptText": "a primavera dos fogos chegou este fim-de-semana \u00e0 regi\u00e3o centro , com propor\u00e7\u00f5es inesperadas para bombeiros e popula\u00e7\u00f5es , sem tempo para esquecerem os grandes inc\u00eandios de ver\u00e3o . o calor e a seca que grassam d\u00e3o uma &quot; ajuda &quot; ... com uma frente de quinze quil\u00f3metros , as chamas lamberam eucaliptais e pinhais , lan\u00e7ando o p\u00e2nico em algumas aldeias . \n", "relations": [{"id": "R1", "subj": {"type": "Non-human_Agent", "pt": {"text": "A Primavera dos fogos", "linguisticInfo": {"A": {"lemma": "A", "pos": "DET", "is_stop": true, "is_named": true}, "Primavera": {"lemma": "Primavera", "pos": "PROPN", "is_stop": false, "is_named": true}, "dos": {"lemma": "dos", "pos": "ADP", "is_stop": true, "is_named": false}, "fogos": {"lemma": "fogo", "pos": "NOUN", "is_stop": false, "is_named": false}}}, "it": {"text": "la primavera dei fuochi", "linguisticInfo": {"la": {"lemma": "il", "pos": "RD", "is_stop": true, "is_named": false}, "primavera": {"lemma": "primavera", "pos": "S", "is_stop": false, "is_named": false}, "dei": {"lemma": "del", "pos": "E_RD", "is_stop": true, "is_named": false}, "fuochi": {"lemma": "fuoco", "pos": "S", "is_stop": false, "is_named": false}}}}, "obj": {"type": "Event", "pt": {"text": "chegou", "linguisticInfo": {"chegou": {"lemma": "chegar", "pos": "VERB", "is_stop": false, "is_named": false}}}, "it": {"text": "arrivata", "linguisticInfo": {"arrivata": {"lemma": "arrivare", "pos": "V", "is_stop": false, "is_named": false}}}}}, {"id": "R2", "subj": {"type": "Time", "pt": {"text": "este fim-de-semana", "linguisticInfo": {"este": {"lemma": "este", "pos": "DET", "is_stop": true, "is_named": false}, "fim-de-semana": {"lemma": "fim-de-semana", "pos": "NOUN", "is_stop": false, "is_named": false}}}, "it": {"text": "questo ..", "linguisticInfo": {"questo": {"lemma": "questo", "pos": "PD", "is_stop": true, "is_named": false}, "..": {"lemma": "..", "pos": "FS", "is_stop": false, "is_named": false}}}}, "obj": {"type": "Event", "pt": {"text": "chegou", "linguisticInfo": {"chegou": {"lemma": "chegar", "pos": "VERB", "is_stop": false, "is_named": false}}}, "it": {"text": "arrivata", "linguisticInfo": {"arrivata": {"lemma": "arrivare", "pos": "V", "is_stop": false, "is_named": false}}}}}, {"id": "R3", "subj": {"type": "Geo_location", "pt": {"text": "\u00e0 Regi\u00e3o Centro", "linguisticInfo": {"\u00e0": {"lemma": "\u00e0", "pos": "ADP", "is_stop": true, "is_named": false}, "Regi\u00e3o": {"lemma": "Regi\u00e3o", "pos": "PROPN", "is_stop": false, "is_named": true}, "Centro": {"lemma": "Centro", "pos": "PROPN", "is_stop": false, "is_named": true}}}, "it": {"text": "alla regione centro", "linguisticInfo": {"alla": {"lemma": "alla", "pos": "E_RD", "is_stop": true, "is_named": false}, "regione": {"lemma": "regione", "pos": "S", "is_stop": false, "is_named": false}, "centro": {"lemma": "centro", "pos": "S", "is_stop": false, "is_named": false}}}}, "obj": {"type": "Event", "pt": {"text": "chegou", "linguisticInfo": {"chegou": {"lemma": "chegar", "pos": "VERB", "is_stop": false, "is_named": false}}}, "it": {"text": "arrivata", "linguisticInfo": {"arrivata": {"lemma": "arrivare", "pos": "V", "is_stop": false, "is_named": false}}}}}, {"id": "R4", "subj": {"type": "Oth_argument", "pt": {"text": "com propor\u00e7\u00f5es inesperadas para bombeiros e popula\u00e7\u00f5es , sem tempo para esquecerem os grandes inc\u00eandios de Ver\u00e3o", "linguisticInfo": {"com": {"lemma": "com", "pos": "ADP", "is_stop": true, "is_named": false}, "propor\u00e7\u00f5es": {"lemma": "propor\u00e7\u00e3o", "pos": "NOUN", "is_stop": false, "is_named": false}, "inesperadas": {"lemma": "inesperado", "pos": "VERB", "is_stop": false, "is_named": false}, "para": {"lemma": "parir", "pos": "SCONJ", "is_stop": true, "is_named": false}, "bombeiros": {"lemma": "bombeiro", "pos": "NOUN", "is_stop": false, "is_named": false}, "e": {"lemma": "e", "pos": "CCONJ", "is_stop": true, "is_named": false}, "popula\u00e7\u00f5es": {"lemma": "popula\u00e7\u00e3o", "pos": "NOUN", "is_stop": false, "is_named": false}, ",": {"lemma": ",", "pos": "PUNCT", "is_stop": false, "is_named": false}, "sem": {"lemma": "sem", "pos": "ADP", "is_stop": true, "is_named": false}, "tempo": {"lemma": "tempo", "pos": "NOUN", "is_stop": true, "is_named": false}, "esquecerem": {"lemma": "esquecer", "pos": "VERB", "is_stop": false, "is_named": false}, "os": {"lemma": "o", "pos": "DET", "is_stop": true, "is_named": false}, "grandes": {"lemma": "grande", "pos": "ADJ", "is_stop": true, "is_named": false}, "inc\u00eandios": {"lemma": "inc\u00eandio", "pos": "NOUN", "is_stop": false, "is_named": false}, "de": {"lemma": "de", "pos": "ADP", "is_stop": true, "is_named": false}, "Ver\u00e3o": {"lemma": "Ver\u00e3o", "pos": "PROPN", "is_stop": false, "is_named": true}}}, "it": {"text": "raggiungendo dimensioni inaspettate sia per i vigili del fuoco portato via eucalipti", "linguisticInfo": {"raggiungendo": {"lemma": "raggiungere", "pos": "V", "is_stop": false, "is_named": false}, "dimensioni": {"lemma": "dimensione", "pos": "S", "is_stop": false, "is_named": false}, "inaspettate": {"lemma": "inaspettato", "pos": "A", "is_stop": false, "is_named": false}, "sia": {"lemma": "sia", "pos": "CC", "is_stop": true, "is_named": false}, "per": {"lemma": "per", "pos": "E", "is_stop": true, "is_named": false}, "i": {"lemma": "il", "pos": "RD", "is_stop": false, "is_named": false}, "vigili": {"lemma": "vigile", "pos": "S", "is_stop": false, "is_named": false}, "del": {"lemma": "del", "pos": "E_RD", "is_stop": true, "is_named": false}, "fuoco": {"lemma": "fuoco", "pos": "S", "is_stop": false, "is_named": false}, "portato": {"lemma": "portare", "pos": "V", "is_stop": false, "is_named": false}, "via": {"lemma": "via", "pos": "B", "is_stop": true, "is_named": false}, "eucalipti": {"lemma": "eucalipti", "pos": "A", "is_stop": false, "is_named": false}}}}, "obj": {"type": "Event", "pt": {"text": "chegou", "linguisticInfo": {"chegou": {"lemma": "chegar", "pos": "VERB", "is_stop": false, "is_named": false}}}, "it": {"text": "arrivata", "linguisticInfo": {"arrivata": {"lemma": "arrivare", "pos": "V", "is_stop": false, "is_named": false}}}}}, {"id": "R5", "subj": {"type": "Time", "pt": {"text": "de Ver\u00e3o", "linguisticInfo": {"de": {"lemma": "de", "pos": "ADP", "is_stop": true, "is_named": false}, "Ver\u00e3o": {"lemma": "Ver\u00e3o", "pos": "PROPN", "is_stop": false, "is_named": true}}}, "it": {"text": "estivi", "linguisticInfo": {"estivi": {"lemma": "estivi", "pos": "S", "is_stop": false, "is_named": false}}}}, "obj": {"type": "Event", "pt": {"text": "os grandes inc\u00eandios", "linguisticInfo": {"os": {"lemma": "o", "pos": "DET", "is_stop": true, "is_named": false}, "grandes": {"lemma": "grande", "pos": "ADJ", "is_stop": true, "is_named": false}, "inc\u00eandios": {"lemma": "inc\u00eandio", "pos": "NOUN", "is_stop": false, "is_named": false}}}, "it": {"text": "gli incendi estivi imperversano non sono", "linguisticInfo": {"gli": {"lemma": "il", "pos": "RD", "is_stop": true, "is_named": false}, "incendi": {"lemma": "incendio", "pos": "S", "is_stop": false, "is_named": false}, "estivi": {"lemma": "estivo", "pos": "A", "is_stop": false, "is_named": false}, "imperversano": {"lemma": "imperversano", "pos": "A", "is_stop": false, "is_named": false}, "non": {"lemma": "non", "pos": "BN", "is_stop": true, "is_named": false}, "sono": {"lemma": "essere", "pos": "V", "is_stop": true, "is_named": false}}}}}, {"id": "R6", "subj": {"type": "Human_Agent", "pt": {"text": "bombeiros e popula\u00e7\u00f5es", "linguisticInfo": {"bombeiros": {"lemma": "bombeiro", "pos": "NOUN", "is_stop": false, "is_named": false}, "e": {"lemma": "e", "pos": "CCONJ", "is_stop": true, "is_named": false}, "popula\u00e7\u00f5es": {"lemma": "popula\u00e7\u00e3o", "pos": "NOUN", "is_stop": false, "is_named": false}}}, "it": {"text": "vigili del fuoco portato via eucalipti", "linguisticInfo": {"vigili": {"lemma": "vigile", "pos": "A", "is_stop": false, "is_named": false}, "del": {"lemma": "del", "pos": "E_RD", "is_stop": true, "is_named": false}, "fuoco": {"lemma": "fuoco", "pos": "S", "is_stop": false, "is_named": false}, "portato": {"lemma": "portare", "pos": "V", "is_stop": false, "is_named": false}, "via": {"lemma": "via", "pos": "B", "is_stop": true, "is_named": false}, "eucalipti": {"lemma": "eucalipti", "pos": "A", "is_stop": false, "is_named": false}}}}, "obj": {"type": "Event", "pt": {"text": "esquecerem", "linguisticInfo": {"esquecerem": {"lemma": "esquecer", "pos": "VERB", "is_stop": false, "is_named": false}}}, "it": {"text": "dimenticarsi", "linguisticInfo": {"dimenticarsi": {"lemma": "dimenticare", "pos": "V_PC", "is_stop": false, "is_named": false}}}}}, {"id": "R7", "subj": {"type": "Non-human_Patient", "pt": {"text": "os grandes inc\u00eandios de Ver\u00e3o", "linguisticInfo": {"os": {"lemma": "o", "pos": "DET", "is_stop": true, "is_named": false}, "grandes": {"lemma": "grande", "pos": "ADJ", "is_stop": true, "is_named": false}, "inc\u00eandios": {"lemma": "inc\u00eandio", "pos": "NOUN", "is_stop": false, "is_named": false}, "de": {"lemma": "de", "pos": "ADP", "is_stop": true, "is_named": false}, "Ver\u00e3o": {"lemma": "Ver\u00e3o", "pos": "PROPN", "is_stop": false, "is_named": true}}}, "it": {"text": "gli incendi estivi imperversano non sono", "linguisticInfo": {"gli": {"lemma": "il", "pos": "RD", "is_stop": true, "is_named": false}, "incendi": {"lemma": "incendio", "pos": "S", "is_stop": false, "is_named": false}, "estivi": {"lemma": "estivo", "pos": "A", "is_stop": false, "is_named": false}, "imperversano": {"lemma": "imperversano", "pos": "A", "is_stop": false, "is_named": false}, "non": {"lemma": "non", "pos": "BN", "is_stop": true, "is_named": false}, "sono": {"lemma": "essere", "pos": "V", "is_stop": true, "is_named": false}}}}, "obj": {"type": "Event", "pt": {"text": "esquecerem", "linguisticInfo": {"esquecerem": {"lemma": "esquecer", "pos": "VERB", "is_stop": false, "is_named": false}}}, "it": {"text": "dimenticarsi", "linguisticInfo": {"dimenticarsi": {"lemma": "dimenticare", "pos": "V_PC", "is_stop": false, "is_named": false}}}}}, {"id": "R8", "subj": {"type": "Non-human_Agent", "pt": {"text": "que", "linguisticInfo": {"que": {"lemma": "que", "pos": "SCONJ", "is_stop": true, "is_named": false}}}, "it": {"text": "che", "linguisticInfo": {"che": {"lemma": "che", "pos": "CS", "is_stop": true, "is_named": false}}}}, "obj": {"type": "Event", "pt": {"text": "grassam", "linguisticInfo": {"grassam": {"lemma": "grassar", "pos": "VERB", "is_stop": false, "is_named": false}}}, "it": {"text": "..", "linguisticInfo": {"..": {"lemma": "..", "pos": "FS", "is_stop": false, "is_named": false}}}}}, {"id": "R10", "subj": {"type": "Non-human_Agent", "pt": {"text": "as chamas", "linguisticInfo": {"as": {"lemma": "o", "pos": "DET", "is_stop": true, "is_named": false}, "chamas": {"lemma": "chamar", "pos": "NOUN", "is_stop": false, "is_named": false}}}, "it": {"text": "le fiamme", "linguisticInfo": {"le": {"lemma": "il", "pos": "RD", "is_stop": true, "is_named": false}, "fiamme": {"lemma": "fiamma", "pos": "S", "is_stop": false, "is_named": false}}}}, "obj": {"type": "Event", "pt": {"text": "lamberam", "linguisticInfo": {"lamberam": {"lemma": "lamber", "pos": "VERB", "is_stop": false, "is_named": false}}}, "it": {"text": "..", "linguisticInfo": {"..": {"lemma": "..", "pos": "FS", "is_stop": false, "is_named": false}}}}}, {"id": "R11", "subj": {"type": "Non-human_Patient", "pt": {"text": "eucaliptais e pinhais", "linguisticInfo": {"eucaliptais": {"lemma": "eucaliptal", "pos": "NOUN", "is_stop": false, "is_named": false}, "e": {"lemma": "e", "pos": "CCONJ", "is_stop": true, "is_named": false}, "pinhais": {"lemma": "pinhal", "pos": "ADJ", "is_stop": false, "is_named": false}}}, "it": {"text": ".. e pinete", "linguisticInfo": {"..": {"lemma": "..", "pos": "FS", "is_stop": false, "is_named": false}, "e": {"lemma": "e", "pos": "CC", "is_stop": false, "is_named": false}, "pinete": {"lemma": "pineta", "pos": "V_PC", "is_stop": false, "is_named": false}}}}, "obj": {"type": "Event", "pt": {"text": "lamberam", "linguisticInfo": {"lamberam": {"lemma": "lamber", "pos": "VERB", "is_stop": false, "is_named": false}}}, "it": {"text": "..", "linguisticInfo": {"..": {"lemma": "..", "pos": "FS", "is_stop": false, "is_named": false}}}}}, {"id": "R12", "subj": {"type": "Oth_location", "pt": {"text": "em algumas aldeias", "linguisticInfo": {"em": {"lemma": "em", "pos": "ADP", "is_stop": true, "is_named": false}, "algumas": {"lemma": "algum", "pos": "DET", "is_stop": true, "is_named": false}, "aldeias": {"lemma": "aldeia", "pos": "NOUN", "is_stop": false, "is_named": false}}}, "it": {"text": "in molte zone", "linguisticInfo": {"in": {"lemma": "in", "pos": "E", "is_stop": true, "is_named": false}, "molte": {"lemma": "molto", "pos": "DI", "is_stop": false, "is_named": false}, "zone": {"lemma": "zona", "pos": "S", "is_stop": false, "is_named": false}}}}, "obj": {"type": "Event", "pt": {"text": "lan\u00e7ando o p\u00e2nico", "linguisticInfo": {"lan\u00e7ando": {"lemma": "lan\u00e7ar", "pos": "VERB", "is_stop": false, "is_named": false}, "o": {"lemma": "o", "pos": "DET", "is_stop": true, "is_named": false}, "p\u00e2nico": {"lemma": "p\u00e2nico", "pos": "NOUN", "is_stop": false, "is_named": false}}}, "it": {"text": "provocando il panico", "linguisticInfo": {"provocando": {"lemma": "provocare", "pos": "V", "is_stop": false, "is_named": false}, "il": {"lemma": "il", "pos": "RD", "is_stop": true, "is_named": false}, "panico": {"lemma": "panico", "pos": "S", "is_stop": false, "is_named": false}}}}}]}, "sentences_1": {"itText": "NULL i momenti di panico vissuti in questo paesino si sono ripetuti in altre localit\u00e0 del centro del paese durante tutto il fine settimana , un violento incendio scoppiato alle 19 : 05 di sabato a portela de estaca , tondela , si \u00e8 esteso fino alle provincie di mort\u00e1gua , \u00e1gueda e anadia grazie all \u2019 intervento del vento . con un fronte di quasi 15 chilometri , il fuoco ha tenuto occupate 21 squadre , 250 uomini e 50 veicoli , che hanno richiesto l \u2019 arrivo di rinforzi da santa mara da feira .", "ptText": "os momentos de p\u00e2nico que este pequeno lugar viveu repetiram -se no fim-de-semana noutras povoa\u00e7\u00f5es do centro do pa\u00eds , num violento inc\u00eandio que come\u00e7ou \u00e0s 19ho5 de s\u00e1bado em portela de estaca , tondela , e se expandiu , com a ajuda do vento , aos concelhos de mort\u00e1gua , \u00e1gueda e anadia . com uma frente de perto de 15 quil\u00f3metros o fogo manteve ocupadas 21 corpora\u00e7\u00f5es , 250 homens e 50 viaturas , tendo sido necess\u00e1rios refor\u00e7os de santa maria da feira . \n", "relations": [{"id": "R36", "subj": {"type": "Geo_location", "pt": {"text": "em Portela de Estaca , Tondela", "linguisticInfo": {"em": {"lemma": "em", "pos": "ADP", "is_stop": true, "is_named": false}, "Portela": {"lemma": "Portela", "pos": "PROPN", "is_stop": false, "is_named": true}, "de": {"lemma": "de", "pos": "ADP", "is_stop": true, "is_named": false}, "Estaca": {"lemma": "Estaca", "pos": "PROPN", "is_stop": false, "is_named": true}, ",": {"lemma": ",", "pos": "PUNCT", "is_stop": false, "is_named": false}, "Tondela": {"lemma": "Tondela", "pos": "PROPN", "is_stop": false, "is_named": true}}}, "it": {"text": "a portela de estaca", "linguisticInfo": {"a": {"lemma": "a", "pos": "E", "is_stop": true, "is_named": false}, "portela": {"lemma": "portela", "pos": "S", "is_stop": false, "is_named": false}, "de": {"lemma": "de", "pos": "E", "is_stop": false, "is_named": false}, "estaca": {"lemma": "estaca", "pos": "S", "is_stop": false, "is_named": false}}}}, "obj": {"type": "Event", "pt": {"text": "come\u00e7ou", "linguisticInfo": {"come\u00e7ou": {"lemma": "come\u00e7ar", "pos": "VERB", "is_stop": false, "is_named": false}}}, "it": {"text": "scoppiato", "linguisticInfo": {"scoppiato": {"lemma": "scoppiato", "pos": "A", "is_stop": false, "is_named": false}}}}}, {"id": "R37", "subj": {"type": "Time", "pt": {"text": "\u00e0s 19hO5 de s\u00e1bado", "linguisticInfo": {"\u00e0s": {"lemma": "\u00e0s", "pos": "ADP", "is_stop": true, "is_named": false}, "19hO5": {"lemma": "19hO5", "pos": "NUM", "is_stop": false, "is_named": false}, "de": {"lemma": "de", "pos": "ADP", "is_stop": true, "is_named": false}, "s\u00e1bado": {"lemma": "s\u00e1bado", "pos": "NOUN", "is_stop": false, "is_named": false}}}, "it": {"text": "alle 05 di sabato", "linguisticInfo": {"alle": {"lemma": "alla", "pos": "E_RD", "is_stop": true, "is_named": false}, "05": {"lemma": "05", "pos": "N", "is_stop": false, "is_named": false}, "di": {"lemma": "di", "pos": "E", "is_stop": true, "is_named": false}, "sabato": {"lemma": "sabato", "pos": "S", "is_stop": false, "is_named": false}}}}, "obj": {"type": "Event", "pt": {"text": "come\u00e7ou", "linguisticInfo": {"come\u00e7ou": {"lemma": "come\u00e7ar", "pos": "VERB", "is_stop": false, "is_named": false}}}, "it": {"text": "scoppiato", "linguisticInfo": {"scoppiato": {"lemma": "scoppiato", "pos": "A", "is_stop": false, "is_named": false}}}}}, {"id": "R38", "subj": {"type": "Non-human_Agent", "pt": {"text": "que", "linguisticInfo": {"que": {"lemma": "que", "pos": "SCONJ", "is_stop": true, "is_named": false}}}, "it": {"text": "", "linguisticInfo": {}}}, "obj": {"type": "Event", "pt": {"text": "come\u00e7ou", "linguisticInfo": {"come\u00e7ou": {"lemma": "come\u00e7ar", "pos": "VERB", "is_stop": false, "is_named": false}}}, "it": {"text": "scoppiato", "linguisticInfo": {"scoppiato": {"lemma": "scoppiato", "pos": "A", "is_stop": false, "is_named": false}}}}}, {"id": "R40", "subj": {"type": "Non-human_Agent", "pt": {"text": "que", "linguisticInfo": {"que": {"lemma": "que", "pos": "SCONJ", "is_stop": true, "is_named": false}}}, "it": {"text": "", "linguisticInfo": {}}}, "obj": {"type": "Event", "pt": {"text": "se expandiu", "linguisticInfo": {"se": {"lemma": "se", "pos": "PRON", "is_stop": true, "is_named": false}, "expandiu": {"lemma": "expandir", "pos": "VERB", "is_stop": false, "is_named": false}}}, "it": {"text": "si esteso", "linguisticInfo": {"si": {"lemma": "si", "pos": "PC", "is_stop": true, "is_named": false}, "esteso": {"lemma": "estendere", "pos": "V", "is_stop": false, "is_named": false}}}}}, {"id": "R41", "subj": {"type": "Oth_argument", "pt": {"text": "com a ajuda do vento", "linguisticInfo": {"com": {"lemma": "com", "pos": "ADP", "is_stop": true, "is_named": false}, "a": {"lemma": "o", "pos": "DET", "is_stop": true, "is_named": false}, "ajuda": {"lemma": "ajudar", "pos": "NOUN", "is_stop": false, "is_named": false}, "do": {"lemma": "do", "pos": "ADP", "is_stop": true, "is_named": false}, "vento": {"lemma": "ventar", "pos": "NOUN", "is_stop": false, "is_named": false}}}, "it": {"text": "anadia grazie all", "linguisticInfo": {"anadia": {"lemma": "anadia", "pos": "S", "is_stop": false, "is_named": false}, "grazie": {"lemma": "grazia", "pos": "S", "is_stop": true, "is_named": false}, "all": {"lemma": "all", "pos": "S", "is_stop": true, "is_named": false}}}}, "obj": {"type": "Event", "pt": {"text": "se expandiu", "linguisticInfo": {"se": {"lemma": "se", "pos": "PRON", "is_stop": true, "is_named": false}, "expandiu": {"lemma": "expandir", "pos": "VERB", "is_stop": false, "is_named": false}}}, "it": {"text": "si esteso", "linguisticInfo": {"si": {"lemma": "si", "pos": "PC", "is_stop": true, "is_named": false}, "esteso": {"lemma": "estendere", "pos": "V", "is_stop": false, "is_named": false}}}}}, {"id": "R42", "subj": {"type": "Geo_location", "pt": {"text": "aos concelhos de Mort\u00e1gua , \u00c1gueda e Anadia", "linguisticInfo": {"aos": {"lemma": "aos", "pos": "ADP", "is_stop": true, "is_named": false}, "concelhos": {"lemma": "concelho", "pos": "NOUN", "is_stop": false, "is_named": false}, "de": {"lemma": "de", "pos": "ADP", "is_stop": true, "is_named": false}, "Mort\u00e1gua": {"lemma": "Mort\u00e1gua", "pos": "PROPN", "is_stop": false, "is_named": true}, ",": {"lemma": ",", "pos": "PUNCT", "is_stop": false, "is_named": false}, "\u00c1gueda": {"lemma": "\u00c1gueda", "pos": "PROPN", "is_stop": false, "is_named": true}, "e": {"lemma": "e", "pos": "CCONJ", "is_stop": true, "is_named": false}, "Anadia": {"lemma": "Anadia", "pos": "PROPN", "is_stop": false, "is_named": true}}}, "it": {"text": "mort\u00e1gua , \u00e1gueda", "linguisticInfo": {"mort\u00e1gua": {"lemma": "mort\u00e1gua", "pos": "S", "is_stop": false, "is_named": false}, ",": {"lemma": ",", "pos": "FF", "is_stop": false, "is_named": false}, "\u00e1gueda": {"lemma": "\u00e1gueda", "pos": "V", "is_stop": false, "is_named": false}}}}, "obj": {"type": "Event", "pt": {"text": "se expandiu", "linguisticInfo": {"se": {"lemma": "se", "pos": "PRON", "is_stop": true, "is_named": false}, "expandiu": {"lemma": "expandir", "pos": "VERB", "is_stop": false, "is_named": false}}}, "it": {"text": "si esteso", "linguisticInfo": {"si": {"lemma": "si", "pos": "PC", "is_stop": true, "is_named": false}, "esteso": {"lemma": "estendere", "pos": "V", "is_stop": false, "is_named": false}}}}}, {"id": "R43", "subj": {"type": "Human_Patient", "pt": {"text": "refor\u00e7os de Santa Maria da Feira", "linguisticInfo": {"refor\u00e7os": {"lemma": "refor\u00e7o", "pos": "NOUN", "is_stop": false, "is_named": false}, "de": {"lemma": "de", "pos": "ADP", "is_stop": true, "is_named": false}, "Santa": {"lemma": "Santa", "pos": "PROPN", "is_stop": false, "is_named": true}, "Maria": {"lemma": "Maria", "pos": "PROPN", "is_stop": false, "is_named": true}, "da": {"lemma": "da", "pos": "ADP", "is_stop": true, "is_named": false}, "Feira": {"lemma": "Feira", "pos": "PROPN", "is_stop": false, "is_named": true}}}, "it": {"text": "rinforzi da santa", "linguisticInfo": {"rinforzi": {"lemma": "rinforzo", "pos": "S", "is_stop": false, "is_named": false}, "da": {"lemma": "da", "pos": "E", "is_stop": true, "is_named": false}, "santa": {"lemma": "santa", "pos": "SP", "is_stop": false, "is_named": false}}}}, "obj": {"type": "Event", "pt": {"text": "tendo sido necess\u00e1rios", "linguisticInfo": {"tendo": {"lemma": "ter", "pos": "AUX", "is_stop": false, "is_named": false}, "sido": {"lemma": "ser", "pos": "AUX", "is_stop": false, "is_named": false}, "necess\u00e1rios": {"lemma": "necess\u00e1rio", "pos": "ADJ", "is_stop": false, "is_named": false}}}, "it": {"text": "richiesto l \u2019", "linguisticInfo": {"richiesto": {"lemma": "richiedere", "pos": "V", "is_stop": false, "is_named": false}, "l": {"lemma": "l", "pos": "RD", "is_stop": false, "is_named": false}, "\u2019": {"lemma": "\u2019", "pos": "V", "is_stop": false, "is_named": false}}}}}]}, "sentences_2": {"itText": "NULL secondo il comandante dei vigili del fuoco di \u00e1gueda , le fiamme hanno divorato centinaia di ettari di eucalipto , pineta e bosco , sebbene non siano ancora state contabilizzate dal centro di coordinamento operazionale di coimbra ( ccoc ) , ma anticipa che le terre coltivate , invece , sono rimaste praticamente illese .", "ptText": "as chamas consumiram , segundo o comandante dos bombeiros de \u00e1gueda , jos\u00e9 neves , muitas centenas de hectares de eucaliptos , pinheiros e mato , embora n\u00e3o contabilizadas pelo centro de coordena\u00e7\u00e3o operacional de coimbra ( ccoc ) , que adianta n\u00e3o terem sido afectadas grandes zonas de culturas . \n", "relations": [{"id": "R44", "subj": {"type": "Non-human_Patient", "pt": {"text": "muitas centenas de hectares de eucaliptos , pinheiros e mato", "linguisticInfo": {"muitas": {"lemma": "muito", "pos": "DET", "is_stop": false, "is_named": false}, "centenas": {"lemma": "centena", "pos": "NOUN", "is_stop": false, "is_named": false}, "de": {"lemma": "de", "pos": "ADP", "is_stop": true, "is_named": false}, "hectares": {"lemma": "hectare", "pos": "NOUN", "is_stop": false, "is_named": false}, "eucaliptos": {"lemma": "eucalipto", "pos": "NOUN", "is_stop": false, "is_named": false}, ",": {"lemma": ",", "pos": "PUNCT", "is_stop": false, "is_named": false}, "pinheiros": {"lemma": "pinheiro", "pos": "ADJ", "is_stop": false, "is_named": false}, "e": {"lemma": "e", "pos": "CCONJ", "is_stop": true, "is_named": false}, "mato": {"lemma": "matar", "pos": "NOUN", "is_stop": false, "is_named": false}}}, "it": {"text": "contabilizzate dal centro", "linguisticInfo": {"contabilizzate": {"lemma": "contabilizzare", "pos": "V", "is_stop": false, "is_named": false}, "dal": {"lemma": "dal", "pos": "E_RD", "is_stop": true, "is_named": false}, "centro": {"lemma": "centro", "pos": "S", "is_stop": false, "is_named": false}}}}, "obj": {"type": "Event", "pt": {"text": "As chamas consumiram", "linguisticInfo": {"As": {"lemma": "As", "pos": "DET", "is_stop": true, "is_named": true}, "chamas": {"lemma": "chamar", "pos": "NOUN", "is_stop": false, "is_named": false}, "consumiram": {"lemma": "consumir", "pos": "VERB", "is_stop": false, "is_named": false}}}, "it": {"text": "le fiamme divorato", "linguisticInfo": {"le": {"lemma": "il", "pos": "RD", "is_stop": true, "is_named": false}, "fiamme": {"lemma": "fiamma", "pos": "S", "is_stop": false, "is_named": false}, "divorato": {"lemma": "divorato", "pos": "A", "is_stop": false, "is_named": false}}}}}, {"id": "R46", "subj": {"type": "Non-human_Patient", "pt": {"text": "muitas centenas de hectares de eucaliptos , pinheiros e mato", "linguisticInfo": {"muitas": {"lemma": "muito", "pos": "DET", "is_stop": false, "is_named": false}, "centenas": {"lemma": "centena", "pos": "NOUN", "is_stop": false, "is_named": false}, "de": {"lemma": "de", "pos": "ADP", "is_stop": true, "is_named": false}, "hectares": {"lemma": "hectare", "pos": "NOUN", "is_stop": false, "is_named": false}, "eucaliptos": {"lemma": "eucalipto", "pos": "NOUN", "is_stop": false, "is_named": false}, ",": {"lemma": ",", "pos": "PUNCT", "is_stop": false, "is_named": false}, "pinheiros": {"lemma": "pinheiro", "pos": "ADJ", "is_stop": false, "is_named": false}, "e": {"lemma": "e", "pos": "CCONJ", "is_stop": true, "is_named": false}, "mato": {"lemma": "matar", "pos": "NOUN", "is_stop": false, "is_named": false}}}, "it": {"text": "contabilizzate dal centro", "linguisticInfo": {"contabilizzate": {"lemma": "contabilizzare", "pos": "V", "is_stop": false, "is_named": false}, "dal": {"lemma": "dal", "pos": "E_RD", "is_stop": true, "is_named": false}, "centro": {"lemma": "centro", "pos": "S", "is_stop": false, "is_named": false}}}}, "obj": {"type": "Event", "pt": {"text": "n\u00e3o contabilizadas", "linguisticInfo": {"n\u00e3o": {"lemma": "n\u00e3o", "pos": "ADV", "is_stop": true, "is_named": false}, "contabilizadas": {"lemma": "contabilizar", "pos": "VERB", "is_stop": false, "is_named": false}}}, "it": {"text": "non contabilizzate", "linguisticInfo": {"non": {"lemma": "non", "pos": "BN", "is_stop": true, "is_named": false}, "contabilizzate": {"lemma": "contabilizzare", "pos": "V", "is_stop": false, "is_named": false}}}}}, {"id": "R47", "subj": {"type": "Human_Agent", "pt": {"text": "que", "linguisticInfo": {"que": {"lemma": "que", "pos": "SCONJ", "is_stop": true, "is_named": false}}}, "it": {"text": "che", "linguisticInfo": {"che": {"lemma": "che", "pos": "CS", "is_stop": true, "is_named": false}}}}, "obj": {"type": "Event", "pt": {"text": "adianta", "linguisticInfo": {"adianta": {"lemma": "adiantar", "pos": "VERB", "is_stop": false, "is_named": false}}}, "it": {"text": "illese", "linguisticInfo": {"illese": {"lemma": "illeso", "pos": "V", "is_stop": false, "is_named": false}}}}}, {"id": "R48", "subj": {"type": "Non-human_Oth_participant", "pt": {"text": "n\u00e3o terem sido afectadas grandes zonas de culturas", "linguisticInfo": {"n\u00e3o": {"lemma": "n\u00e3o", "pos": "ADV", "is_stop": true, "is_named": false}, "terem": {"lemma": "ter", "pos": "AUX", "is_stop": false, "is_named": false}, "sido": {"lemma": "ser", "pos": "AUX", "is_stop": false, "is_named": false}, "afectadas": {"lemma": "afectar", "pos": "VERB", "is_stop": false, "is_named": false}, "grandes": {"lemma": "grande", "pos": "ADJ", "is_stop": true, "is_named": false}, "zonas": {"lemma": "zonar", "pos": "NOUN", "is_stop": false, "is_named": false}, "de": {"lemma": "de", "pos": "ADP", "is_stop": true, "is_named": false}, "culturas": {"lemma": "cultura", "pos": "NOUN", "is_stop": false, "is_named": false}}}, "it": {"text": "illese .", "linguisticInfo": {"illese": {"lemma": "illeso", "pos": "V", "is_stop": false, "is_named": false}, ".": {"lemma": ".", "pos": "FS", "is_stop": false, "is_named": false}}}}, "obj": {"type": "Event", "pt": {"text": "adianta", "linguisticInfo": {"adianta": {"lemma": "adiantar", "pos": "VERB", "is_stop": false, "is_named": false}}}, "it": {"text": "illese", "linguisticInfo": {"illese": {"lemma": "illeso", "pos": "V", "is_stop": false, "is_named": false}}}}}, {"id": "R49", "subj": {"type": "Non-human_Patient", "pt": {"text": "grandes zonas de culturas", "linguisticInfo": {"grandes": {"lemma": "grande", "pos": "ADJ", "is_stop": true, "is_named": false}, "zonas": {"lemma": "zonar", "pos": "NOUN", "is_stop": false, "is_named": false}, "de": {"lemma": "de", "pos": "ADP", "is_stop": true, "is_named": false}, "culturas": {"lemma": "cultura", "pos": "NOUN", "is_stop": false, "is_named": false}}}, "it": {"text": "illese .", "linguisticInfo": {"illese": {"lemma": "illeso", "pos": "V", "is_stop": false, "is_named": false}, ".": {"lemma": ".", "pos": "FS", "is_stop": false, "is_named": false}}}}, "obj": {"type": "Event", "pt": {"text": "afectadas", "linguisticInfo": {"afectadas": {"lemma": "afectar", "pos": "VERB", "is_stop": false, "is_named": false}}}, "it": {"text": "illese", "linguisticInfo": {"illese": {"lemma": "illeso", "pos": "V", "is_stop": false, "is_named": false}}}}}]}, "sentences_3": {"itText": "NULL molte son state le aree minacciate , per\u00f2 , e molti villaggi scarsamente popolati sono stati evacuati , come per esempio belizaima-a-velha , nella provincia di agad\u00e3o , dove un \u2019 bitazione \u00e8 bruciata completamente . cov\u00e3o \u00e8 un \u2019 altra delle localit\u00e0 in cui gli abitanti sono stati sfollati , nonostante gli sforzi di un coraggioso ottantacinquenne che \u201c ha passato tutto la notte a passarci gli idranti \u201d , ricorda jos\u00e9 neves .", "ptText": "mas colocaram em perigo alguns lugares tendo obrigado \u00e0 evacua\u00e7\u00e3o de pequenas aldeias com escassos moradores , como foi o caso de belizaima-a-velha , em agad\u00e3o , onde ardeu por completo uma casa . cov\u00e3o foi outro local de onde se retiraram os moradores , apesar dos esfor\u00e7os de um anci\u00e3o de 85 anos , que &quot; toda a noite puxou as mangueiras ao nosso lado &quot; , recorda jos\u00e9 neves . \n", "relations": [{"id": "R50", "subj": {"type": "Non-human_Patient", "pt": {"text": "alguns lugares", "linguisticInfo": {"alguns": {"lemma": "algum", "pos": "DET", "is_stop": true, "is_named": false}, "lugares": {"lemma": "lugar", "pos": "NOUN", "is_stop": false, "is_named": false}}}, "it": {"text": "gli idranti", "linguisticInfo": {"gli": {"lemma": "il", "pos": "RD", "is_stop": true, "is_named": false}, "idranti": {"lemma": "idrante", "pos": "S", "is_stop": false, "is_named": false}}}}, "obj": {"type": "Event", "pt": {"text": "colocaram em perigo", "linguisticInfo": {"colocaram": {"lemma": "colocar", "pos": "VERB", "is_stop": false, "is_named": false}, "em": {"lemma": "em", "pos": "ADP", "is_stop": true, "is_named": false}, "perigo": {"lemma": "perigar", "pos": "NOUN", "is_stop": false, "is_named": false}}}, "it": {"text": "cov\u00e3o in passarci", "linguisticInfo": {"cov\u00e3o": {"lemma": "cov\u00e3o", "pos": "S", "is_stop": false, "is_named": false}, "in": {"lemma": "in", "pos": "E", "is_stop": true, "is_named": false}, "passarci": {"lemma": "passare", "pos": "V_PC", "is_stop": false, "is_named": false}}}}}, {"id": "R51", "subj": {"type": "Non-human_Oth_participant", "pt": {"text": "\u00e0 evacua\u00e7\u00e3o de pequenas aldeias com escassos moradores , como foi o caso de Belizaima-a-Velha , em Agad\u00e3o , onde ardeu por completo uma casa", "linguisticInfo": {"\u00e0": {"lemma": "\u00e0", "pos": "ADP", "is_stop": true, "is_named": false}, "evacua\u00e7\u00e3o": {"lemma": "evacua\u00e7\u00e3o", "pos": "NOUN", "is_stop": false, "is_named": false}, "de": {"lemma": "de", "pos": "ADP", "is_stop": true, "is_named": false}, "pequenas": {"lemma": "pequeno", "pos": "ADJ", "is_stop": false, "is_named": false}, "aldeias": {"lemma": "aldeia", "pos": "NOUN", "is_stop": false, "is_named": false}, "com": {"lemma": "com", "pos": "ADP", "is_stop": true, "is_named": false}, "escassos": {"lemma": "escasso", "pos": "NOUN", "is_stop": false, "is_named": false}, "moradores": {"lemma": "morador", "pos": "NOUN", "is_stop": false, "is_named": false}, ",": {"lemma": ",", "pos": "PUNCT", "is_stop": false, "is_named": false}, "como": {"lemma": "comer", "pos": "ADV", "is_stop": true, "is_named": false}, "foi": {"lemma": "ser", "pos": "AUX", "is_stop": true, "is_named": false}, "o": {"lemma": "o", "pos": "DET", "is_stop": true, "is_named": false}, "caso": {"lemma": "casar", "pos": "NOUN", "is_stop": false, "is_named": false}, "Belizaima-a-Velha": {"lemma": "Belizaima-a-Velha", "pos": "PROPN", "is_stop": false, "is_named": true}, "em": {"lemma": "em", "pos": "ADP", "is_stop": true, "is_named": false}, "Agad\u00e3o": {"lemma": "Agad\u00e3o", "pos": "PROPN", "is_stop": false, "is_named": true}, "onde": {"lemma": "onde", "pos": "PRON", "is_stop": true, "is_named": false}, "ardeu": {"lemma": "arder", "pos": "VERB", "is_stop": false, "is_named": false}, "por": {"lemma": "por", "pos": "ADP", "is_stop": true, "is_named": false}, "completo": {"lemma": "completar", "pos": "NOUN", "is_stop": false, "is_named": false}, "uma": {"lemma": "umar", "pos": "DET", "is_stop": true, "is_named": false}, "casa": {"lemma": "casar", "pos": "NOUN", "is_stop": false, "is_named": false}}}, "it": {"text": "ottantacinquenne che \u201c", "linguisticInfo": {"ottantacinquenne": {"lemma": "ottantacinquenne", "pos": "V", "is_stop": false, "is_named": false}, "che": {"lemma": "che", "pos": "CS", "is_stop": true, "is_named": false}, "\u201c": {"lemma": "\u201c", "pos": "FB", "is_stop": false, "is_named": false}}}}, "obj": {"type": "Event", "pt": {"text": "tendo obrigado", "linguisticInfo": {"tendo": {"lemma": "ter", "pos": "AUX", "is_stop": false, "is_named": false}, "obrigado": {"lemma": "obrigar", "pos": "VERB", "is_stop": true, "is_named": false}}}, "it": {"text": "minacciate coraggioso", "linguisticInfo": {"minacciate": {"lemma": "minacciata", "pos": "S", "is_stop": false, "is_named": false}, "coraggioso": {"lemma": "coraggioso", "pos": "A", "is_stop": false, "is_named": false}}}}}, {"id": "R53", "subj": {"type": "Geo_location", "pt": {"text": "onde", "linguisticInfo": {"onde": {"lemma": "onde", "pos": "PRON", "is_stop": true, "is_named": false}}}, "it": {"text": "dove", "linguisticInfo": {"dove": {"lemma": "dove", "pos": "B", "is_stop": true, "is_named": false}}}}, "obj": {"type": "Event", "pt": {"text": "ardeu", "linguisticInfo": {"ardeu": {"lemma": "arder", "pos": "VERB", "is_stop": false, "is_named": false}}}, "it": {"text": "bitazione", "linguisticInfo": {"bitazione": {"lemma": "bitazione", "pos": "S", "is_stop": false, "is_named": false}}}}}, {"id": "R54", "subj": {"type": "Oth_argument", "pt": {"text": "por completo", "linguisticInfo": {"por": {"lemma": "por", "pos": "ADP", "is_stop": true, "is_named": false}, "completo": {"lemma": "completar", "pos": "NOUN", "is_stop": false, "is_named": false}}}, "it": {"text": "completamente . cov\u00e3o", "linguisticInfo": {"completamente": {"lemma": "completamente", "pos": "B", "is_stop": false, "is_named": false}, ".": {"lemma": ".", "pos": "FS", "is_stop": false, "is_named": false}, "cov\u00e3o": {"lemma": "cov\u00e3o", "pos": "S", "is_stop": false, "is_named": false}}}}, "obj": {"type": "Event", "pt": {"text": "ardeu", "linguisticInfo": {"ardeu": {"lemma": "arder", "pos": "VERB", "is_stop": false, "is_named": false}}}, "it": {"text": "bitazione", "linguisticInfo": {"bitazione": {"lemma": "bitazione", "pos": "S", "is_stop": false, "is_named": false}}}}}, {"id": "R55", "subj": {"type": "Non-human_Patient", "pt": {"text": "uma casa", "linguisticInfo": {"uma": {"lemma": "umar", "pos": "DET", "is_stop": true, "is_named": false}, "casa": {"lemma": "casar", "pos": "NOUN", "is_stop": false, "is_named": false}}}, "it": {"text": "un bitazione", "linguisticInfo": {"un": {"lemma": "uno", "pos": "RI", "is_stop": true, "is_named": false}, "bitazione": {"lemma": "bitazione", "pos": "S", "is_stop": false, "is_named": false}}}}, "obj": {"type": "Event", "pt": {"text": "ardeu", "linguisticInfo": {"ardeu": {"lemma": "arder", "pos": "VERB", "is_stop": false, "is_named": false}}}, "it": {"text": "bitazione", "linguisticInfo": {"bitazione": {"lemma": "bitazione", "pos": "S", "is_stop": false, "is_named": false}}}}}, {"id": "R56", "subj": {"type": "Geo_location", "pt": {"text": "de onde", "linguisticInfo": {"de": {"lemma": "de", "pos": "ADP", "is_stop": true, "is_named": false}, "onde": {"lemma": "onde", "pos": "PRON", "is_stop": true, "is_named": false}}}, "it": {"text": "cui", "linguisticInfo": {"cui": {"lemma": "cui", "pos": "PR", "is_stop": true, "is_named": false}}}}, "obj": {"type": "Event", "pt": {"text": "se retiraram", "linguisticInfo": {"se": {"lemma": "se", "pos": "PRON", "is_stop": true, "is_named": false}, "retiraram": {"lemma": "retirar", "pos": "VERB", "is_stop": false, "is_named": false}}}, "it": {"text": "abitanti sono stati", "linguisticInfo": {"abitanti": {"lemma": "abitante", "pos": "S", "is_stop": false, "is_named": false}, "sono": {"lemma": "essere", "pos": "VA", "is_stop": true, "is_named": false}, "stati": {"lemma": "stare", "pos": "VA", "is_stop": true, "is_named": false}}}}}, {"id": "R57", "subj": {"type": "Human_Patient", "pt": {"text": "os moradores", "linguisticInfo": {"os": {"lemma": "o", "pos": "DET", "is_stop": true, "is_named": false}, "moradores": {"lemma": "morador", "pos": "NOUN", "is_stop": false, "is_named": false}}}, "it": {"text": "sfollati", "linguisticInfo": {"sfollati": {"lemma": "sfollato", "pos": "S", "is_stop": false, "is_named": false}}}}, "obj": {"type": "Event", "pt": {"text": "se retiraram", "linguisticInfo": {"se": {"lemma": "se", "pos": "PRON", "is_stop": true, "is_named": false}, "retiraram": {"lemma": "retirar", "pos": "VERB", "is_stop": false, "is_named": false}}}, "it": {"text": "abitanti sono stati", "linguisticInfo": {"abitanti": {"lemma": "abitante", "pos": "S", "is_stop": false, "is_named": false}, "sono": {"lemma": "essere", "pos": "VA", "is_stop": true, "is_named": false}, "stati": {"lemma": "stare", "pos": "VA", "is_stop": true, "is_named": false}}}}}, {"id": "R59", "subj": {"type": "Human_Agent", "pt": {"text": "que", "linguisticInfo": {"que": {"lemma": "que", "pos": "SCONJ", "is_stop": true, "is_named": false}}}, "it": {"text": "che", "linguisticInfo": {"che": {"lemma": "che", "pos": "CS", "is_stop": true, "is_named": false}}}}, "obj": {"type": "Event", "pt": {"text": "puxou", "linguisticInfo": {"puxou": {"lemma": "puxar", "pos": "VERB", "is_stop": false, "is_named": false}}}, "it": {"text": "passarci", "linguisticInfo": {"passarci": {"lemma": "passare", "pos": "V_PC", "is_stop": false, "is_named": false}}}}}, {"id": "R60", "subj": {"type": "Time", "pt": {"text": "toda a noite", "linguisticInfo": {"toda": {"lemma": "todo", "pos": "DET", "is_stop": true, "is_named": false}, "a": {"lemma": "o", "pos": "DET", "is_stop": true, "is_named": false}, "noite": {"lemma": "noite", "pos": "NOUN", "is_stop": false, "is_named": false}}}, "it": {"text": "tutto la notte", "linguisticInfo": {"tutto": {"lemma": "tutto", "pos": "T", "is_stop": true, "is_named": false}, "la": {"lemma": "il", "pos": "RD", "is_stop": true, "is_named": false}, "notte": {"lemma": "notte", "pos": "S", "is_stop": false, "is_named": false}}}}, "obj": {"type": "Event", "pt": {"text": "puxou", "linguisticInfo": {"puxou": {"lemma": "puxar", "pos": "VERB", "is_stop": false, "is_named": false}}}, "it": {"text": "passarci", "linguisticInfo": {"passarci": {"lemma": "passare", "pos": "V_PC", "is_stop": false, "is_named": false}}}}}, {"id": "R61", "subj": {"type": "Non-human_Patient", "pt": {"text": "as mangueiras", "linguisticInfo": {"as": {"lemma": "o", "pos": "DET", "is_stop": true, "is_named": false}, "mangueiras": {"lemma": "mangueira", "pos": "NOUN", "is_stop": false, "is_named": false}}}, "it": {"text": "le idranti", "linguisticInfo": {"le": {"lemma": "il", "pos": "RD", "is_stop": true, "is_named": false}, "idranti": {"lemma": "idrante", "pos": "S", "is_stop": false, "is_named": false}}}}, "obj": {"type": "Event", "pt": {"text": "puxou", "linguisticInfo": {"puxou": {"lemma": "puxar", "pos": "VERB", "is_stop": false, "is_named": false}}}, "it": {"text": "passarci", "linguisticInfo": {"passarci": {"lemma": "passare", "pos": "V_PC", "is_stop": false, "is_named": false}}}}}, {"id": "R62", "subj": {"type": "Oth_argument", "pt": {"text": "ao nosso lado", "linguisticInfo": {"ao": {"lemma": "ao", "pos": "ADP", "is_stop": true, "is_named": false}, "nosso": {"lemma": "nosso", "pos": "DET", "is_stop": true, "is_named": false}, "lado": {"lemma": "lado", "pos": "NOUN", "is_stop": true, "is_named": false}}}, "it": {"text": "a passarci gli idranti", "linguisticInfo": {"a": {"lemma": "a", "pos": "E", "is_stop": true, "is_named": false}, "passarci": {"lemma": "passare", "pos": "V_PC", "is_stop": false, "is_named": false}, "gli": {"lemma": "il", "pos": "RD", "is_stop": true, "is_named": false}, "idranti": {"lemma": "idrante", "pos": "S", "is_stop": false, "is_named": false}}}}, "obj": {"type": "Event", "pt": {"text": "puxou", "linguisticInfo": {"puxou": {"lemma": "puxar", "pos": "VERB", "is_stop": false, "is_named": false}}}, "it": {"text": "passarci", "linguisticInfo": {"passarci": {"lemma": "passare", "pos": "V_PC", "is_stop": false, "is_named": false}}}}}, {"id": "R63", "subj": {"type": "Human_Agent", "pt": {"text": "Jos\u00e9 Neves", "linguisticInfo": {"Jos\u00e9": {"lemma": "Jos\u00e9", "pos": "PROPN", "is_stop": false, "is_named": true}, "Neves": {"lemma": "Neves", "pos": "PROPN", "is_stop": false, "is_named": true}}}, "it": {"text": "jos\u00e9 neves", "linguisticInfo": {"jos\u00e9": {"lemma": "jos\u00e9", "pos": "SP", "is_stop": false, "is_named": false}, "neves": {"lemma": "neves", "pos": "SP", "is_stop": false, "is_named": false}}}}, "obj": {"type": "Event", "pt": {"text": "recorda", "linguisticInfo": {"recorda": {"lemma": "recordar", "pos": "VERB", "is_stop": false, "is_named": false}}}, "it": {"text": "ricorda", "linguisticInfo": {"ricorda": {"lemma": "ricordare", "pos": "V", "is_stop": false, "is_named": false}}}}}]}, "sentences_4": {"itText": "NULL quasi a chiusura della nostra edizione il fuoco si trovava ormai in fase calante ma , nonostante ci\u00f2 , il comandante delle operazioni , jos\u00e9 neves , non sembrava molto ottimista . come ci ha ricordato , le sue preoccupazioni si basano sul fatto che \u201c quest \u2019 anno abbiamo gi\u00e0 avuto una quantit\u00e0 di fuochi 14 volte superiore all \u2019 anno scorso , nello stesso periodo \u201d .", "ptText": "\u00e0 hora de fecho da nossa edi\u00e7\u00e3o , o fogo j\u00e1 estava em fase de rescaldo , embora jos\u00e9 neves , comandante operacional , n\u00e3o se mostrasse muito optimista . justificava o horizonte negro , lembrando que , &quot; este ano , j\u00e1 tivemos 14 vezes mais o n\u00famero de fogos do ano passado em igual per\u00edodo &quot; . \n", "relations": [{"id": "R90", "subj": {"type": "Non-human_Agent", "pt": {"text": "o fogo", "linguisticInfo": {"o": {"lemma": "o", "pos": "DET", "is_stop": true, "is_named": false}, "fogo": {"lemma": "fogo", "pos": "NOUN", "is_stop": false, "is_named": false}}}, "it": {"text": "il fuoco", "linguisticInfo": {"il": {"lemma": "il", "pos": "RD", "is_stop": true, "is_named": false}, "fuoco": {"lemma": "fuoco", "pos": "S", "is_stop": false, "is_named": false}}}}, "obj": {"type": "Event", "pt": {"text": "j\u00e1 estava em fase de rescaldo", "linguisticInfo": {"j\u00e1": {"lemma": "j\u00e1", "pos": "ADV", "is_stop": true, "is_named": false}, "estava": {"lemma": "estar", "pos": "AUX", "is_stop": true, "is_named": false}, "em": {"lemma": "em", "pos": "ADP", "is_stop": true, "is_named": false}, "fase": {"lemma": "fase", "pos": "NOUN", "is_stop": false, "is_named": false}, "de": {"lemma": "de", "pos": "ADP", "is_stop": true, "is_named": false}, "rescaldo": {"lemma": "rescaldar", "pos": "PROPN", "is_stop": false, "is_named": false}}}, "it": {"text": "ormai in fase", "linguisticInfo": {"ormai": {"lemma": "ormai", "pos": "B", "is_stop": false, "is_named": false}, "in": {"lemma": "in", "pos": "E", "is_stop": true, "is_named": false}, "fase": {"lemma": "fase", "pos": "S", "is_stop": false, "is_named": false}}}}}, {"id": "R91", "subj": {"type": "Time", "pt": {"text": "\u00c0 hora de fecho da nossa edi\u00e7\u00e3o", "linguisticInfo": {"\u00c0": {"lemma": "\u00c0", "pos": "ADP", "is_stop": true, "is_named": true}, "hora": {"lemma": "horar", "pos": "NOUN", "is_stop": false, "is_named": false}, "de": {"lemma": "de", "pos": "ADP", "is_stop": true, "is_named": false}, "fecho": {"lemma": "fechar", "pos": "NOUN", "is_stop": false, "is_named": false}, "da": {"lemma": "da", "pos": "ADP", "is_stop": true, "is_named": false}, "nossa": {"lemma": "nosso", "pos": "DET", "is_stop": true, "is_named": false}, "edi\u00e7\u00e3o": {"lemma": "edi\u00e7\u00e3o", "pos": "NOUN", "is_stop": false, "is_named": false}}}, "it": {"text": "all \u2019 anno", "linguisticInfo": {"all": {"lemma": "all", "pos": "V", "is_stop": true, "is_named": false}, "\u2019": {"lemma": "\u2019", "pos": "N", "is_stop": false, "is_named": false}, "anno": {"lemma": "anno", "pos": "S", "is_stop": true, "is_named": false}}}}, "obj": {"type": "Event", "pt": {"text": "j\u00e1 estava em fase de rescaldo", "linguisticInfo": {"j\u00e1": {"lemma": "j\u00e1", "pos": "ADV", "is_stop": true, "is_named": false}, "estava": {"lemma": "estar", "pos": "AUX", "is_stop": true, "is_named": false}, "em": {"lemma": "em", "pos": "ADP", "is_stop": true, "is_named": false}, "fase": {"lemma": "fase", "pos": "NOUN", "is_stop": false, "is_named": false}, "de": {"lemma": "de", "pos": "ADP", "is_stop": true, "is_named": false}, "rescaldo": {"lemma": "rescaldar", "pos": "PROPN", "is_stop": false, "is_named": false}}}, "it": {"text": "ormai in fase", "linguisticInfo": {"ormai": {"lemma": "ormai", "pos": "B", "is_stop": false, "is_named": false}, "in": {"lemma": "in", "pos": "E", "is_stop": true, "is_named": false}, "fase": {"lemma": "fase", "pos": "S", "is_stop": false, "is_named": false}}}}}, {"id": "R92", "subj": {"type": "Human_Agent", "pt": {"text": "Jos\u00e9 Neves , comandante operacional", "linguisticInfo": {"Jos\u00e9": {"lemma": "Jos\u00e9", "pos": "PROPN", "is_stop": false, "is_named": true}, "Neves": {"lemma": "Neves", "pos": "PROPN", "is_stop": false, "is_named": true}, ",": {"lemma": ",", "pos": "PUNCT", "is_stop": false, "is_named": false}, "comandante": {"lemma": "comandante", "pos": "NOUN", "is_stop": false, "is_named": false}, "operacional": {"lemma": "operacional", "pos": "ADJ", "is_stop": false, "is_named": false}}}, "it": {"text": "jos\u00e9 neves , non", "linguisticInfo": {"jos\u00e9": {"lemma": "jos\u00e9", "pos": "SP", "is_stop": false, "is_named": false}, "neves": {"lemma": "neves", "pos": "SP", "is_stop": false, "is_named": false}, ",": {"lemma": ",", "pos": "FF", "is_stop": false, "is_named": false}, "non": {"lemma": "non", "pos": "BN", "is_stop": true, "is_named": false}}}}, "obj": {"type": "Event", "pt": {"text": "n\u00e3o se mostrasse muito optimista", "linguisticInfo": {"n\u00e3o": {"lemma": "n\u00e3o", "pos": "ADV", "is_stop": true, "is_named": false}, "se": {"lemma": "se", "pos": "PRON", "is_stop": true, "is_named": false}, "mostrasse": {"lemma": "mostrar", "pos": "VERB", "is_stop": false, "is_named": false}, "muito": {"lemma": "muito", "pos": "ADV", "is_stop": true, "is_named": false}, "optimista": {"lemma": "optimista", "pos": "ADJ", "is_stop": false, "is_named": false}}}, "it": {"text": "non sembrava molto si basano sul", "linguisticInfo": {"non": {"lemma": "non", "pos": "BN", "is_stop": true, "is_named": false}, "sembrava": {"lemma": "sembrare", "pos": "V", "is_stop": false, "is_named": false}, "molto": {"lemma": "molto", "pos": "B", "is_stop": true, "is_named": false}, "si": {"lemma": "si", "pos": "PC", "is_stop": true, "is_named": false}, "basano": {"lemma": "basare", "pos": "V", "is_stop": false, "is_named": false}, "sul": {"lemma": "sul", "pos": "E_RD", "is_stop": true, "is_named": false}}}}}, {"id": "R93", "subj": {"type": "Non-human_Patient", "pt": {"text": "o horizonte negro", "linguisticInfo": {"o": {"lemma": "o", "pos": "DET", "is_stop": true, "is_named": false}, "horizonte": {"lemma": "horizonte", "pos": "NOUN", "is_stop": false, "is_named": false}, "negro": {"lemma": "negro", "pos": "ADJ", "is_stop": false, "is_named": false}}}, "it": {"text": "stesso periodo \u201d", "linguisticInfo": {"stesso": {"lemma": "stesso", "pos": "A", "is_stop": true, "is_named": false}, "periodo": {"lemma": "periodo", "pos": "S", "is_stop": false, "is_named": false}, "\u201d": {"lemma": "\u201d", "pos": "FB", "is_stop": false, "is_named": false}}}}, "obj": {"type": "Event", "pt": {"text": "Justificava", "linguisticInfo": {"Justificava": {"lemma": "Justificava", "pos": "VERB", "is_stop": false, "is_named": true}}}, "it": {"text": "14", "linguisticInfo": {"14": {"lemma": "14", "pos": "N", "is_stop": false, "is_named": false}}}}}, {"id": "R95", "subj": {"type": "Time", "pt": {"text": "este ano", "linguisticInfo": {"este": {"lemma": "este", "pos": "DET", "is_stop": true, "is_named": false}, "ano": {"lemma": "ano", "pos": "NOUN", "is_stop": false, "is_named": false}}}, "it": {"text": "quest anno", "linguisticInfo": {"quest": {"lemma": "quest", "pos": "N", "is_stop": true, "is_named": false}, "anno": {"lemma": "anno", "pos": "S", "is_stop": true, "is_named": false}}}}, "obj": {"type": "Event", "pt": {"text": "j\u00e1 tivemos", "linguisticInfo": {"j\u00e1": {"lemma": "j\u00e1", "pos": "ADV", "is_stop": true, "is_named": false}, "tivemos": {"lemma": "ter", "pos": "VERB", "is_stop": true, "is_named": false}}}, "it": {"text": "gi\u00e0 avuto", "linguisticInfo": {"gi\u00e0": {"lemma": "gi\u00e0", "pos": "B", "is_stop": true, "is_named": false}, "avuto": {"lemma": "avere", "pos": "V", "is_stop": true, "is_named": false}}}}}, {"id": "R96", "subj": {"type": "Non-human_Oth_participant", "pt": {"text": "14 vezes mais o n\u00famero de fogos do ano passado em igual per\u00edodo", "linguisticInfo": {"14": {"lemma": "14", "pos": "NUM", "is_stop": false, "is_named": false}, "vezes": {"lemma": "vezar", "pos": "NOUN", "is_stop": true, "is_named": false}, "mais": {"lemma": "mais", "pos": "ADV", "is_stop": true, "is_named": false}, "o": {"lemma": "o", "pos": "DET", "is_stop": true, "is_named": false}, "n\u00famero": {"lemma": "n\u00famero", "pos": "NOUN", "is_stop": true, "is_named": false}, "de": {"lemma": "de", "pos": "ADP", "is_stop": true, "is_named": false}, "fogos": {"lemma": "fogo", "pos": "NOUN", "is_stop": false, "is_named": false}, "do": {"lemma": "do", "pos": "ADP", "is_stop": true, "is_named": false}, "ano": {"lemma": "ano", "pos": "NOUN", "is_stop": false, "is_named": false}, "passado": {"lemma": "passar", "pos": "ADJ", "is_stop": false, "is_named": false}, "em": {"lemma": "em", "pos": "ADP", "is_stop": true, "is_named": false}, "igual": {"lemma": "igual", "pos": "ADJ", "is_stop": false, "is_named": false}, "per\u00edodo": {"lemma": "per\u00edodo", "pos": "NOUN", "is_stop": false, "is_named": false}}}, "it": {"text": "14 volte superiore all", "linguisticInfo": {"14": {"lemma": "14", "pos": "N", "is_stop": false, "is_named": false}, "volte": {"lemma": "volta", "pos": "S", "is_stop": true, "is_named": false}, "superiore": {"lemma": "superiore", "pos": "A", "is_stop": false, "is_named": false}, "all": {"lemma": "all", "pos": "S", "is_stop": true, "is_named": false}}}}, "obj": {"type": "Event", "pt": {"text": "j\u00e1 tivemos", "linguisticInfo": {"j\u00e1": {"lemma": "j\u00e1", "pos": "ADV", "is_stop": true, "is_named": false}, "tivemos": {"lemma": "ter", "pos": "VERB", "is_stop": true, "is_named": false}}}, "it": {"text": "gi\u00e0 avuto", "linguisticInfo": {"gi\u00e0": {"lemma": "gi\u00e0", "pos": "B", "is_stop": true, "is_named": false}, "avuto": {"lemma": "avere", "pos": "V", "is_stop": true, "is_named": false}}}}}]}, "sentences_5": {"itText": "NULL anche se con dimensioni ridotte , la domenica \u00e8 stata delle ceneri anche per s\u00e3o pedro de france , vouzela , mund\u00e3o , mouselos , lustosa , nella zona di viseu e mangualde , lageosa ( tondela ) , canas de senhorim , s\u00e3o crist\u00f3v\u00e3o ( laf\u00f5es ) , dove si sono verificati una serie di piccoli incendi , che presi per tempo . anche nelle provincie di gouveia e seia , nelle prossimit\u00e0 della serra da estrela , sono arse molte pinete e zone boschive a causa dei fuochi degli incendi .", "ptText": "o domingo foi tamb\u00e9m de cinzas , embora em propor\u00e7\u00f5es diminutas para s\u00e3o pedro de france , vouzela , mund\u00e3o , mouselos , lustosa , na zona de viseu e em mangualde , lageosa ( tondela ) , canas de senhorim , s\u00e3o crist\u00f3v\u00e3o ( laf\u00f5es ) , onde se verificaram pequenos inc\u00eandios , logo controlados . tamb\u00e9m nos concelhos de gouveia e de seia , na \u00e1rea da serra da estrela , deflagraram alguns focos de inc\u00eandios em zonas de matos e pinhais . \n", "relations": [{"id": "R105", "subj": {"type": "Geo_location", "pt": {"text": "onde", "linguisticInfo": {"onde": {"lemma": "onde", "pos": "PRON", "is_stop": true, "is_named": false}}}, "it": {"text": "dove", "linguisticInfo": {"dove": {"lemma": "dove", "pos": "B", "is_stop": true, "is_named": false}}}}, "obj": {"type": "Event", "pt": {"text": "se verificaram pequenos inc\u00eandios", "linguisticInfo": {"se": {"lemma": "se", "pos": "PRON", "is_stop": true, "is_named": false}, "verificaram": {"lemma": "verificar", "pos": "VERB", "is_stop": false, "is_named": false}, "pequenos": {"lemma": "pequeno", "pos": "ADJ", "is_stop": false, "is_named": false}, "inc\u00eandios": {"lemma": "inc\u00eandio", "pos": "NOUN", "is_stop": false, "is_named": false}}}, "it": {"text": "si verificati piccoli incendi", "linguisticInfo": {"si": {"lemma": "si", "pos": "PC", "is_stop": true, "is_named": false}, "verificati": {"lemma": "verificare", "pos": "V", "is_stop": false, "is_named": false}, "piccoli": {"lemma": "piccolo", "pos": "A", "is_stop": false, "is_named": false}, "incendi": {"lemma": "incendio", "pos": "S", "is_stop": false, "is_named": false}}}}}, {"id": "R106", "subj": {"type": "Time", "pt": {"text": "logo", "linguisticInfo": {"logo": {"lemma": "logo", "pos": "ADV", "is_stop": true, "is_named": false}}}, "it": {"text": "presi", "linguisticInfo": {"presi": {"lemma": "prendere", "pos": "V", "is_stop": false, "is_named": false}}}}, "obj": {"type": "Event", "pt": {"text": "controlados", "linguisticInfo": {"controlados": {"lemma": "controlar", "pos": "VERB", "is_stop": false, "is_named": false}}}, "it": {"text": "presi", "linguisticInfo": {"presi": {"lemma": "prendere", "pos": "V", "is_stop": false, "is_named": false}}}}}, {"id": "R107", "subj": {"type": "Geo_location", "pt": {"text": "nos concelhos de Gouveia e de Seia , na \u00e1rea da serra da Estrela", "linguisticInfo": {"nos": {"lemma": "o", "pos": "ADP", "is_stop": true, "is_named": false}, "concelhos": {"lemma": "concelho", "pos": "NOUN", "is_stop": false, "is_named": false}, "de": {"lemma": "de", "pos": "ADP", "is_stop": true, "is_named": false}, "Gouveia": {"lemma": "Gouveia", "pos": "PROPN", "is_stop": false, "is_named": true}, "e": {"lemma": "e", "pos": "CCONJ", "is_stop": true, "is_named": false}, "Seia": {"lemma": "Seia", "pos": "PROPN", "is_stop": false, "is_named": true}, ",": {"lemma": ",", "pos": "PUNCT", "is_stop": false, "is_named": false}, "na": {"lemma": "o", "pos": "ADP", "is_stop": true, "is_named": false}, "\u00e1rea": {"lemma": "\u00e1rea", "pos": "NOUN", "is_stop": true, "is_named": false}, "da": {"lemma": "da", "pos": "ADP", "is_stop": true, "is_named": false}, "serra": {"lemma": "serrar", "pos": "PROPN", "is_stop": false, "is_named": false}, "Estrela": {"lemma": "Estrela", "pos": "PROPN", "is_stop": false, "is_named": true}}}, "it": {"text": "nelle provincie di gouveia e seia ,", "linguisticInfo": {"nelle": {"lemma": "nella", "pos": "E_RD", "is_stop": true, "is_named": false}, "provincie": {"lemma": "provincia", "pos": "S", "is_stop": false, "is_named": false}, "di": {"lemma": "di", "pos": "E", "is_stop": true, "is_named": false}, "gouveia": {"lemma": "gouveia", "pos": "S", "is_stop": false, "is_named": false}, "e": {"lemma": "e", "pos": "CC", "is_stop": false, "is_named": false}, "seia": {"lemma": "seia", "pos": "S", "is_stop": false, "is_named": false}, ",": {"lemma": ",", "pos": "FF", "is_stop": false, "is_named": false}}}}, "obj": {"type": "Event", "pt": {"text": "deflagraram alguns focos de inc\u00eandios", "linguisticInfo": {"deflagraram": {"lemma": "deflagrar", "pos": "VERB", "is_stop": false, "is_named": false}, "alguns": {"lemma": "algum", "pos": "DET", "is_stop": true, "is_named": false}, "focos": {"lemma": "foco", "pos": "NOUN", "is_stop": false, "is_named": false}, "de": {"lemma": "de", "pos": "ADP", "is_stop": true, "is_named": false}, "inc\u00eandios": {"lemma": "inc\u00eandio", "pos": "NOUN", "is_stop": false, "is_named": false}}}, "it": {"text": "laf\u00f5es ) ,", "linguisticInfo": {"laf\u00f5es": {"lemma": "laf\u00f5es", "pos": "S", "is_stop": false, "is_named": false}, ")": {"lemma": ")", "pos": "FB", "is_stop": false, "is_named": false}, ",": {"lemma": ",", "pos": "FF", "is_stop": false, "is_named": false}}}}}, {"id": "R108", "subj": {"type": "Oth_location", "pt": {"text": "em zonas de matos e pinhais", "linguisticInfo": {"em": {"lemma": "em", "pos": "ADP", "is_stop": true, "is_named": false}, "zonas": {"lemma": "zonar", "pos": "NOUN", "is_stop": false, "is_named": false}, "de": {"lemma": "de", "pos": "ADP", "is_stop": true, "is_named": false}, "matos": {"lemma": "mato", "pos": "NOUN", "is_stop": false, "is_named": false}, "e": {"lemma": "e", "pos": "CCONJ", "is_stop": true, "is_named": false}, "pinhais": {"lemma": "pinhal", "pos": "NOUN", "is_stop": false, "is_named": false}}}, "it": {"text": "arse molte pinete zone boschive a", "linguisticInfo": {"arse": {"lemma": "ardere", "pos": "V", "is_stop": false, "is_named": false}, "molte": {"lemma": "molto", "pos": "DI", "is_stop": false, "is_named": false}, "pinete": {"lemma": "pinete", "pos": "S", "is_stop": false, "is_named": false}, "zone": {"lemma": "zona", "pos": "S", "is_stop": false, "is_named": false}, "boschive": {"lemma": "boschivo", "pos": "A", "is_stop": false, "is_named": false}, "a": {"lemma": "a", "pos": "E", "is_stop": true, "is_named": false}}}}, "obj": {"type": "Event", "pt": {"text": "deflagraram alguns focos de inc\u00eandios", "linguisticInfo": {"deflagraram": {"lemma": "deflagrar", "pos": "VERB", "is_stop": false, "is_named": false}, "alguns": {"lemma": "algum", "pos": "DET", "is_stop": true, "is_named": false}, "focos": {"lemma": "foco", "pos": "NOUN", "is_stop": false, "is_named": false}, "de": {"lemma": "de", "pos": "ADP", "is_stop": true, "is_named": false}, "inc\u00eandios": {"lemma": "inc\u00eandio", "pos": "NOUN", "is_stop": false, "is_named": false}}}, "it": {"text": "laf\u00f5es ) ,", "linguisticInfo": {"laf\u00f5es": {"lemma": "laf\u00f5es", "pos": "S", "is_stop": false, "is_named": false}, ")": {"lemma": ")", "pos": "FB", "is_stop": false, "is_named": false}, ",": {"lemma": ",", "pos": "FF", "is_stop": false, "is_named": false}}}}}]}, "sentences_6": {"itText": "NULL nulla di paragonabile a quanto successo alla serra di agad\u00e3o dove , nel tardo pomeriggio , ad incendio gi\u00e0 domato , nel villaggio di sobreira , le donne continuavano a piangere disperate . \u201c vi prego , lasciateci qua l \u2019 acqua \u201d , chiedevano ai vigili del fuoco mentre mostravano i meleti e i pascoli polverizzati .", "ptText": "nada que se comparasse ao ocorrido na serra de agad\u00e3o , onde , ao final da tarde , j\u00e1 com o inc\u00eandio extinto , as mulheres ainda choravam histericamente na aldeia de sobreira . &quot; por favor , deixe -nos c\u00e1 ficar \u00e1gua &quot; , pediam aos bombeiros enquanto carpiam as macieiras e os campos de pasto reduzidos a nada . \n", "relations": [{"id": "R110", "subj": {"type": "Geo_location", "pt": {"text": "onde", "linguisticInfo": {"onde": {"lemma": "onde", "pos": "PRON", "is_stop": true, "is_named": false}}}, "it": {"text": "dove", "linguisticInfo": {"dove": {"lemma": "dove", "pos": "B", "is_stop": true, "is_named": false}}}}, "obj": {"type": "Event", "pt": {"text": "choravam", "linguisticInfo": {"choravam": {"lemma": "chorar", "pos": "VERB", "is_stop": false, "is_named": false}}}, "it": {"text": "piangere", "linguisticInfo": {"piangere": {"lemma": "piangere", "pos": "V", "is_stop": false, "is_named": false}}}}}, {"id": "R111", "subj": {"type": "Time", "pt": {"text": "ao final da tarde", "linguisticInfo": {"ao": {"lemma": "ao", "pos": "ADP", "is_stop": true, "is_named": false}, "final": {"lemma": "final", "pos": "NOUN", "is_stop": true, "is_named": false}, "da": {"lemma": "da", "pos": "ADP", "is_stop": true, "is_named": false}, "tarde": {"lemma": "tardar", "pos": "NOUN", "is_stop": true, "is_named": false}}}, "it": {"text": "qua l \u2019", "linguisticInfo": {"qua": {"lemma": "qua", "pos": "B", "is_stop": false, "is_named": false}, "l": {"lemma": "l", "pos": "RD", "is_stop": false, "is_named": false}, "\u2019": {"lemma": "\u2019", "pos": "V", "is_stop": false, "is_named": false}}}}, "obj": {"type": "Event", "pt": {"text": "choravam", "linguisticInfo": {"choravam": {"lemma": "chorar", "pos": "VERB", "is_stop": false, "is_named": false}}}, "it": {"text": "piangere", "linguisticInfo": {"piangere": {"lemma": "piangere", "pos": "V", "is_stop": false, "is_named": false}}}}}, {"id": "R112", "subj": {"type": "Human_Agent", "pt": {"text": "as mulheres", "linguisticInfo": {"as": {"lemma": "o", "pos": "DET", "is_stop": true, "is_named": false}, "mulheres": {"lemma": "mulher", "pos": "NOUN", "is_stop": false, "is_named": false}}}, "it": {"text": "le donne", "linguisticInfo": {"le": {"lemma": "il", "pos": "RD", "is_stop": true, "is_named": false}, "donne": {"lemma": "donna", "pos": "S", "is_stop": false, "is_named": false}}}}, "obj": {"type": "Event", "pt": {"text": "choravam", "linguisticInfo": {"choravam": {"lemma": "chorar", "pos": "VERB", "is_stop": false, "is_named": false}}}, "it": {"text": "piangere", "linguisticInfo": {"piangere": {"lemma": "piangere", "pos": "V", "is_stop": false, "is_named": false}}}}}, {"id": "R113", "subj": {"type": "Oth_argument", "pt": {"text": "histericamente", "linguisticInfo": {"histericamente": {"lemma": "histericamente", "pos": "ADV", "is_stop": false, "is_named": false}}}, "it": {"text": "disperate", "linguisticInfo": {"disperate": {"lemma": "disperare", "pos": "A", "is_stop": false, "is_named": false}}}}, "obj": {"type": "Event", "pt": {"text": "choravam", "linguisticInfo": {"choravam": {"lemma": "chorar", "pos": "VERB", "is_stop": false, "is_named": false}}}, "it": {"text": "piangere", "linguisticInfo": {"piangere": {"lemma": "piangere", "pos": "V", "is_stop": false, "is_named": false}}}}}, {"id": "R114", "subj": {"type": "Geo_location", "pt": {"text": "na aldeia de Sobreira", "linguisticInfo": {"na": {"lemma": "o", "pos": "ADP", "is_stop": true, "is_named": false}, "aldeia": {"lemma": "aldear", "pos": "NOUN", "is_stop": false, "is_named": false}, "de": {"lemma": "de", "pos": "ADP", "is_stop": true, "is_named": false}, "Sobreira": {"lemma": "Sobreira", "pos": "PROPN", "is_stop": false, "is_named": true}}}, "it": {"text": "nel tardo pomeriggio villaggio di sobreira", "linguisticInfo": {"nel": {"lemma": "nel", "pos": "E_RD", "is_stop": true, "is_named": false}, "tardo": {"lemma": "tardo", "pos": "A", "is_stop": false, "is_named": false}, "pomeriggio": {"lemma": "pomeriggio", "pos": "S", "is_stop": false, "is_named": false}, "villaggio": {"lemma": "villaggio", "pos": "V", "is_stop": false, "is_named": false}, "di": {"lemma": "di", "pos": "E", "is_stop": true, "is_named": false}, "sobreira": {"lemma": "sobreira", "pos": "S", "is_stop": false, "is_named": false}}}}, "obj": {"type": "Event", "pt": {"text": "choravam", "linguisticInfo": {"choravam": {"lemma": "chorar", "pos": "VERB", "is_stop": false, "is_named": false}}}, "it": {"text": "piangere", "linguisticInfo": {"piangere": {"lemma": "piangere", "pos": "V", "is_stop": false, "is_named": false}}}}}, {"id": "R115", "subj": {"type": "Non-human_Oth_participant", "pt": {"text": "c\u00e1 ficar \u00e1gua", "linguisticInfo": {"c\u00e1": {"lemma": "c\u00e1", "pos": "ADV", "is_stop": true, "is_named": false}, "ficar": {"lemma": "ficar", "pos": "VERB", "is_stop": false, "is_named": false}, "\u00e1gua": {"lemma": "\u00e1gua", "pos": "NOUN", "is_stop": false, "is_named": false}}}, "it": {"text": "piangere disperate .", "linguisticInfo": {"piangere": {"lemma": "piangere", "pos": "V", "is_stop": false, "is_named": false}, "disperate": {"lemma": "disperare", "pos": "V", "is_stop": false, "is_named": false}, ".": {"lemma": ".", "pos": "FS", "is_stop": false, "is_named": false}}}}, "obj": {"type": "Event", "pt": {"text": "deixe", "linguisticInfo": {"deixe": {"lemma": "deixar", "pos": "VERB", "is_stop": false, "is_named": false}}}, "it": {"text": "lasciateci", "linguisticInfo": {"lasciateci": {"lemma": "lasciateci", "pos": "S", "is_stop": false, "is_named": false}}}}}, {"id": "R117", "subj": {"type": "Time", "pt": {"text": "enquanto carpiam as macieiras e os campos de pasto reduzidos a nada", "linguisticInfo": {"enquanto": {"lemma": "enquanto", "pos": "ADV", "is_stop": true, "is_named": false}, "carpiam": {"lemma": "carpir", "pos": "VERB", "is_stop": false, "is_named": false}, "as": {"lemma": "o", "pos": "DET", "is_stop": true, "is_named": false}, "macieiras": {"lemma": "macieira", "pos": "NOUN", "is_stop": false, "is_named": false}, "e": {"lemma": "e", "pos": "CCONJ", "is_stop": true, "is_named": false}, "os": {"lemma": "o", "pos": "DET", "is_stop": true, "is_named": false}, "campos": {"lemma": "campo", "pos": "NOUN", "is_stop": false, "is_named": false}, "de": {"lemma": "de", "pos": "ADP", "is_stop": true, "is_named": false}, "pasto": {"lemma": "pastar", "pos": "NOUN", "is_stop": false, "is_named": false}, "reduzidos": {"lemma": "reduzir", "pos": "VERB", "is_stop": false, "is_named": false}, "a": {"lemma": "o", "pos": "ADP", "is_stop": true, "is_named": false}, "nada": {"lemma": "nado", "pos": "PRON", "is_stop": true, "is_named": false}}}, "it": {"text": "mentre mostravano i", "linguisticInfo": {"mentre": {"lemma": "mentre", "pos": "CS", "is_stop": true, "is_named": false}, "mostravano": {"lemma": "mostrare", "pos": "V", "is_stop": false, "is_named": false}, "i": {"lemma": "il", "pos": "RD", "is_stop": false, "is_named": false}}}}, "obj": {"type": "Event", "pt": {"text": "pediam", "linguisticInfo": {"pediam": {"lemma": "pedir", "pos": "VERB", "is_stop": false, "is_named": false}}}, "it": {"text": "chiedevano", "linguisticInfo": {"chiedevano": {"lemma": "chiedere", "pos": "V", "is_stop": false, "is_named": false}}}}}, {"id": "R118", "subj": {"type": "Human_Patient", "pt": {"text": "aos bombeiros", "linguisticInfo": {"aos": {"lemma": "aos", "pos": "ADP", "is_stop": true, "is_named": false}, "bombeiros": {"lemma": "bombeiro", "pos": "NOUN", "is_stop": false, "is_named": false}}}, "it": {"text": "ai vigili", "linguisticInfo": {"ai": {"lemma": "al", "pos": "E_RD", "is_stop": true, "is_named": false}, "vigili": {"lemma": "vigile", "pos": "A", "is_stop": false, "is_named": false}}}}, "obj": {"type": "Event", "pt": {"text": "pediam", "linguisticInfo": {"pediam": {"lemma": "pedir", "pos": "VERB", "is_stop": false, "is_named": false}}}, "it": {"text": "chiedevano", "linguisticInfo": {"chiedevano": {"lemma": "chiedere", "pos": "V", "is_stop": false, "is_named": false}}}}}, {"id": "R119", "subj": {"type": "Non-human_Patient", "pt": {"text": "as macieiras e os campos de pasto reduzidos a nada", "linguisticInfo": {"as": {"lemma": "o", "pos": "DET", "is_stop": true, "is_named": false}, "macieiras": {"lemma": "macieira", "pos": "NOUN", "is_stop": false, "is_named": false}, "e": {"lemma": "e", "pos": "CCONJ", "is_stop": true, "is_named": false}, "os": {"lemma": "o", "pos": "DET", "is_stop": true, "is_named": false}, "campos": {"lemma": "campo", "pos": "NOUN", "is_stop": false, "is_named": false}, "de": {"lemma": "de", "pos": "ADP", "is_stop": true, "is_named": false}, "pasto": {"lemma": "pastar", "pos": "NOUN", "is_stop": false, "is_named": false}, "reduzidos": {"lemma": "reduzir", "pos": "VERB", "is_stop": false, "is_named": false}, "a": {"lemma": "o", "pos": "ADP", "is_stop": true, "is_named": false}, "nada": {"lemma": "nado", "pos": "PRON", "is_stop": true, "is_named": false}}}, "it": {"text": "mostravano i meleti e i pascoli polverizzati .", "linguisticInfo": {"mostravano": {"lemma": "mostrare", "pos": "V", "is_stop": false, "is_named": false}, "i": {"lemma": "il", "pos": "RD", "is_stop": false, "is_named": false}, "meleti": {"lemma": "meleti", "pos": "S", "is_stop": false, "is_named": false}, "e": {"lemma": "e", "pos": "CC", "is_stop": false, "is_named": false}, "pascoli": {"lemma": "pascolo", "pos": "S", "is_stop": false, "is_named": false}, "polverizzati": {"lemma": "polverizzati", "pos": "A", "is_stop": false, "is_named": false}, ".": {"lemma": ".", "pos": "FS", "is_stop": false, "is_named": false}}}}, "obj": {"type": "Event", "pt": {"text": "carpiam", "linguisticInfo": {"carpiam": {"lemma": "carpir", "pos": "VERB", "is_stop": false, "is_named": false}}}, "it": {"text": "sobreira", "linguisticInfo": {"sobreira": {"lemma": "sobreira", "pos": "V", "is_stop": false, "is_named": false}}}}}]}, "sentences_7": {"itText": "NULL nelle prossimit\u00e0 , il paesaggio scuro , l \u2019 intenso odore di bruciato e le nuvole di fumo che nascondevano perfino il sole dipingendo di grigio il pomeriggio , hanno richiamato come al solito l \u2019 attenzione di svariati spettatori che , mentre osservano le ceneri , ascoltano alla radio gli ultimi aggiornamenti sulla partita benfica-porto ..", "ptText": "perto dali , a paisagem negra , o cheiro intenso a queimado e as nuvens de fumo que escondiam o sol , colorindo a tarde de castanho , atra\u00edram , como j\u00e1 \u00e9 h\u00e1bito , muitos mirones : de olhos postos nas cinzas , deixavam que o r\u00e1dio dos carros lhes contasse as novidades do jogo entre o benfica e o porto ... \n", "relations": [{"id": "R121", "subj": {"type": "Non-human_Agent", "pt": {"text": "a paisagem negra , o cheiro intenso a queimado e as nuvens de fumo que escondiam o sol , colorindo a tarde de castanho", "linguisticInfo": {"a": {"lemma": "o", "pos": "DET", "is_stop": true, "is_named": false}, "paisagem": {"lemma": "paisagem", "pos": "NOUN", "is_stop": false, "is_named": false}, "negra": {"lemma": "negro", "pos": "ADJ", "is_stop": false, "is_named": false}, ",": {"lemma": ",", "pos": "PUNCT", "is_stop": false, "is_named": false}, "o": {"lemma": "o", "pos": "DET", "is_stop": true, "is_named": false}, "cheiro": {"lemma": "cheirar", "pos": "NOUN", "is_stop": false, "is_named": false}, "intenso": {"lemma": "intenso", "pos": "ADJ", "is_stop": false, "is_named": false}, "queimado": {"lemma": "queimar", "pos": "VERB", "is_stop": false, "is_named": false}, "e": {"lemma": "e", "pos": "CCONJ", "is_stop": true, "is_named": false}, "as": {"lemma": "o", "pos": "DET", "is_stop": true, "is_named": false}, "nuvens": {"lemma": "nuvem", "pos": "NOUN", "is_stop": false, "is_named": false}, "de": {"lemma": "de", "pos": "ADP", "is_stop": true, "is_named": false}, "fumo": {"lemma": "fumar", "pos": "NOUN", "is_stop": false, "is_named": false}, "que": {"lemma": "que", "pos": "PRON", "is_stop": true, "is_named": false}, "escondiam": {"lemma": "esconder", "pos": "VERB", "is_stop": false, "is_named": false}, "sol": {"lemma": "sol", "pos": "NOUN", "is_stop": false, "is_named": false}, "colorindo": {"lemma": "colorir", "pos": "VERB", "is_stop": false, "is_named": false}, "tarde": {"lemma": "tardar", "pos": "NOUN", "is_stop": true, "is_named": false}, "castanho": {"lemma": "castanho", "pos": "NOUN", "is_stop": false, "is_named": false}}}, "it": {"text": "nelle prossimit\u00e0 paesaggio scuro , l \u2019 il sole dipingendo", "linguisticInfo": {"nelle": {"lemma": "nella", "pos": "E_RD", "is_stop": true, "is_named": false}, "prossimit\u00e0": {"lemma": "prossimit\u00e0", "pos": "S", "is_stop": false, "is_named": false}, "paesaggio": {"lemma": "paesaggio", "pos": "S", "is_stop": false, "is_named": false}, "scuro": {"lemma": "scuro", "pos": "A", "is_stop": false, "is_named": false}, ",": {"lemma": ",", "pos": "FF", "is_stop": false, "is_named": false}, "l": {"lemma": "l", "pos": "PC", "is_stop": false, "is_named": false}, "\u2019": {"lemma": "\u2019", "pos": "V", "is_stop": false, "is_named": false}, "il": {"lemma": "il", "pos": "RD", "is_stop": true, "is_named": false}, "sole": {"lemma": "sole", "pos": "S", "is_stop": false, "is_named": false}, "dipingendo": {"lemma": "dipingere", "pos": "V", "is_stop": false, "is_named": false}}}}, "obj": {"type": "Event", "pt": {"text": "atra\u00edram", "linguisticInfo": {"atra\u00edram": {"lemma": "atrair", "pos": "VERB", "is_stop": false, "is_named": false}}}, "it": {"text": "richiamato", "linguisticInfo": {"richiamato": {"lemma": "richiamare", "pos": "V", "is_stop": false, "is_named": false}}}}}, {"id": "R122", "subj": {"type": "Human_Patient", "pt": {"text": "muitos mirones", "linguisticInfo": {"muitos": {"lemma": "muito", "pos": "DET", "is_stop": true, "is_named": false}, "mirones": {"lemma": "mirone", "pos": "NOUN", "is_stop": false, "is_named": false}}}, "it": {"text": "perfino benfica-porto", "linguisticInfo": {"perfino": {"lemma": "perfino", "pos": "B", "is_stop": true, "is_named": false}, "benfica": {"lemma": "benfica", "pos": "A", "is_stop": false, "is_named": false}, "-": {"lemma": "-", "pos": "FF", "is_stop": false, "is_named": false}, "porto": {"lemma": "porto", "pos": "A", "is_stop": false, "is_named": false}}}}, "obj": {"type": "Event", "pt": {"text": "atra\u00edram", "linguisticInfo": {"atra\u00edram": {"lemma": "atrair", "pos": "VERB", "is_stop": false, "is_named": false}}}, "it": {"text": "richiamato", "linguisticInfo": {"richiamato": {"lemma": "richiamare", "pos": "V", "is_stop": false, "is_named": false}}}}}, {"id": "R123", "subj": {"type": "Non-human_Agent", "pt": {"text": "que", "linguisticInfo": {"que": {"lemma": "que", "pos": "SCONJ", "is_stop": true, "is_named": false}}}, "it": {"text": "che", "linguisticInfo": {"che": {"lemma": "che", "pos": "CS", "is_stop": true, "is_named": false}}}}, "obj": {"type": "Event", "pt": {"text": "escondiam", "linguisticInfo": {"escondiam": {"lemma": "esconder", "pos": "VERB", "is_stop": false, "is_named": false}}}, "it": {"text": "nascondevano", "linguisticInfo": {"nascondevano": {"lemma": "nascondere", "pos": "V", "is_stop": false, "is_named": false}}}}}, {"id": "R124", "subj": {"type": "Non-human_Patient", "pt": {"text": "o sol", "linguisticInfo": {"o": {"lemma": "o", "pos": "DET", "is_stop": true, "is_named": false}, "sol": {"lemma": "sol", "pos": "NOUN", "is_stop": false, "is_named": false}}}, "it": {"text": "il sole", "linguisticInfo": {"il": {"lemma": "il", "pos": "RD", "is_stop": true, "is_named": false}, "sole": {"lemma": "sole", "pos": "S", "is_stop": false, "is_named": false}}}}, "obj": {"type": "Event", "pt": {"text": "escondiam", "linguisticInfo": {"escondiam": {"lemma": "esconder", "pos": "VERB", "is_stop": false, "is_named": false}}}, "it": {"text": "nascondevano", "linguisticInfo": {"nascondevano": {"lemma": "nascondere", "pos": "V", "is_stop": false, "is_named": false}}}}}, {"id": "R125", "subj": {"type": "Non-human_Patient", "pt": {"text": "a tarde", "linguisticInfo": {"a": {"lemma": "o", "pos": "DET", "is_stop": true, "is_named": false}, "tarde": {"lemma": "tardar", "pos": "NOUN", "is_stop": true, "is_named": false}}}, "it": {"text": "pomeriggio", "linguisticInfo": {"pomeriggio": {"lemma": "pomeriggio", "pos": "S", "is_stop": false, "is_named": false}}}}, "obj": {"type": "Event", "pt": {"text": "colorindo", "linguisticInfo": {"colorindo": {"lemma": "colorir", "pos": "VERB", "is_stop": false, "is_named": false}}}, "it": {"text": "dipingendo", "linguisticInfo": {"dipingendo": {"lemma": "dipingere", "pos": "V", "is_stop": false, "is_named": false}}}}}, {"id": "R126", "subj": {"type": "Non-human_Oth_participant", "pt": {"text": "de castanho", "linguisticInfo": {"de": {"lemma": "de", "pos": "ADP", "is_stop": true, "is_named": false}, "castanho": {"lemma": "castanho", "pos": "NOUN", "is_stop": false, "is_named": false}}}, "it": {"text": "di grigio", "linguisticInfo": {"di": {"lemma": "di", "pos": "E", "is_stop": true, "is_named": false}, "grigio": {"lemma": "grigio", "pos": "S", "is_stop": false, "is_named": false}}}}, "obj": {"type": "Event", "pt": {"text": "colorindo", "linguisticInfo": {"colorindo": {"lemma": "colorir", "pos": "VERB", "is_stop": false, "is_named": false}}}, "it": {"text": "dipingendo", "linguisticInfo": {"dipingendo": {"lemma": "dipingere", "pos": "V", "is_stop": false, "is_named": false}}}}}, {"id": "R127", "subj": {"type": "Non-human_Agent", "pt": {"text": "o r\u00e1dio dos carros", "linguisticInfo": {"o": {"lemma": "o", "pos": "DET", "is_stop": true, "is_named": false}, "r\u00e1dio": {"lemma": "r\u00e1dio", "pos": "NOUN", "is_stop": false, "is_named": false}, "dos": {"lemma": "dos", "pos": "ADP", "is_stop": true, "is_named": false}, "carros": {"lemma": "carro", "pos": "NOUN", "is_stop": false, "is_named": false}}}, "it": {"text": "osservano radio gli benfica-porto", "linguisticInfo": {"osservano": {"lemma": "osservare", "pos": "V", "is_stop": false, "is_named": false}, "radio": {"lemma": "radio", "pos": "S", "is_stop": false, "is_named": false}, "gli": {"lemma": "il", "pos": "RD", "is_stop": true, "is_named": false}, "benfica": {"lemma": "benfica", "pos": "S", "is_stop": false, "is_named": false}, "-": {"lemma": "-", "pos": "FF", "is_stop": false, "is_named": false}, "porto": {"lemma": "porto", "pos": "A", "is_stop": false, "is_named": false}}}}, "obj": {"type": "Event", "pt": {"text": "contasse", "linguisticInfo": {"contasse": {"lemma": "contar", "pos": "VERB", "is_stop": false, "is_named": false}}}, "it": {"text": "benfica-porto", "linguisticInfo": {"benfica": {"lemma": "benfica", "pos": "A", "is_stop": false, "is_named": false}, "-": {"lemma": "-", "pos": "FF", "is_stop": false, "is_named": false}, "porto": {"lemma": "porto", "pos": "A", "is_stop": false, "is_named": false}}}}}, {"id": "R128", "subj": {"type": "Human_Patient", "pt": {"text": "lhes", "linguisticInfo": {"lhes": {"lemma": "lhe", "pos": "PRON", "is_stop": false, "is_named": false}}}, "it": {"text": "benfica-porto", "linguisticInfo": {"benfica": {"lemma": "benfica", "pos": "A", "is_stop": false, "is_named": false}, "-": {"lemma": "-", "pos": "FF", "is_stop": false, "is_named": false}, "porto": {"lemma": "porto", "pos": "A", "is_stop": false, "is_named": false}}}}, "obj": {"type": "Event", "pt": {"text": "contasse", "linguisticInfo": {"contasse": {"lemma": "contar", "pos": "VERB", "is_stop": false, "is_named": false}}}, "it": {"text": "benfica-porto", "linguisticInfo": {"benfica": {"lemma": "benfica", "pos": "A", "is_stop": false, "is_named": false}, "-": {"lemma": "-", "pos": "FF", "is_stop": false, "is_named": false}, "porto": {"lemma": "porto", "pos": "A", "is_stop": false, "is_named": false}}}}}, {"id": "R129", "subj": {"type": "Non-human_Oth_participant", "pt": {"text": "as novidades do jogo entre o Benfica e o Porto", "linguisticInfo": {"as": {"lemma": "o", "pos": "DET", "is_stop": true, "is_named": false}, "novidades": {"lemma": "novidade", "pos": "NOUN", "is_stop": false, "is_named": false}, "do": {"lemma": "do", "pos": "ADP", "is_stop": true, "is_named": false}, "jogo": {"lemma": "jogar", "pos": "NOUN", "is_stop": false, "is_named": false}, "entre": {"lemma": "entrar", "pos": "ADP", "is_stop": true, "is_named": false}, "o": {"lemma": "o", "pos": "DET", "is_stop": true, "is_named": false}, "Benfica": {"lemma": "Benfica", "pos": "PROPN", "is_stop": false, "is_named": true}, "e": {"lemma": "e", "pos": "CCONJ", "is_stop": true, "is_named": false}, "Porto": {"lemma": "Porto", "pos": "PROPN", "is_stop": false, "is_named": true}}}, "it": {"text": "le nuvole di aggiornamenti sulla partita", "linguisticInfo": {"le": {"lemma": "il", "pos": "RD", "is_stop": true, "is_named": false}, "nuvole": {"lemma": "nuvola", "pos": "S", "is_stop": false, "is_named": false}, "di": {"lemma": "di", "pos": "E", "is_stop": true, "is_named": false}, "aggiornamenti": {"lemma": "aggiornamento", "pos": "S", "is_stop": false, "is_named": false}, "sulla": {"lemma": "sulla", "pos": "E_RD", "is_stop": true, "is_named": false}, "partita": {"lemma": "partita", "pos": "S", "is_stop": false, "is_named": false}}}}, "obj": {"type": "Event", "pt": {"text": "contasse", "linguisticInfo": {"contasse": {"lemma": "contar", "pos": "VERB", "is_stop": false, "is_named": false}}}, "it": {"text": "benfica-porto", "linguisticInfo": {"benfica": {"lemma": "benfica", "pos": "A", "is_stop": false, "is_named": false}, "-": {"lemma": "-", "pos": "FF", "is_stop": false, "is_named": false}, "porto": {"lemma": "porto", "pos": "A", "is_stop": false, "is_named": false}}}}}, {"id": "R131", "subj": {"type": "Oth_location", "pt": {"text": "nas cinzas", "linguisticInfo": {"nas": {"lemma": "o", "pos": "ADP", "is_stop": true, "is_named": false}, "cinzas": {"lemma": "cinzar", "pos": "NOUN", "is_stop": false, "is_named": false}}}, "it": {"text": "nelle ceneri", "linguisticInfo": {"nelle": {"lemma": "nella", "pos": "E_RD", "is_stop": true, "is_named": false}, "ceneri": {"lemma": "cenere", "pos": "S", "is_stop": false, "is_named": false}}}}, "obj": {"type": "Event", "pt": {"text": "postos", "linguisticInfo": {"postos": {"lemma": "posto", "pos": "NOUN", "is_stop": false, "is_named": false}}}, "it": {"text": "benfica-porto", "linguisticInfo": {"benfica": {"lemma": "benfica", "pos": "A", "is_stop": false, "is_named": false}, "-": {"lemma": "-", "pos": "FF", "is_stop": false, "is_named": false}, "porto": {"lemma": "porto", "pos": "A", "is_stop": false, "is_named": false}}}}}, {"id": "R132", "subj": {"type": "Human_Patient", "pt": {"text": "olhos", "linguisticInfo": {"olhos": {"lemma": "olho", "pos": "NOUN", "is_stop": false, "is_named": false}}}, "it": {"text": "benfica-porto", "linguisticInfo": {"benfica": {"lemma": "benfica", "pos": "A", "is_stop": false, "is_named": false}, "-": {"lemma": "-", "pos": "FF", "is_stop": false, "is_named": false}, "porto": {"lemma": "porto", "pos": "A", "is_stop": false, "is_named": false}}}}, "obj": {"type": "Event", "pt": {"text": "postos", "linguisticInfo": {"postos": {"lemma": "posto", "pos": "NOUN", "is_stop": false, "is_named": false}}}, "it": {"text": "benfica-porto", "linguisticInfo": {"benfica": {"lemma": "benfica", "pos": "A", "is_stop": false, "is_named": false}, "-": {"lemma": "-", "pos": "FF", "is_stop": false, "is_named": false}, "porto": {"lemma": "porto", "pos": "A", "is_stop": false, "is_named": false}}}}}, {"id": "R133", "subj": {"type": "Non-human_Oth_participant", "pt": {"text": "que o r\u00e1dio dos carros lhes contasse as novidades do jogo entre o Benfica e o Porto", "linguisticInfo": {"que": {"lemma": "que", "pos": "SCONJ", "is_stop": true, "is_named": false}, "o": {"lemma": "o", "pos": "DET", "is_stop": true, "is_named": false}, "r\u00e1dio": {"lemma": "r\u00e1dio", "pos": "NOUN", "is_stop": false, "is_named": false}, "dos": {"lemma": "dos", "pos": "ADP", "is_stop": true, "is_named": false}, "carros": {"lemma": "carro", "pos": "NOUN", "is_stop": false, "is_named": false}, "lhes": {"lemma": "lhe", "pos": "PRON", "is_stop": false, "is_named": false}, "contasse": {"lemma": "contar", "pos": "VERB", "is_stop": false, "is_named": false}, "as": {"lemma": "o", "pos": "DET", "is_stop": true, "is_named": false}, "novidades": {"lemma": "novidade", "pos": "NOUN", "is_stop": false, "is_named": false}, "do": {"lemma": "do", "pos": "ADP", "is_stop": true, "is_named": false}, "jogo": {"lemma": "jogar", "pos": "NOUN", "is_stop": false, "is_named": false}, "entre": {"lemma": "entrar", "pos": "ADP", "is_stop": true, "is_named": false}, "Benfica": {"lemma": "Benfica", "pos": "PROPN", "is_stop": false, "is_named": true}, "e": {"lemma": "e", "pos": "CCONJ", "is_stop": true, "is_named": false}, "Porto": {"lemma": "Porto", "pos": "PROPN", "is_stop": false, "is_named": true}}}, "it": {"text": "che nascondevano perfino osservano le ceneri radio gli ultimi aggiornamenti benfica-porto ..", "linguisticInfo": {"che": {"lemma": "che", "pos": "PR", "is_stop": true, "is_named": false}, "nascondevano": {"lemma": "nascondere", "pos": "V", "is_stop": false, "is_named": false}, "perfino": {"lemma": "perfino", "pos": "B", "is_stop": true, "is_named": false}, "osservano": {"lemma": "osservare", "pos": "V", "is_stop": false, "is_named": false}, "le": {"lemma": "il", "pos": "RD", "is_stop": true, "is_named": false}, "ceneri": {"lemma": "cenere", "pos": "S", "is_stop": false, "is_named": false}, "radio": {"lemma": "radio", "pos": "S", "is_stop": false, "is_named": false}, "gli": {"lemma": "il", "pos": "RD", "is_stop": true, "is_named": false}, "ultimi": {"lemma": "ultimo", "pos": "NO", "is_stop": false, "is_named": false}, "aggiornamenti": {"lemma": "aggiornamento", "pos": "S", "is_stop": false, "is_named": false}, "benfica": {"lemma": "benfica", "pos": "A", "is_stop": false, "is_named": false}, "-": {"lemma": "-", "pos": "FF", "is_stop": false, "is_named": false}, "porto": {"lemma": "porto", "pos": "A", "is_stop": false, "is_named": false}, "..": {"lemma": "..", "pos": "FS", "is_stop": false, "is_named": false}}}}, "obj": {"type": "Event", "pt": {"text": "deixavam", "linguisticInfo": {"deixavam": {"lemma": "deixar", "pos": "VERB", "is_stop": false, "is_named": false}}}, "it": {"text": "ascoltano", "linguisticInfo": {"ascoltano": {"lemma": "ascoltare", "pos": "V", "is_stop": false, "is_named": false}}}}}, {"id": "R134", "subj": {"type": "Human_Agent", "pt": {"text": "muitos mirones", "linguisticInfo": {"muitos": {"lemma": "muito", "pos": "DET", "is_stop": true, "is_named": false}, "mirones": {"lemma": "mirone", "pos": "NOUN", "is_stop": false, "is_named": false}}}, "it": {"text": "perfino benfica-porto", "linguisticInfo": {"perfino": {"lemma": "perfino", "pos": "B", "is_stop": true, "is_named": false}, "benfica": {"lemma": "benfica", "pos": "A", "is_stop": false, "is_named": false}, "-": {"lemma": "-", "pos": "FF", "is_stop": false, "is_named": false}, "porto": {"lemma": "porto", "pos": "A", "is_stop": false, "is_named": false}}}}, "obj": {"type": "Event", "pt": {"text": "deixavam", "linguisticInfo": {"deixavam": {"lemma": "deixar", "pos": "VERB", "is_stop": false, "is_named": false}}}, "it": {"text": "ascoltano", "linguisticInfo": {"ascoltano": {"lemma": "ascoltare", "pos": "V", "is_stop": false, "is_named": false}}}}}]}}