{"sentences_0": {"itText": "NULL centinaia di rappresentanti delle cooperative associate alla federazione nazionale delle cooperative agricole di produzione ( fenca ) , che comprende le provincie di santar\u00e9m , \u00e9vora , portoalegre , set\u00fabal e beja , hanno chiesto ieri , ad \u00e9vora , che venga dichiarato immediatamente lo stato di calamit\u00e0 pubblica per le zone maggiormente colpite dalla siccit\u00e0 .", "ptText": "a declara\u00e7\u00e3o imediata de situa\u00e7\u00e3o de calamidade p\u00fablica nas zonas mais afectadas pela seca foi ontem reclamada em \u00e9vora por centena e meia de representantes das cooperativas associadas na federa\u00e7\u00e3o nacional das cooperativas agr\u00edcolas de produ\u00e7\u00e3o ( fenca ) , que integra unidades dos distritos de santar\u00e9m , portalegre , \u00e9vora , set\u00fabal e beja . \n", "relations": [{"id": "R1", "subj": {"type": "Non-human_Patient", "pt": {"text": "situa\u00e7\u00e3o de calamidade p\u00fablica nas zonas mais afectadas pela seca", "linguisticInfo": {"situa\u00e7\u00e3o": {"lemma": "situa\u00e7\u00e3o", "pos": "NOUN", "is_stop": false, "is_named": false}, "de": {"lemma": "de", "pos": "ADP", "is_stop": true, "is_named": false}, "calamidade": {"lemma": "calamidade", "pos": "NOUN", "is_stop": false, "is_named": false}, "p\u00fablica": {"lemma": "p\u00fablico", "pos": "ADJ", "is_stop": false, "is_named": false}, "nas": {"lemma": "o", "pos": "ADP", "is_stop": true, "is_named": false}, "zonas": {"lemma": "zonar", "pos": "NOUN", "is_stop": false, "is_named": false}, "mais": {"lemma": "mais", "pos": "ADV", "is_stop": true, "is_named": false}, "afectadas": {"lemma": "afectar", "pos": "VERB", "is_stop": false, "is_named": false}, "pela": {"lemma": "pelar", "pos": "ADP", "is_stop": true, "is_named": false}, "seca": {"lemma": "seco", "pos": "NOUN", "is_stop": false, "is_named": false}}}, "it": {"text": "immediatamente lo stato", "linguisticInfo": {"immediatamente": {"lemma": "immediatamente", "pos": "B", "is_stop": false, "is_named": false}, "lo": {"lemma": "il", "pos": "RD", "is_stop": true, "is_named": false}, "stato": {"lemma": "stato", "pos": "S", "is_stop": true, "is_named": false}}}}, "obj": {"type": "Event", "pt": {"text": "A DECLARA\u00c7\u00c3O imediata", "linguisticInfo": {"A": {"lemma": "A", "pos": "DET", "is_stop": true, "is_named": true}, "DECLARA\u00c7\u00c3O": {"lemma": "DECLARA\u00c7\u00c3O", "pos": "NOUN", "is_stop": false, "is_named": true}, "imediata": {"lemma": "imediato", "pos": "ADJ", "is_stop": false, "is_named": false}}}, "it": {"text": "immediatamente lo stato", "linguisticInfo": {"immediatamente": {"lemma": "immediatamente", "pos": "B", "is_stop": false, "is_named": false}, "lo": {"lemma": "il", "pos": "RD", "is_stop": true, "is_named": false}, "stato": {"lemma": "stato", "pos": "S", "is_stop": true, "is_named": false}}}}}, {"id": "R2", "subj": {"type": "Oth_location", "pt": {"text": "nas zonas mais afectadas pela seca", "linguisticInfo": {"nas": {"lemma": "o", "pos": "ADP", "is_stop": true, "is_named": false}, "zonas": {"lemma": "zonar", "pos": "NOUN", "is_stop": false, "is_named": false}, "mais": {"lemma": "mais", "pos": "ADV", "is_stop": true, "is_named": false}, "afectadas": {"lemma": "afectar", "pos": "VERB", "is_stop": false, "is_named": false}, "pela": {"lemma": "pelar", "pos": "ADP", "is_stop": true, "is_named": false}, "seca": {"lemma": "seco", "pos": "NOUN", "is_stop": false, "is_named": false}}}, "it": {"text": "centinaia zone maggiormente colpite dalla siccit\u00e0", "linguisticInfo": {"centinaia": {"lemma": "centinaio", "pos": "S", "is_stop": false, "is_named": false}, "zone": {"lemma": "zona", "pos": "S", "is_stop": false, "is_named": false}, "maggiormente": {"lemma": "maggiormente", "pos": "B", "is_stop": false, "is_named": false}, "colpite": {"lemma": "colpire", "pos": "V", "is_stop": false, "is_named": false}, "dalla": {"lemma": "dalla", "pos": "E_RD", "is_stop": true, "is_named": false}, "siccit\u00e0": {"lemma": "siccit\u00e0", "pos": "S", "is_stop": false, "is_named": false}}}}, "obj": {"type": "Event", "pt": {"text": "situa\u00e7\u00e3o de calamidade p\u00fablica", "linguisticInfo": {"situa\u00e7\u00e3o": {"lemma": "situa\u00e7\u00e3o", "pos": "NOUN", "is_stop": false, "is_named": false}, "de": {"lemma": "de", "pos": "ADP", "is_stop": true, "is_named": false}, "calamidade": {"lemma": "calamidade", "pos": "NOUN", "is_stop": false, "is_named": false}, "p\u00fablica": {"lemma": "p\u00fablico", "pos": "ADJ", "is_stop": false, "is_named": false}}}, "it": {"text": "immediatamente lo stato", "linguisticInfo": {"immediatamente": {"lemma": "immediatamente", "pos": "B", "is_stop": false, "is_named": false}, "lo": {"lemma": "il", "pos": "RD", "is_stop": true, "is_named": false}, "stato": {"lemma": "stato", "pos": "S", "is_stop": true, "is_named": false}}}}}]}, "sentences_1": {"itText": "NULL alla luce di una prima valutazione , la federazione prevede perdite intorno ai 37 miliardi di scudi , solo per i raccolti dell \u2019 autunno-inverno e della primavera delle zone dell \u2019 alentejo e ribatejo . a queste si aggiunge la prevedibile carenza di fieno per il bestiame durante tutto il prossimo anno , che si somma ai redditi inesistenti . la fenca , che stima che circa l &apos; 80 per cento dei raccolti pluviali andr\u00e0 perduto e che i raccolti primaverili rimarranno compromessi , considera \u201c chiaramente insufficienti \u201d le misure recentemente annunciate dal governo e teme per", "ptText": "numa primeira estimativa , a federa\u00e7\u00e3o prev\u00ea preju\u00edzos na ordem dos 37 milh\u00f5es de contos , s\u00f3 nas culturas de outono-inverno e da primavera no alentejo e no ribatejo . a eles junta -se a previs\u00edvel falta de palha para os gados no pr\u00f3ximo ano , agravada pela inexist\u00eancia de receitas . a fenca , que calcula que cerca de 80 por cento das culturas de sequeiro estejam perdidas e comprometidas as culturas da primavera , considera &quot; claramente insuficientes &quot; as medidas recentemente anunciadas pelo governo e teme pelo futuro dos trabalhadores rurais ribatejanos e alentejanos , sob a \n", "relations": [{"id": "R15", "subj": {"type": "Human_Agent", "pt": {"text": "a Federa\u00e7\u00e3o", "linguisticInfo": {"a": {"lemma": "o", "pos": "DET", "is_stop": true, "is_named": false}, "Federa\u00e7\u00e3o": {"lemma": "Federa\u00e7\u00e3o", "pos": "PROPN", "is_stop": false, "is_named": true}}}, "it": {"text": "la federazione", "linguisticInfo": {"la": {"lemma": "il", "pos": "RD", "is_stop": true, "is_named": false}, "federazione": {"lemma": "federazione", "pos": "S", "is_stop": false, "is_named": false}}}}, "obj": {"type": "Event", "pt": {"text": "prev\u00ea preju\u00edzos", "linguisticInfo": {"prev\u00ea": {"lemma": "prever", "pos": "VERB", "is_stop": false, "is_named": false}, "preju\u00edzos": {"lemma": "preju\u00edzo", "pos": "NOUN", "is_stop": false, "is_named": false}}}, "it": {"text": "prevede perdite", "linguisticInfo": {"prevede": {"lemma": "prevedere", "pos": "V", "is_stop": false, "is_named": false}, "perdite": {"lemma": "perdita", "pos": "S", "is_stop": false, "is_named": false}}}}}, {"id": "R16", "subj": {"type": "Non-human_Oth_participant", "pt": {"text": "na ordem dos 37 milh\u00f5es de contos", "linguisticInfo": {"na": {"lemma": "o", "pos": "ADP", "is_stop": true, "is_named": false}, "ordem": {"lemma": "ordem", "pos": "NOUN", "is_stop": false, "is_named": false}, "dos": {"lemma": "dos", "pos": "ADP", "is_stop": true, "is_named": false}, "37": {"lemma": "37", "pos": "NUM", "is_stop": false, "is_named": false}, "milh\u00f5es": {"lemma": "milh\u00e3o", "pos": "NUM", "is_stop": false, "is_named": false}, "de": {"lemma": "de", "pos": "ADP", "is_stop": true, "is_named": false}, "contos": {"lemma": "conto", "pos": "NOUN", "is_stop": false, "is_named": false}}}, "it": {"text": "alla luce 37 miliardi di ai redditi inesistenti", "linguisticInfo": {"alla": {"lemma": "alla", "pos": "E_RD", "is_stop": true, "is_named": false}, "luce": {"lemma": "luce", "pos": "S", "is_stop": false, "is_named": false}, "37": {"lemma": "37", "pos": "N", "is_stop": false, "is_named": false}, "miliardi": {"lemma": "miliardo", "pos": "S", "is_stop": true, "is_named": false}, "di": {"lemma": "di", "pos": "E", "is_stop": true, "is_named": false}, "ai": {"lemma": "al", "pos": "E_RD", "is_stop": true, "is_named": false}, "redditi": {"lemma": "reddito", "pos": "S", "is_stop": false, "is_named": false}, "inesistenti": {"lemma": "inesistente", "pos": "A", "is_stop": false, "is_named": false}}}}, "obj": {"type": "Event", "pt": {"text": "prev\u00ea preju\u00edzos", "linguisticInfo": {"prev\u00ea": {"lemma": "prever", "pos": "VERB", "is_stop": false, "is_named": false}, "preju\u00edzos": {"lemma": "preju\u00edzo", "pos": "NOUN", "is_stop": false, "is_named": false}}}, "it": {"text": "prevede perdite", "linguisticInfo": {"prevede": {"lemma": "prevedere", "pos": "V", "is_stop": false, "is_named": false}, "perdite": {"lemma": "perdita", "pos": "S", "is_stop": false, "is_named": false}}}}}, {"id": "R17", "subj": {"type": "Oth_location", "pt": {"text": "s\u00f3 nas culturas de Outono-Inverno e da Primavera no Alentejo e no Ribatejo", "linguisticInfo": {"s\u00f3": {"lemma": "s\u00f3", "pos": "ADV", "is_stop": true, "is_named": false}, "nas": {"lemma": "o", "pos": "ADP", "is_stop": true, "is_named": false}, "culturas": {"lemma": "cultura", "pos": "NOUN", "is_stop": false, "is_named": false}, "de": {"lemma": "de", "pos": "ADP", "is_stop": true, "is_named": false}, "Outono-Inverno": {"lemma": "Outono-Inverno", "pos": "NOUN", "is_stop": false, "is_named": true}, "e": {"lemma": "e", "pos": "CCONJ", "is_stop": true, "is_named": false}, "da": {"lemma": "da", "pos": "ADP", "is_stop": true, "is_named": false}, "Primavera": {"lemma": "Primavera", "pos": "PROPN", "is_stop": false, "is_named": true}, "no": {"lemma": "o", "pos": "ADP", "is_stop": true, "is_named": false}, "Alentejo": {"lemma": "Alentejo", "pos": "PROPN", "is_stop": false, "is_named": true}, "Ribatejo": {"lemma": "Ribatejo", "pos": "PROPN", "is_stop": false, "is_named": true}}}, "it": {"text": "solo per i", "linguisticInfo": {"solo": {"lemma": "solo", "pos": "B", "is_stop": true, "is_named": false}, "per": {"lemma": "per", "pos": "E", "is_stop": true, "is_named": false}, "i": {"lemma": "il", "pos": "RD", "is_stop": false, "is_named": false}}}}, "obj": {"type": "Event", "pt": {"text": "prev\u00ea preju\u00edzos", "linguisticInfo": {"prev\u00ea": {"lemma": "prever", "pos": "VERB", "is_stop": false, "is_named": false}, "preju\u00edzos": {"lemma": "preju\u00edzo", "pos": "NOUN", "is_stop": false, "is_named": false}}}, "it": {"text": "prevede perdite", "linguisticInfo": {"prevede": {"lemma": "prevedere", "pos": "V", "is_stop": false, "is_named": false}, "perdite": {"lemma": "perdita", "pos": "S", "is_stop": false, "is_named": false}}}}}, {"id": "R18", "subj": {"type": "Non-human_Patient", "pt": {"text": "palha", "linguisticInfo": {"palha": {"lemma": "palha", "pos": "NOUN", "is_stop": false, "is_named": false}}}, "it": {"text": "fieno", "linguisticInfo": {"fieno": {"lemma": "fieno", "pos": "S", "is_stop": false, "is_named": false}}}}, "obj": {"type": "Event", "pt": {"text": "a previs\u00edvel falta", "linguisticInfo": {"a": {"lemma": "o", "pos": "DET", "is_stop": true, "is_named": false}, "previs\u00edvel": {"lemma": "previs\u00edvel", "pos": "ADJ", "is_stop": false, "is_named": false}, "falta": {"lemma": "falto", "pos": "NOUN", "is_stop": true, "is_named": false}}}, "it": {"text": "la prevedibile carenza", "linguisticInfo": {"la": {"lemma": "il", "pos": "RD", "is_stop": true, "is_named": false}, "prevedibile": {"lemma": "prevedibile", "pos": "A", "is_stop": false, "is_named": false}, "carenza": {"lemma": "carenza", "pos": "S", "is_stop": false, "is_named": false}}}}}, {"id": "R19", "subj": {"type": "Non-human_Oth_participant", "pt": {"text": "para os gados", "linguisticInfo": {"para": {"lemma": "parir", "pos": "ADP", "is_stop": true, "is_named": false}, "os": {"lemma": "o", "pos": "DET", "is_stop": true, "is_named": false}, "gados": {"lemma": "gado", "pos": "NOUN", "is_stop": false, "is_named": false}}}, "it": {"text": "per i raccolti", "linguisticInfo": {"per": {"lemma": "per", "pos": "E", "is_stop": true, "is_named": false}, "i": {"lemma": "il", "pos": "RD", "is_stop": false, "is_named": false}, "raccolti": {"lemma": "raccolti", "pos": "S", "is_stop": false, "is_named": false}}}}, "obj": {"type": "Event", "pt": {"text": "a previs\u00edvel falta", "linguisticInfo": {"a": {"lemma": "o", "pos": "DET", "is_stop": true, "is_named": false}, "previs\u00edvel": {"lemma": "previs\u00edvel", "pos": "ADJ", "is_stop": false, "is_named": false}, "falta": {"lemma": "falto", "pos": "NOUN", "is_stop": true, "is_named": false}}}, "it": {"text": "la prevedibile carenza", "linguisticInfo": {"la": {"lemma": "il", "pos": "RD", "is_stop": true, "is_named": false}, "prevedibile": {"lemma": "prevedibile", "pos": "A", "is_stop": false, "is_named": false}, "carenza": {"lemma": "carenza", "pos": "S", "is_stop": false, "is_named": false}}}}}, {"id": "R20", "subj": {"type": "Time", "pt": {"text": "no pr\u00f3ximo ano", "linguisticInfo": {"no": {"lemma": "o", "pos": "ADP", "is_stop": true, "is_named": false}, "pr\u00f3ximo": {"lemma": "pr\u00f3ximo", "pos": "ADJ", "is_stop": true, "is_named": false}, "ano": {"lemma": "ano", "pos": "NOUN", "is_stop": false, "is_named": false}}}, "it": {"text": "il prossimo anno", "linguisticInfo": {"il": {"lemma": "il", "pos": "RD", "is_stop": true, "is_named": false}, "prossimo": {"lemma": "prossimo", "pos": "A", "is_stop": false, "is_named": false}, "anno": {"lemma": "anno", "pos": "S", "is_stop": true, "is_named": false}}}}, "obj": {"type": "Event", "pt": {"text": "a previs\u00edvel falta", "linguisticInfo": {"a": {"lemma": "o", "pos": "DET", "is_stop": true, "is_named": false}, "previs\u00edvel": {"lemma": "previs\u00edvel", "pos": "ADJ", "is_stop": false, "is_named": false}, "falta": {"lemma": "falto", "pos": "NOUN", "is_stop": true, "is_named": false}}}, "it": {"text": "la prevedibile carenza", "linguisticInfo": {"la": {"lemma": "il", "pos": "RD", "is_stop": true, "is_named": false}, "prevedibile": {"lemma": "prevedibile", "pos": "A", "is_stop": false, "is_named": false}, "carenza": {"lemma": "carenza", "pos": "S", "is_stop": false, "is_named": false}}}}}, {"id": "R21", "subj": {"type": "Human_Agent", "pt": {"text": "que", "linguisticInfo": {"que": {"lemma": "que", "pos": "SCONJ", "is_stop": true, "is_named": false}}}, "it": {"text": "che", "linguisticInfo": {"che": {"lemma": "che", "pos": "CS", "is_stop": true, "is_named": false}}}}, "obj": {"type": "Event", "pt": {"text": "calcula", "linguisticInfo": {"calcula": {"lemma": "calcular", "pos": "NOUN", "is_stop": false, "is_named": false}}}, "it": {"text": "stima", "linguisticInfo": {"stima": {"lemma": "stima", "pos": "S", "is_stop": false, "is_named": false}}}}}, {"id": "R22", "subj": {"type": "Non-human_Oth_participant", "pt": {"text": "que cerca de 80 por cento das culturas de sequeiro estejam perdidas e comprometidas as culturas da Primavera", "linguisticInfo": {"que": {"lemma": "que", "pos": "SCONJ", "is_stop": true, "is_named": false}, "cerca": {"lemma": "cercar", "pos": "ADV", "is_stop": false, "is_named": false}, "de": {"lemma": "de", "pos": "ADP", "is_stop": true, "is_named": false}, "80": {"lemma": "80", "pos": "NUM", "is_stop": false, "is_named": false}, "por": {"lemma": "por", "pos": "ADP", "is_stop": true, "is_named": false}, "cento": {"lemma": "cento", "pos": "NUM", "is_stop": true, "is_named": false}, "das": {"lemma": "das", "pos": "ADP", "is_stop": true, "is_named": false}, "culturas": {"lemma": "cultura", "pos": "NOUN", "is_stop": false, "is_named": false}, "sequeiro": {"lemma": "sequeiro", "pos": "NOUN", "is_stop": false, "is_named": false}, "estejam": {"lemma": "estar", "pos": "AUX", "is_stop": false, "is_named": false}, "perdidas": {"lemma": "perdido", "pos": "VERB", "is_stop": false, "is_named": false}, "e": {"lemma": "e", "pos": "CCONJ", "is_stop": true, "is_named": false}, "comprometidas": {"lemma": "comprometido", "pos": "VERB", "is_stop": false, "is_named": false}, "as": {"lemma": "o", "pos": "DET", "is_stop": true, "is_named": false}, "da": {"lemma": "da", "pos": "ADP", "is_stop": true, "is_named": false}, "Primavera": {"lemma": "Primavera", "pos": "NOUN", "is_stop": false, "is_named": true}}}, "it": {"text": "che si somma circa l &apos;", "linguisticInfo": {"che": {"lemma": "che", "pos": "CS", "is_stop": true, "is_named": false}, "si": {"lemma": "si", "pos": "PC", "is_stop": true, "is_named": false}, "somma": {"lemma": "sommare", "pos": "V", "is_stop": false, "is_named": false}, "circa": {"lemma": "circa", "pos": "B", "is_stop": true, "is_named": false}, "l": {"lemma": "l", "pos": "PE", "is_stop": false, "is_named": false}, "&": {"lemma": "&", "pos": "SYM", "is_stop": false, "is_named": false}, "apos": {"lemma": "apos", "pos": "A", "is_stop": false, "is_named": false}, ";": {"lemma": ";", "pos": "FC", "is_stop": false, "is_named": false}}}}, "obj": {"type": "Event", "pt": {"text": "calcula", "linguisticInfo": {"calcula": {"lemma": "calcular", "pos": "NOUN", "is_stop": false, "is_named": false}}}, "it": {"text": "stima", "linguisticInfo": {"stima": {"lemma": "stima", "pos": "S", "is_stop": false, "is_named": false}}}}}, {"id": "R23", "subj": {"type": "Human_Agent", "pt": {"text": "A Fenca", "linguisticInfo": {"A": {"lemma": "A", "pos": "DET", "is_stop": true, "is_named": true}, "Fenca": {"lemma": "Fenca", "pos": "PROPN", "is_stop": false, "is_named": true}}}, "it": {"text": "la fenca", "linguisticInfo": {"la": {"lemma": "il", "pos": "RD", "is_stop": true, "is_named": false}, "fenca": {"lemma": "fenca", "pos": "S", "is_stop": false, "is_named": false}}}}, "obj": {"type": "Event", "pt": {"text": "considera", "linguisticInfo": {"considera": {"lemma": "considerar", "pos": "VERB", "is_stop": false, "is_named": false}}}, "it": {"text": "considera", "linguisticInfo": {"considera": {"lemma": "considerare", "pos": "V", "is_stop": false, "is_named": false}}}}}, {"id": "R24", "subj": {"type": "Non-human_Oth_participant", "pt": {"text": "claramente insuficientes", "linguisticInfo": {"claramente": {"lemma": "claramente", "pos": "ADV", "is_stop": false, "is_named": false}, "insuficientes": {"lemma": "insuficiente", "pos": "ADJ", "is_stop": false, "is_named": false}}}, "it": {"text": "chiaramente insufficienti", "linguisticInfo": {"chiaramente": {"lemma": "chiaramente", "pos": "B", "is_stop": false, "is_named": false}, "insufficienti": {"lemma": "insufficiente", "pos": "A", "is_stop": false, "is_named": false}}}}, "obj": {"type": "Event", "pt": {"text": "considera", "linguisticInfo": {"considera": {"lemma": "considerar", "pos": "VERB", "is_stop": false, "is_named": false}}}, "it": {"text": "considera", "linguisticInfo": {"considera": {"lemma": "considerare", "pos": "V", "is_stop": false, "is_named": false}}}}}, {"id": "R25", "subj": {"type": "Non-human_Patient", "pt": {"text": "as medidas recentemente anunciadas pelo Governo", "linguisticInfo": {"as": {"lemma": "o", "pos": "DET", "is_stop": true, "is_named": false}, "medidas": {"lemma": "medir", "pos": "NOUN", "is_stop": false, "is_named": false}, "recentemente": {"lemma": "recentemente", "pos": "ADV", "is_stop": false, "is_named": false}, "anunciadas": {"lemma": "anunciar", "pos": "VERB", "is_stop": false, "is_named": false}, "pelo": {"lemma": "pelar", "pos": "ADP", "is_stop": true, "is_named": false}, "Governo": {"lemma": "Governo", "pos": "PROPN", "is_stop": false, "is_named": true}}}, "it": {"text": "le misure recentemente annunciate dal governo", "linguisticInfo": {"le": {"lemma": "il", "pos": "RD", "is_stop": true, "is_named": false}, "misure": {"lemma": "misura", "pos": "S", "is_stop": false, "is_named": false}, "recentemente": {"lemma": "recentemente", "pos": "B", "is_stop": true, "is_named": false}, "annunciate": {"lemma": "annunciate", "pos": "V", "is_stop": false, "is_named": false}, "dal": {"lemma": "dal", "pos": "E_RD", "is_stop": true, "is_named": false}, "governo": {"lemma": "governo", "pos": "S", "is_stop": true, "is_named": false}}}}, "obj": {"type": "Event", "pt": {"text": "considera", "linguisticInfo": {"considera": {"lemma": "considerar", "pos": "VERB", "is_stop": false, "is_named": false}}}, "it": {"text": "considera", "linguisticInfo": {"considera": {"lemma": "considerare", "pos": "V", "is_stop": false, "is_named": false}}}}}, {"id": "R26", "subj": {"type": "Non-human_Patient", "pt": {"text": "as medidas", "linguisticInfo": {"as": {"lemma": "o", "pos": "DET", "is_stop": true, "is_named": false}, "medidas": {"lemma": "medir", "pos": "NOUN", "is_stop": false, "is_named": false}}}, "it": {"text": "le misure", "linguisticInfo": {"le": {"lemma": "il", "pos": "RD", "is_stop": true, "is_named": false}, "misure": {"lemma": "misura", "pos": "S", "is_stop": false, "is_named": false}}}}, "obj": {"type": "Event", "pt": {"text": "anunciadas", "linguisticInfo": {"anunciadas": {"lemma": "anunciar", "pos": "VERB", "is_stop": false, "is_named": false}}}, "it": {"text": "annunciate", "linguisticInfo": {"annunciate": {"lemma": "annunciate", "pos": "A", "is_stop": false, "is_named": false}}}}}, {"id": "R27", "subj": {"type": "Time", "pt": {"text": "recentemente", "linguisticInfo": {"recentemente": {"lemma": "recentemente", "pos": "ADV", "is_stop": false, "is_named": false}}}, "it": {"text": "recentemente", "linguisticInfo": {"recentemente": {"lemma": "recentemente", "pos": "B", "is_stop": true, "is_named": false}}}}, "obj": {"type": "Event", "pt": {"text": "anunciadas", "linguisticInfo": {"anunciadas": {"lemma": "anunciar", "pos": "VERB", "is_stop": false, "is_named": false}}}, "it": {"text": "annunciate", "linguisticInfo": {"annunciate": {"lemma": "annunciate", "pos": "A", "is_stop": false, "is_named": false}}}}}]}, "sentences_2": {"itText": "NULL la creazione di commissioni regionali , composte da rappresentanti delle diverse componenti del mondo agricolo preposte a monitorare e valutare la situazione ; la concessione di aiuti a fondo perduto , sussidi , moratorie e linee di credito con interessi agevolati per le cooperative commerciali ; misure di previdenza sociale e l&apos; intervento dello stato nel mercato del bestiame sono solo alcune delle esigenze avanzate dalla fenca .", "ptText": "a cria\u00e7\u00e3o de comiss\u00f5es regionais , integradas por representantes dos v\u00e1rios intervenientes no mundo agr\u00edcola e destinadas a acompanhar e a avaliar a situa\u00e7\u00e3o ; a concess\u00e3o de apoios a fundo perdido , subs\u00eddios , morat\u00f3rias e linhas de cr\u00e9dito com juros bonificados para as cooperativas de comercializa\u00e7\u00e3o ; medidas de seguran\u00e7a social e a interven\u00e7\u00e3o do estado no mercado da pecu\u00e1ria s\u00e3o algumas das exig\u00eancias imediatas da fenca . \n", "relations": [{"id": "R29", "subj": {"type": "Human_Patient", "pt": {"text": "comiss\u00f5es regionais", "linguisticInfo": {"comiss\u00f5es": {"lemma": "comiss\u00e3o", "pos": "NOUN", "is_stop": false, "is_named": false}, "regionais": {"lemma": "regional", "pos": "ADJ", "is_stop": false, "is_named": false}}}, "it": {"text": "commissioni regionali", "linguisticInfo": {"commissioni": {"lemma": "commissione", "pos": "S", "is_stop": false, "is_named": false}, "regionali": {"lemma": "regionale", "pos": "A", "is_stop": false, "is_named": false}}}}, "obj": {"type": "Event", "pt": {"text": "A cria\u00e7\u00e3o", "linguisticInfo": {"A": {"lemma": "A", "pos": "DET", "is_stop": true, "is_named": true}, "cria\u00e7\u00e3o": {"lemma": "cria\u00e7\u00e3o", "pos": "NOUN", "is_stop": false, "is_named": false}}}, "it": {"text": "la creazione", "linguisticInfo": {"la": {"lemma": "il", "pos": "RD", "is_stop": true, "is_named": false}, "creazione": {"lemma": "creazione", "pos": "S", "is_stop": false, "is_named": false}}}}}, {"id": "R30", "subj": {"type": "Human_Agent", "pt": {"text": "representantes dos v\u00e1rios intervenientes no mundo agr\u00edcola", "linguisticInfo": {"representantes": {"lemma": "representante", "pos": "NOUN", "is_stop": false, "is_named": false}, "dos": {"lemma": "dos", "pos": "ADP", "is_stop": true, "is_named": false}, "v\u00e1rios": {"lemma": "v\u00e1rio", "pos": "DET", "is_stop": true, "is_named": false}, "intervenientes": {"lemma": "interveniente", "pos": "ADJ", "is_stop": false, "is_named": false}, "no": {"lemma": "o", "pos": "ADP", "is_stop": true, "is_named": false}, "mundo": {"lemma": "mundo", "pos": "NOUN", "is_stop": false, "is_named": false}, "agr\u00edcola": {"lemma": "agr\u00edcola", "pos": "ADJ", "is_stop": false, "is_named": false}}}, "it": {"text": "rappresentanti delle diverse componenti del mondo", "linguisticInfo": {"rappresentanti": {"lemma": "rappresentante", "pos": "S", "is_stop": false, "is_named": false}, "delle": {"lemma": "della", "pos": "E_RD", "is_stop": true, "is_named": false}, "diverse": {"lemma": "diverse", "pos": "DI", "is_stop": false, "is_named": false}, "componenti": {"lemma": "componente", "pos": "S", "is_stop": false, "is_named": false}, "del": {"lemma": "del", "pos": "E_RD", "is_stop": true, "is_named": false}, "mondo": {"lemma": "mondo", "pos": "S", "is_stop": true, "is_named": false}}}}, "obj": {"type": "Event", "pt": {"text": "integradas", "linguisticInfo": {"integradas": {"lemma": "integrar", "pos": "VERB", "is_stop": false, "is_named": false}}}, "it": {"text": "composte", "linguisticInfo": {"composte": {"lemma": "comporre", "pos": "V", "is_stop": false, "is_named": false}}}}}, {"id": "R31", "subj": {"type": "Human_Patient", "pt": {"text": "comiss\u00f5es regionais", "linguisticInfo": {"comiss\u00f5es": {"lemma": "comiss\u00e3o", "pos": "NOUN", "is_stop": false, "is_named": false}, "regionais": {"lemma": "regional", "pos": "ADJ", "is_stop": false, "is_named": false}}}, "it": {"text": "commissioni regionali", "linguisticInfo": {"commissioni": {"lemma": "commissione", "pos": "S", "is_stop": false, "is_named": false}, "regionali": {"lemma": "regionale", "pos": "A", "is_stop": false, "is_named": false}}}}, "obj": {"type": "Event", "pt": {"text": "integradas", "linguisticInfo": {"integradas": {"lemma": "integrar", "pos": "VERB", "is_stop": false, "is_named": false}}}, "it": {"text": "composte", "linguisticInfo": {"composte": {"lemma": "comporre", "pos": "V", "is_stop": false, "is_named": false}}}}}, {"id": "R32", "subj": {"type": "Human_Patient", "pt": {"text": "comiss\u00f5es regionais", "linguisticInfo": {"comiss\u00f5es": {"lemma": "comiss\u00e3o", "pos": "NOUN", "is_stop": false, "is_named": false}, "regionais": {"lemma": "regional", "pos": "ADJ", "is_stop": false, "is_named": false}}}, "it": {"text": "commissioni regionali", "linguisticInfo": {"commissioni": {"lemma": "commissione", "pos": "S", "is_stop": false, "is_named": false}, "regionali": {"lemma": "regionale", "pos": "A", "is_stop": false, "is_named": false}}}}, "obj": {"type": "Event", "pt": {"text": "destinadas", "linguisticInfo": {"destinadas": {"lemma": "destinar", "pos": "VERB", "is_stop": false, "is_named": false}}}, "it": {"text": "preposte", "linguisticInfo": {"preposte": {"lemma": "preposte", "pos": "S", "is_stop": false, "is_named": false}}}}}, {"id": "R33", "subj": {"type": "Non-human_Oth_participant", "pt": {"text": "a acompanhar e a avaliar a situa\u00e7\u00e3o", "linguisticInfo": {"a": {"lemma": "o", "pos": "DET", "is_stop": true, "is_named": false}, "acompanhar": {"lemma": "acompanhar", "pos": "VERB", "is_stop": false, "is_named": false}, "e": {"lemma": "e", "pos": "CCONJ", "is_stop": true, "is_named": false}, "avaliar": {"lemma": "avaliar", "pos": "VERB", "is_stop": false, "is_named": false}, "situa\u00e7\u00e3o": {"lemma": "situa\u00e7\u00e3o", "pos": "NOUN", "is_stop": false, "is_named": false}}}, "it": {"text": "a monitorare e valutare la", "linguisticInfo": {"a": {"lemma": "a", "pos": "E", "is_stop": true, "is_named": false}, "monitorare": {"lemma": "monitorare", "pos": "V", "is_stop": false, "is_named": false}, "e": {"lemma": "e", "pos": "CC", "is_stop": false, "is_named": false}, "valutare": {"lemma": "valutare", "pos": "V", "is_stop": false, "is_named": false}, "la": {"lemma": "il", "pos": "RD", "is_stop": true, "is_named": false}}}}, "obj": {"type": "Event", "pt": {"text": "destinadas", "linguisticInfo": {"destinadas": {"lemma": "destinar", "pos": "VERB", "is_stop": false, "is_named": false}}}, "it": {"text": "preposte", "linguisticInfo": {"preposte": {"lemma": "preposte", "pos": "S", "is_stop": false, "is_named": false}}}}}, {"id": "R34", "subj": {"type": "Non-human_Patient", "pt": {"text": "a situa\u00e7\u00e3o", "linguisticInfo": {"a": {"lemma": "o", "pos": "DET", "is_stop": true, "is_named": false}, "situa\u00e7\u00e3o": {"lemma": "situa\u00e7\u00e3o", "pos": "NOUN", "is_stop": false, "is_named": false}}}, "it": {"text": "la situazione", "linguisticInfo": {"la": {"lemma": "il", "pos": "RD", "is_stop": true, "is_named": false}, "situazione": {"lemma": "situazione", "pos": "S", "is_stop": false, "is_named": false}}}}, "obj": {"type": "Event", "pt": {"text": "avaliar", "linguisticInfo": {"avaliar": {"lemma": "avaliar", "pos": "VERB", "is_stop": false, "is_named": false}}}, "it": {"text": "valutare", "linguisticInfo": {"valutare": {"lemma": "valutare", "pos": "V", "is_stop": false, "is_named": false}}}}}, {"id": "R35", "subj": {"type": "Non-human_Patient", "pt": {"text": "a situa\u00e7\u00e3o", "linguisticInfo": {"a": {"lemma": "o", "pos": "DET", "is_stop": true, "is_named": false}, "situa\u00e7\u00e3o": {"lemma": "situa\u00e7\u00e3o", "pos": "NOUN", "is_stop": false, "is_named": false}}}, "it": {"text": "la situazione", "linguisticInfo": {"la": {"lemma": "il", "pos": "RD", "is_stop": true, "is_named": false}, "situazione": {"lemma": "situazione", "pos": "S", "is_stop": false, "is_named": false}}}}, "obj": {"type": "Event", "pt": {"text": "acompanhar", "linguisticInfo": {"acompanhar": {"lemma": "acompanhar", "pos": "VERB", "is_stop": false, "is_named": false}}}, "it": {"text": "monitorare", "linguisticInfo": {"monitorare": {"lemma": "monitorare", "pos": "V", "is_stop": false, "is_named": false}}}}}, {"id": "R36", "subj": {"type": "Non-human_Patient", "pt": {"text": "apoios a fundo perdido , subs\u00eddios , morat\u00f3rias e linhas de cr\u00e9dito com juros bonificados para as cooperativas de comercializa\u00e7\u00e3o", "linguisticInfo": {"apoios": {"lemma": "apoio", "pos": "NOUN", "is_stop": false, "is_named": false}, "a": {"lemma": "o", "pos": "ADP", "is_stop": true, "is_named": false}, "fundo": {"lemma": "fundir", "pos": "NOUN", "is_stop": false, "is_named": false}, "perdido": {"lemma": "perder", "pos": "VERB", "is_stop": false, "is_named": false}, ",": {"lemma": ",", "pos": "PUNCT", "is_stop": false, "is_named": false}, "subs\u00eddios": {"lemma": "subs\u00eddio", "pos": "NOUN", "is_stop": false, "is_named": false}, "morat\u00f3rias": {"lemma": "morat\u00f3rio", "pos": "NOUN", "is_stop": false, "is_named": false}, "e": {"lemma": "e", "pos": "CCONJ", "is_stop": true, "is_named": false}, "linhas": {"lemma": "linha", "pos": "NOUN", "is_stop": false, "is_named": false}, "de": {"lemma": "de", "pos": "ADP", "is_stop": true, "is_named": false}, "cr\u00e9dito": {"lemma": "cr\u00e9dito", "pos": "NOUN", "is_stop": false, "is_named": false}, "com": {"lemma": "com", "pos": "ADP", "is_stop": true, "is_named": false}, "juros": {"lemma": "juro", "pos": "NOUN", "is_stop": false, "is_named": false}, "bonificados": {"lemma": "bonificar", "pos": "VERB", "is_stop": false, "is_named": false}, "para": {"lemma": "parir", "pos": "ADP", "is_stop": true, "is_named": false}, "as": {"lemma": "o", "pos": "DET", "is_stop": true, "is_named": false}, "cooperativas": {"lemma": "cooperativo", "pos": "NOUN", "is_stop": false, "is_named": false}, "comercializa\u00e7\u00e3o": {"lemma": "comercializa\u00e7\u00e3o", "pos": "NOUN", "is_stop": false, "is_named": false}}}, "it": {"text": "aiuti a fondo perduto , sussidi , moratorie e linee di credito con interessi agevolati per le", "linguisticInfo": {"aiuti": {"lemma": "aiuto", "pos": "S", "is_stop": false, "is_named": false}, "a": {"lemma": "a", "pos": "E", "is_stop": true, "is_named": false}, "fondo": {"lemma": "fondo", "pos": "S", "is_stop": false, "is_named": false}, "perduto": {"lemma": "perduto", "pos": "A", "is_stop": false, "is_named": false}, ",": {"lemma": ",", "pos": "FF", "is_stop": false, "is_named": false}, "sussidi": {"lemma": "sussidi", "pos": "A", "is_stop": false, "is_named": false}, "moratorie": {"lemma": "moratoria", "pos": "S", "is_stop": false, "is_named": false}, "e": {"lemma": "e", "pos": "CC", "is_stop": false, "is_named": false}, "linee": {"lemma": "linea", "pos": "S", "is_stop": false, "is_named": false}, "di": {"lemma": "di", "pos": "E", "is_stop": true, "is_named": false}, "credito": {"lemma": "credito", "pos": "S", "is_stop": false, "is_named": false}, "con": {"lemma": "con", "pos": "E", "is_stop": true, "is_named": false}, "interessi": {"lemma": "interesse", "pos": "S", "is_stop": false, "is_named": false}, "agevolati": {"lemma": "agevolati", "pos": "A", "is_stop": false, "is_named": false}, "per": {"lemma": "per", "pos": "E", "is_stop": true, "is_named": false}, "le": {"lemma": "il", "pos": "RD", "is_stop": true, "is_named": false}}}}, "obj": {"type": "Event", "pt": {"text": "a concess\u00e3o", "linguisticInfo": {"a": {"lemma": "o", "pos": "DET", "is_stop": true, "is_named": false}, "concess\u00e3o": {"lemma": "concess\u00e3o", "pos": "NOUN", "is_stop": false, "is_named": false}}}, "it": {"text": "la concessione", "linguisticInfo": {"la": {"lemma": "il", "pos": "RD", "is_stop": true, "is_named": false}, "concessione": {"lemma": "concessione", "pos": "S", "is_stop": false, "is_named": false}}}}}, {"id": "R37", "subj": {"type": "Oth_location", "pt": {"text": "no mercado da pecu\u00e1ria", "linguisticInfo": {"no": {"lemma": "o", "pos": "ADP", "is_stop": true, "is_named": false}, "mercado": {"lemma": "mercar", "pos": "NOUN", "is_stop": false, "is_named": false}, "da": {"lemma": "da", "pos": "ADP", "is_stop": true, "is_named": false}, "pecu\u00e1ria": {"lemma": "pecu\u00e1rio", "pos": "NOUN", "is_stop": false, "is_named": false}}}, "it": {"text": "nel mercato del bestiame", "linguisticInfo": {"nel": {"lemma": "nel", "pos": "E_RD", "is_stop": true, "is_named": false}, "mercato": {"lemma": "mercato", "pos": "S", "is_stop": false, "is_named": false}, "del": {"lemma": "del", "pos": "E_RD", "is_stop": true, "is_named": false}, "bestiame": {"lemma": "bestiame", "pos": "S", "is_stop": false, "is_named": false}}}}, "obj": {"type": "Event", "pt": {"text": "a interven\u00e7\u00e3o", "linguisticInfo": {"a": {"lemma": "o", "pos": "DET", "is_stop": true, "is_named": false}, "interven\u00e7\u00e3o": {"lemma": "interven\u00e7\u00e3o", "pos": "NOUN", "is_stop": false, "is_named": false}}}, "it": {"text": "l&apos; intervento", "linguisticInfo": {"l&apos": {"lemma": "l&apos", "pos": "B", "is_stop": false, "is_named": false}, ";": {"lemma": ";", "pos": "FC", "is_stop": false, "is_named": false}, "intervento": {"lemma": "intervento", "pos": "S", "is_stop": false, "is_named": false}}}}}]}, "sentences_3": {"itText": "NULL a lungo termine , la federazione intende condurre un&apos; indagine sui problemi di fondo , compreso uno studio delle risorse idriche dell&apos; alentejo e del ribatejo . e critica &quot; l&apos; assenza di una politica gestionale &quot; in questo ambito , nonch\u00e9 l&apos; accelerazione del processo decisionale sul tema dell \u2019 alqueva : concretizzare la riduzione delle compartecipazioni della diga - che sembra essere il progetto di governo secondo lino de carvalho , poich\u00e9 cos\u00ec facendo l \u2019 alqueva &quot; cesser\u00e0 di essere l \u2019 investimento vantaggioso &quot; inizialmente previsto .", "ptText": "a prazo , a federa\u00e7\u00e3o pretende que se fa\u00e7a um levantamento dos problemas de fundo , inclusive um estudo dos recursos h\u00eddricos do alentejo e ribatejo . e critica &quot; a aus\u00eancia de uma pol\u00edtica de gest\u00e3o &quot; neste dom\u00ednio , assim como a acelera\u00e7\u00e3o do processo de decis\u00e3o sobre o alqueva : a concretizar -se a redu\u00e7\u00e3o das cotas da barragem - como pensa lino de carvalho ser inten\u00e7\u00e3o do governo - , ela &quot; deixa de ser o empreendimento de m\u00faltiplas valias &quot; inicialmente projectado . \n", "relations": [{"id": "R39", "subj": {"type": "Time", "pt": {"text": "A prazo", "linguisticInfo": {"A": {"lemma": "A", "pos": "ADP", "is_stop": true, "is_named": true}, "prazo": {"lemma": "prazo", "pos": "NOUN", "is_stop": false, "is_named": false}}}, "it": {"text": "a termine", "linguisticInfo": {"a": {"lemma": "a", "pos": "E", "is_stop": true, "is_named": false}, "termine": {"lemma": "termine", "pos": "S", "is_stop": false, "is_named": false}}}}, "obj": {"type": "Event", "pt": {"text": "pretende", "linguisticInfo": {"pretende": {"lemma": "pretender", "pos": "VERB", "is_stop": false, "is_named": false}}}, "it": {"text": "intende", "linguisticInfo": {"intende": {"lemma": "intendere", "pos": "V", "is_stop": false, "is_named": false}}}}}, {"id": "R40", "subj": {"type": "Human_Agent", "pt": {"text": "a Federa\u00e7\u00e3o", "linguisticInfo": {"a": {"lemma": "o", "pos": "DET", "is_stop": true, "is_named": false}, "Federa\u00e7\u00e3o": {"lemma": "Federa\u00e7\u00e3o", "pos": "PROPN", "is_stop": false, "is_named": true}}}, "it": {"text": "la federazione", "linguisticInfo": {"la": {"lemma": "il", "pos": "RD", "is_stop": true, "is_named": false}, "federazione": {"lemma": "federazione", "pos": "S", "is_stop": false, "is_named": false}}}}, "obj": {"type": "Event", "pt": {"text": "pretende", "linguisticInfo": {"pretende": {"lemma": "pretender", "pos": "VERB", "is_stop": false, "is_named": false}}}, "it": {"text": "intende", "linguisticInfo": {"intende": {"lemma": "intendere", "pos": "V", "is_stop": false, "is_named": false}}}}}, {"id": "R41", "subj": {"type": "Non-human_Oth_participant", "pt": {"text": "que se fa\u00e7a um levantamento dos problemas de fundo , inclusive um estudo dos recursos h\u00eddricos do Alentejo e Ribatejo", "linguisticInfo": {"que": {"lemma": "que", "pos": "SCONJ", "is_stop": true, "is_named": false}, "se": {"lemma": "se", "pos": "PRON", "is_stop": true, "is_named": false}, "fa\u00e7a": {"lemma": "fazer", "pos": "VERB", "is_stop": false, "is_named": false}, "um": {"lemma": "um", "pos": "DET", "is_stop": true, "is_named": false}, "levantamento": {"lemma": "levantamento", "pos": "NOUN", "is_stop": false, "is_named": false}, "dos": {"lemma": "dos", "pos": "ADP", "is_stop": true, "is_named": false}, "problemas": {"lemma": "problema", "pos": "NOUN", "is_stop": false, "is_named": false}, "de": {"lemma": "de", "pos": "ADP", "is_stop": true, "is_named": false}, "fundo": {"lemma": "fundir", "pos": "NOUN", "is_stop": false, "is_named": false}, ",": {"lemma": ",", "pos": "PUNCT", "is_stop": false, "is_named": false}, "inclusive": {"lemma": "inclusive", "pos": "ADV", "is_stop": true, "is_named": false}, "estudo": {"lemma": "estudar", "pos": "NOUN", "is_stop": false, "is_named": false}, "recursos": {"lemma": "recurso", "pos": "NOUN", "is_stop": false, "is_named": false}, "h\u00eddricos": {"lemma": "h\u00eddrico", "pos": "ADJ", "is_stop": false, "is_named": false}, "do": {"lemma": "do", "pos": "ADP", "is_stop": true, "is_named": false}, "Alentejo": {"lemma": "Alentejo", "pos": "PROPN", "is_stop": false, "is_named": true}, "e": {"lemma": "e", "pos": "CCONJ", "is_stop": true, "is_named": false}, "Ribatejo": {"lemma": "Ribatejo", "pos": "PROPN", "is_stop": false, "is_named": true}}}, "it": {"text": "a lungo", "linguisticInfo": {"a": {"lemma": "a", "pos": "E", "is_stop": true, "is_named": false}, "lungo": {"lemma": "lungo", "pos": "A", "is_stop": true, "is_named": false}}}}, "obj": {"type": "Event", "pt": {"text": "pretende", "linguisticInfo": {"pretende": {"lemma": "pretender", "pos": "VERB", "is_stop": false, "is_named": false}}}, "it": {"text": "intende", "linguisticInfo": {"intende": {"lemma": "intendere", "pos": "V", "is_stop": false, "is_named": false}}}}}, {"id": "R45", "subj": {"type": "Non-human_Patient", "pt": {"text": "do processo de decis\u00e3o sobre o Alqueva", "linguisticInfo": {"do": {"lemma": "do", "pos": "ADP", "is_stop": true, "is_named": false}, "processo": {"lemma": "processar", "pos": "NOUN", "is_stop": false, "is_named": false}, "de": {"lemma": "de", "pos": "ADP", "is_stop": true, "is_named": false}, "decis\u00e3o": {"lemma": "decis\u00e3o", "pos": "NOUN", "is_stop": false, "is_named": false}, "sobre": {"lemma": "sobrar", "pos": "ADP", "is_stop": true, "is_named": false}, "o": {"lemma": "o", "pos": "DET", "is_stop": true, "is_named": false}, "Alqueva": {"lemma": "Alqueva", "pos": "PROPN", "is_stop": false, "is_named": true}}}, "it": {"text": "del ribatejo . processo decisionale sul", "linguisticInfo": {"del": {"lemma": "del", "pos": "E_RD", "is_stop": true, "is_named": false}, "ribatejo": {"lemma": "ribatejo", "pos": "S", "is_stop": false, "is_named": false}, ".": {"lemma": ".", "pos": "FS", "is_stop": false, "is_named": false}, "processo": {"lemma": "processo", "pos": "S", "is_stop": false, "is_named": false}, "decisionale": {"lemma": "decisionale", "pos": "A", "is_stop": false, "is_named": false}, "sul": {"lemma": "sul", "pos": "E_RD", "is_stop": true, "is_named": false}}}}, "obj": {"type": "Event", "pt": {"text": "a acelera\u00e7\u00e3o", "linguisticInfo": {"a": {"lemma": "o", "pos": "DET", "is_stop": true, "is_named": false}, "acelera\u00e7\u00e3o": {"lemma": "acelera\u00e7\u00e3o", "pos": "NOUN", "is_stop": false, "is_named": false}}}, "it": {"text": "l&apos; accelerazione", "linguisticInfo": {"l&apos": {"lemma": "l&apos", "pos": "B", "is_stop": false, "is_named": false}, ";": {"lemma": ";", "pos": "FC", "is_stop": false, "is_named": false}, "accelerazione": {"lemma": "accelerazione", "pos": "S", "is_stop": false, "is_named": false}}}}}, {"id": "R47", "subj": {"type": "Non-human_Patient", "pt": {"text": "o empreendimento de m\u00faltiplas valias", "linguisticInfo": {"o": {"lemma": "o", "pos": "DET", "is_stop": true, "is_named": false}, "empreendimento": {"lemma": "empreendimento", "pos": "NOUN", "is_stop": false, "is_named": false}, "de": {"lemma": "de", "pos": "ADP", "is_stop": true, "is_named": false}, "m\u00faltiplas": {"lemma": "m\u00faltiplo", "pos": "ADJ", "is_stop": false, "is_named": false}, "valias": {"lemma": "valia", "pos": "NOUN", "is_stop": false, "is_named": false}}}, "it": {"text": "l \u2019 alqueva investimento vantaggioso &quot;", "linguisticInfo": {"l": {"lemma": "l", "pos": "PC", "is_stop": false, "is_named": false}, "\u2019": {"lemma": "\u2019", "pos": "PC", "is_stop": false, "is_named": false}, "alqueva": {"lemma": "alqueva", "pos": "V", "is_stop": false, "is_named": false}, "investimento": {"lemma": "investimento", "pos": "S", "is_stop": false, "is_named": false}, "vantaggioso": {"lemma": "vantaggioso", "pos": "A", "is_stop": false, "is_named": false}, "&": {"lemma": "&", "pos": "SYM", "is_stop": false, "is_named": false}, "quot": {"lemma": "quot", "pos": "A", "is_stop": false, "is_named": false}, ";": {"lemma": ";", "pos": "FC", "is_stop": false, "is_named": false}}}}, "obj": {"type": "Event", "pt": {"text": "projectado", "linguisticInfo": {"projectado": {"lemma": "projectar", "pos": "VERB", "is_stop": false, "is_named": false}}}, "it": {"text": "previsto", "linguisticInfo": {"previsto": {"lemma": "previsto", "pos": "V", "is_stop": false, "is_named": false}}}}}, {"id": "R48", "subj": {"type": "Time", "pt": {"text": "inicialmente", "linguisticInfo": {"inicialmente": {"lemma": "inicialmente", "pos": "ADV", "is_stop": false, "is_named": false}}}, "it": {"text": "inizialmente", "linguisticInfo": {"inizialmente": {"lemma": "inizialmente", "pos": "B", "is_stop": false, "is_named": false}}}}, "obj": {"type": "Event", "pt": {"text": "projectado", "linguisticInfo": {"projectado": {"lemma": "projectar", "pos": "VERB", "is_stop": false, "is_named": false}}}, "it": {"text": "previsto", "linguisticInfo": {"previsto": {"lemma": "previsto", "pos": "V", "is_stop": false, "is_named": false}}}}}, {"id": "R49", "subj": {"type": "Non-human_Patient", "pt": {"text": "m\u00faltiplas valias", "linguisticInfo": {"m\u00faltiplas": {"lemma": "m\u00faltiplo", "pos": "ADJ", "is_stop": false, "is_named": false}, "valias": {"lemma": "valia", "pos": "NOUN", "is_stop": false, "is_named": false}}}, "it": {"text": "vantaggioso &quot; inizialmente", "linguisticInfo": {"vantaggioso": {"lemma": "vantaggioso", "pos": "A", "is_stop": false, "is_named": false}, "&": {"lemma": "&", "pos": "SYM", "is_stop": false, "is_named": false}, "quot": {"lemma": "quot", "pos": "A", "is_stop": false, "is_named": false}, ";": {"lemma": ";", "pos": "FC", "is_stop": false, "is_named": false}, "inizialmente": {"lemma": "inizialmente", "pos": "B", "is_stop": false, "is_named": false}}}}, "obj": {"type": "Event", "pt": {"text": "o empreendimento", "linguisticInfo": {"o": {"lemma": "o", "pos": "DET", "is_stop": true, "is_named": false}, "empreendimento": {"lemma": "empreendimento", "pos": "NOUN", "is_stop": false, "is_named": false}}}, "it": {"text": "l investimento", "linguisticInfo": {"l": {"lemma": "l", "pos": "PC", "is_stop": false, "is_named": false}, "investimento": {"lemma": "investimento", "pos": "S", "is_stop": false, "is_named": false}}}}}]}, "sentences_4": {"itText": "NULL mentre si prepara ad invitare la commissione parlamentare per l \u2019 agricoltura a visitare le aree pi\u00f9 danneggiate dell \u2019 alentejo , la fenca esige di venire ascoltata dal ministro dell \u2019 agricoltura e dalla direzione regionale dell \u2019 agricoltura , come anche dall \u2019 ufficio regionali del lavoro .", "ptText": "ao mesmo tempo que se prepara para convidar a comiss\u00e3o parlamentar de agricultura para uma visita \u00e0s zonas mais afectadas do alentejo , a fenca pretende ser recebida pelo ministro da agricultura e pela direc\u00e7\u00e3o regional de agricultura , bem como pelos servi\u00e7os regionais de emprego . \n", "relations": [{"id": "R50", "subj": {"type": "Human_Agent", "pt": {"text": "a Fenca", "linguisticInfo": {"a": {"lemma": "o", "pos": "DET", "is_stop": true, "is_named": false}, "Fenca": {"lemma": "Fenca", "pos": "PROPN", "is_stop": false, "is_named": true}}}, "it": {"text": "la fenca", "linguisticInfo": {"la": {"lemma": "il", "pos": "RD", "is_stop": true, "is_named": false}, "fenca": {"lemma": "fenca", "pos": "S", "is_stop": false, "is_named": false}}}}, "obj": {"type": "Event", "pt": {"text": "pretende ser recebida", "linguisticInfo": {"pretende": {"lemma": "pretender", "pos": "VERB", "is_stop": false, "is_named": false}, "ser": {"lemma": "ser", "pos": "AUX", "is_stop": true, "is_named": false}, "recebida": {"lemma": "recebido", "pos": "VERB", "is_stop": false, "is_named": false}}}, "it": {"text": "esige venire ascoltata", "linguisticInfo": {"esige": {"lemma": "esigere", "pos": "V", "is_stop": false, "is_named": false}, "venire": {"lemma": "venire", "pos": "VA", "is_stop": false, "is_named": false}, "ascoltata": {"lemma": "ascoltare", "pos": "V", "is_stop": false, "is_named": false}}}}}, {"id": "R52", "subj": {"type": "Non-human_Oth_participant", "pt": {"text": "para convidar a comiss\u00e3o parlamentar de Agricultura para uma visita \u00e0s zonas mais afectadas do Alentejo", "linguisticInfo": {"para": {"lemma": "parir", "pos": "ADP", "is_stop": true, "is_named": false}, "convidar": {"lemma": "convidar", "pos": "VERB", "is_stop": false, "is_named": false}, "a": {"lemma": "o", "pos": "DET", "is_stop": true, "is_named": false}, "comiss\u00e3o": {"lemma": "comiss\u00e3o", "pos": "NOUN", "is_stop": false, "is_named": false}, "parlamentar": {"lemma": "parlamentar", "pos": "ADJ", "is_stop": false, "is_named": false}, "de": {"lemma": "de", "pos": "ADP", "is_stop": true, "is_named": false}, "Agricultura": {"lemma": "Agricultura", "pos": "PROPN", "is_stop": false, "is_named": true}, "uma": {"lemma": "umar", "pos": "DET", "is_stop": true, "is_named": false}, "visita": {"lemma": "visitar", "pos": "NOUN", "is_stop": false, "is_named": false}, "\u00e0s": {"lemma": "\u00e0s", "pos": "ADP", "is_stop": true, "is_named": false}, "zonas": {"lemma": "zonar", "pos": "NOUN", "is_stop": false, "is_named": false}, "mais": {"lemma": "mais", "pos": "ADV", "is_stop": true, "is_named": false}, "afectadas": {"lemma": "afectar", "pos": "VERB", "is_stop": false, "is_named": false}, "do": {"lemma": "do", "pos": "ADP", "is_stop": true, "is_named": false}, "Alentejo": {"lemma": "Alentejo", "pos": "PROPN", "is_stop": false, "is_named": true}}}, "it": {"text": "ad invitare la commissione parlamentare per l", "linguisticInfo": {"ad": {"lemma": "ad", "pos": "E", "is_stop": true, "is_named": false}, "invitare": {"lemma": "invitare", "pos": "V", "is_stop": false, "is_named": false}, "la": {"lemma": "il", "pos": "RD", "is_stop": true, "is_named": false}, "commissione": {"lemma": "commissione", "pos": "S", "is_stop": false, "is_named": false}, "parlamentare": {"lemma": "parlamentare", "pos": "A", "is_stop": false, "is_named": false}, "per": {"lemma": "per", "pos": "E", "is_stop": true, "is_named": false}, "l": {"lemma": "l", "pos": "PE", "is_stop": false, "is_named": false}}}}, "obj": {"type": "Event", "pt": {"text": "se prepara", "linguisticInfo": {"se": {"lemma": "se", "pos": "PRON", "is_stop": true, "is_named": false}, "prepara": {"lemma": "preparar", "pos": "VERB", "is_stop": false, "is_named": false}}}, "it": {"text": "si prepara", "linguisticInfo": {"si": {"lemma": "si", "pos": "PC", "is_stop": true, "is_named": false}, "prepara": {"lemma": "preparare", "pos": "V", "is_stop": false, "is_named": false}}}}}, {"id": "R53", "subj": {"type": "Time", "pt": {"text": "ao mesmo tempo que se prepara para convidar a comiss\u00e3o parlamentar de Agricultura para uma visita \u00e0s zonas mais afectadas do Alentejo", "linguisticInfo": {"ao": {"lemma": "ao", "pos": "ADP", "is_stop": true, "is_named": false}, "mesmo": {"lemma": "mesmo", "pos": "ADJ", "is_stop": true, "is_named": false}, "tempo": {"lemma": "tempo", "pos": "NOUN", "is_stop": true, "is_named": false}, "que": {"lemma": "que", "pos": "SCONJ", "is_stop": true, "is_named": false}, "se": {"lemma": "se", "pos": "PRON", "is_stop": true, "is_named": false}, "prepara": {"lemma": "preparar", "pos": "VERB", "is_stop": false, "is_named": false}, "para": {"lemma": "parir", "pos": "ADP", "is_stop": true, "is_named": false}, "convidar": {"lemma": "convidar", "pos": "VERB", "is_stop": false, "is_named": false}, "a": {"lemma": "o", "pos": "DET", "is_stop": true, "is_named": false}, "comiss\u00e3o": {"lemma": "comiss\u00e3o", "pos": "NOUN", "is_stop": false, "is_named": false}, "parlamentar": {"lemma": "parlamentar", "pos": "ADJ", "is_stop": false, "is_named": false}, "de": {"lemma": "de", "pos": "ADP", "is_stop": true, "is_named": false}, "Agricultura": {"lemma": "Agricultura", "pos": "PROPN", "is_stop": false, "is_named": true}, "uma": {"lemma": "umar", "pos": "DET", "is_stop": true, "is_named": false}, "visita": {"lemma": "visitar", "pos": "NOUN", "is_stop": false, "is_named": false}, "\u00e0s": {"lemma": "\u00e0s", "pos": "ADP", "is_stop": true, "is_named": false}, "zonas": {"lemma": "zonar", "pos": "NOUN", "is_stop": false, "is_named": false}, "mais": {"lemma": "mais", "pos": "ADV", "is_stop": true, "is_named": false}, "afectadas": {"lemma": "afectar", "pos": "VERB", "is_stop": false, "is_named": false}, "do": {"lemma": "do", "pos": "ADP", "is_stop": true, "is_named": false}, "Alentejo": {"lemma": "Alentejo", "pos": "PROPN", "is_stop": false, "is_named": true}}}, "it": {"text": "ad invitare la", "linguisticInfo": {"ad": {"lemma": "ad", "pos": "E", "is_stop": true, "is_named": false}, "invitare": {"lemma": "invitare", "pos": "V", "is_stop": false, "is_named": false}, "la": {"lemma": "il", "pos": "RD", "is_stop": true, "is_named": false}}}}, "obj": {"type": "Human_Agent", "pt": {"text": "a Fenca", "linguisticInfo": {"a": {"lemma": "o", "pos": "DET", "is_stop": true, "is_named": false}, "Fenca": {"lemma": "Fenca", "pos": "PROPN", "is_stop": false, "is_named": true}}}, "it": {"text": "la fenca", "linguisticInfo": {"la": {"lemma": "il", "pos": "RD", "is_stop": true, "is_named": false}, "fenca": {"lemma": "fenca", "pos": "S", "is_stop": false, "is_named": false}}}}}, {"id": "R54", "subj": {"type": "Non-human_Oth_participant", "pt": {"text": "para uma visita \u00e0s zonas mais afectadas do Alentejo", "linguisticInfo": {"para": {"lemma": "parir", "pos": "ADP", "is_stop": true, "is_named": false}, "uma": {"lemma": "umar", "pos": "DET", "is_stop": true, "is_named": false}, "visita": {"lemma": "visitar", "pos": "NOUN", "is_stop": false, "is_named": false}, "\u00e0s": {"lemma": "\u00e0s", "pos": "ADP", "is_stop": true, "is_named": false}, "zonas": {"lemma": "zonar", "pos": "NOUN", "is_stop": false, "is_named": false}, "mais": {"lemma": "mais", "pos": "ADV", "is_stop": true, "is_named": false}, "afectadas": {"lemma": "afectar", "pos": "VERB", "is_stop": false, "is_named": false}, "do": {"lemma": "do", "pos": "ADP", "is_stop": true, "is_named": false}, "Alentejo": {"lemma": "Alentejo", "pos": "PROPN", "is_stop": false, "is_named": true}}}, "it": {"text": "a visitare le", "linguisticInfo": {"a": {"lemma": "a", "pos": "E", "is_stop": true, "is_named": false}, "visitare": {"lemma": "visitare", "pos": "V", "is_stop": false, "is_named": false}, "le": {"lemma": "il", "pos": "RD", "is_stop": true, "is_named": false}}}}, "obj": {"type": "Event", "pt": {"text": "convidar", "linguisticInfo": {"convidar": {"lemma": "convidar", "pos": "VERB", "is_stop": false, "is_named": false}}}, "it": {"text": "invitare", "linguisticInfo": {"invitare": {"lemma": "invitare", "pos": "V", "is_stop": false, "is_named": false}}}}}, {"id": "R55", "subj": {"type": "Human_Patient", "pt": {"text": "a comiss\u00e3o parlamentar de Agricultura", "linguisticInfo": {"a": {"lemma": "o", "pos": "DET", "is_stop": true, "is_named": false}, "comiss\u00e3o": {"lemma": "comiss\u00e3o", "pos": "PROPN", "is_stop": false, "is_named": false}, "parlamentar": {"lemma": "parlamentar", "pos": "ADJ", "is_stop": false, "is_named": false}, "de": {"lemma": "de", "pos": "ADP", "is_stop": true, "is_named": false}, "Agricultura": {"lemma": "Agricultura", "pos": "PROPN", "is_stop": false, "is_named": true}}}, "it": {"text": "la commissione parlamentare per l", "linguisticInfo": {"la": {"lemma": "il", "pos": "RD", "is_stop": true, "is_named": false}, "commissione": {"lemma": "commissione", "pos": "S", "is_stop": false, "is_named": false}, "parlamentare": {"lemma": "parlamentare", "pos": "A", "is_stop": false, "is_named": false}, "per": {"lemma": "per", "pos": "E", "is_stop": true, "is_named": false}, "l": {"lemma": "l", "pos": "PE", "is_stop": false, "is_named": false}}}}, "obj": {"type": "Event", "pt": {"text": "convidar", "linguisticInfo": {"convidar": {"lemma": "convidar", "pos": "VERB", "is_stop": false, "is_named": false}}}, "it": {"text": "invitare", "linguisticInfo": {"invitare": {"lemma": "invitare", "pos": "V", "is_stop": false, "is_named": false}}}}}]}}