{"sentences_0": {"itText": "NULL \u201c tutti mangeranno , da nord a sud , da est a ovest , le piogge arriveranno su tutta la francia ! contenti ? \u201d ed \u00e8 con queste parole pronunciate da alain gillot-petrec , presentatore-protagonista del bollettino meteorologico del principale canale della televisione francese , che dimostra , in questi pochi minuti quotidiani , una marcata tendenza sadica , che arriva la buona novella per molti francesi , durante questo venerd\u00ec sera .", "ptText": "&quot; toda a gente vai comer - do norte ao sul , do leste ao oeste , a chuva vai cobrir toda a fran\u00e7a ! contentes ? &quot; estas palavras de alain gillot-petrc , apresentador - vedeta do boletim meteorol\u00f3gico do primeiro canal de televis\u00e3o franc\u00eas , que revela , nestes curtos minutos di\u00e1rios , uma acentuada tend\u00eancia sadista , trouxeram afinal boas not\u00edcias a muitos franceses , na sexta-feira \u00e0 noite . \n", "relations": [{"id": "R1", "subj": {"type": "Human_Agent", "pt": {"text": "TODA a gente", "linguisticInfo": {"TODA": {"lemma": "TODA", "pos": "DET", "is_stop": true, "is_named": true}, "a": {"lemma": "o", "pos": "DET", "is_stop": true, "is_named": false}, "gente": {"lemma": "gente", "pos": "PRON", "is_stop": false, "is_named": false}}}, "it": {"text": "tutti mangeranno ,", "linguisticInfo": {"tutti": {"lemma": "tutti", "pos": "PI", "is_stop": true, "is_named": false}, "mangeranno": {"lemma": "mangiare", "pos": "V", "is_stop": false, "is_named": false}, ",": {"lemma": ",", "pos": "FF", "is_stop": false, "is_named": false}}}}, "obj": {"type": "Event", "pt": {"text": "vai comer", "linguisticInfo": {"vai": {"lemma": "ir", "pos": "AUX", "is_stop": true, "is_named": false}, "comer": {"lemma": "comer", "pos": "VERB", "is_stop": false, "is_named": false}}}, "it": {"text": "arriveranno gillot-petrec", "linguisticInfo": {"arriveranno": {"lemma": "arrivare", "pos": "V", "is_stop": false, "is_named": false}, "gillot": {"lemma": "gillot", "pos": "A", "is_stop": false, "is_named": false}, "-": {"lemma": "-", "pos": "FF", "is_stop": false, "is_named": false}, "petrec": {"lemma": "petrec", "pos": "A", "is_stop": false, "is_named": false}}}}}, {"id": "R2", "subj": {"type": "Non-human_Agent", "pt": {"text": "a chuva", "linguisticInfo": {"a": {"lemma": "o", "pos": "DET", "is_stop": true, "is_named": false}, "chuva": {"lemma": "chuva", "pos": "NOUN", "is_stop": false, "is_named": false}}}, "it": {"text": "piogge", "linguisticInfo": {"piogge": {"lemma": "pioggia", "pos": "S", "is_stop": false, "is_named": false}}}}, "obj": {"type": "Event", "pt": {"text": "vai cobrir", "linguisticInfo": {"vai": {"lemma": "ir", "pos": "AUX", "is_stop": true, "is_named": false}, "cobrir": {"lemma": "cobrir", "pos": "VERB", "is_stop": false, "is_named": false}}}, "it": {"text": "arriveranno su", "linguisticInfo": {"arriveranno": {"lemma": "arrivare", "pos": "V", "is_stop": false, "is_named": false}, "su": {"lemma": "su", "pos": "E", "is_stop": true, "is_named": false}}}}}, {"id": "R3", "subj": {"type": "Geo_location", "pt": {"text": "toda a Fran\u00e7a", "linguisticInfo": {"toda": {"lemma": "todo", "pos": "DET", "is_stop": true, "is_named": false}, "a": {"lemma": "o", "pos": "DET", "is_stop": true, "is_named": false}, "Fran\u00e7a": {"lemma": "Fran\u00e7a", "pos": "PROPN", "is_stop": false, "is_named": true}}}, "it": {"text": "tutta la francia", "linguisticInfo": {"tutta": {"lemma": "tutto", "pos": "T", "is_stop": true, "is_named": false}, "la": {"lemma": "il", "pos": "RD", "is_stop": true, "is_named": false}, "francia": {"lemma": "francia", "pos": "SP", "is_stop": false, "is_named": false}}}}, "obj": {"type": "Event", "pt": {"text": "vai cobrir", "linguisticInfo": {"vai": {"lemma": "ir", "pos": "AUX", "is_stop": true, "is_named": false}, "cobrir": {"lemma": "cobrir", "pos": "VERB", "is_stop": false, "is_named": false}}}, "it": {"text": "arriveranno su", "linguisticInfo": {"arriveranno": {"lemma": "arrivare", "pos": "V", "is_stop": false, "is_named": false}, "su": {"lemma": "su", "pos": "E", "is_stop": true, "is_named": false}}}}}, {"id": "R4", "subj": {"type": "Time", "pt": {"text": "na sexta-feira \u00e0 noite", "linguisticInfo": {"na": {"lemma": "o", "pos": "ADP", "is_stop": true, "is_named": false}, "sexta-feira": {"lemma": "sexta-feira", "pos": "NOUN", "is_stop": false, "is_named": false}, "\u00e0": {"lemma": "\u00e0", "pos": "ADP", "is_stop": true, "is_named": false}, "noite": {"lemma": "noite", "pos": "NOUN", "is_stop": false, "is_named": false}}}, "it": {"text": "\u201c tutti venerd\u00ec sera .", "linguisticInfo": {"\u201c": {"lemma": "\u201c", "pos": "FB", "is_stop": false, "is_named": false}, "tutti": {"lemma": "tutti", "pos": "PI", "is_stop": true, "is_named": false}, "venerd\u00ec": {"lemma": "venerd\u00ec", "pos": "S", "is_stop": false, "is_named": false}, "sera": {"lemma": "sera", "pos": "S", "is_stop": false, "is_named": false}, ".": {"lemma": ".", "pos": "FS", "is_stop": false, "is_named": false}}}}, "obj": {"type": "Event", "pt": {"text": "trouxeram", "linguisticInfo": {"trouxeram": {"lemma": "trazer", "pos": "VERB", "is_stop": false, "is_named": false}}}, "it": {"text": "presentatore-protagonista", "linguisticInfo": {"presentatore": {"lemma": "presentatore", "pos": "B", "is_stop": false, "is_named": false}, "-": {"lemma": "-", "pos": "FF", "is_stop": false, "is_named": false}, "protagonista": {"lemma": "protagonista", "pos": "S", "is_stop": false, "is_named": false}}}}}, {"id": "R5", "subj": {"type": "Human_Patient", "pt": {"text": "a muitos franceses", "linguisticInfo": {"a": {"lemma": "o", "pos": "ADP", "is_stop": true, "is_named": false}, "muitos": {"lemma": "muito", "pos": "DET", "is_stop": true, "is_named": false}, "franceses": {"lemma": "franc\u00eas", "pos": "NOUN", "is_stop": false, "is_named": false}}}, "it": {"text": "la molti francesi", "linguisticInfo": {"la": {"lemma": "il", "pos": "RD", "is_stop": true, "is_named": false}, "molti": {"lemma": "molti", "pos": "PI", "is_stop": true, "is_named": false}, "francesi": {"lemma": "francese", "pos": "S", "is_stop": false, "is_named": false}}}}, "obj": {"type": "Event", "pt": {"text": "trouxeram", "linguisticInfo": {"trouxeram": {"lemma": "trazer", "pos": "VERB", "is_stop": false, "is_named": false}}}, "it": {"text": "presentatore-protagonista", "linguisticInfo": {"presentatore": {"lemma": "presentatore", "pos": "B", "is_stop": false, "is_named": false}, "-": {"lemma": "-", "pos": "FF", "is_stop": false, "is_named": false}, "protagonista": {"lemma": "protagonista", "pos": "S", "is_stop": false, "is_named": false}}}}}, {"id": "R6", "subj": {"type": "Non-human_Oth_participant", "pt": {"text": "boas not\u00edcias", "linguisticInfo": {"boas": {"lemma": "bom", "pos": "ADJ", "is_stop": false, "is_named": false}, "not\u00edcias": {"lemma": "not\u00edcia", "pos": "NOUN", "is_stop": false, "is_named": false}}}, "it": {"text": "buona novella", "linguisticInfo": {"buona": {"lemma": "buono", "pos": "A", "is_stop": false, "is_named": false}, "novella": {"lemma": "novella", "pos": "S", "is_stop": false, "is_named": false}}}}, "obj": {"type": "Event", "pt": {"text": "trouxeram", "linguisticInfo": {"trouxeram": {"lemma": "trazer", "pos": "VERB", "is_stop": false, "is_named": false}}}, "it": {"text": "presentatore-protagonista", "linguisticInfo": {"presentatore": {"lemma": "presentatore", "pos": "B", "is_stop": false, "is_named": false}, "-": {"lemma": "-", "pos": "FF", "is_stop": false, "is_named": false}, "protagonista": {"lemma": "protagonista", "pos": "S", "is_stop": false, "is_named": false}}}}}, {"id": "R8", "subj": {"type": "Human_Agent", "pt": {"text": "que", "linguisticInfo": {"que": {"lemma": "que", "pos": "SCONJ", "is_stop": true, "is_named": false}}}, "it": {"text": "che", "linguisticInfo": {"che": {"lemma": "che", "pos": "CS", "is_stop": true, "is_named": false}}}}, "obj": {"type": "Event", "pt": {"text": "revela", "linguisticInfo": {"revela": {"lemma": "revelar", "pos": "VERB", "is_stop": false, "is_named": false}}}, "it": {"text": "dimostra", "linguisticInfo": {"dimostra": {"lemma": "dimostrare", "pos": "V", "is_stop": false, "is_named": false}}}}}, {"id": "R9", "subj": {"type": "Oth_location", "pt": {"text": "nestes curtos minutos di\u00e1rios", "linguisticInfo": {"nestes": {"lemma": "nestes", "pos": "ADP", "is_stop": false, "is_named": false}, "curtos": {"lemma": "curto", "pos": "NOUN", "is_stop": false, "is_named": false}, "minutos": {"lemma": "minuto", "pos": "ADJ", "is_stop": false, "is_named": false}, "di\u00e1rios": {"lemma": "di\u00e1rio", "pos": "ADJ", "is_stop": false, "is_named": false}}}, "it": {"text": "questi pochi minuti quotidiani", "linguisticInfo": {"questi": {"lemma": "questi", "pos": "PD", "is_stop": true, "is_named": false}, "pochi": {"lemma": "poco", "pos": "DI", "is_stop": false, "is_named": false}, "minuti": {"lemma": "minuto", "pos": "S", "is_stop": false, "is_named": false}, "quotidiani": {"lemma": "quotidiano", "pos": "A", "is_stop": false, "is_named": false}}}}, "obj": {"type": "Event", "pt": {"text": "revela", "linguisticInfo": {"revela": {"lemma": "revelar", "pos": "VERB", "is_stop": false, "is_named": false}}}, "it": {"text": "dimostra", "linguisticInfo": {"dimostra": {"lemma": "dimostrare", "pos": "V", "is_stop": false, "is_named": false}}}}}, {"id": "R10", "subj": {"type": "Non-human_Oth_participant", "pt": {"text": "uma acentuada tend\u00eancia sadista", "linguisticInfo": {"uma": {"lemma": "umar", "pos": "DET", "is_stop": true, "is_named": false}, "acentuada": {"lemma": "acentuar", "pos": "ADJ", "is_stop": false, "is_named": false}, "tend\u00eancia": {"lemma": "tend\u00eancia", "pos": "NOUN", "is_stop": false, "is_named": false}, "sadista": {"lemma": "sadista", "pos": "ADJ", "is_stop": false, "is_named": false}}}, "it": {"text": "una marcata tendenza sadica ,", "linguisticInfo": {"una": {"lemma": "uno", "pos": "RI", "is_stop": true, "is_named": false}, "marcata": {"lemma": "marcato", "pos": "A", "is_stop": false, "is_named": false}, "tendenza": {"lemma": "tendenza", "pos": "S", "is_stop": false, "is_named": false}, "sadica": {"lemma": "sadico", "pos": "A", "is_stop": false, "is_named": false}, ",": {"lemma": ",", "pos": "FF", "is_stop": false, "is_named": false}}}}, "obj": {"type": "Event", "pt": {"text": "revela", "linguisticInfo": {"revela": {"lemma": "revelar", "pos": "VERB", "is_stop": false, "is_named": false}}}, "it": {"text": "dimostra", "linguisticInfo": {"dimostra": {"lemma": "dimostrare", "pos": "V", "is_stop": false, "is_named": false}}}}}]}, "sentences_1": {"itText": "NULL da quattro anni a questa parte sembra che la pioggia abbia fatto di tutto per evitare la met\u00e0 meridionale della francia . i letti dei fiumi si sono prosciugati e le riserve idriche sotterranee hanno toccato livelli allarmanti . solo la bretagna e la regione nord di parigi , benedette da abbondanti perturbazioni , preservano livelli soddisfacenti della falda freatica .", "ptText": "desde h\u00e1 quatro anos que a chuva parece evitar cuidadosamente a metade sul da fran\u00e7a . os leitos dos rios t\u00eam secado , e as reservas de \u00e1gua subterr\u00e2neas desceram para n\u00edveis alarmantes . s\u00f3 a bretanha , e a regi\u00e3o parisiense , no norte , aben\u00e7oadas com abundantes aguaceiros , mant\u00eam um len\u00e7ol fre\u00e1tico satisfat\u00f3rio . \n", "relations": [{"id": "R25", "subj": {"type": "Time", "pt": {"text": "Desde h\u00e1 quatro anos", "linguisticInfo": {"Desde": {"lemma": "Desde", "pos": "ADV", "is_stop": true, "is_named": true}, "h\u00e1": {"lemma": "haver", "pos": "VERB", "is_stop": false, "is_named": false}, "quatro": {"lemma": "quatro", "pos": "NUM", "is_stop": true, "is_named": false}, "anos": {"lemma": "ano", "pos": "NOUN", "is_stop": false, "is_named": false}}}, "it": {"text": "da quattro anni", "linguisticInfo": {"da": {"lemma": "da", "pos": "E", "is_stop": true, "is_named": false}, "quattro": {"lemma": "quattro", "pos": "N", "is_stop": true, "is_named": false}, "anni": {"lemma": "anno", "pos": "S", "is_stop": true, "is_named": false}}}}, "obj": {"type": "Event", "pt": {"text": "parece evitar", "linguisticInfo": {"parece": {"lemma": "parecer", "pos": "VERB", "is_stop": true, "is_named": false}, "evitar": {"lemma": "evitar", "pos": "VERB", "is_stop": false, "is_named": false}}}, "it": {"text": "sembra evitare", "linguisticInfo": {"sembra": {"lemma": "sembrare", "pos": "V", "is_stop": true, "is_named": false}, "evitare": {"lemma": "evitare", "pos": "V", "is_stop": false, "is_named": false}}}}}, {"id": "R26", "subj": {"type": "Non-human_Agent", "pt": {"text": "a chuva", "linguisticInfo": {"a": {"lemma": "o", "pos": "DET", "is_stop": true, "is_named": false}, "chuva": {"lemma": "chuva", "pos": "NOUN", "is_stop": false, "is_named": false}}}, "it": {"text": "la pioggia", "linguisticInfo": {"la": {"lemma": "il", "pos": "RD", "is_stop": true, "is_named": false}, "pioggia": {"lemma": "pioggia", "pos": "S", "is_stop": false, "is_named": false}}}}, "obj": {"type": "Event", "pt": {"text": "parece evitar", "linguisticInfo": {"parece": {"lemma": "parecer", "pos": "VERB", "is_stop": true, "is_named": false}, "evitar": {"lemma": "evitar", "pos": "VERB", "is_stop": false, "is_named": false}}}, "it": {"text": "sembra evitare", "linguisticInfo": {"sembra": {"lemma": "sembrare", "pos": "V", "is_stop": true, "is_named": false}, "evitare": {"lemma": "evitare", "pos": "V", "is_stop": false, "is_named": false}}}}}, {"id": "R27", "subj": {"type": "Oth_argument", "pt": {"text": "cuidadosamente", "linguisticInfo": {"cuidadosamente": {"lemma": "cuidadosamente", "pos": "ADV", "is_stop": false, "is_named": false}}}, "it": {"text": "fatto", "linguisticInfo": {"fatto": {"lemma": "fare", "pos": "V", "is_stop": true, "is_named": false}}}}, "obj": {"type": "Event", "pt": {"text": "parece evitar", "linguisticInfo": {"parece": {"lemma": "parecer", "pos": "VERB", "is_stop": true, "is_named": false}, "evitar": {"lemma": "evitar", "pos": "VERB", "is_stop": false, "is_named": false}}}, "it": {"text": "sembra evitare", "linguisticInfo": {"sembra": {"lemma": "sembrare", "pos": "V", "is_stop": true, "is_named": false}, "evitare": {"lemma": "evitare", "pos": "V", "is_stop": false, "is_named": false}}}}}, {"id": "R28", "subj": {"type": "Non-human_Patient", "pt": {"text": "a metade sul da Fran\u00e7a", "linguisticInfo": {"a": {"lemma": "o", "pos": "DET", "is_stop": true, "is_named": false}, "metade": {"lemma": "dois", "pos": "NOUN", "is_stop": false, "is_named": false}, "sul": {"lemma": "sul", "pos": "ADJ", "is_stop": false, "is_named": false}, "da": {"lemma": "da", "pos": "ADP", "is_stop": true, "is_named": false}, "Fran\u00e7a": {"lemma": "Fran\u00e7a", "pos": "PROPN", "is_stop": false, "is_named": true}}}, "it": {"text": "la met\u00e0 meridionale della francia", "linguisticInfo": {"la": {"lemma": "il", "pos": "RD", "is_stop": true, "is_named": false}, "met\u00e0": {"lemma": "met\u00e0", "pos": "S", "is_stop": false, "is_named": false}, "meridionale": {"lemma": "meridionale", "pos": "A", "is_stop": false, "is_named": false}, "della": {"lemma": "della", "pos": "E_RD", "is_stop": true, "is_named": false}, "francia": {"lemma": "francia", "pos": "SP", "is_stop": false, "is_named": false}}}}, "obj": {"type": "Event", "pt": {"text": "parece evitar", "linguisticInfo": {"parece": {"lemma": "parecer", "pos": "VERB", "is_stop": true, "is_named": false}, "evitar": {"lemma": "evitar", "pos": "VERB", "is_stop": false, "is_named": false}}}, "it": {"text": "sembra evitare", "linguisticInfo": {"sembra": {"lemma": "sembrare", "pos": "V", "is_stop": true, "is_named": false}, "evitare": {"lemma": "evitare", "pos": "V", "is_stop": false, "is_named": false}}}}}, {"id": "R29", "subj": {"type": "Non-human_Patient", "pt": {"text": "Os leitos dos rios", "linguisticInfo": {"Os": {"lemma": "Os", "pos": "DET", "is_stop": true, "is_named": true}, "leitos": {"lemma": "leito", "pos": "NOUN", "is_stop": false, "is_named": false}, "dos": {"lemma": "dos", "pos": "ADP", "is_stop": true, "is_named": false}, "rios": {"lemma": "rio", "pos": "NOUN", "is_stop": false, "is_named": false}}}, "it": {"text": "i letti dei fiumi", "linguisticInfo": {"i": {"lemma": "il", "pos": "RD", "is_stop": false, "is_named": false}, "letti": {"lemma": "letto", "pos": "S", "is_stop": false, "is_named": false}, "dei": {"lemma": "del", "pos": "E_RD", "is_stop": true, "is_named": false}, "fiumi": {"lemma": "fiume", "pos": "S", "is_stop": false, "is_named": false}}}}, "obj": {"type": "Event", "pt": {"text": "t\u00eam secado", "linguisticInfo": {"t\u00eam": {"lemma": "ter", "pos": "AUX", "is_stop": true, "is_named": false}, "secado": {"lemma": "secar", "pos": "VERB", "is_stop": false, "is_named": false}}}, "it": {"text": "sono prosciugati", "linguisticInfo": {"sono": {"lemma": "essere", "pos": "VA", "is_stop": true, "is_named": false}, "prosciugati": {"lemma": "prosciugare", "pos": "V", "is_stop": false, "is_named": false}}}}}, {"id": "R30", "subj": {"type": "Non-human_Oth_participant", "pt": {"text": "para n\u00edveis alarmantes", "linguisticInfo": {"para": {"lemma": "parir", "pos": "ADP", "is_stop": true, "is_named": false}, "n\u00edveis": {"lemma": "n\u00edvel", "pos": "NOUN", "is_stop": false, "is_named": false}, "alarmantes": {"lemma": "alarmante", "pos": "ADJ", "is_stop": false, "is_named": false}}}, "it": {"text": "per livelli allarmanti", "linguisticInfo": {"per": {"lemma": "per", "pos": "E", "is_stop": true, "is_named": false}, "livelli": {"lemma": "livello", "pos": "S", "is_stop": false, "is_named": false}, "allarmanti": {"lemma": "allarmante", "pos": "A", "is_stop": false, "is_named": false}}}}, "obj": {"type": "Event", "pt": {"text": "desceram", "linguisticInfo": {"desceram": {"lemma": "descer", "pos": "VERB", "is_stop": false, "is_named": false}}}, "it": {"text": "toccato", "linguisticInfo": {"toccato": {"lemma": "toccare", "pos": "V", "is_stop": false, "is_named": false}}}}}, {"id": "R31", "subj": {"type": "Non-human_Agent", "pt": {"text": "as reservas de \u00e1gua subterr\u00e2neas", "linguisticInfo": {"as": {"lemma": "o", "pos": "DET", "is_stop": true, "is_named": false}, "reservas": {"lemma": "reservar", "pos": "NOUN", "is_stop": false, "is_named": false}, "de": {"lemma": "de", "pos": "ADP", "is_stop": true, "is_named": false}, "\u00e1gua": {"lemma": "\u00e1gua", "pos": "NOUN", "is_stop": false, "is_named": false}, "subterr\u00e2neas": {"lemma": "subterr\u00e2neo", "pos": "ADJ", "is_stop": false, "is_named": false}}}, "it": {"text": "le riserve idriche sotterranee", "linguisticInfo": {"le": {"lemma": "il", "pos": "RD", "is_stop": true, "is_named": false}, "riserve": {"lemma": "riserva", "pos": "S", "is_stop": false, "is_named": false}, "idriche": {"lemma": "idrico", "pos": "A", "is_stop": false, "is_named": false}, "sotterranee": {"lemma": "sotterraneo", "pos": "A", "is_stop": false, "is_named": false}}}}, "obj": {"type": "Event", "pt": {"text": "desceram", "linguisticInfo": {"desceram": {"lemma": "descer", "pos": "VERB", "is_stop": false, "is_named": false}}}, "it": {"text": "toccato", "linguisticInfo": {"toccato": {"lemma": "toccare", "pos": "V", "is_stop": false, "is_named": false}}}}}, {"id": "R32", "subj": {"type": "Non-human_Patient", "pt": {"text": "a Bretanha , e a regi\u00e3o parisiense , no Norte", "linguisticInfo": {"a": {"lemma": "o", "pos": "DET", "is_stop": true, "is_named": false}, "Bretanha": {"lemma": "Bretanha", "pos": "PROPN", "is_stop": false, "is_named": true}, ",": {"lemma": ",", "pos": "PUNCT", "is_stop": false, "is_named": false}, "e": {"lemma": "e", "pos": "CCONJ", "is_stop": true, "is_named": false}, "regi\u00e3o": {"lemma": "regi\u00e3o", "pos": "NOUN", "is_stop": false, "is_named": false}, "parisiense": {"lemma": "parisiense", "pos": "ADJ", "is_stop": false, "is_named": false}, "no": {"lemma": "o", "pos": "ADP", "is_stop": true, "is_named": false}, "Norte": {"lemma": "Norte", "pos": "PROPN", "is_stop": false, "is_named": true}}}, "it": {"text": "la pioggia abbia bretagna e la", "linguisticInfo": {"la": {"lemma": "il", "pos": "RD", "is_stop": true, "is_named": false}, "pioggia": {"lemma": "pioggia", "pos": "S", "is_stop": false, "is_named": false}, "abbia": {"lemma": "avere", "pos": "V", "is_stop": true, "is_named": false}, "bretagna": {"lemma": "bretagna", "pos": "V", "is_stop": false, "is_named": false}, "e": {"lemma": "e", "pos": "CC", "is_stop": false, "is_named": false}}}}, "obj": {"type": "Event", "pt": {"text": "aben\u00e7oadas", "linguisticInfo": {"aben\u00e7oadas": {"lemma": "aben\u00e7oar", "pos": "NOUN", "is_stop": false, "is_named": false}}}, "it": {"text": "benedette", "linguisticInfo": {"benedette": {"lemma": "benedetta", "pos": "S", "is_stop": false, "is_named": false}}}}}, {"id": "R33", "subj": {"type": "Non-human_Oth_participant", "pt": {"text": "com abundantes aguaceiros", "linguisticInfo": {"com": {"lemma": "com", "pos": "ADP", "is_stop": true, "is_named": false}, "abundantes": {"lemma": "abundante", "pos": "NOUN", "is_stop": false, "is_named": false}, "aguaceiros": {"lemma": "aguaceiro", "pos": "NOUN", "is_stop": false, "is_named": false}}}, "it": {"text": "abbondanti perturbazioni", "linguisticInfo": {"abbondanti": {"lemma": "abbondante", "pos": "A", "is_stop": false, "is_named": false}, "perturbazioni": {"lemma": "perturbazione", "pos": "S", "is_stop": false, "is_named": false}}}}, "obj": {"type": "Event", "pt": {"text": "aben\u00e7oadas", "linguisticInfo": {"aben\u00e7oadas": {"lemma": "aben\u00e7oar", "pos": "NOUN", "is_stop": false, "is_named": false}}}, "it": {"text": "benedette", "linguisticInfo": {"benedette": {"lemma": "benedetta", "pos": "S", "is_stop": false, "is_named": false}}}}}]}, "sentences_2": {"itText": "NULL anche i tentativi di riempire artificialmente le dighe e le risorse sotterranee sono stati un insuccesso . il pi\u00f9 impressionante \u00e8 stato quello realizzato , non in francia , bens\u00ec in svizzera : migliaia di litri d&apos; acqua del lago l\u00e9man sono stati riversati in una falda freatica che rifornisce anche la vicina francia . il livello dell \u2019 acqua non \u00e8 aumentato nemmeno di un millimetro . tre giorni di pioggia continua , per\u00f2 , basterebbero per ristabilirne l \u2019 equilibrio .", "ptText": "tentativas de enchimento artificial de barragens , ou de reservas subterr\u00e2neas , foram totalmente inoperantes . a mais espectacular ocorreu n\u00e3o em fran\u00e7a , mas na su\u00ed\u00e7a : milhares de litros de \u00e1gua do lago l\u00e9man foram extravasados para um len\u00e7ol fre\u00e1tico que abastece tamb\u00e9m a vizinha fran\u00e7a . o n\u00edvel da \u00e1gua nao subiu um mil\u00edmetro . tr\u00eas dias de chuva cont\u00ednua viriam por\u00e9m a restabelecer o equil\u00edbrio . \n", "relations": [{"id": "R34", "subj": {"type": "Non-human_Patient", "pt": {"text": "de barragens , ou de reservas subterr\u00e2neas", "linguisticInfo": {"de": {"lemma": "de", "pos": "ADP", "is_stop": true, "is_named": false}, "barragens": {"lemma": "barragem", "pos": "NOUN", "is_stop": false, "is_named": false}, ",": {"lemma": ",", "pos": "PUNCT", "is_stop": false, "is_named": false}, "ou": {"lemma": "ou", "pos": "CCONJ", "is_stop": true, "is_named": false}, "reservas": {"lemma": "reservar", "pos": "NOUN", "is_stop": false, "is_named": false}, "subterr\u00e2neas": {"lemma": "subterr\u00e2neo", "pos": "ADJ", "is_stop": false, "is_named": false}}}, "it": {"text": "anche i dighe e le", "linguisticInfo": {"anche": {"lemma": "anche", "pos": "B", "is_stop": true, "is_named": false}, "i": {"lemma": "il", "pos": "RD", "is_stop": false, "is_named": false}, "dighe": {"lemma": "diga", "pos": "S", "is_stop": false, "is_named": false}, "e": {"lemma": "e", "pos": "CC", "is_stop": false, "is_named": false}, "le": {"lemma": "il", "pos": "RD", "is_stop": true, "is_named": false}}}}, "obj": {"type": "Event", "pt": {"text": "Tentativas de enchimento artificial", "linguisticInfo": {"Tentativas": {"lemma": "Tentativas", "pos": "NOUN", "is_stop": false, "is_named": true}, "de": {"lemma": "de", "pos": "ADP", "is_stop": true, "is_named": false}, "enchimento": {"lemma": "enchimento", "pos": "NOUN", "is_stop": false, "is_named": false}, "artificial": {"lemma": "artificial", "pos": "ADJ", "is_stop": false, "is_named": false}}}, "it": {"text": "tentativi di riempire artificialmente", "linguisticInfo": {"tentativi": {"lemma": "tentativo", "pos": "S", "is_stop": false, "is_named": false}, "di": {"lemma": "di", "pos": "E", "is_stop": true, "is_named": false}, "riempire": {"lemma": "riempire", "pos": "V", "is_stop": false, "is_named": false}, "artificialmente": {"lemma": "artificialmente", "pos": "B", "is_stop": false, "is_named": false}}}}}, {"id": "R35", "subj": {"type": "Non-human_Oth_participant", "pt": {"text": "Tentativas de enchimento artificial de barragens , ou de reservas subterr\u00e2neas", "linguisticInfo": {"Tentativas": {"lemma": "Tentativas", "pos": "NOUN", "is_stop": false, "is_named": true}, "de": {"lemma": "de", "pos": "ADP", "is_stop": true, "is_named": false}, "enchimento": {"lemma": "enchimento", "pos": "NOUN", "is_stop": false, "is_named": false}, "artificial": {"lemma": "artificial", "pos": "ADJ", "is_stop": false, "is_named": false}, "barragens": {"lemma": "barragem", "pos": "NOUN", "is_stop": false, "is_named": false}, ",": {"lemma": ",", "pos": "PUNCT", "is_stop": false, "is_named": false}, "ou": {"lemma": "ou", "pos": "CCONJ", "is_stop": true, "is_named": false}, "reservas": {"lemma": "reservar", "pos": "NOUN", "is_stop": false, "is_named": false}, "subterr\u00e2neas": {"lemma": "subterr\u00e2neo", "pos": "ADJ", "is_stop": false, "is_named": false}}}, "it": {"text": "tentativi di riempire artificialmente le dighe", "linguisticInfo": {"tentativi": {"lemma": "tentativo", "pos": "S", "is_stop": false, "is_named": false}, "di": {"lemma": "di", "pos": "E", "is_stop": true, "is_named": false}, "riempire": {"lemma": "riempire", "pos": "V", "is_stop": false, "is_named": false}, "artificialmente": {"lemma": "artificialmente", "pos": "B", "is_stop": false, "is_named": false}, "le": {"lemma": "il", "pos": "RD", "is_stop": true, "is_named": false}, "dighe": {"lemma": "diga", "pos": "S", "is_stop": false, "is_named": false}}}}, "obj": {"type": "Event", "pt": {"text": "foram totalmente inoperantes", "linguisticInfo": {"foram": {"lemma": "ser", "pos": "AUX", "is_stop": true, "is_named": false}, "totalmente": {"lemma": "totalmente", "pos": "ADV", "is_stop": false, "is_named": false}, "inoperantes": {"lemma": "inoperante", "pos": "ADJ", "is_stop": false, "is_named": false}}}, "it": {"text": "ristabilirne l \u2019", "linguisticInfo": {"ristabilirne": {"lemma": "ristabilirne", "pos": "V_PC", "is_stop": false, "is_named": false}, "l": {"lemma": "l", "pos": "PC", "is_stop": false, "is_named": false}, "\u2019": {"lemma": "\u2019", "pos": "PC", "is_stop": false, "is_named": false}}}}}, {"id": "R36", "subj": {"type": "Non-human_Agent", "pt": {"text": "A mais espectacular", "linguisticInfo": {"A": {"lemma": "A", "pos": "DET", "is_stop": true, "is_named": true}, "mais": {"lemma": "mais", "pos": "ADV", "is_stop": true, "is_named": false}, "espectacular": {"lemma": "espectacular", "pos": "ADJ", "is_stop": false, "is_named": false}}}, "it": {"text": "insuccesso pi\u00f9 impressionante", "linguisticInfo": {"insuccesso": {"lemma": "insuccesso", "pos": "S", "is_stop": false, "is_named": false}, "pi\u00f9": {"lemma": "molto", "pos": "B", "is_stop": true, "is_named": false}, "impressionante": {"lemma": "impressionante", "pos": "A", "is_stop": false, "is_named": false}}}}, "obj": {"type": "Event", "pt": {"text": "ocorreu", "linguisticInfo": {"ocorreu": {"lemma": "ocorrer", "pos": "VERB", "is_stop": false, "is_named": false}}}, "it": {"text": "d&apos;", "linguisticInfo": {"d&apos": {"lemma": "d&apos", "pos": "A", "is_stop": false, "is_named": false}, ";": {"lemma": ";", "pos": "FC", "is_stop": false, "is_named": false}}}}}, {"id": "R37", "subj": {"type": "Geo_location", "pt": {"text": "na Su\u00ed\u00e7a", "linguisticInfo": {"na": {"lemma": "o", "pos": "ADP", "is_stop": true, "is_named": false}, "Su\u00ed\u00e7a": {"lemma": "Su\u00ed\u00e7a", "pos": "PROPN", "is_stop": false, "is_named": true}}}, "it": {"text": "in svizzera", "linguisticInfo": {"in": {"lemma": "in", "pos": "E", "is_stop": true, "is_named": false}, "svizzera": {"lemma": "svizzera", "pos": "S", "is_stop": false, "is_named": false}}}}, "obj": {"type": "Event", "pt": {"text": "ocorreu", "linguisticInfo": {"ocorreu": {"lemma": "ocorrer", "pos": "VERB", "is_stop": false, "is_named": false}}}, "it": {"text": "d&apos;", "linguisticInfo": {"d&apos": {"lemma": "d&apos", "pos": "A", "is_stop": false, "is_named": false}, ";": {"lemma": ";", "pos": "FC", "is_stop": false, "is_named": false}}}}}, {"id": "R38", "subj": {"type": "Event", "pt": {"text": "ocorreu", "linguisticInfo": {"ocorreu": {"lemma": "ocorrer", "pos": "VERB", "is_stop": false, "is_named": false}}}, "it": {"text": "d&apos;", "linguisticInfo": {"d&apos": {"lemma": "d&apos", "pos": "A", "is_stop": false, "is_named": false}, ";": {"lemma": ";", "pos": "FC", "is_stop": false, "is_named": false}}}}, "obj": {"type": "Geo_location", "pt": {"text": "em Fran\u00e7a", "linguisticInfo": {"em": {"lemma": "em", "pos": "ADP", "is_stop": true, "is_named": false}, "Fran\u00e7a": {"lemma": "Fran\u00e7a", "pos": "PROPN", "is_stop": false, "is_named": true}}}, "it": {"text": "in francia", "linguisticInfo": {"in": {"lemma": "in", "pos": "E", "is_stop": true, "is_named": false}, "francia": {"lemma": "francia", "pos": "SP", "is_stop": false, "is_named": false}}}}}, {"id": "R39", "subj": {"type": "Oth_location", "pt": {"text": "para um len\u00e7ol fre\u00e1tico que abastece tamb\u00e9m a vizinha Fran\u00e7a", "linguisticInfo": {"para": {"lemma": "parir", "pos": "ADP", "is_stop": true, "is_named": false}, "um": {"lemma": "um", "pos": "DET", "is_stop": true, "is_named": false}, "len\u00e7ol": {"lemma": "len\u00e7ol", "pos": "NOUN", "is_stop": false, "is_named": false}, "fre\u00e1tico": {"lemma": "fre\u00e1tico", "pos": "ADJ", "is_stop": false, "is_named": false}, "que": {"lemma": "que", "pos": "PRON", "is_stop": true, "is_named": false}, "abastece": {"lemma": "abastecer", "pos": "VERB", "is_stop": false, "is_named": false}, "tamb\u00e9m": {"lemma": "tamb\u00e9m", "pos": "ADV", "is_stop": true, "is_named": false}, "a": {"lemma": "o", "pos": "DET", "is_stop": true, "is_named": false}, "vizinha": {"lemma": "vizinho", "pos": "ADJ", "is_stop": false, "is_named": false}, "Fran\u00e7a": {"lemma": "Fran\u00e7a", "pos": "PROPN", "is_stop": false, "is_named": true}}}, "it": {"text": "per ristabilirne l", "linguisticInfo": {"per": {"lemma": "per", "pos": "E", "is_stop": true, "is_named": false}, "ristabilirne": {"lemma": "ristabilirne", "pos": "V_PC", "is_stop": false, "is_named": false}, "l": {"lemma": "l", "pos": "PC", "is_stop": false, "is_named": false}}}}, "obj": {"type": "Event", "pt": {"text": "foram extravasados", "linguisticInfo": {"foram": {"lemma": "ser", "pos": "AUX", "is_stop": true, "is_named": false}, "extravasados": {"lemma": "extravasar", "pos": "VERB", "is_stop": false, "is_named": false}}}, "it": {"text": "riversati ristabilirne", "linguisticInfo": {"riversati": {"lemma": "riversati", "pos": "S", "is_stop": false, "is_named": false}, "ristabilirne": {"lemma": "ristabilirne", "pos": "V_PC", "is_stop": false, "is_named": false}}}}}, {"id": "R40", "subj": {"type": "Non-human_Patient", "pt": {"text": "milhares de litros de \u00e1gua do lago L\u00e9man", "linguisticInfo": {"milhares": {"lemma": "milhar", "pos": "NOUN", "is_stop": false, "is_named": false}, "de": {"lemma": "de", "pos": "ADP", "is_stop": true, "is_named": false}, "litros": {"lemma": "litro", "pos": "NOUN", "is_stop": false, "is_named": false}, "\u00e1gua": {"lemma": "\u00e1gua", "pos": "NOUN", "is_stop": false, "is_named": false}, "do": {"lemma": "do", "pos": "ADP", "is_stop": true, "is_named": false}, "lago": {"lemma": "lago", "pos": "NOUN", "is_stop": false, "is_named": false}, "L\u00e9man": {"lemma": "L\u00e9man", "pos": "PROPN", "is_stop": false, "is_named": true}}}, "it": {"text": "migliaia di litri d&apos; acqua", "linguisticInfo": {"migliaia": {"lemma": "migliaio", "pos": "S", "is_stop": false, "is_named": false}, "di": {"lemma": "di", "pos": "E", "is_stop": true, "is_named": false}, "litri": {"lemma": "litro", "pos": "S", "is_stop": false, "is_named": false}, "d&apos": {"lemma": "d&apos", "pos": "A", "is_stop": false, "is_named": false}, ";": {"lemma": ";", "pos": "FC", "is_stop": false, "is_named": false}, "acqua": {"lemma": "acqua", "pos": "S", "is_stop": false, "is_named": false}}}}, "obj": {"type": "Event", "pt": {"text": "foram extravasados", "linguisticInfo": {"foram": {"lemma": "ser", "pos": "AUX", "is_stop": true, "is_named": false}, "extravasados": {"lemma": "extravasar", "pos": "VERB", "is_stop": false, "is_named": false}}}, "it": {"text": "riversati ristabilirne", "linguisticInfo": {"riversati": {"lemma": "riversati", "pos": "S", "is_stop": false, "is_named": false}, "ristabilirne": {"lemma": "ristabilirne", "pos": "V_PC", "is_stop": false, "is_named": false}}}}}, {"id": "R41", "subj": {"type": "Non-human_Agent", "pt": {"text": "O n\u00edvel da \u00e1gua", "linguisticInfo": {"O": {"lemma": "O", "pos": "DET", "is_stop": true, "is_named": true}, "n\u00edvel": {"lemma": "n\u00edvel", "pos": "NOUN", "is_stop": true, "is_named": false}, "da": {"lemma": "da", "pos": "ADP", "is_stop": true, "is_named": false}, "\u00e1gua": {"lemma": "\u00e1gua", "pos": "NOUN", "is_stop": false, "is_named": false}}}, "it": {"text": "il livello dell acqua", "linguisticInfo": {"il": {"lemma": "il", "pos": "RD", "is_stop": true, "is_named": false}, "livello": {"lemma": "livello", "pos": "S", "is_stop": false, "is_named": false}, "dell": {"lemma": "dell", "pos": "SP", "is_stop": true, "is_named": false}, "acqua": {"lemma": "acqua", "pos": "S", "is_stop": false, "is_named": false}}}}, "obj": {"type": "Event", "pt": {"text": "nao subiu", "linguisticInfo": {"nao": {"lemma": "nao", "pos": "SCONJ", "is_stop": false, "is_named": false}, "subiu": {"lemma": "subir", "pos": "VERB", "is_stop": false, "is_named": false}}}, "it": {"text": "aumentato nemmeno", "linguisticInfo": {"aumentato": {"lemma": "aumentare", "pos": "V", "is_stop": false, "is_named": false}, "nemmeno": {"lemma": "nemmeno", "pos": "BN", "is_stop": true, "is_named": false}}}}}, {"id": "R42", "subj": {"type": "Non-human_Oth_participant", "pt": {"text": "um mil\u00edmetro", "linguisticInfo": {"um": {"lemma": "um", "pos": "DET", "is_stop": true, "is_named": false}, "mil\u00edmetro": {"lemma": "mil\u00edmetro", "pos": "NOUN", "is_stop": false, "is_named": false}}}, "it": {"text": "un millimetro", "linguisticInfo": {"un": {"lemma": "uno", "pos": "RI", "is_stop": true, "is_named": false}, "millimetro": {"lemma": "millimetro", "pos": "S", "is_stop": false, "is_named": false}}}}, "obj": {"type": "Event", "pt": {"text": "nao subiu", "linguisticInfo": {"nao": {"lemma": "nao", "pos": "SCONJ", "is_stop": false, "is_named": false}, "subiu": {"lemma": "subir", "pos": "VERB", "is_stop": false, "is_named": false}}}, "it": {"text": "aumentato nemmeno", "linguisticInfo": {"aumentato": {"lemma": "aumentare", "pos": "V", "is_stop": false, "is_named": false}, "nemmeno": {"lemma": "nemmeno", "pos": "BN", "is_stop": true, "is_named": false}}}}}]}, "sentences_3": {"itText": "NULL i contadini non nascondono la loro insoddisfazione di fronte a questa sfacciata vittoria della natura sull \u2019 uomo . in compenso , per\u00f2 , esigono indennizzi e sussidi da parte del governo , per risarcire le perdite dovute ai raccolti e alla moria del bestiame . i ministri , che continuano a temporeggiare invece che mettere mano al portafogli non fanno altro che fare come gli agricoltori - scrutano il cielo rimanendo a bocca asciutta .", "ptText": "os camponeses n\u00e3o escondem uma certa satisfac\u00e7\u00e3o oom esta vit\u00f3ria da natureza sobre o homem . em contrapartida , exigem do governo indemniza\u00e7\u00f5es e subs\u00eddios , para compensar as colheitas perdidas e o gado morto . tardando a meter a m\u00e3o ao bolso , os ministros fazem como os agricultores - escrutam o c\u00e9u , com o credo na boca . \n", "relations": [{"id": "R44", "subj": {"type": "Non-human_Agent", "pt": {"text": "da natureza", "linguisticInfo": {"da": {"lemma": "da", "pos": "ADP", "is_stop": true, "is_named": false}, "natureza": {"lemma": "natureza", "pos": "NOUN", "is_stop": false, "is_named": false}}}, "it": {"text": "della natura", "linguisticInfo": {"della": {"lemma": "della", "pos": "E_RD", "is_stop": true, "is_named": false}, "natura": {"lemma": "natura", "pos": "S", "is_stop": false, "is_named": false}}}}, "obj": {"type": "Event", "pt": {"text": "vit\u00f3ria", "linguisticInfo": {"vit\u00f3ria": {"lemma": "vit\u00f3ria", "pos": "NOUN", "is_stop": false, "is_named": false}}}, "it": {"text": "vittoria", "linguisticInfo": {"vittoria": {"lemma": "vittoria", "pos": "S", "is_stop": false, "is_named": false}}}}}, {"id": "R45", "subj": {"type": "Human_Patient", "pt": {"text": "sobre o homem", "linguisticInfo": {"sobre": {"lemma": "sobrar", "pos": "ADP", "is_stop": true, "is_named": false}, "o": {"lemma": "o", "pos": "DET", "is_stop": true, "is_named": false}, "homem": {"lemma": "homem", "pos": "NOUN", "is_stop": false, "is_named": false}}}, "it": {"text": "sull \u2019 uomo", "linguisticInfo": {"sull": {"lemma": "sull", "pos": "V", "is_stop": true, "is_named": false}, "\u2019": {"lemma": "\u2019", "pos": "FB", "is_stop": false, "is_named": false}, "uomo": {"lemma": "uomo", "pos": "S", "is_stop": true, "is_named": false}}}}, "obj": {"type": "Event", "pt": {"text": "vit\u00f3ria", "linguisticInfo": {"vit\u00f3ria": {"lemma": "vit\u00f3ria", "pos": "NOUN", "is_stop": false, "is_named": false}}}, "it": {"text": "vittoria", "linguisticInfo": {"vittoria": {"lemma": "vittoria", "pos": "S", "is_stop": false, "is_named": false}}}}}, {"id": "R46", "subj": {"type": "Human_Patient", "pt": {"text": "do Governo", "linguisticInfo": {"do": {"lemma": "do", "pos": "ADP", "is_stop": true, "is_named": false}, "Governo": {"lemma": "Governo", "pos": "PROPN", "is_stop": false, "is_named": true}}}, "it": {"text": "del governo", "linguisticInfo": {"del": {"lemma": "del", "pos": "E_RD", "is_stop": true, "is_named": false}, "governo": {"lemma": "governo", "pos": "S", "is_stop": true, "is_named": false}}}}, "obj": {"type": "Event", "pt": {"text": "exigem", "linguisticInfo": {"exigem": {"lemma": "exigir", "pos": "VERB", "is_stop": false, "is_named": false}}}, "it": {"text": "esigono", "linguisticInfo": {"esigono": {"lemma": "esigere", "pos": "V", "is_stop": false, "is_named": false}}}}}, {"id": "R47", "subj": {"type": "Non-human_Oth_participant", "pt": {"text": "indemniza\u00e7\u00f5es e subs\u00eddios , para compensar as colheitas perdidas e o gado morto", "linguisticInfo": {"indemniza\u00e7\u00f5es": {"lemma": "indemniza\u00e7\u00e3o", "pos": "NOUN", "is_stop": false, "is_named": false}, "e": {"lemma": "e", "pos": "CCONJ", "is_stop": true, "is_named": false}, "subs\u00eddios": {"lemma": "subs\u00eddio", "pos": "NOUN", "is_stop": false, "is_named": false}, ",": {"lemma": ",", "pos": "PUNCT", "is_stop": false, "is_named": false}, "para": {"lemma": "parir", "pos": "SCONJ", "is_stop": true, "is_named": false}, "compensar": {"lemma": "compensar", "pos": "VERB", "is_stop": false, "is_named": false}, "as": {"lemma": "o", "pos": "DET", "is_stop": true, "is_named": false}, "colheitas": {"lemma": "colheita", "pos": "NOUN", "is_stop": false, "is_named": false}, "perdidas": {"lemma": "perdido", "pos": "VERB", "is_stop": false, "is_named": false}, "o": {"lemma": "o", "pos": "DET", "is_stop": true, "is_named": false}, "gado": {"lemma": "gado", "pos": "NOUN", "is_stop": false, "is_named": false}, "morto": {"lemma": "morto", "pos": "VERB", "is_stop": false, "is_named": false}}}, "it": {"text": "indennizzi e sussidi da parte , per risarcire le perdite dovute ai raccolti e alla moria", "linguisticInfo": {"indennizzi": {"lemma": "indennizzo", "pos": "S", "is_stop": false, "is_named": false}, "e": {"lemma": "e", "pos": "CC", "is_stop": false, "is_named": false}, "sussidi": {"lemma": "sussidi", "pos": "A", "is_stop": false, "is_named": false}, "da": {"lemma": "da", "pos": "E", "is_stop": true, "is_named": false}, "parte": {"lemma": "parte", "pos": "S", "is_stop": true, "is_named": false}, ",": {"lemma": ",", "pos": "FF", "is_stop": false, "is_named": false}, "per": {"lemma": "per", "pos": "E", "is_stop": true, "is_named": false}, "risarcire": {"lemma": "risarcire", "pos": "V", "is_stop": false, "is_named": false}, "le": {"lemma": "il", "pos": "RD", "is_stop": true, "is_named": false}, "perdite": {"lemma": "perdita", "pos": "S", "is_stop": false, "is_named": false}, "dovute": {"lemma": "dovere", "pos": "V", "is_stop": false, "is_named": false}, "ai": {"lemma": "al", "pos": "E_RD", "is_stop": true, "is_named": false}, "raccolti": {"lemma": "raccolti", "pos": "S", "is_stop": false, "is_named": false}, "alla": {"lemma": "alla", "pos": "E_RD", "is_stop": true, "is_named": false}, "moria": {"lemma": "moria", "pos": "S", "is_stop": false, "is_named": false}}}}, "obj": {"type": "Event", "pt": {"text": "exigem", "linguisticInfo": {"exigem": {"lemma": "exigir", "pos": "VERB", "is_stop": false, "is_named": false}}}, "it": {"text": "esigono", "linguisticInfo": {"esigono": {"lemma": "esigere", "pos": "V", "is_stop": false, "is_named": false}}}}}, {"id": "R48", "subj": {"type": "Non-human_Patient", "pt": {"text": "o c\u00e9u", "linguisticInfo": {"o": {"lemma": "o", "pos": "DET", "is_stop": true, "is_named": false}, "c\u00e9u": {"lemma": "c\u00e9u", "pos": "NOUN", "is_stop": false, "is_named": false}}}, "it": {"text": "il cielo", "linguisticInfo": {"il": {"lemma": "il", "pos": "RD", "is_stop": true, "is_named": false}, "cielo": {"lemma": "cielo", "pos": "S", "is_stop": false, "is_named": false}}}}, "obj": {"type": "Event", "pt": {"text": "escrutam", "linguisticInfo": {"escrutam": {"lemma": "escrutar", "pos": "VERB", "is_stop": false, "is_named": false}}}, "it": {"text": "scrutano", "linguisticInfo": {"scrutano": {"lemma": "scrutare", "pos": "V", "is_stop": false, "is_named": false}}}}}]}}