{"sentences_0": {"itText": "NULL sotto un cielo senza nuvole , in un anno segnato dalla siccit\u00e0 , \u00e8 cominciata l \u2019 altro ieri la nona edizione di ovibeja . verranno esposte a beja , fino al 22 , le variet\u00e0 e i progetti ma anche le preoccupazioni dell \u2019 agricoltura e dell \u2019 allevamento della zona dell \u2019 alentejo .", "ptText": "debaixo de um c\u00e9u sem nuvens , sob o signo da seca come\u00e7ou anteontem a ovibeja em nona edi\u00e7\u00e3o . em beja , at\u00e9 dia 22 , v\u00e3o exibir -se a variedade , os projectos e tamb\u00e9m as preocupa\u00e7\u00f5es da agricultura e pecu\u00e1ria alentejanas . \n", "relations": [{"id": "R2", "subj": {"type": "Time", "pt": {"text": "anteontem", "linguisticInfo": {"anteontem": {"lemma": "anteontem", "pos": "ADV", "is_stop": false, "is_named": false}}}, "it": {"text": "ieri", "linguisticInfo": {"ieri": {"lemma": "ieri", "pos": "B", "is_stop": true, "is_named": false}}}}, "obj": {"type": "Event", "pt": {"text": "come\u00e7ou", "linguisticInfo": {"come\u00e7ou": {"lemma": "come\u00e7ar", "pos": "VERB", "is_stop": false, "is_named": false}}}, "it": {"text": "cominciata", "linguisticInfo": {"cominciata": {"lemma": "cominciare", "pos": "V", "is_stop": false, "is_named": false}}}}}, {"id": "R3", "subj": {"type": "Non-human_Agent", "pt": {"text": "a Ovibeja em nona edi\u00e7\u00e3o", "linguisticInfo": {"a": {"lemma": "o", "pos": "DET", "is_stop": true, "is_named": false}, "Ovibeja": {"lemma": "Ovibeja", "pos": "PROPN", "is_stop": false, "is_named": true}, "em": {"lemma": "em", "pos": "ADP", "is_stop": true, "is_named": false}, "nona": {"lemma": "nono", "pos": "VERB", "is_stop": false, "is_named": false}, "edi\u00e7\u00e3o": {"lemma": "edi\u00e7\u00e3o", "pos": "NOUN", "is_stop": false, "is_named": false}}}, "it": {"text": "l \u2019 altro ovibeja . verranno", "linguisticInfo": {"l": {"lemma": "l", "pos": "PC", "is_stop": false, "is_named": false}, "\u2019": {"lemma": "\u2019", "pos": "V", "is_stop": false, "is_named": false}, "altro": {"lemma": "altro", "pos": "PI", "is_stop": true, "is_named": false}, "ovibeja": {"lemma": "ovibeja", "pos": "S", "is_stop": false, "is_named": false}, ".": {"lemma": ".", "pos": "FS", "is_stop": false, "is_named": false}, "verranno": {"lemma": "venire", "pos": "V", "is_stop": false, "is_named": false}}}}, "obj": {"type": "Event", "pt": {"text": "come\u00e7ou", "linguisticInfo": {"come\u00e7ou": {"lemma": "come\u00e7ar", "pos": "VERB", "is_stop": false, "is_named": false}}}, "it": {"text": "cominciata", "linguisticInfo": {"cominciata": {"lemma": "cominciare", "pos": "V", "is_stop": false, "is_named": false}}}}}]}, "sentences_1": {"itText": "NULL per il nono anno consecutivo , beja accoglie la pi\u00f9 grande fiera di ovini e caprini del paese . l&apos; iniziativa \u00e8 nata da una semplice esibizione di bestiame da lana nel recinto dell \u2019 antica fiera di primavera , per poi diventare un \u2019 iniziativa economica e culturale di stampo internazionale .", "ptText": "pelo nono ano consecutivo , beja recebe a maior feira de ovinos e caprinos do pa\u00eds . uma iniciativa que partiu de uma simples mostra de gado lan\u00edgero no recinto da velha feira da primavera para se tornar numa iniciativa econ\u00f3mica e cultural de projec\u00e7\u00e3o internacional . \n", "relations": [{"id": "R7", "subj": {"type": "Non-human_Patient", "pt": {"text": "Beja", "linguisticInfo": {"Beja": {"lemma": "Beja", "pos": "PROPN", "is_stop": false, "is_named": true}}}, "it": {"text": "beja", "linguisticInfo": {"beja": {"lemma": "beja", "pos": "S", "is_stop": false, "is_named": false}}}}, "obj": {"type": "Event", "pt": {"text": "recebe", "linguisticInfo": {"recebe": {"lemma": "receber", "pos": "VERB", "is_stop": false, "is_named": false}}}, "it": {"text": "accoglie", "linguisticInfo": {"accoglie": {"lemma": "accogliere", "pos": "V", "is_stop": false, "is_named": false}}}}}, {"id": "R8", "subj": {"type": "Non-human_Oth_participant", "pt": {"text": "a maior feira de ovinos e caprinos do pa\u00eds", "linguisticInfo": {"a": {"lemma": "o", "pos": "DET", "is_stop": true, "is_named": false}, "maior": {"lemma": "maior", "pos": "ADJ", "is_stop": true, "is_named": false}, "feira": {"lemma": "feirar", "pos": "NOUN", "is_stop": false, "is_named": false}, "de": {"lemma": "de", "pos": "ADP", "is_stop": true, "is_named": false}, "ovinos": {"lemma": "ovino", "pos": "NOUN", "is_stop": false, "is_named": false}, "e": {"lemma": "e", "pos": "CCONJ", "is_stop": true, "is_named": false}, "caprinos": {"lemma": "caprino", "pos": "NOUN", "is_stop": false, "is_named": false}, "do": {"lemma": "do", "pos": "ADP", "is_stop": true, "is_named": false}, "pa\u00eds": {"lemma": "pa\u00eds", "pos": "NOUN", "is_stop": false, "is_named": false}}}, "it": {"text": "la grande fiera di ovini e caprini del paese", "linguisticInfo": {"la": {"lemma": "il", "pos": "RD", "is_stop": true, "is_named": false}, "grande": {"lemma": "grande", "pos": "A", "is_stop": true, "is_named": false}, "fiera": {"lemma": "fiera", "pos": "S", "is_stop": false, "is_named": false}, "di": {"lemma": "di", "pos": "E", "is_stop": true, "is_named": false}, "ovini": {"lemma": "ovini", "pos": "S", "is_stop": false, "is_named": false}, "e": {"lemma": "e", "pos": "CC", "is_stop": false, "is_named": false}, "caprini": {"lemma": "caprini", "pos": "S", "is_stop": false, "is_named": false}, "del": {"lemma": "del", "pos": "E_RD", "is_stop": true, "is_named": false}, "paese": {"lemma": "paese", "pos": "S", "is_stop": true, "is_named": false}}}}, "obj": {"type": "Event", "pt": {"text": "recebe", "linguisticInfo": {"recebe": {"lemma": "receber", "pos": "VERB", "is_stop": false, "is_named": false}}}, "it": {"text": "accoglie", "linguisticInfo": {"accoglie": {"lemma": "accogliere", "pos": "V", "is_stop": false, "is_named": false}}}}}, {"id": "R9", "subj": {"type": "Non-human_Patient", "pt": {"text": "que", "linguisticInfo": {"que": {"lemma": "que", "pos": "SCONJ", "is_stop": true, "is_named": false}}}, "it": {"text": "", "linguisticInfo": {}}}, "obj": {"type": "Event", "pt": {"text": "partiu", "linguisticInfo": {"partiu": {"lemma": "partir", "pos": "VERB", "is_stop": false, "is_named": false}}}, "it": {"text": "nata", "linguisticInfo": {"nata": {"lemma": "nato", "pos": "A", "is_stop": false, "is_named": false}}}}}, {"id": "R11", "subj": {"type": "Oth_location", "pt": {"text": "no recinto da velha Feira da Primavera", "linguisticInfo": {"no": {"lemma": "o", "pos": "ADP", "is_stop": true, "is_named": false}, "recinto": {"lemma": "recinto", "pos": "NOUN", "is_stop": false, "is_named": false}, "da": {"lemma": "da", "pos": "ADP", "is_stop": true, "is_named": false}, "velha": {"lemma": "velho", "pos": "ADJ", "is_stop": false, "is_named": false}, "Feira": {"lemma": "Feira", "pos": "PROPN", "is_stop": false, "is_named": true}, "Primavera": {"lemma": "Primavera", "pos": "PROPN", "is_stop": false, "is_named": true}}}, "it": {"text": "nel recinto dell \u2019 antica fiera di primavera", "linguisticInfo": {"nel": {"lemma": "nel", "pos": "E_RD", "is_stop": true, "is_named": false}, "recinto": {"lemma": "recinto", "pos": "S", "is_stop": false, "is_named": false}, "dell": {"lemma": "dell", "pos": "SP", "is_stop": true, "is_named": false}, "\u2019": {"lemma": "\u2019", "pos": "B", "is_stop": false, "is_named": false}, "antica": {"lemma": "antico", "pos": "A", "is_stop": false, "is_named": false}, "fiera": {"lemma": "fiera", "pos": "S", "is_stop": false, "is_named": false}, "di": {"lemma": "di", "pos": "E", "is_stop": true, "is_named": false}, "primavera": {"lemma": "primavera", "pos": "S", "is_stop": false, "is_named": false}}}}, "obj": {"type": "Event", "pt": {"text": "uma simples mostra", "linguisticInfo": {"uma": {"lemma": "umar", "pos": "DET", "is_stop": true, "is_named": false}, "simples": {"lemma": "simples", "pos": "ADJ", "is_stop": false, "is_named": false}, "mostra": {"lemma": "mostrar", "pos": "VERB", "is_stop": false, "is_named": false}}}, "it": {"text": "una semplice esibizione", "linguisticInfo": {"una": {"lemma": "uno", "pos": "RI", "is_stop": true, "is_named": false}, "semplice": {"lemma": "semplice", "pos": "A", "is_stop": false, "is_named": false}, "esibizione": {"lemma": "esibizione", "pos": "S", "is_stop": false, "is_named": false}}}}}, {"id": "R12", "subj": {"type": "Non-human_Oth_participant", "pt": {"text": "de gado lan\u00edgero", "linguisticInfo": {"de": {"lemma": "de", "pos": "ADP", "is_stop": true, "is_named": false}, "gado": {"lemma": "gado", "pos": "NOUN", "is_stop": false, "is_named": false}, "lan\u00edgero": {"lemma": "lan\u00edgero", "pos": "ADJ", "is_stop": false, "is_named": false}}}, "it": {"text": "di ovini e bestiame da lana", "linguisticInfo": {"di": {"lemma": "di", "pos": "E", "is_stop": true, "is_named": false}, "ovini": {"lemma": "ovini", "pos": "S", "is_stop": false, "is_named": false}, "e": {"lemma": "e", "pos": "CC", "is_stop": false, "is_named": false}, "bestiame": {"lemma": "bestiame", "pos": "S", "is_stop": false, "is_named": false}, "da": {"lemma": "da", "pos": "E", "is_stop": true, "is_named": false}, "lana": {"lemma": "lana", "pos": "S", "is_stop": false, "is_named": false}}}}, "obj": {"type": "Event", "pt": {"text": "uma simples mostra", "linguisticInfo": {"uma": {"lemma": "umar", "pos": "DET", "is_stop": true, "is_named": false}, "simples": {"lemma": "simples", "pos": "ADJ", "is_stop": false, "is_named": false}, "mostra": {"lemma": "mostrar", "pos": "VERB", "is_stop": false, "is_named": false}}}, "it": {"text": "una semplice esibizione", "linguisticInfo": {"una": {"lemma": "uno", "pos": "RI", "is_stop": true, "is_named": false}, "semplice": {"lemma": "semplice", "pos": "A", "is_stop": false, "is_named": false}, "esibizione": {"lemma": "esibizione", "pos": "S", "is_stop": false, "is_named": false}}}}}, {"id": "R13", "subj": {"type": "Non-human_Oth_participant", "pt": {"text": "numa iniciativa econ\u00f3mica e cultural de projec\u00e7\u00e3o internacional", "linguisticInfo": {"numa": {"lemma": "numa", "pos": "ADP", "is_stop": true, "is_named": false}, "iniciativa": {"lemma": "iniciativo", "pos": "NOUN", "is_stop": false, "is_named": false}, "econ\u00f3mica": {"lemma": "econ\u00f3mico", "pos": "ADJ", "is_stop": false, "is_named": false}, "e": {"lemma": "e", "pos": "CCONJ", "is_stop": true, "is_named": false}, "cultural": {"lemma": "cultural", "pos": "ADJ", "is_stop": false, "is_named": false}, "de": {"lemma": "de", "pos": "ADP", "is_stop": true, "is_named": false}, "projec\u00e7\u00e3o": {"lemma": "projec\u00e7\u00e3o", "pos": "NOUN", "is_stop": false, "is_named": false}, "internacional": {"lemma": "internacional", "pos": "ADJ", "is_stop": false, "is_named": false}}}, "it": {"text": "stampo internazionale .", "linguisticInfo": {"stampo": {"lemma": "stampo", "pos": "S", "is_stop": false, "is_named": false}, "internazionale": {"lemma": "internazionale", "pos": "A", "is_stop": false, "is_named": false}, ".": {"lemma": ".", "pos": "FS", "is_stop": false, "is_named": false}}}}, "obj": {"type": "Event", "pt": {"text": "se tornar", "linguisticInfo": {"se": {"lemma": "se", "pos": "PRON", "is_stop": true, "is_named": false}, "tornar": {"lemma": "tornar", "pos": "VERB", "is_stop": false, "is_named": false}}}, "it": {"text": "diventare", "linguisticInfo": {"diventare": {"lemma": "diventare", "pos": "V", "is_stop": true, "is_named": false}}}}}]}, "sentences_2": {"itText": "NULL &quot; l&apos; alentejo non possiede ombra , se non quella che viene dal cielo &quot; , ricorda una vecchia canzone locale . ed \u00e8 vero . e ovibeja non rimane indifferente a ci\u00f2 , ma la festa , anche se in parte offuscata , non si ferma . qui si mischiano la trazione e la modernit\u00e0 . l \u2019 antico formaggiaio di serpa e lo studente della scuola superiore di agraria , interessato alle nuove tecnologie per portare avanti un \u2019 attivit\u00e0 che non dipende pi\u00f9 solo dai capricci del clima , ma anche dalla conoscenza del mercato .", "ptText": "&quot; alentejo n\u00e3o tem sombra sen\u00e3o a que vem do c\u00e9u &quot; , lembra uma velha can\u00e7\u00e3o alentejana . \u00e9 verdade . a ovibeja n\u00e3o \u00e9 indiferente a isto , mas a festa , ainda que ensombrada , continua . aqui cruzam -se o tradicional e a modernidade . o velho roupeiro do queijo de serpa com o estudante da escola superior agr\u00e1ria , atento \u00e0s novidades tecnol\u00f3gicas de uma actividade que j\u00e1 n\u00e3o depende apenas dos caprichos do clima , mas tamb\u00e9m do conhecimendo actualizado dos fluxos comerciais . \n", "relations": [{"id": "R54", "subj": {"type": "Non-human_Agent", "pt": {"text": "uma velha can\u00e7\u00e3o alentejana", "linguisticInfo": {"uma": {"lemma": "umar", "pos": "DET", "is_stop": true, "is_named": false}, "velha": {"lemma": "velho", "pos": "ADJ", "is_stop": false, "is_named": false}, "can\u00e7\u00e3o": {"lemma": "can\u00e7\u00e3o", "pos": "NOUN", "is_stop": false, "is_named": false}, "alentejana": {"lemma": "alentejano", "pos": "ADJ", "is_stop": false, "is_named": false}}}, "it": {"text": "una vecchia canzone locale", "linguisticInfo": {"una": {"lemma": "uno", "pos": "RI", "is_stop": true, "is_named": false}, "vecchia": {"lemma": "vecchio", "pos": "A", "is_stop": false, "is_named": false}, "canzone": {"lemma": "canzone", "pos": "S", "is_stop": false, "is_named": false}, "locale": {"lemma": "locale", "pos": "A", "is_stop": false, "is_named": false}}}}, "obj": {"type": "Event", "pt": {"text": "lembra", "linguisticInfo": {"lembra": {"lemma": "lembrar", "pos": "VERB", "is_stop": false, "is_named": false}}}, "it": {"text": "ricorda", "linguisticInfo": {"ricorda": {"lemma": "ricordare", "pos": "V", "is_stop": false, "is_named": false}}}}}]}, "sentences_3": {"itText": "NULL ad ovibeja gli insaccati di barrancos sono accompagnati dai vini provenienti da tutto l \u2019 alentejo . le coperte di lana di castro verde sono piegate sui letti in legno dipinto della mobilia tradizionale . l&apos; informazione passa in rassegna nella magia informatizzata degli &quot; stand &quot; laminati , mentre di fianco , nelle piccole bettole , il vino scorre a fiumi . i gruppi si succedono sul palco .", "ptText": "na ovibeja os enchidos de barrancos temperam os vinhos do alentejo inteiro . as mantas de l\u00e3 de castro verde dobram -se sobre as camas de madeira pintada do mobili\u00e1rio tradicional . a informa\u00e7\u00e3o \u00e9 debitada na magia computadorizada de &quot; stands &quot; plastificados . ao lado h\u00e1 tasquinhas , onde o vinho corre a copos . bandas sobem ao palco . \n", "relations": [{"id": "R57", "subj": {"type": "Oth_location", "pt": {"text": "na Ovibeja", "linguisticInfo": {"na": {"lemma": "o", "pos": "ADP", "is_stop": true, "is_named": false}, "Ovibeja": {"lemma": "Ovibeja", "pos": "PROPN", "is_stop": false, "is_named": true}}}, "it": {"text": "nella magia informatizzata", "linguisticInfo": {"nella": {"lemma": "nella", "pos": "E_RD", "is_stop": true, "is_named": false}, "magia": {"lemma": "magia", "pos": "S", "is_stop": false, "is_named": false}, "informatizzata": {"lemma": "informatizzata", "pos": "A", "is_stop": false, "is_named": false}}}}, "obj": {"type": "Event", "pt": {"text": "temperam", "linguisticInfo": {"temperam": {"lemma": "temperar", "pos": "VERB", "is_stop": false, "is_named": false}}}, "it": {"text": "barrancos", "linguisticInfo": {"barrancos": {"lemma": "barrancos", "pos": "S", "is_stop": false, "is_named": false}}}}}, {"id": "R58", "subj": {"type": "Non-human_Agent", "pt": {"text": "os enchidos de Barrancos", "linguisticInfo": {"os": {"lemma": "o", "pos": "DET", "is_stop": true, "is_named": false}, "enchidos": {"lemma": "enchido", "pos": "NOUN", "is_stop": false, "is_named": false}, "de": {"lemma": "de", "pos": "ADP", "is_stop": true, "is_named": false}, "Barrancos": {"lemma": "Barrancos", "pos": "NOUN", "is_stop": false, "is_named": true}}}, "it": {"text": "gli insaccati di barrancos", "linguisticInfo": {"gli": {"lemma": "il", "pos": "RD", "is_stop": true, "is_named": false}, "insaccati": {"lemma": "insaccati", "pos": "S", "is_stop": false, "is_named": false}, "di": {"lemma": "di", "pos": "E", "is_stop": true, "is_named": false}, "barrancos": {"lemma": "barrancos", "pos": "S", "is_stop": false, "is_named": false}}}}, "obj": {"type": "Event", "pt": {"text": "temperam", "linguisticInfo": {"temperam": {"lemma": "temperar", "pos": "VERB", "is_stop": false, "is_named": false}}}, "it": {"text": "barrancos", "linguisticInfo": {"barrancos": {"lemma": "barrancos", "pos": "S", "is_stop": false, "is_named": false}}}}}, {"id": "R59", "subj": {"type": "Non-human_Patient", "pt": {"text": "os vinhos do Alentejo inteiro", "linguisticInfo": {"os": {"lemma": "o", "pos": "DET", "is_stop": true, "is_named": false}, "vinhos": {"lemma": "vinho", "pos": "NOUN", "is_stop": false, "is_named": false}, "do": {"lemma": "do", "pos": "ADP", "is_stop": true, "is_named": false}, "Alentejo": {"lemma": "Alentejo", "pos": "PROPN", "is_stop": false, "is_named": true}, "inteiro": {"lemma": "inteirar", "pos": "ADJ", "is_stop": false, "is_named": false}}}, "it": {"text": "accompagnati dai vini provenienti da", "linguisticInfo": {"accompagnati": {"lemma": "accompagnare", "pos": "V", "is_stop": false, "is_named": false}, "dai": {"lemma": "dal", "pos": "E_RD", "is_stop": true, "is_named": false}, "vini": {"lemma": "vino", "pos": "S", "is_stop": false, "is_named": false}, "provenienti": {"lemma": "provenire", "pos": "V", "is_stop": false, "is_named": false}, "da": {"lemma": "da", "pos": "E", "is_stop": true, "is_named": false}}}}, "obj": {"type": "Event", "pt": {"text": "temperam", "linguisticInfo": {"temperam": {"lemma": "temperar", "pos": "VERB", "is_stop": false, "is_named": false}}}, "it": {"text": "barrancos", "linguisticInfo": {"barrancos": {"lemma": "barrancos", "pos": "S", "is_stop": false, "is_named": false}}}}}, {"id": "R62", "subj": {"type": "Non-human_Patient", "pt": {"text": "madeira", "linguisticInfo": {"madeira": {"lemma": "madeirar", "pos": "NOUN", "is_stop": false, "is_named": false}}}, "it": {"text": "legno", "linguisticInfo": {"legno": {"lemma": "legno", "pos": "S", "is_stop": false, "is_named": false}}}}, "obj": {"type": "Event", "pt": {"text": "pintada", "linguisticInfo": {"pintada": {"lemma": "pintar", "pos": "VERB", "is_stop": false, "is_named": false}}}, "it": {"text": "dipinto", "linguisticInfo": {"dipinto": {"lemma": "dipinto", "pos": "S", "is_stop": false, "is_named": false}}}}}, {"id": "R63", "subj": {"type": "Oth_location", "pt": {"text": "onde", "linguisticInfo": {"onde": {"lemma": "onde", "pos": "PRON", "is_stop": true, "is_named": false}}}, "it": {"text": "bettole", "linguisticInfo": {"bettole": {"lemma": "bettola", "pos": "S", "is_stop": false, "is_named": false}}}}, "obj": {"type": "Event", "pt": {"text": "corre", "linguisticInfo": {"corre": {"lemma": "correr", "pos": "VERB", "is_stop": false, "is_named": false}}}, "it": {"text": "scorre", "linguisticInfo": {"scorre": {"lemma": "scorrere", "pos": "V", "is_stop": false, "is_named": false}}}}}, {"id": "R64", "subj": {"type": "Non-human_Agent", "pt": {"text": "o vinho", "linguisticInfo": {"o": {"lemma": "o", "pos": "DET", "is_stop": true, "is_named": false}, "vinho": {"lemma": "vinho", "pos": "NOUN", "is_stop": false, "is_named": false}}}, "it": {"text": "il vino", "linguisticInfo": {"il": {"lemma": "il", "pos": "RD", "is_stop": true, "is_named": false}, "vino": {"lemma": "vino", "pos": "S", "is_stop": false, "is_named": false}}}}, "obj": {"type": "Event", "pt": {"text": "corre", "linguisticInfo": {"corre": {"lemma": "correr", "pos": "VERB", "is_stop": false, "is_named": false}}}, "it": {"text": "scorre", "linguisticInfo": {"scorre": {"lemma": "scorrere", "pos": "V", "is_stop": false, "is_named": false}}}}}, {"id": "R65", "subj": {"type": "Non-human_Oth_participant", "pt": {"text": "a copos", "linguisticInfo": {"a": {"lemma": "o", "pos": "ADP", "is_stop": true, "is_named": false}, "copos": {"lemma": "copo", "pos": "NOUN", "is_stop": false, "is_named": false}}}, "it": {"text": "a fiumi", "linguisticInfo": {"a": {"lemma": "a", "pos": "E", "is_stop": true, "is_named": false}, "fiumi": {"lemma": "fiume", "pos": "S", "is_stop": false, "is_named": false}}}}, "obj": {"type": "Event", "pt": {"text": "corre", "linguisticInfo": {"corre": {"lemma": "correr", "pos": "VERB", "is_stop": false, "is_named": false}}}, "it": {"text": "scorre", "linguisticInfo": {"scorre": {"lemma": "scorrere", "pos": "V", "is_stop": false, "is_named": false}}}}}, {"id": "R66", "subj": {"type": "Human_Agent", "pt": {"text": "Bandas", "linguisticInfo": {"Bandas": {"lemma": "Bandas", "pos": "NOUN", "is_stop": false, "is_named": true}}}, "it": {"text": "gruppi", "linguisticInfo": {"gruppi": {"lemma": "gruppo", "pos": "S", "is_stop": false, "is_named": false}}}}, "obj": {"type": "Event", "pt": {"text": "sobem", "linguisticInfo": {"sobem": {"lemma": "subir", "pos": "VERB", "is_stop": false, "is_named": false}}}, "it": {"text": "succedono", "linguisticInfo": {"succedono": {"lemma": "succedere", "pos": "V", "is_stop": false, "is_named": false}}}}}, {"id": "R67", "subj": {"type": "Oth_location", "pt": {"text": "ao palco", "linguisticInfo": {"ao": {"lemma": "ao", "pos": "ADP", "is_stop": true, "is_named": false}, "palco": {"lemma": "palco", "pos": "NOUN", "is_stop": false, "is_named": false}}}, "it": {"text": "sul palco", "linguisticInfo": {"sul": {"lemma": "sul", "pos": "E_RD", "is_stop": true, "is_named": false}, "palco": {"lemma": "palco", "pos": "S", "is_stop": false, "is_named": false}}}}, "obj": {"type": "Event", "pt": {"text": "sobem", "linguisticInfo": {"sobem": {"lemma": "subir", "pos": "VERB", "is_stop": false, "is_named": false}}}, "it": {"text": "succedono", "linguisticInfo": {"succedono": {"lemma": "succedere", "pos": "V", "is_stop": false, "is_named": false}}}}}]}, "sentences_4": {"itText": "NULL macchine agricole , pecore , capre e bovini sono qui esposti . ma non sono solo gli occhi a volere la loro parte in quest \u2019 edizione della fiera internazionale di ovibeja . durante tutto il corso dell \u2019 iniziativa sono stati organizzati dibattiti e conferenze , i cui temi vanno dal mercato del sughero alla salute degli animali . ovibeja rappresenta un momento di incontro tra l \u2019 aggiornamento tecnologico e scientifico e il mondo dell \u2019 agricoltura e dell \u2019 allevamento .", "ptText": "m\u00e1quinas agr\u00edcolas , ovelhas , cabras , bovinos t\u00eam aqui os seus espa\u00e7os de exposi\u00e7\u00e3o . mas nem s\u00f3 os olhos comem nesta edi\u00e7\u00e3o da feira internacional ovibeja . durante todos os dias da iniciativa realizam -se col\u00f3quios e confer\u00eancias , cujos temas v\u00e3o desde o mercado da corti\u00e7a at\u00e9 \u00e0 sanidade animal . a ovibeja \u00e9 um momento de contacto de actualiza\u00e7\u00e3o t\u00e9cnica e cient\u00edfica com o mundo da agricultura e da pecu\u00e1ria . \n", "relations": [{"id": "R68", "subj": {"type": "Non-human_Agent", "pt": {"text": "os olhos", "linguisticInfo": {"os": {"lemma": "o", "pos": "DET", "is_stop": true, "is_named": false}, "olhos": {"lemma": "olho", "pos": "NOUN", "is_stop": false, "is_named": false}}}, "it": {"text": "gli occhi", "linguisticInfo": {"gli": {"lemma": "il", "pos": "RD", "is_stop": true, "is_named": false}, "occhi": {"lemma": "occhio", "pos": "S", "is_stop": false, "is_named": false}}}}, "obj": {"type": "Event", "pt": {"text": "comem", "linguisticInfo": {"comem": {"lemma": "comer", "pos": "VERB", "is_stop": false, "is_named": false}}}, "it": {"text": "volere", "linguisticInfo": {"volere": {"lemma": "volere", "pos": "V", "is_stop": false, "is_named": false}}}}}, {"id": "R69", "subj": {"type": "Oth_location", "pt": {"text": "nesta edi\u00e7\u00e3o da feira internacional Ovibeja", "linguisticInfo": {"nesta": {"lemma": "nesta", "pos": "ADP", "is_stop": true, "is_named": false}, "edi\u00e7\u00e3o": {"lemma": "edi\u00e7\u00e3o", "pos": "NOUN", "is_stop": false, "is_named": false}, "da": {"lemma": "da", "pos": "ADP", "is_stop": true, "is_named": false}, "feira": {"lemma": "feirar", "pos": "NOUN", "is_stop": false, "is_named": false}, "internacional": {"lemma": "internacional", "pos": "ADJ", "is_stop": false, "is_named": false}, "Ovibeja": {"lemma": "Ovibeja", "pos": "NOUN", "is_stop": false, "is_named": true}}}, "it": {"text": "quest edizione della fiera internazionale ovibeja", "linguisticInfo": {"quest": {"lemma": "quest", "pos": "RI", "is_stop": true, "is_named": false}, "edizione": {"lemma": "edizione", "pos": "S", "is_stop": false, "is_named": false}, "della": {"lemma": "della", "pos": "E_RD", "is_stop": true, "is_named": false}, "fiera": {"lemma": "fiera", "pos": "S", "is_stop": false, "is_named": false}, "internazionale": {"lemma": "internazionale", "pos": "A", "is_stop": false, "is_named": false}, "ovibeja": {"lemma": "ovibeja", "pos": "V", "is_stop": false, "is_named": false}}}}, "obj": {"type": "Event", "pt": {"text": "comem", "linguisticInfo": {"comem": {"lemma": "comer", "pos": "VERB", "is_stop": false, "is_named": false}}}, "it": {"text": "volere", "linguisticInfo": {"volere": {"lemma": "volere", "pos": "V", "is_stop": false, "is_named": false}}}}}]}, "sentences_5": {"itText": "NULL e riflette , d \u2019 altra parte , i segni del cambiamento del settore primario regionale che va verso una pi\u00f9 moderna mentalit\u00e0 impresariale della gestione dei campi . campi in secca , in balia della tirannia di un clima capriccioso che , in meno di 10 anni , ha provocato in alentejo due siccit\u00e0 e una tempesta .", "ptText": "ela reflecte , por outro lado , sinais de avan\u00e7o da agropecu\u00e1ria regional no caminho de uma nova mentalidade empresarial nos campos . campos \u00e0 sede , debaixo da tirania de um tempo desgovernado que no alentejo , em apenas 10 anos , provocou duas secas e uma intemp\u00e9rie . \n", "relations": [{"id": "R71", "subj": {"type": "Non-human_Agent", "pt": {"text": "que", "linguisticInfo": {"que": {"lemma": "que", "pos": "SCONJ", "is_stop": true, "is_named": false}}}, "it": {"text": "che", "linguisticInfo": {"che": {"lemma": "che", "pos": "CS", "is_stop": true, "is_named": false}}}}, "obj": {"type": "Event", "pt": {"text": "provocou duas secas e uma intemp\u00e9rie", "linguisticInfo": {"provocou": {"lemma": "provocar", "pos": "VERB", "is_stop": false, "is_named": false}, "duas": {"lemma": "dois", "pos": "NUM", "is_stop": true, "is_named": false}, "secas": {"lemma": "seco", "pos": "NOUN", "is_stop": false, "is_named": false}, "e": {"lemma": "e", "pos": "CCONJ", "is_stop": true, "is_named": false}, "uma": {"lemma": "umar", "pos": "DET", "is_stop": true, "is_named": false}, "intemp\u00e9rie": {"lemma": "intemp\u00e9rie", "pos": "NOUN", "is_stop": false, "is_named": false}}}, "it": {"text": "provocato due siccit\u00e0 e una tempesta", "linguisticInfo": {"provocato": {"lemma": "provocare", "pos": "V", "is_stop": false, "is_named": false}, "due": {"lemma": "due", "pos": "N", "is_stop": true, "is_named": false}, "siccit\u00e0": {"lemma": "siccit\u00e0", "pos": "S", "is_stop": false, "is_named": false}, "e": {"lemma": "e", "pos": "CC", "is_stop": false, "is_named": false}, "una": {"lemma": "uno", "pos": "RI", "is_stop": true, "is_named": false}, "tempesta": {"lemma": "tempesta", "pos": "S", "is_stop": false, "is_named": false}}}}}, {"id": "R72", "subj": {"type": "Geo_location", "pt": {"text": "no Alentejo", "linguisticInfo": {"no": {"lemma": "o", "pos": "ADP", "is_stop": true, "is_named": false}, "Alentejo": {"lemma": "Alentejo", "pos": "PROPN", "is_stop": false, "is_named": true}}}, "it": {"text": "alentejo", "linguisticInfo": {"alentejo": {"lemma": "alentejo", "pos": "S", "is_stop": false, "is_named": false}}}}, "obj": {"type": "Event", "pt": {"text": "provocou duas secas e uma intemp\u00e9rie", "linguisticInfo": {"provocou": {"lemma": "provocar", "pos": "VERB", "is_stop": false, "is_named": false}, "duas": {"lemma": "dois", "pos": "NUM", "is_stop": true, "is_named": false}, "secas": {"lemma": "seco", "pos": "NOUN", "is_stop": false, "is_named": false}, "e": {"lemma": "e", "pos": "CCONJ", "is_stop": true, "is_named": false}, "uma": {"lemma": "umar", "pos": "DET", "is_stop": true, "is_named": false}, "intemp\u00e9rie": {"lemma": "intemp\u00e9rie", "pos": "NOUN", "is_stop": false, "is_named": false}}}, "it": {"text": "provocato due siccit\u00e0 e una tempesta", "linguisticInfo": {"provocato": {"lemma": "provocare", "pos": "V", "is_stop": false, "is_named": false}, "due": {"lemma": "due", "pos": "N", "is_stop": true, "is_named": false}, "siccit\u00e0": {"lemma": "siccit\u00e0", "pos": "S", "is_stop": false, "is_named": false}, "e": {"lemma": "e", "pos": "CC", "is_stop": false, "is_named": false}, "una": {"lemma": "uno", "pos": "RI", "is_stop": true, "is_named": false}, "tempesta": {"lemma": "tempesta", "pos": "S", "is_stop": false, "is_named": false}}}}}, {"id": "R73", "subj": {"type": "Time", "pt": {"text": "em apenas 10 anos", "linguisticInfo": {"em": {"lemma": "em", "pos": "ADP", "is_stop": true, "is_named": false}, "apenas": {"lemma": "apenas", "pos": "ADV", "is_stop": true, "is_named": false}, "10": {"lemma": "10", "pos": "NUM", "is_stop": false, "is_named": false}, "anos": {"lemma": "ano", "pos": "NOUN", "is_stop": false, "is_named": false}}}, "it": {"text": "in meno 10 anni", "linguisticInfo": {"in": {"lemma": "in", "pos": "E", "is_stop": true, "is_named": false}, "meno": {"lemma": "meno", "pos": "B", "is_stop": true, "is_named": false}, "10": {"lemma": "10", "pos": "N", "is_stop": false, "is_named": false}, "anni": {"lemma": "anno", "pos": "S", "is_stop": true, "is_named": false}}}}, "obj": {"type": "Event", "pt": {"text": "provocou duas secas e uma intemp\u00e9rie", "linguisticInfo": {"provocou": {"lemma": "provocar", "pos": "VERB", "is_stop": false, "is_named": false}, "duas": {"lemma": "dois", "pos": "NUM", "is_stop": true, "is_named": false}, "secas": {"lemma": "seco", "pos": "NOUN", "is_stop": false, "is_named": false}, "e": {"lemma": "e", "pos": "CCONJ", "is_stop": true, "is_named": false}, "uma": {"lemma": "umar", "pos": "DET", "is_stop": true, "is_named": false}, "intemp\u00e9rie": {"lemma": "intemp\u00e9rie", "pos": "NOUN", "is_stop": false, "is_named": false}}}, "it": {"text": "provocato due siccit\u00e0 e una tempesta", "linguisticInfo": {"provocato": {"lemma": "provocare", "pos": "V", "is_stop": false, "is_named": false}, "due": {"lemma": "due", "pos": "N", "is_stop": true, "is_named": false}, "siccit\u00e0": {"lemma": "siccit\u00e0", "pos": "S", "is_stop": false, "is_named": false}, "e": {"lemma": "e", "pos": "CC", "is_stop": false, "is_named": false}, "una": {"lemma": "uno", "pos": "RI", "is_stop": true, "is_named": false}, "tempesta": {"lemma": "tempesta", "pos": "S", "is_stop": false, "is_named": false}}}}}]}}